user,platform,komentar,timestamp,sentimen,cleaned_komentar
ika33,Instagram,"Hati-hati omongan, banyak yg denger loh",2024-12-23 15:29:15,negatif,hatihati omong yg denger loh
xandriani,Instagram,"Islam tuh lembut, bukan hina-hina orang jualan",2024-12-23 15:15:50,negatif,islam tuh lembut hinahina orang jual
gadang89,Instagram,"Seharusnya klarifikasi sih, ini udah bikin resah",2024-12-23 15:09:59,negatif,klarifikasi sih udah bikin resah
harja59,Instagram,"Ustadz tuh panutan, jangan ngomong kasar dong",2024-12-23 15:50:57,negatif,ustadz tuh panutan ngomong kasar
irwanyuliarti,Instagram,Nyesek sih liat ustadz ngomong kayak gini 😔,2024-12-23 15:58:50,negatif,nyesek sih liat ustadz ngomong kayak gin
uli45,Instagram,Beneran sedih denger ini dari seorang ustadz,2024-12-23 15:05:36,negatif,beneran sedih denger ustadz
yolandaeja,Instagram,Ceramah harusnya ngajak kebaikan bukan malah nyakitin,2024-12-23 15:24:27,negatif,ceramah ngajak baik nyakitin
raina23,Instagram,"Ustadz tuh panutan, jangan ngomong kasar dong",2024-12-23 15:24:41,negatif,ustadz tuh panutan ngomong kasar
janetnuraini,Instagram,"Kalau becanda, becanda aja ga usah bawa goblok-goblokan",2024-12-23 15:14:37,negatif,becanda becanda aja ga bawa goblokgoblokan
halimarahimah,Instagram,"Ustadz tuh panutan, jangan ngomong kasar dong",2024-12-23 15:54:44,negatif,ustadz tuh panutan ngomong kasar
asirwada90,Instagram,"Ustadz tuh panutan, jangan ngomong kasar dong",2024-12-23 15:53:33,negatif,ustadz tuh panutan ngomong kasar
cwidiastuti,Instagram,Jadi takut ikut pengajian kalo gini modelnya,2024-12-23 15:37:36,negatif,takut aji kalo gin model
bakda38,Instagram,"Pak ustadz harus lebih bijak, ini udah ga lucu",2024-12-23 15:54:52,negatif,ustadz bijak udah ga lucu
dimas72,Instagram,Beneran sedih denger ini dari seorang ustadz,2024-12-23 15:00:36,negatif,beneran sedih denger ustadz
zahra54,Instagram,ga tau mau bilang apa,2024-12-23 15:40:41,netral,ga tau bilang
umaya61,Instagram,hmm no comment deh,2024-12-23 15:21:53,netral,hmm no comment deh
cnuraini,Instagram,masih netral aja sih gw liatnya,2024-12-23 15:43:37,netral,netral aja sih gw liat
jonozulaika,Instagram,gw setuju sih ama omongannya gus,2024-12-23 15:37:06,positif,gw tuju sih ama omong gus
gwacana,Instagram,"bener juga sih, kadang netizen terlalu baper",2024-12-23 15:35:41,positif,bener sih kadang netizen baper
kasiyahwinarsih,Instagram,waduh ini sih udah kelewat batas,2024-12-23 15:29:22,negatif,sih udah lewat batas
isihotang,Instagram,biasa aja sih,2024-12-23 15:49:53,netral,aja sih
yuliartipranawa,Instagram,jujurly lucu banget sih ini 😭,2024-12-23 15:20:22,positif,jujurly lucu banget sih
kemalprakasa,Instagram,biar agak keras tapi niatnya baik kok,2024-12-23 15:38:16,positif,biar keras niat
almirafirmansyah,Instagram,bisa2 jualan es teh jd insecure 😓,2024-12-23 15:24:49,negatif,jual es teh jd insecure
salsabila58,Instagram,biasa aja sih,2024-12-23 15:03:21,netral,aja sih
cayadianggriawan,Instagram,jujurly lucu banget sih ini 😭,2024-12-23 15:23:58,positif,jujurly lucu banget sih
pwibowo,Instagram,hmm no comment deh,2024-12-23 15:36:02,netral,hmm no comment deh
simonsitumorang,Instagram,tergantung yg nonton juga sih,2024-12-23 15:10:08,netral,gantung yg nonton sih
kartikaagustina,Instagram,"ceramahnya tetep dapet kok, relax aja guys",2024-12-23 15:33:34,positif,ceramah tetep dapet relax aja guys
kenes51,Instagram,ga tau mau bilang apa,2024-12-23 15:14:15,netral,ga tau bilang
jpratama,Instagram,gus miftah harus minta maaf sih ini,2024-12-23 15:37:47,negatif,gus miftah maaf sih
puspasariargono,Instagram,biasa aja sih,2024-12-23 15:50:31,netral,aja sih
kemalrahayu,Instagram,tergantung yg nonton juga sih,2024-12-23 15:30:42,netral,gantung yg nonton sih
spurwanti,Instagram,hmm no comment deh,2024-12-23 15:51:49,netral,hmm no comment deh
queen30,Instagram,biasa aja sih,2024-12-23 15:51:20,netral,aja sih
shabibi,Instagram,gw setuju sih ama omongannya gus,2024-12-23 15:51:18,positif,gw tuju sih ama omong gus
naradisaptono,Instagram,gw setuju sih ama omongannya gus,2024-12-23 15:34:44,positif,gw tuju sih ama omong gus
elvinauwais,Instagram,bisa2 jualan es teh jd insecure 😓,2024-12-23 15:46:44,negatif,jual es teh jd insecure
samsullestari,Instagram,"bener juga sih, kadang netizen terlalu baper",2024-12-23 15:27:55,positif,bener sih kadang netizen baper
lailasarianastasia,Instagram,"bener juga sih, kadang netizen terlalu baper",2024-12-23 15:26:50,positif,bener sih kadang netizen baper
dharyanti,Instagram,"bener juga sih, kadang netizen terlalu baper",2024-12-23 15:29:33,positif,bener sih kadang netizen baper
hasanahgenta,Instagram,gus miftah harus minta maaf sih ini,2024-12-23 15:14:49,negatif,gus miftah maaf sih
diah61,Instagram,masih netral aja sih gw liatnya,2024-12-23 15:24:39,netral,netral aja sih gw liat
vivithamrin,Instagram,"bener juga sih, kadang netizen terlalu baper",2024-12-23 15:55:44,positif,bener sih kadang netizen baper
simanjuntakcapa,Instagram,ceramah apaan malah ngehina,2024-12-23 15:39:28,negatif,ceramah ngehina
bhalimah,Instagram,gus miftah harus minta maaf sih ini,2024-12-23 15:10:56,negatif,gus miftah maaf sih
prayogabaktiono,Instagram,ga sopan bgt ngomong gitu,2024-12-23 15:32:52,negatif,ga sopan bgt ngomong gitu
nasrullah31,Instagram,ni gus emg ada aja kelakuannya 😂,2024-12-23 15:53:08,positif,ni gus emg aja laku
asmadi35,Instagram,ceramah apaan malah ngehina,2024-12-23 15:27:35,negatif,ceramah ngehina
gara14,Instagram,"ga lucu, malah nyakitin hati yg jualan",2024-12-23 15:50:00,negatif,ga lucu nyakitin hati yg jual
imam35,Instagram,jujurly lucu banget sih ini 😭,2024-12-23 15:15:43,positif,jujurly lucu banget sih
joko99,Instagram,"bener juga sih, kadang netizen terlalu baper",2024-12-23 15:51:09,positif,bener sih kadang netizen baper
legawibowo,Instagram,gus miftah harus minta maaf sih ini,2024-12-23 15:25:05,negatif,gus miftah maaf sih
hartanawibowo,Instagram,biar agak keras tapi niatnya baik kok,2024-12-23 15:42:14,positif,biar keras niat
ywidodo,Instagram,ni gus emg ada aja kelakuannya 😂,2024-12-23 15:48:49,positif,ni gus emg aja laku
iwijayanti,Instagram,jujurly lucu banget sih ini 😭,2024-12-23 15:47:53,positif,jujurly lucu banget sih
queen12,Instagram,ni gus emg ada aja kelakuannya 😂,2024-12-23 15:21:50,positif,ni gus emg aja laku
rafinababan,Instagram,bisa2 jualan es teh jd insecure 😓,2024-12-23 15:48:14,negatif,jual es teh jd insecure
qori33,Instagram,ceramah apaan malah ngehina,2024-12-23 15:28:50,negatif,ceramah ngehina
maryanto40,Instagram,ga tau mau bilang apa,2024-12-23 15:46:59,netral,ga tau bilang
yuni76,Instagram,ni gus emg ada aja kelakuannya 😂,2024-12-23 15:15:36,positif,ni gus emg aja laku
prakasacarla,Instagram,masih netral aja sih gw liatnya,2024-12-23 15:08:25,netral,netral aja sih gw liat
bprastuti,Instagram,biasa aja sih,2024-12-23 15:21:51,netral,aja sih
eka51,Instagram,ga tau mau bilang apa,2024-12-23 15:50:54,netral,ga tau bilang
rrajasa,Instagram,tergantung yg nonton juga sih,2024-12-23 15:52:56,netral,gantung yg nonton sih
naradimulyani,Instagram,gue liat ini ya udah lah ya,2024-12-23 15:01:11,netral,gue liat ya udah ya
gandi44,Instagram,"ceramahnya tetep dapet kok, relax aja guys",2024-12-23 15:05:32,positif,ceramah tetep dapet relax aja guys
clazuardi,Instagram,jujurly lucu banget sih ini 😭,2024-12-23 15:23:10,positif,jujurly lucu banget sih
edisonpradipta,Instagram,jujurly lucu banget sih ini 😭,2024-12-23 15:31:53,positif,jujurly lucu banget sih
nwaluyo,Instagram,jujurly lucu banget sih ini 😭,2024-12-23 15:49:47,positif,jujurly lucu banget sih
phariyah,Instagram,jujurly lucu banget sih ini 😭,2024-12-23 15:37:58,positif,jujurly lucu banget sih
tambaeka,Instagram,ga tau mau bilang apa,2024-12-23 15:09:45,netral,ga tau bilang
lalasuartini,Instagram,waduh ini sih udah kelewat batas,2024-12-23 15:48:38,negatif,sih udah lewat batas
marsito59,Instagram,biasa aja sih,2024-12-23 15:06:23,netral,aja sih
bagas66,Instagram,tergantung yg nonton juga sih,2024-12-23 15:55:13,netral,gantung yg nonton sih
wulandarigalur,Instagram,gw setuju sih ama omongannya gus,2024-12-23 15:11:17,positif,gw tuju sih ama omong gus
imahendra,Instagram,"ga lucu, malah nyakitin hati yg jualan",2024-12-23 15:05:10,negatif,ga lucu nyakitin hati yg jual
narjijailani,Instagram,tergantung yg nonton juga sih,2024-12-23 15:36:04,netral,gantung yg nonton sih
nainggolanibun,Instagram,waduh ini sih udah kelewat batas,2024-12-23 15:24:39,negatif,sih udah lewat batas
rachel55,Instagram,ceramah apaan malah ngehina,2024-12-23 15:18:27,negatif,ceramah ngehina
sdongoran,Instagram,bisa2 jualan es teh jd insecure 😓,2024-12-23 15:53:44,negatif,jual es teh jd insecure
martanapudjiastuti,Instagram,"ga lucu, malah nyakitin hati yg jualan",2024-12-23 15:21:24,negatif,ga lucu nyakitin hati yg jual
edi42,Instagram,ceramah apaan malah ngehina,2024-12-23 15:46:07,negatif,ceramah ngehina
imam50,Instagram,"ga lucu, malah nyakitin hati yg jualan",2024-12-23 15:12:48,negatif,ga lucu nyakitin hati yg jual
jumarimandala,Instagram,tergantung yg nonton juga sih,2024-12-23 15:34:15,netral,gantung yg nonton sih
atmadongoran,Instagram,biasa aja sih,2024-12-23 15:13:15,netral,aja sih
msuryatmi,Instagram,jujurly lucu banget sih ini 😭,2024-12-23 15:00:54,positif,jujurly lucu banget sih
mardhiyahkambali,Instagram,tergantung yg nonton juga sih,2024-12-23 15:29:48,netral,gantung yg nonton sih
rsamosir,Instagram,ga sopan bgt ngomong gitu,2024-12-23 15:05:46,negatif,ga sopan bgt ngomong gitu
daryaniwaluyo,Instagram,ga sopan bgt ngomong gitu,2024-12-23 15:37:28,negatif,ga sopan bgt ngomong gitu
haripudjiastuti,Instagram,bisa2 jualan es teh jd insecure 😓,2024-12-23 15:45:07,negatif,jual es teh jd insecure
asmuni13,Instagram,ga tau mau bilang apa,2024-12-23 15:33:36,netral,ga tau bilang
januargaiman,Instagram,ceramah apaan malah ngehina,2024-12-23 15:18:35,negatif,ceramah ngehina
gprasetyo,Instagram,masih netral aja sih gw liatnya,2024-12-23 15:41:45,netral,netral aja sih gw liat
nugrohodacin,Instagram,waduh ini sih udah kelewat batas,2024-12-23 15:57:14,negatif,sih udah lewat batas
kpudjiastuti,Instagram,hmm no comment deh,2024-12-23 15:41:37,netral,hmm no comment deh
qhartati,Instagram,jujurly lucu banget sih ini 😭,2024-12-23 15:23:01,positif,jujurly lucu banget sih
radenkuswandari,Instagram,ga sopan bgt ngomong gitu,2024-12-23 15:35:33,negatif,ga sopan bgt ngomong gitu
pertiwipuspa,Instagram,ga tau mau bilang apa,2024-12-23 15:47:18,netral,ga tau bilang
lnuraini,Instagram,"ga lucu, malah nyakitin hati yg jualan",2024-12-23 15:20:19,negatif,ga lucu nyakitin hati yg jual
cakrajiya34,Instagram,ga sopan bgt ngomong gitu,2024-12-23 15:49:28,negatif,ga sopan bgt ngomong gitu
firgantorojulia,Instagram,jujurly lucu banget sih ini 😭,2024-12-23 15:07:16,positif,jujurly lucu banget sih
samiah59,Instagram,gue liat ini ya udah lah ya,2024-12-23 15:05:38,netral,gue liat ya udah ya
ghaliyati82,Instagram,ga sopan bgt ngomong gitu,2024-12-23 15:44:27,negatif,ga sopan bgt ngomong gitu
purwadi66,Instagram,"ga lucu, malah nyakitin hati yg jualan",2024-12-23 15:50:02,negatif,ga lucu nyakitin hati yg jual
prasastatari,Instagram,biasa aja sih,2024-12-23 15:38:52,netral,aja sih
jarwamangunsong,Instagram,waduh ini sih udah kelewat batas,2024-12-23 15:23:31,negatif,sih udah lewat batas
violet59,Instagram,"bener juga sih, kadang netizen terlalu baper",2024-12-23 15:23:16,positif,bener sih kadang netizen baper
gfarida,Instagram,biasa aja sih,2024-12-23 15:18:08,netral,aja sih
prastutisabrina,Instagram,gw setuju sih ama omongannya gus,2024-12-23 15:24:03,positif,gw tuju sih ama omong gus
cawisadiutami,Instagram,biasa aja sih,2024-12-23 15:35:04,netral,aja sih
saragihbalamantri,Instagram,hmm no comment deh,2024-12-23 15:33:30,netral,hmm no comment deh
kasimfirgantoro,Instagram,"bener juga sih, kadang netizen terlalu baper",2024-12-23 15:33:18,positif,bener sih kadang netizen baper
wwaluyo,Instagram,ga tau mau bilang apa,2024-12-23 15:53:55,netral,ga tau bilang
sihotangputi,Instagram,ni gus emg ada aja kelakuannya 😂,2024-12-23 15:40:02,positif,ni gus emg aja laku
taniamandasari,Instagram,hmm no comment deh,2024-12-23 15:00:50,netral,hmm no comment deh
vwahyuni,Instagram,"bener juga sih, kadang netizen terlalu baper",2024-12-23 15:22:08,positif,bener sih kadang netizen baper
kuncarapangestu,Instagram,gw setuju sih ama omongannya gus,2024-12-23 15:00:32,positif,gw tuju sih ama omong gus
nurdiyantilukita,Instagram,ceramah apaan malah ngehina,2024-12-23 15:29:14,negatif,ceramah ngehina
hastutiputu,Instagram,jujurly lucu banget sih ini 😭,2024-12-23 15:59:30,positif,jujurly lucu banget sih
fpudjiastuti,Instagram,biasa aja sih,2024-12-23 15:50:33,netral,aja sih
bhutasoit,Instagram,gue liat ini ya udah lah ya,2024-12-23 15:29:21,netral,gue liat ya udah ya
susantioliva,Instagram,gus miftah harus minta maaf sih ini,2024-12-23 15:05:27,negatif,gus miftah maaf sih
oktavianifebi,Instagram,waduh ini sih udah kelewat batas,2024-12-23 15:52:48,negatif,sih udah lewat batas
dimaz07,Instagram,tergantung yg nonton juga sih,2024-12-23 15:51:57,netral,gantung yg nonton sih
enugroho,Instagram,hmm no comment deh,2024-12-23 15:24:48,netral,hmm no comment deh
cakrabuana15,Instagram,ceramah apaan malah ngehina,2024-12-23 15:10:58,negatif,ceramah ngehina
upradipta,Instagram,biar agak keras tapi niatnya baik kok,2024-12-23 15:41:55,positif,biar keras niat
ivanadriansyah,Instagram,"ceramahnya tetep dapet kok, relax aja guys",2024-12-23 15:49:58,positif,ceramah tetep dapet relax aja guys
ypuspita,Instagram,hmm no comment deh,2024-12-23 15:13:07,netral,hmm no comment deh
makara15,Instagram,waduh ini sih udah kelewat batas,2024-12-23 15:39:47,negatif,sih udah lewat batas
smarbun,Instagram,ni gus emg ada aja kelakuannya 😂,2024-12-23 15:44:56,positif,ni gus emg aja laku
septi15,Instagram,bisa2 jualan es teh jd insecure 😓,2024-12-23 15:08:42,negatif,jual es teh jd insecure
xsinaga,Instagram,"bener juga sih, kadang netizen terlalu baper",2024-12-23 15:30:03,positif,bener sih kadang netizen baper
prayogacakrajiya,Instagram,"ga lucu, malah nyakitin hati yg jualan",2024-12-23 15:20:46,negatif,ga lucu nyakitin hati yg jual
muhammad10,Instagram,biar agak keras tapi niatnya baik kok,2024-12-23 15:45:35,positif,biar keras niat
prasetyamaheswara,Instagram,gus miftah harus minta maaf sih ini,2024-12-23 15:49:58,negatif,gus miftah maaf sih
nasyiahpanji,Instagram,hmm no comment deh,2024-12-23 15:59:30,netral,hmm no comment deh
chelseapradipta,Instagram,ga tau mau bilang apa,2024-12-23 15:15:28,netral,ga tau bilang
kutama,Instagram,hmm no comment deh,2024-12-23 15:31:10,netral,hmm no comment deh
galuhsuartini,Instagram,bisa2 jualan es teh jd insecure 😓,2024-12-23 15:59:57,negatif,jual es teh jd insecure
virmansafitri,Instagram,"ceramahnya tetep dapet kok, relax aja guys",2024-12-23 15:47:46,positif,ceramah tetep dapet relax aja guys
fitria83,Instagram,ga sopan bgt ngomong gitu,2024-12-23 15:19:10,negatif,ga sopan bgt ngomong gitu
rajasanabila,Instagram,gus miftah harus minta maaf sih ini,2024-12-23 15:48:32,negatif,gus miftah maaf sih
budimangina,Instagram,ni gus emg ada aja kelakuannya 😂,2024-12-23 15:55:01,positif,ni gus emg aja laku
zmandasari,Instagram,bisa2 jualan es teh jd insecure 😓,2024-12-23 15:30:39,negatif,jual es teh jd insecure
ehutasoit,Instagram,ga sopan bgt ngomong gitu,2024-12-23 15:36:28,negatif,ga sopan bgt ngomong gitu
karen53,Instagram,tergantung yg nonton juga sih,2024-12-23 15:08:24,netral,gantung yg nonton sih
calista63,Instagram,"bener juga sih, kadang netizen terlalu baper",2024-12-23 15:18:17,positif,bener sih kadang netizen baper
maheswarabakidin,Instagram,"ceramahnya tetep dapet kok, relax aja guys",2024-12-23 15:21:22,positif,ceramah tetep dapet relax aja guys
raden47,Instagram,gus miftah harus minta maaf sih ini,2024-12-23 15:40:02,negatif,gus miftah maaf sih
bsuryatmi,Instagram,gw setuju sih ama omongannya gus,2024-12-23 15:26:03,positif,gw tuju sih ama omong gus
hhutagalung,Instagram,jujurly lucu banget sih ini 😭,2024-12-23 15:20:19,positif,jujurly lucu banget sih
koko29,Instagram,gus miftah harus minta maaf sih ini,2024-12-23 15:18:17,negatif,gus miftah maaf sih
margana29,Instagram,biar agak keras tapi niatnya baik kok,2024-12-23 15:35:09,positif,biar keras niat
teguhzulkarnain,Instagram,jujurly lucu banget sih ini 😭,2024-12-23 15:16:44,positif,jujurly lucu banget sih
fujiatipardi,Instagram,ga tau mau bilang apa,2024-12-23 15:35:48,netral,ga tau bilang
endahpermata,Instagram,"ceramahnya tetep dapet kok, relax aja guys",2024-12-23 15:58:35,positif,ceramah tetep dapet relax aja guys
maulanaana,Instagram,tergantung yg nonton juga sih,2024-12-23 15:23:24,netral,gantung yg nonton sih
viktorpranowo,Instagram,bisa2 jualan es teh jd insecure 😓,2024-12-23 15:36:13,negatif,jual es teh jd insecure
nurainikurnia,Instagram,ga tau mau bilang apa,2024-12-23 15:10:14,netral,ga tau bilang
hwijayanti,Instagram,ga sopan bgt ngomong gitu,2024-12-23 15:22:02,negatif,ga sopan bgt ngomong gitu
dodo87,Instagram,ga tau mau bilang apa,2024-12-23 15:39:07,netral,ga tau bilang
najwa72,Instagram,"bener juga sih, kadang netizen terlalu baper",2024-12-23 15:59:45,positif,bener sih kadang netizen baper
ida23,Instagram,gus miftah harus minta maaf sih ini,2024-12-23 15:31:40,negatif,gus miftah maaf sih
tlestari,Instagram,"bener juga sih, kadang netizen terlalu baper",2024-12-23 15:53:31,positif,bener sih kadang netizen baper
cemaniuyainah,Instagram,ga sopan bgt ngomong gitu,2024-12-23 15:56:18,negatif,ga sopan bgt ngomong gitu
jelita15,Instagram,gue liat ini ya udah lah ya,2024-12-23 15:56:28,netral,gue liat ya udah ya
okuswandari,Instagram,bisa2 jualan es teh jd insecure 😓,2024-12-23 15:28:08,negatif,jual es teh jd insecure
zulkarnainbetania,Instagram,ni gus emg ada aja kelakuannya 😂,2024-12-23 15:42:22,positif,ni gus emg aja laku
makutawibisono,Instagram,tergantung yg nonton juga sih,2024-12-23 15:51:39,netral,gantung yg nonton sih
jkuswandari,Instagram,"bener juga sih, kadang netizen terlalu baper",2024-12-23 15:38:16,positif,bener sih kadang netizen baper
hartaka43,Instagram,bisa2 jualan es teh jd insecure 😓,2024-12-23 15:57:00,negatif,jual es teh jd insecure
danang84,Instagram,gue liat ini ya udah lah ya,2024-12-23 15:36:10,netral,gue liat ya udah ya
rahayu85,Instagram,jujurly lucu banget sih ini 😭,2024-12-23 15:49:26,positif,jujurly lucu banget sih
inapitupulu,Instagram,"bener juga sih, kadang netizen terlalu baper",2024-12-23 15:10:32,positif,bener sih kadang netizen baper
pujimegantara,Instagram,ceramah apaan malah ngehina,2024-12-23 15:09:37,negatif,ceramah ngehina
ekasirait,Instagram,waduh ini sih udah kelewat batas,2024-12-23 15:46:53,negatif,sih udah lewat batas
estiawansuartini,Instagram,gw setuju sih ama omongannya gus,2024-12-23 15:18:10,positif,gw tuju sih ama omong gus
estiawanwacana,Instagram,"ga lucu, malah nyakitin hati yg jualan",2024-12-23 15:43:59,negatif,ga lucu nyakitin hati yg jual
zsitompul,Instagram,masih netral aja sih gw liatnya,2024-12-23 15:36:01,netral,netral aja sih gw liat
vkuswandari,Instagram,bisa2 jualan es teh jd insecure 😓,2024-12-23 15:13:48,negatif,jual es teh jd insecure
kuswandaridiana,Instagram,gus miftah harus minta maaf sih ini,2024-12-23 15:36:31,negatif,gus miftah maaf sih
vpranowo,Instagram,biar agak keras tapi niatnya baik kok,2024-12-23 15:53:09,positif,biar keras niat
irianariyanti,Instagram,waduh ini sih udah kelewat batas,2024-12-23 15:53:02,negatif,sih udah lewat batas
darsirahwastuti,Instagram,gus miftah harus minta maaf sih ini,2024-12-23 15:00:59,negatif,gus miftah maaf sih
adriansyahgilang,Instagram,biasa aja sih,2024-12-23 15:57:54,netral,aja sih
gzulkarnain,Instagram,jujurly lucu banget sih ini 😭,2024-12-23 15:24:09,positif,jujurly lucu banget sih
fkurniawan,Instagram,bisa2 jualan es teh jd insecure 😓,2024-12-23 15:19:39,negatif,jual es teh jd insecure
fwaluyo,Instagram,ga sopan bgt ngomong gitu,2024-12-23 15:25:21,negatif,ga sopan bgt ngomong gitu
patriciamahendra,Instagram,"bener juga sih, kadang netizen terlalu baper",2024-12-23 15:30:05,positif,bener sih kadang netizen baper
nurainihafshah,Instagram,"bener juga sih, kadang netizen terlalu baper",2024-12-23 15:20:37,positif,bener sih kadang netizen baper
luwarmayasari,Instagram,jujurly lucu banget sih ini 😭,2024-12-23 15:37:01,positif,jujurly lucu banget sih
ihsansinaga,Instagram,ceramah apaan malah ngehina,2024-12-23 15:06:41,negatif,ceramah ngehina
psiregar,Instagram,gus miftah harus minta maaf sih ini,2024-12-23 15:31:16,negatif,gus miftah maaf sih
bhutapea,Instagram,ni gus emg ada aja kelakuannya 😂,2024-12-23 15:58:45,positif,ni gus emg aja laku
elisihombing,Instagram,jujurly lucu banget sih ini 😭,2024-12-23 15:57:40,positif,jujurly lucu banget sih
rendypradipta,Instagram,gus miftah harus minta maaf sih ini,2024-12-23 15:38:29,negatif,gus miftah maaf sih
tirtahutapea,Instagram,masih netral aja sih gw liatnya,2024-12-23 15:54:23,netral,netral aja sih gw liat
wmegantara,Instagram,ga tau mau bilang apa,2024-12-23 15:29:06,netral,ga tau bilang
rahayu04,Instagram,ga tau mau bilang apa,2024-12-23 15:07:10,netral,ga tau bilang
cahyadi81,Instagram,tergantung yg nonton juga sih,2024-12-23 15:40:27,netral,gantung yg nonton sih
sihotangpadmi,Instagram,"ga lucu, malah nyakitin hati yg jualan",2024-12-23 15:19:15,negatif,ga lucu nyakitin hati yg jual
nadinefirgantoro,Instagram,gus miftah harus minta maaf sih ini,2024-12-23 15:37:49,negatif,gus miftah maaf sih
julimardhiyah,Instagram,ga sopan bgt ngomong gitu,2024-12-23 15:05:37,negatif,ga sopan bgt ngomong gitu
usetiawan,Instagram,hmm no comment deh,2024-12-23 15:37:43,netral,hmm no comment deh
rsihombing,Instagram,gw setuju sih ama omongannya gus,2024-12-23 15:23:49,positif,gw tuju sih ama omong gus
adeadriansyah,Instagram,gus miftah harus minta maaf sih ini,2024-12-23 15:15:35,negatif,gus miftah maaf sih
marpaungpuput,Instagram,tergantung yg nonton juga sih,2024-12-23 15:49:21,netral,gantung yg nonton sih
jessica64,Instagram,ceramah apaan malah ngehina,2024-12-23 15:05:43,negatif,ceramah ngehina
aisyah98,Instagram,masih netral aja sih gw liatnya,2024-12-23 15:10:55,netral,netral aja sih gw liat
sinagakarja,Instagram,"ceramahnya tetep dapet kok, relax aja guys",2024-12-23 15:33:50,positif,ceramah tetep dapet relax aja guys
tarihorankusuma,Instagram,hmm no comment deh,2024-12-23 15:42:51,netral,hmm no comment deh
haryanticager,Instagram,tergantung yg nonton juga sih,2024-12-23 15:58:54,netral,gantung yg nonton sih
ibunsuwarno,Instagram,biar agak keras tapi niatnya baik kok,2024-12-23 15:47:10,positif,biar keras niat
lasmanto97,Instagram,bisa2 jualan es teh jd insecure 😓,2024-12-23 15:24:45,negatif,jual es teh jd insecure
budimandigdaya,Instagram,"bener juga sih, kadang netizen terlalu baper",2024-12-23 15:54:55,positif,bener sih kadang netizen baper
lestarieli,Instagram,ga sopan bgt ngomong gitu,2024-12-23 15:54:29,negatif,ga sopan bgt ngomong gitu
saadatgunarto,Instagram,ga sopan bgt ngomong gitu,2024-12-23 15:14:39,negatif,ga sopan bgt ngomong gitu
dmarpaung,Instagram,waduh ini sih udah kelewat batas,2024-12-23 15:08:54,negatif,sih udah lewat batas
ksiregar,Instagram,biasa aja sih,2024-12-23 15:11:04,netral,aja sih
gandewamansur,Instagram,"bener juga sih, kadang netizen terlalu baper",2024-12-23 15:49:09,positif,bener sih kadang netizen baper
mahendragara,Instagram,ceramah apaan malah ngehina,2024-12-23 15:42:26,negatif,ceramah ngehina
puspasariluis,Instagram,gue liat ini ya udah lah ya,2024-12-23 15:21:59,netral,gue liat ya udah ya
csiregar,Instagram,gue liat ini ya udah lah ya,2024-12-23 15:39:30,netral,gue liat ya udah ya
oman24,Instagram,"ga lucu, malah nyakitin hati yg jualan",2024-12-23 15:18:57,negatif,ga lucu nyakitin hati yg jual
ellisdamanik,Instagram,gw setuju sih ama omongannya gus,2024-12-23 15:58:32,positif,gw tuju sih ama omong gus
isaragih,Instagram,"ga lucu, malah nyakitin hati yg jualan",2024-12-23 15:27:14,negatif,ga lucu nyakitin hati yg jual
darman76,Instagram,ceramah apaan malah ngehina,2024-12-23 15:10:26,negatif,ceramah ngehina
harimurti90,Instagram,gue liat ini ya udah lah ya,2024-12-23 15:57:05,netral,gue liat ya udah ya
permatahumaira,Instagram,ni gus emg ada aja kelakuannya 😂,2024-12-23 15:01:17,positif,ni gus emg aja laku
bsusanti,Instagram,"ceramahnya tetep dapet kok, relax aja guys",2024-12-23 15:20:49,positif,ceramah tetep dapet relax aja guys
nprasetyo,Instagram,ga tau mau bilang apa,2024-12-23 15:46:56,netral,ga tau bilang
banawalatupono,Instagram,tergantung yg nonton juga sih,2024-12-23 15:45:49,netral,gantung yg nonton sih
nurainicarla,Instagram,ga tau mau bilang apa,2024-12-23 15:08:53,netral,ga tau bilang
irma18,Instagram,gw setuju sih ama omongannya gus,2024-12-23 15:54:53,positif,gw tuju sih ama omong gus
mursitapratama,Instagram,tergantung yg nonton juga sih,2024-12-23 15:43:35,netral,gantung yg nonton sih
bakda19,Instagram,hmm no comment deh,2024-12-23 15:01:54,netral,hmm no comment deh
julilailasari,Instagram,gue liat ini ya udah lah ya,2024-12-23 15:10:18,netral,gue liat ya udah ya
prabowokasusra,Instagram,ga tau mau bilang apa,2024-12-23 15:34:08,netral,ga tau bilang
sihombingkiandra,Instagram,"ceramahnya tetep dapet kok, relax aja guys",2024-12-23 15:56:00,positif,ceramah tetep dapet relax aja guys
hamimaoktaviani,Instagram,gus miftah harus minta maaf sih ini,2024-12-23 15:16:34,negatif,gus miftah maaf sih
hendra66,Instagram,hmm no comment deh,2024-12-23 15:49:13,netral,hmm no comment deh
harjasa28,Instagram,"bener juga sih, kadang netizen terlalu baper",2024-12-23 15:26:31,positif,bener sih kadang netizen baper
riyantianom,Instagram,jujurly lucu banget sih ini 😭,2024-12-23 15:00:55,positif,jujurly lucu banget sih
gada59,Instagram,biasa aja sih,2024-12-23 15:29:02,netral,aja sih
jefrifirmansyah,Instagram,gue liat ini ya udah lah ya,2024-12-23 15:14:43,netral,gue liat ya udah ya
diswahyudi,Instagram,masih netral aja sih gw liatnya,2024-12-23 15:57:33,netral,netral aja sih gw liat
mhardiansyah,Instagram,"ceramahnya tetep dapet kok, relax aja guys",2024-12-23 15:13:35,positif,ceramah tetep dapet relax aja guys
tampubolonzaenab,Instagram,ni gus emg ada aja kelakuannya 😂,2024-12-23 15:53:21,positif,ni gus emg aja laku
dimas69,Instagram,waduh ini sih udah kelewat batas,2024-12-23 15:36:25,negatif,sih udah lewat batas
prayogatirtayasa,Instagram,bisa2 jualan es teh jd insecure 😓,2024-12-23 15:24:33,negatif,jual es teh jd insecure
betania97,Instagram,ni gus emg ada aja kelakuannya 😂,2024-12-23 15:16:46,positif,ni gus emg aja laku
fmaheswara,Instagram,gw setuju sih ama omongannya gus,2024-12-23 15:20:29,positif,gw tuju sih ama omong gus
almiranainggolan,Instagram,gue liat ini ya udah lah ya,2024-12-23 15:59:02,netral,gue liat ya udah ya
warsa21,Instagram,ceramah apaan malah ngehina,2024-12-23 15:09:25,negatif,ceramah ngehina
dabukkenarji,Instagram,gue liat ini ya udah lah ya,2024-12-23 15:49:28,netral,gue liat ya udah ya
nashiruddingabriella,Instagram,gus miftah harus minta maaf sih ini,2024-12-23 15:14:04,negatif,gus miftah maaf sih
ratna99,Instagram,gw setuju sih ama omongannya gus,2024-12-23 15:50:45,positif,gw tuju sih ama omong gus
qwahyuni,Instagram,jujurly lucu banget sih ini 😭,2024-12-23 15:32:12,positif,jujurly lucu banget sih
rhutapea,Instagram,biasa aja sih,2024-12-23 15:18:28,netral,aja sih
simbolonwarji,Instagram,ga sopan bgt ngomong gitu,2024-12-23 15:00:34,negatif,ga sopan bgt ngomong gitu
irawankamidin,Instagram,ga sopan bgt ngomong gitu,2024-12-23 15:08:04,negatif,ga sopan bgt ngomong gitu
uliharyanti,Instagram,ni gus emg ada aja kelakuannya 😂,2024-12-23 15:30:39,positif,ni gus emg aja laku
gnatsir,Instagram,gus miftah harus minta maaf sih ini,2024-12-23 15:39:30,negatif,gus miftah maaf sih
purwasuryono,Instagram,biar agak keras tapi niatnya baik kok,2024-12-23 15:42:35,positif,biar keras niat
opung01,Instagram,tergantung yg nonton juga sih,2024-12-23 15:53:03,netral,gantung yg nonton sih
yusamah,Instagram,ceramah apaan malah ngehina,2024-12-23 15:40:44,negatif,ceramah ngehina
kurniawanlintang,Instagram,jujurly lucu banget sih ini 😭,2024-12-23 15:17:43,positif,jujurly lucu banget sih
qsaragih,Instagram,gue liat ini ya udah lah ya,2024-12-23 15:14:10,netral,gue liat ya udah ya
hartonasyidah,Instagram,ni gus emg ada aja kelakuannya 😂,2024-12-23 15:56:56,positif,ni gus emg aja laku
jaimanpangestu,Instagram,"ceramahnya tetep dapet kok, relax aja guys",2024-12-23 15:13:19,positif,ceramah tetep dapet relax aja guys
hakimtitin,Instagram,tergantung yg nonton juga sih,2024-12-23 15:18:57,netral,gantung yg nonton sih
egunawan,Instagram,biasa aja sih,2024-12-23 15:59:28,netral,aja sih
ramadankania,Instagram,"ceramahnya tetep dapet kok, relax aja guys",2024-12-23 15:55:04,positif,ceramah tetep dapet relax aja guys
bakda02,Instagram,"ga lucu, malah nyakitin hati yg jualan",2024-12-23 15:53:17,negatif,ga lucu nyakitin hati yg jual
maheswaramarsudi,Instagram,bisa2 jualan es teh jd insecure 😓,2024-12-23 15:25:57,negatif,jual es teh jd insecure
olga65,Instagram,bisa2 jualan es teh jd insecure 😓,2024-12-23 15:48:12,negatif,jual es teh jd insecure
paiman74,Instagram,hmm no comment deh,2024-12-23 15:54:52,netral,hmm no comment deh
novitasaribanara,Instagram,masih netral aja sih gw liatnya,2024-12-23 15:09:02,netral,netral aja sih gw liat
marpaungvanesa,Instagram,ni gus emg ada aja kelakuannya 😂,2024-12-23 15:34:03,positif,ni gus emg aja laku
udapradana,Instagram,gue liat ini ya udah lah ya,2024-12-23 15:55:31,netral,gue liat ya udah ya
wakimanhidayanto,Instagram,gus miftah harus minta maaf sih ini,2024-12-23 15:03:07,negatif,gus miftah maaf sih
qlailasari,Instagram,ga sopan bgt ngomong gitu,2024-12-23 15:21:06,negatif,ga sopan bgt ngomong gitu
zrahimah,Instagram,tergantung yg nonton juga sih,2024-12-23 15:29:52,netral,gantung yg nonton sih
danggraini,Instagram,gue liat ini ya udah lah ya,2024-12-23 15:52:17,netral,gue liat ya udah ya
dwibudiyanto,Instagram,ni gus emg ada aja kelakuannya 😂,2024-12-23 15:46:49,positif,ni gus emg aja laku
shastuti,Instagram,gus miftah harus minta maaf sih ini,2024-12-23 15:06:51,negatif,gus miftah maaf sih
ukusumo,Instagram,biar agak keras tapi niatnya baik kok,2024-12-23 15:24:32,positif,biar keras niat
isiregar,Instagram,"ceramahnya tetep dapet kok, relax aja guys",2024-12-23 15:08:57,positif,ceramah tetep dapet relax aja guys
usadakardi,Instagram,gue liat ini ya udah lah ya,2024-12-23 15:12:24,netral,gue liat ya udah ya
ajeng21,Instagram,biar agak keras tapi niatnya baik kok,2024-12-23 15:37:37,positif,biar keras niat
osaefullah,Instagram,gue liat ini ya udah lah ya,2024-12-23 15:39:02,netral,gue liat ya udah ya
laksitagatra,Instagram,waduh ini sih udah kelewat batas,2024-12-23 15:27:56,negatif,sih udah lewat batas
nmulyani,Instagram,hmm no comment deh,2024-12-23 15:57:11,netral,hmm no comment deh
ppudjiastuti,Instagram,"ga lucu, malah nyakitin hati yg jualan",2024-12-23 15:01:09,negatif,ga lucu nyakitin hati yg jual
drajatmaryati,Instagram,gus miftah harus minta maaf sih ini,2024-12-23 15:22:13,negatif,gus miftah maaf sih
novitasariumaya,Instagram,gus miftah harus minta maaf sih ini,2024-12-23 15:40:06,negatif,gus miftah maaf sih
hutagalungmulyanto,Instagram,jujurly lucu banget sih ini 😭,2024-12-23 15:58:45,positif,jujurly lucu banget sih
wasismandala,Instagram,hmm no comment deh,2024-12-23 15:17:24,netral,hmm no comment deh
enababan,Instagram,gue liat ini ya udah lah ya,2024-12-23 15:25:16,netral,gue liat ya udah ya
sitompultina,Instagram,tergantung yg nonton juga sih,2024-12-23 15:08:02,netral,gantung yg nonton sih
hasanahsiti,Instagram,ga sopan bgt ngomong gitu,2024-12-23 15:56:16,negatif,ga sopan bgt ngomong gitu
endra23,Instagram,bisa2 jualan es teh jd insecure 😓,2024-12-23 15:20:58,negatif,jual es teh jd insecure
pardiyuniar,Instagram,gw setuju sih ama omongannya gus,2024-12-23 15:10:38,positif,gw tuju sih ama omong gus
vhariyah,Instagram,ga sopan bgt ngomong gitu,2024-12-23 15:50:20,negatif,ga sopan bgt ngomong gitu
radenriyanti,Instagram,gw setuju sih ama omongannya gus,2024-12-23 15:28:53,positif,gw tuju sih ama omong gus
aryaninurul,Instagram,biar agak keras tapi niatnya baik kok,2024-12-23 15:26:38,positif,biar keras niat
baktiantojanuar,Instagram,waduh ini sih udah kelewat batas,2024-12-23 15:31:25,negatif,sih udah lewat batas
dasaastuti,Instagram,biasa aja sih,2024-12-23 15:00:01,netral,aja sih
fyulianti,Instagram,jujurly lucu banget sih ini 😭,2024-12-23 15:51:18,positif,jujurly lucu banget sih
anastasiatarihoran,Instagram,ga sopan bgt ngomong gitu,2024-12-23 15:03:47,negatif,ga sopan bgt ngomong gitu
vsafitri,Instagram,"ga lucu, malah nyakitin hati yg jualan",2024-12-23 15:26:34,negatif,ga lucu nyakitin hati yg jual
balidinpurnawati,Instagram,gue liat ini ya udah lah ya,2024-12-23 15:17:53,netral,gue liat ya udah ya
mahmudmarbun,Instagram,ni gus emg ada aja kelakuannya 😂,2024-12-23 15:11:35,positif,ni gus emg aja laku
srahayu,Instagram,biar agak keras tapi niatnya baik kok,2024-12-23 15:56:19,positif,biar keras niat
putralurhur,Instagram,ga tau mau bilang apa,2024-12-23 15:53:16,netral,ga tau bilang
eli85,Instagram,bisa2 jualan es teh jd insecure 😓,2024-12-23 15:17:08,negatif,jual es teh jd insecure
maheswararama,Instagram,gus miftah harus minta maaf sih ini,2024-12-23 15:51:21,negatif,gus miftah maaf sih
rwulandari,Instagram,tergantung yg nonton juga sih,2024-12-23 15:16:30,netral,gantung yg nonton sih
purwantiganjaran,Instagram,ga tau mau bilang apa,2024-12-23 15:09:16,netral,ga tau bilang
flaksmiwati,Instagram,gus miftah harus minta maaf sih ini,2024-12-23 15:38:52,negatif,gus miftah maaf sih
prabu15,Instagram,"bener juga sih, kadang netizen terlalu baper",2024-12-23 15:37:28,positif,bener sih kadang netizen baper
dsirait,Instagram,jujurly lucu banget sih ini 😭,2024-12-23 15:20:04,positif,jujurly lucu banget sih
ika60,Instagram,gue liat ini ya udah lah ya,2024-12-23 15:16:05,netral,gue liat ya udah ya
bdamanik,Instagram,bisa2 jualan es teh jd insecure 😓,2024-12-23 15:44:34,negatif,jual es teh jd insecure
wprayoga,Instagram,tergantung yg nonton juga sih,2024-12-23 15:31:26,netral,gantung yg nonton sih
tugimantarihoran,Instagram,"ceramahnya tetep dapet kok, relax aja guys",2024-12-23 15:10:06,positif,ceramah tetep dapet relax aja guys
mulya57,Instagram,gue liat ini ya udah lah ya,2024-12-23 15:51:19,netral,gue liat ya udah ya
maryantosimanjuntak,Instagram,gw setuju sih ama omongannya gus,2024-12-23 15:57:22,positif,gw tuju sih ama omong gus
anamustofa,Instagram,gw setuju sih ama omongannya gus,2024-12-23 15:23:03,positif,gw tuju sih ama omong gus
sihombingilyas,Instagram,waduh ini sih udah kelewat batas,2024-12-23 15:56:42,negatif,sih udah lewat batas
pratamanasim,Instagram,"bener juga sih, kadang netizen terlalu baper",2024-12-23 15:07:23,positif,bener sih kadang netizen baper
irsad86,Instagram,"ga lucu, malah nyakitin hati yg jualan",2024-12-23 15:24:34,negatif,ga lucu nyakitin hati yg jual
hhalim,Instagram,tergantung yg nonton juga sih,2024-12-23 15:48:59,netral,gantung yg nonton sih
isaefullah,Instagram,"ceramahnya tetep dapet kok, relax aja guys",2024-12-23 15:23:29,positif,ceramah tetep dapet relax aja guys
pranawa95,Instagram,hmm no comment deh,2024-12-23 15:17:47,netral,hmm no comment deh
adiarja40,Instagram,"bener juga sih, kadang netizen terlalu baper",2024-12-23 15:56:31,positif,bener sih kadang netizen baper
putri95,Instagram,jujurly lucu banget sih ini 😭,2024-12-23 15:47:12,positif,jujurly lucu banget sih
ediardianto,Instagram,masih netral aja sih gw liatnya,2024-12-23 15:06:07,netral,netral aja sih gw liat
verorahayu,Instagram,gus miftah harus minta maaf sih ini,2024-12-23 15:25:30,negatif,gus miftah maaf sih
gbudiman,Instagram,biar agak keras tapi niatnya baik kok,2024-12-23 15:08:36,positif,biar keras niat
ssuartini,Instagram,gus miftah harus minta maaf sih ini,2024-12-23 15:06:07,negatif,gus miftah maaf sih
namagaamong,Instagram,"ceramahnya tetep dapet kok, relax aja guys",2024-12-23 15:30:18,positif,ceramah tetep dapet relax aja guys
rwahyudin,Instagram,"ceramahnya tetep dapet kok, relax aja guys",2024-12-23 15:11:52,positif,ceramah tetep dapet relax aja guys
himawan22,Instagram,gus miftah harus minta maaf sih ini,2024-12-23 15:14:11,negatif,gus miftah maaf sih
vino19,Instagram,bisa2 jualan es teh jd insecure 😓,2024-12-23 15:44:05,negatif,jual es teh jd insecure
shakilamandala,Instagram,ceramah apaan malah ngehina,2024-12-23 15:55:59,negatif,ceramah ngehina
padminababan,Instagram,gus miftah harus minta maaf sih ini,2024-12-23 15:34:32,negatif,gus miftah maaf sih
queen96,Instagram,"bener juga sih, kadang netizen terlalu baper",2024-12-23 15:02:59,positif,bener sih kadang netizen baper
ianggraini,Instagram,"bener juga sih, kadang netizen terlalu baper",2024-12-23 15:20:55,positif,bener sih kadang netizen baper
winarsihmustofa,Instagram,"ceramahnya tetep dapet kok, relax aja guys",2024-12-23 15:06:09,positif,ceramah tetep dapet relax aja guys
dodo47,Instagram,gw setuju sih ama omongannya gus,2024-12-23 15:18:06,positif,gw tuju sih ama omong gus
ikalestari,Instagram,gw setuju sih ama omongannya gus,2024-12-23 15:06:07,positif,gw tuju sih ama omong gus
widiastutilatif,Instagram,jujurly lucu banget sih ini 😭,2024-12-23 15:49:40,positif,jujurly lucu banget sih
sihombingprabu,Instagram,ni gus emg ada aja kelakuannya 😂,2024-12-23 15:09:28,positif,ni gus emg aja laku
eluhfujiati,Instagram,"bener juga sih, kadang netizen terlalu baper",2024-12-23 15:59:23,positif,bener sih kadang netizen baper
tari60,Instagram,gue liat ini ya udah lah ya,2024-12-23 15:03:32,netral,gue liat ya udah ya
oanggriawan,Instagram,"ceramahnya tetep dapet kok, relax aja guys",2024-12-23 15:39:35,positif,ceramah tetep dapet relax aja guys
warji13,Instagram,biasa aja sih,2024-12-23 15:03:12,netral,aja sih
cahyadiprasetyo,Instagram,biar agak keras tapi niatnya baik kok,2024-12-23 15:13:28,positif,biar keras niat
emarbun,Instagram,biar agak keras tapi niatnya baik kok,2024-12-23 15:40:24,positif,biar keras niat
hakimwarsa,Instagram,"bener juga sih, kadang netizen terlalu baper",2024-12-23 15:16:42,positif,bener sih kadang netizen baper
adriansyahkemal,Instagram,ga sopan bgt ngomong gitu,2024-12-23 15:06:39,negatif,ga sopan bgt ngomong gitu
bakiadi78,Instagram,"ceramahnya tetep dapet kok, relax aja guys",2024-12-23 15:06:58,positif,ceramah tetep dapet relax aja guys
yuliantijatmiko,Instagram,masih netral aja sih gw liatnya,2024-12-23 15:05:23,netral,netral aja sih gw liat
vino90,Instagram,gue liat ini ya udah lah ya,2024-12-23 15:03:20,netral,gue liat ya udah ya
musamah,Instagram,hmm no comment deh,2024-12-23 15:50:00,netral,hmm no comment deh
dianprasetya,Instagram,jujurly lucu banget sih ini 😭,2024-12-23 15:52:20,positif,jujurly lucu banget sih
lpertiwi,Instagram,ceramah apaan malah ngehina,2024-12-23 15:26:51,negatif,ceramah ngehina
shariyah,Instagram,ga tau mau bilang apa,2024-12-23 15:37:22,netral,ga tau bilang
septihutasoit,Instagram,masih netral aja sih gw liatnya,2024-12-23 15:40:56,netral,netral aja sih gw liat
melinda08,Instagram,biar agak keras tapi niatnya baik kok,2024-12-23 15:14:07,positif,biar keras niat
natalia24,Instagram,hmm no comment deh,2024-12-23 15:33:48,netral,hmm no comment deh
ajimin68,Instagram,jujurly lucu banget sih ini 😭,2024-12-23 15:08:41,positif,jujurly lucu banget sih
bagiyalatupono,Instagram,hmm no comment deh,2024-12-23 15:45:47,netral,hmm no comment deh
yuliantivirman,Instagram,"ceramahnya tetep dapet kok, relax aja guys",2024-12-23 15:50:11,positif,ceramah tetep dapet relax aja guys
melanitimbul,Instagram,jujurly lucu banget sih ini 😭,2024-12-23 15:28:40,positif,jujurly lucu banget sih
gabriellasantoso,Instagram,ga tau mau bilang apa,2024-12-23 15:58:06,netral,ga tau bilang
mustofayulianti,Instagram,"ceramahnya tetep dapet kok, relax aja guys",2024-12-23 15:58:54,positif,ceramah tetep dapet relax aja guys
cici96,Instagram,ni gus emg ada aja kelakuannya 😂,2024-12-23 15:14:27,positif,ni gus emg aja laku
budimancatur,Instagram,biasa aja sih,2024-12-23 15:00:25,netral,aja sih
bhidayat,Instagram,ceramah apaan malah ngehina,2024-12-23 15:20:55,negatif,ceramah ngehina
purwadi07,Instagram,bisa2 jualan es teh jd insecure 😓,2024-12-23 15:47:05,negatif,jual es teh jd insecure
kandasuartini,Instagram,tergantung yg nonton juga sih,2024-12-23 15:46:42,netral,gantung yg nonton sih
opanpuspasari,Instagram,"ceramahnya tetep dapet kok, relax aja guys",2024-12-23 15:00:25,positif,ceramah tetep dapet relax aja guys
asmunihasanah,Instagram,jujurly lucu banget sih ini 😭,2024-12-23 15:15:21,positif,jujurly lucu banget sih
kokohandayani,Instagram,biasa aja sih,2024-12-23 15:49:12,netral,aja sih
vinsensiregar,Instagram,jujurly lucu banget sih ini 😭,2024-12-23 15:42:57,positif,jujurly lucu banget sih
puspasaricapa,Instagram,gus miftah harus minta maaf sih ini,2024-12-23 15:34:46,negatif,gus miftah maaf sih
cakrabirawawacana,Instagram,waduh ini sih udah kelewat batas,2024-12-23 15:22:01,negatif,sih udah lewat batas
purwanto51,Instagram,ga tau mau bilang apa,2024-12-23 15:48:24,netral,ga tau bilang
vanyayulianti,Instagram,masih netral aja sih gw liatnya,2024-12-23 15:02:14,netral,netral aja sih gw liat
taswirnuraini,Instagram,jujurly lucu banget sih ini 😭,2024-12-23 15:40:43,positif,jujurly lucu banget sih
ganepnurdiyanti,Instagram,waduh ini sih udah kelewat batas,2024-12-23 15:14:34,negatif,sih udah lewat batas
maryadicawisono,Instagram,gw setuju sih ama omongannya gus,2024-12-23 15:32:44,positif,gw tuju sih ama omong gus
prakasaumi,Instagram,"ga lucu, malah nyakitin hati yg jualan",2024-12-23 15:01:17,negatif,ga lucu nyakitin hati yg jual
umaylailasari,Instagram,"ceramahnya tetep dapet kok, relax aja guys",2024-12-23 15:12:22,positif,ceramah tetep dapet relax aja guys
znovitasari,Instagram,tergantung yg nonton juga sih,2024-12-23 15:16:37,netral,gantung yg nonton sih
wacanahalim,Instagram,tergantung yg nonton juga sih,2024-12-23 15:48:14,netral,gantung yg nonton sih
fprabowo,Instagram,"ga lucu, malah nyakitin hati yg jualan",2024-12-23 15:09:46,negatif,ga lucu nyakitin hati yg jual
gastibudiman,Instagram,masih netral aja sih gw liatnya,2024-12-23 15:18:30,netral,netral aja sih gw liat
cwidodo,Instagram,waduh ini sih udah kelewat batas,2024-12-23 15:17:33,negatif,sih udah lewat batas
ardiantoyunita,Instagram,tergantung yg nonton juga sih,2024-12-23 15:24:01,netral,gantung yg nonton sih
hardiansyahaswani,Instagram,gw setuju sih ama omongannya gus,2024-12-23 15:54:56,positif,gw tuju sih ama omong gus
harsayawibisono,Instagram,ni gus emg ada aja kelakuannya 😂,2024-12-23 15:38:42,positif,ni gus emg aja laku
prasetyowastuti,Instagram,tergantung yg nonton juga sih,2024-12-23 15:35:24,netral,gantung yg nonton sih
hidayatrachel,Instagram,"ceramahnya tetep dapet kok, relax aja guys",2024-12-23 15:05:05,positif,ceramah tetep dapet relax aja guys
ajiono80,Instagram,gue liat ini ya udah lah ya,2024-12-23 15:07:22,netral,gue liat ya udah ya
emelani,Instagram,masih netral aja sih gw liatnya,2024-12-23 15:54:06,netral,netral aja sih gw liat
lhastuti,Instagram,"bener juga sih, kadang netizen terlalu baper",2024-12-23 15:44:10,positif,bener sih kadang netizen baper
srajasa,Instagram,bisa2 jualan es teh jd insecure 😓,2024-12-23 15:09:33,negatif,jual es teh jd insecure
drajat89,Instagram,ceramah apaan malah ngehina,2024-12-23 15:45:05,negatif,ceramah ngehina
uwahyuni,Instagram,tergantung yg nonton juga sih,2024-12-23 15:07:53,netral,gantung yg nonton sih
puspasaridamar,Instagram,ni gus emg ada aja kelakuannya 😂,2024-12-23 15:12:36,positif,ni gus emg aja laku
xnugroho,Instagram,biasa aja sih,2024-12-23 15:52:46,netral,aja sih
cwijayanti,Instagram,ga sopan bgt ngomong gitu,2024-12-23 15:15:05,negatif,ga sopan bgt ngomong gitu
gamanmangunsong,Instagram,ni gus emg ada aja kelakuannya 😂,2024-12-23 15:39:49,positif,ni gus emg aja laku
jsaefullah,Instagram,tergantung yg nonton juga sih,2024-12-23 15:17:54,netral,gantung yg nonton sih
atma48,Instagram,"bener juga sih, kadang netizen terlalu baper",2024-12-23 15:28:39,positif,bener sih kadang netizen baper
hidayantoluthfi,Instagram,"ceramahnya tetep dapet kok, relax aja guys",2024-12-23 15:59:53,positif,ceramah tetep dapet relax aja guys
mursita60,Instagram,ga tau mau bilang apa,2024-12-23 15:45:44,netral,ga tau bilang
dbudiyanto,Instagram,gus miftah harus minta maaf sih ini,2024-12-23 15:41:05,negatif,gus miftah maaf sih
irfannasyiah,Instagram,gw setuju sih ama omongannya gus,2024-12-23 15:41:58,positif,gw tuju sih ama omong gus
rafi80,Instagram,ni gus emg ada aja kelakuannya 😂,2024-12-23 15:35:31,positif,ni gus emg aja laku
jwinarno,Instagram,waduh ini sih udah kelewat batas,2024-12-23 15:37:34,negatif,sih udah lewat batas
hutapeazizi,Instagram,ni gus emg ada aja kelakuannya 😂,2024-12-23 15:00:42,positif,ni gus emg aja laku
dlatupono,Instagram,"ga lucu, malah nyakitin hati yg jualan",2024-12-23 15:05:44,negatif,ga lucu nyakitin hati yg jual
hakimtantri,Instagram,tergantung yg nonton juga sih,2024-12-23 15:37:03,netral,gantung yg nonton sih
phartati,Instagram,jujurly lucu banget sih ini 😭,2024-12-23 15:13:32,positif,jujurly lucu banget sih
nasyiahargono,Instagram,"bener juga sih, kadang netizen terlalu baper",2024-12-23 15:20:44,positif,bener sih kadang netizen baper
dewi14,Instagram,gus miftah harus minta maaf sih ini,2024-12-23 15:57:01,negatif,gus miftah maaf sih
wuwais,Instagram,gue liat ini ya udah lah ya,2024-12-23 15:54:55,netral,gue liat ya udah ya
cakrabirawa14,Instagram,hmm no comment deh,2024-12-23 15:56:24,netral,hmm no comment deh
tami09,Instagram,bisa2 jualan es teh jd insecure 😓,2024-12-23 15:22:47,negatif,jual es teh jd insecure
sidiq59,Instagram,biasa aja sih,2024-12-23 15:53:34,netral,aja sih
czulaika,Instagram,ga sopan bgt ngomong gitu,2024-12-23 15:31:18,negatif,ga sopan bgt ngomong gitu
jusada,Instagram,"bener juga sih, kadang netizen terlalu baper",2024-12-23 15:51:37,positif,bener sih kadang netizen baper
mandalaedi,Instagram,gus miftah harus minta maaf sih ini,2024-12-23 15:40:03,negatif,gus miftah maaf sih
ega10,Instagram,ni gus emg ada aja kelakuannya 😂,2024-12-23 15:35:40,positif,ni gus emg aja laku
pradiptaprayitna,Instagram,ni gus emg ada aja kelakuannya 😂,2024-12-23 15:54:50,positif,ni gus emg aja laku
vhidayat,Instagram,ni gus emg ada aja kelakuannya 😂,2024-12-23 15:07:11,positif,ni gus emg aja laku
mustofanurdiyanti,Instagram,ga tau mau bilang apa,2024-12-23 15:10:45,netral,ga tau bilang
janetmayasari,Instagram,"bener juga sih, kadang netizen terlalu baper",2024-12-23 15:22:45,positif,bener sih kadang netizen baper
xrajata,Instagram,waduh ini sih udah kelewat batas,2024-12-23 15:56:13,negatif,sih udah lewat batas
taufik34,Instagram,gw setuju sih ama omongannya gus,2024-12-23 15:11:39,positif,gw tuju sih ama omong gus
hana07,Instagram,jujurly lucu banget sih ini 😭,2024-12-23 15:41:36,positif,jujurly lucu banget sih
prasetyacaraka,Instagram,"ceramahnya tetep dapet kok, relax aja guys",2024-12-23 15:35:14,positif,ceramah tetep dapet relax aja guys
fsiregar,Instagram,gus miftah harus minta maaf sih ini,2024-12-23 15:43:40,negatif,gus miftah maaf sih
handayanijatmiko,Instagram,jujurly lucu banget sih ini 😭,2024-12-23 15:02:20,positif,jujurly lucu banget sih
najmudinnajib,Instagram,"ga lucu, malah nyakitin hati yg jualan",2024-12-23 15:57:07,negatif,ga lucu nyakitin hati yg jual
jokopratama,Instagram,ceramah apaan malah ngehina,2024-12-23 15:34:44,negatif,ceramah ngehina
usadagabriella,Instagram,biasa aja sih,2024-12-23 15:12:45,netral,aja sih
adityafujiati,Instagram,ni gus emg ada aja kelakuannya 😂,2024-12-23 15:44:56,positif,ni gus emg aja laku
karyaiswahyudi,Instagram,bisa2 jualan es teh jd insecure 😓,2024-12-23 15:55:55,negatif,jual es teh jd insecure
wardi82,Instagram,hmm no comment deh,2024-12-23 15:27:12,netral,hmm no comment deh
rajataharjaya,Instagram,"bener juga sih, kadang netizen terlalu baper",2024-12-23 15:58:41,positif,bener sih kadang netizen baper
ibun97,Instagram,ceramah apaan malah ngehina,2024-12-23 15:18:54,negatif,ceramah ngehina
galih06,Instagram,"ga lucu, malah nyakitin hati yg jualan",2024-12-23 15:51:09,negatif,ga lucu nyakitin hati yg jual
anisitumorang,Instagram,ga tau mau bilang apa,2024-12-23 15:32:59,netral,ga tau bilang
kuswoyodarimin,Instagram,biasa aja sih,2024-12-23 15:11:25,netral,aja sih
enajmudin,Instagram,hmm no comment deh,2024-12-23 15:47:45,netral,hmm no comment deh
putami,Instagram,"ceramahnya tetep dapet kok, relax aja guys",2024-12-23 15:05:47,positif,ceramah tetep dapet relax aja guys
danujajanuar,Instagram,gus miftah harus minta maaf sih ini,2024-12-23 15:45:22,negatif,gus miftah maaf sih
galangwidodo,Instagram,biar agak keras tapi niatnya baik kok,2024-12-23 15:07:58,positif,biar keras niat
ilyas16,Instagram,ga tau mau bilang apa,2024-12-23 15:28:45,netral,ga tau bilang
gatotkusumo,Instagram,ni gus emg ada aja kelakuannya 😂,2024-12-23 15:03:24,positif,ni gus emg aja laku
jpalastri,Instagram,gue liat ini ya udah lah ya,2024-12-23 15:39:36,netral,gue liat ya udah ya
winarsihmustika,Instagram,"ga lucu, malah nyakitin hati yg jualan",2024-12-23 15:48:30,negatif,ga lucu nyakitin hati yg jual
uwinarsih,Instagram,masih netral aja sih gw liatnya,2024-12-23 15:48:17,netral,netral aja sih gw liat
ajimanhandayani,Instagram,jujurly lucu banget sih ini 😭,2024-12-23 15:26:29,positif,jujurly lucu banget sih
qori55,Instagram,gue liat ini ya udah lah ya,2024-12-23 15:14:30,netral,gue liat ya udah ya
cinta94,Instagram,tergantung yg nonton juga sih,2024-12-23 15:34:03,netral,gantung yg nonton sih
mahmudhassanah,Instagram,tergantung yg nonton juga sih,2024-12-23 15:04:18,netral,gantung yg nonton sih
pranawapradana,Instagram,ga sopan bgt ngomong gitu,2024-12-23 15:45:50,negatif,ga sopan bgt ngomong gitu
hani89,Instagram,ga sopan bgt ngomong gitu,2024-12-23 15:11:24,negatif,ga sopan bgt ngomong gitu
suartiniozy,Instagram,biasa aja sih,2024-12-23 15:46:41,netral,aja sih
ssudiati,Instagram,"ceramahnya tetep dapet kok, relax aja guys",2024-12-23 15:12:46,positif,ceramah tetep dapet relax aja guys
ade85,Instagram,gus miftah harus minta maaf sih ini,2024-12-23 15:40:38,negatif,gus miftah maaf sih
situmorangpuji,Instagram,"ceramahnya tetep dapet kok, relax aja guys",2024-12-23 15:34:10,positif,ceramah tetep dapet relax aja guys
salahudinikin,Instagram,ceramah apaan malah ngehina,2024-12-23 15:39:00,negatif,ceramah ngehina
tinauyainah,Instagram,waduh ini sih udah kelewat batas,2024-12-23 15:07:11,negatif,sih udah lewat batas
jelita42,Instagram,ni gus emg ada aja kelakuannya 😂,2024-12-23 15:41:26,positif,ni gus emg aja laku
arta52,Instagram,ga sopan bgt ngomong gitu,2024-12-23 15:12:07,negatif,ga sopan bgt ngomong gitu
utamijayadi,Instagram,biasa aja sih,2024-12-23 15:33:05,netral,aja sih
najmudinsatya,Instagram,ni gus emg ada aja kelakuannya 😂,2024-12-23 15:58:22,positif,ni gus emg aja laku
juli35,Instagram,bisa2 jualan es teh jd insecure 😓,2024-12-23 15:11:45,negatif,jual es teh jd insecure
maheswaravega,Instagram,biar agak keras tapi niatnya baik kok,2024-12-23 15:14:27,positif,biar keras niat
kalim71,Instagram,ni gus emg ada aja kelakuannya 😂,2024-12-23 15:19:25,positif,ni gus emg aja laku
spranowo,Instagram,ni gus emg ada aja kelakuannya 😂,2024-12-23 15:39:09,positif,ni gus emg aja laku
suryonodaruna,Instagram,gw setuju sih ama omongannya gus,2024-12-23 15:50:54,positif,gw tuju sih ama omong gus
clara80,Instagram,jujurly lucu banget sih ini 😭,2024-12-23 15:30:33,positif,jujurly lucu banget sih
umisamosir,Instagram,ni gus emg ada aja kelakuannya 😂,2024-12-23 15:01:13,positif,ni gus emg aja laku
ywidiastuti,Instagram,hmm no comment deh,2024-12-23 15:04:36,netral,hmm no comment deh
vprasetya,Instagram,jujurly lucu banget sih ini 😭,2024-12-23 15:15:31,positif,jujurly lucu banget sih
kemba72,Instagram,gw setuju sih ama omongannya gus,2024-12-23 15:24:49,positif,gw tuju sih ama omong gus
laras07,Instagram,gw setuju sih ama omongannya gus,2024-12-23 15:08:22,positif,gw tuju sih ama omong gus
putrajefri,Instagram,hmm no comment deh,2024-12-23 15:50:03,netral,hmm no comment deh
kania67,Instagram,gw setuju sih ama omongannya gus,2024-12-23 15:40:05,positif,gw tuju sih ama omong gus
saputraluhung,Instagram,jujurly lucu banget sih ini 😭,2024-12-23 15:27:08,positif,jujurly lucu banget sih
prasetyo96,Instagram,ni gus emg ada aja kelakuannya 😂,2024-12-23 15:33:55,positif,ni gus emg aja laku
pnajmudin,Instagram,gue liat ini ya udah lah ya,2024-12-23 15:43:23,netral,gue liat ya udah ya
situmorangrosman,Instagram,waduh ini sih udah kelewat batas,2024-12-23 15:35:11,negatif,sih udah lewat batas
malik32,Instagram,ga sopan bgt ngomong gitu,2024-12-23 15:15:18,negatif,ga sopan bgt ngomong gitu
hutagalungnilam,Instagram,biasa aja sih,2024-12-23 15:29:22,netral,aja sih
khutapea,Instagram,gw setuju sih ama omongannya gus,2024-12-23 15:49:39,positif,gw tuju sih ama omong gus
wibisonomulyanto,Instagram,"ceramahnya tetep dapet kok, relax aja guys",2024-12-23 15:02:00,positif,ceramah tetep dapet relax aja guys
yfirmansyah,Instagram,ga sopan bgt ngomong gitu,2024-12-23 15:47:20,negatif,ga sopan bgt ngomong gitu
simbolondaru,Instagram,gue liat ini ya udah lah ya,2024-12-23 15:49:02,netral,gue liat ya udah ya
opung80,Instagram,hmm no comment deh,2024-12-23 15:37:49,netral,hmm no comment deh
samosiryuliana,Instagram,ga sopan bgt ngomong gitu,2024-12-23 15:43:57,negatif,ga sopan bgt ngomong gitu
prayogacawuk,Instagram,gw setuju sih ama omongannya gus,2024-12-23 15:33:01,positif,gw tuju sih ama omong gus
azaleaiswahyudi,Instagram,ga sopan bgt ngomong gitu,2024-12-23 15:17:40,negatif,ga sopan bgt ngomong gitu
endrapangestu,Instagram,ga tau mau bilang apa,2024-12-23 15:07:30,netral,ga tau bilang
ohandayani,Instagram,tergantung yg nonton juga sih,2024-12-23 15:43:33,netral,gantung yg nonton sih
gentapratama,Instagram,"ceramahnya tetep dapet kok, relax aja guys",2024-12-23 15:03:49,positif,ceramah tetep dapet relax aja guys
hani49,Instagram,hmm no comment deh,2024-12-23 15:08:35,netral,hmm no comment deh
khutagalung,Instagram,tergantung yg nonton juga sih,2024-12-23 15:55:54,netral,gantung yg nonton sih
viktormegantara,Instagram,biasa aja sih,2024-12-23 15:07:25,netral,aja sih
bancar47,Instagram,"ceramahnya tetep dapet kok, relax aja guys",2024-12-23 15:30:19,positif,ceramah tetep dapet relax aja guys
purwantihana,Instagram,waduh ini sih udah kelewat batas,2024-12-23 15:52:17,negatif,sih udah lewat batas
eman52,Instagram,tergantung yg nonton juga sih,2024-12-23 15:54:23,netral,gantung yg nonton sih
vnashiruddin,Instagram,ni gus emg ada aja kelakuannya 😂,2024-12-23 15:28:11,positif,ni gus emg aja laku
haryantigenta,Instagram,biasa aja sih,2024-12-23 15:57:38,netral,aja sih
sudiatisabrina,Instagram,hmm no comment deh,2024-12-23 15:15:20,netral,hmm no comment deh
darijan32,Instagram,ni gus emg ada aja kelakuannya 😂,2024-12-23 15:52:45,positif,ni gus emg aja laku
habibimulyono,Instagram,biasa aja sih,2024-12-23 15:42:46,netral,aja sih
novitasarioni,Instagram,"ceramahnya tetep dapet kok, relax aja guys",2024-12-23 15:15:57,positif,ceramah tetep dapet relax aja guys
latuponozelaya,Instagram,ga sopan bgt ngomong gitu,2024-12-23 15:30:55,negatif,ga sopan bgt ngomong gitu
maya01,Instagram,ga sopan bgt ngomong gitu,2024-12-23 15:26:51,negatif,ga sopan bgt ngomong gitu
putrazamira,Instagram,ni gus emg ada aja kelakuannya 😂,2024-12-23 15:16:55,positif,ni gus emg aja laku
dongoranhumaira,Instagram,gus miftah harus minta maaf sih ini,2024-12-23 15:32:32,negatif,gus miftah maaf sih
glazuardi,Instagram,jujurly lucu banget sih ini 😭,2024-12-23 15:01:53,positif,jujurly lucu banget sih
gilda01,Instagram,tergantung yg nonton juga sih,2024-12-23 16:00:00,netral,gantung yg nonton sih
xusada,Instagram,"bener juga sih, kadang netizen terlalu baper",2024-12-23 15:46:44,positif,bener sih kadang netizen baper
haryantifarah,Instagram,biar agak keras tapi niatnya baik kok,2024-12-23 15:37:29,positif,biar keras niat
galionopurnawati,Instagram,ga tau mau bilang apa,2024-12-23 15:10:25,netral,ga tau bilang
wardayawaluyo,Instagram,gus miftah harus minta maaf sih ini,2024-12-23 15:24:11,negatif,gus miftah maaf sih
vnovitasari,Instagram,ga tau mau bilang apa,2024-12-23 15:24:15,netral,ga tau bilang
aswani53,Instagram,biar agak keras tapi niatnya baik kok,2024-12-23 15:13:13,positif,biar keras niat
lwidodo,Instagram,biar agak keras tapi niatnya baik kok,2024-12-23 15:05:49,positif,biar keras niat
prayogakasusra,Instagram,masih netral aja sih gw liatnya,2024-12-23 15:45:45,netral,netral aja sih gw liat
hartakahartati,Instagram,"bener juga sih, kadang netizen terlalu baper",2024-12-23 15:17:20,positif,bener sih kadang netizen baper
kuswandariarta,Instagram,tergantung yg nonton juga sih,2024-12-23 15:44:39,netral,gantung yg nonton sih
kuncaramaulana,Instagram,gue liat ini ya udah lah ya,2024-12-23 15:28:22,netral,gue liat ya udah ya
daruyulianti,Instagram,ga sopan bgt ngomong gitu,2024-12-23 15:55:03,negatif,ga sopan bgt ngomong gitu
habibiraden,Instagram,hmm no comment deh,2024-12-23 15:16:55,netral,hmm no comment deh
tamiyolanda,Instagram,biasa aja sih,2024-12-23 15:21:25,netral,aja sih
rtarihoran,Instagram,gw setuju sih ama omongannya gus,2024-12-23 15:06:17,positif,gw tuju sih ama omong gus
xgunawan,Instagram,gus miftah harus minta maaf sih ini,2024-12-23 15:26:20,negatif,gus miftah maaf sih
uwibisono,Instagram,gus miftah harus minta maaf sih ini,2024-12-23 15:22:32,negatif,gus miftah maaf sih
fitriani70,Instagram,biar agak keras tapi niatnya baik kok,2024-12-23 15:59:15,positif,biar keras niat
mpudjiastuti,Instagram,gw setuju sih ama omongannya gus,2024-12-23 15:53:43,positif,gw tuju sih ama omong gus
saputrakenes,Instagram,gw setuju sih ama omongannya gus,2024-12-23 15:50:43,positif,gw tuju sih ama omong gus
tsitompul,Instagram,biar agak keras tapi niatnya baik kok,2024-12-23 15:45:25,positif,biar keras niat
umarbun,Instagram,biar agak keras tapi niatnya baik kok,2024-12-23 15:09:55,positif,biar keras niat
radityaadriansyah,Instagram,bisa2 jualan es teh jd insecure 😓,2024-12-23 15:17:32,negatif,jual es teh jd insecure
tnainggolan,Instagram,ga sopan bgt ngomong gitu,2024-12-23 15:19:09,negatif,ga sopan bgt ngomong gitu
siregaribun,Instagram,ga tau mau bilang apa,2024-12-23 15:07:00,netral,ga tau bilang
nasyiahendah,Instagram,ceramah apaan malah ngehina,2024-12-23 15:26:26,negatif,ceramah ngehina
uprakasa,Instagram,bisa2 jualan es teh jd insecure 😓,2024-12-23 15:11:37,negatif,jual es teh jd insecure
sitompuldaru,Instagram,ga sopan bgt ngomong gitu,2024-12-23 15:01:10,negatif,ga sopan bgt ngomong gitu
hardiansyahgalak,Instagram,ni gus emg ada aja kelakuannya 😂,2024-12-23 15:16:30,positif,ni gus emg aja laku
bakidin47,Instagram,gw setuju sih ama omongannya gus,2024-12-23 15:28:35,positif,gw tuju sih ama omong gus
uwaisputu,Instagram,waduh ini sih udah kelewat batas,2024-12-23 15:18:04,negatif,sih udah lewat batas
setiawanumaya,Instagram,hmm no comment deh,2024-12-23 15:14:04,netral,hmm no comment deh
qpermata,Instagram,ga tau mau bilang apa,2024-12-23 15:13:50,netral,ga tau bilang
wahyunigaran,Instagram,"bener juga sih, kadang netizen terlalu baper",2024-12-23 15:06:29,positif,bener sih kadang netizen baper
prabowoibrahim,Instagram,ga tau mau bilang apa,2024-12-23 15:23:15,netral,ga tau bilang
crahayu,Instagram,tergantung yg nonton juga sih,2024-12-23 15:36:52,netral,gantung yg nonton sih
gildanapitupulu,Instagram,gw setuju sih ama omongannya gus,2024-12-23 15:17:34,positif,gw tuju sih ama omong gus
zeldawidodo,Instagram,jujurly lucu banget sih ini 😭,2024-12-23 15:29:37,positif,jujurly lucu banget sih
laila36,Instagram,ni gus emg ada aja kelakuannya 😂,2024-12-23 15:05:01,positif,ni gus emg aja laku
bmaheswara,Instagram,tergantung yg nonton juga sih,2024-12-23 15:43:34,netral,gantung yg nonton sih
hani81,Instagram,gw setuju sih ama omongannya gus,2024-12-23 15:40:43,positif,gw tuju sih ama omong gus
zmaryati,Instagram,ga tau mau bilang apa,2024-12-23 15:01:18,netral,ga tau bilang
edi36,Instagram,tergantung yg nonton juga sih,2024-12-23 15:27:02,netral,gantung yg nonton sih
handayaniopan,Instagram,gus miftah harus minta maaf sih ini,2024-12-23 15:02:15,negatif,gus miftah maaf sih
ranggraini,Instagram,biar agak keras tapi niatnya baik kok,2024-12-23 15:36:31,positif,biar keras niat
rezamandasari,Instagram,tergantung yg nonton juga sih,2024-12-23 15:59:26,netral,gantung yg nonton sih
hasta34,Instagram,biasa aja sih,2024-12-23 15:21:20,netral,aja sih
balamantrisamosir,Instagram,waduh ini sih udah kelewat batas,2024-12-23 15:36:56,negatif,sih udah lewat batas
cahyadiwijaya,Instagram,"ceramahnya tetep dapet kok, relax aja guys",2024-12-23 15:34:01,positif,ceramah tetep dapet relax aja guys
zulfahartati,Instagram,hmm no comment deh,2024-12-23 15:22:21,netral,hmm no comment deh
halimahcalista,Instagram,tergantung yg nonton juga sih,2024-12-23 15:33:41,netral,gantung yg nonton sih
widiastutidacin,Instagram,jujurly lucu banget sih ini 😭,2024-12-23 15:00:38,positif,jujurly lucu banget sih
bakiman00,Instagram,bisa2 jualan es teh jd insecure 😓,2024-12-23 15:53:39,negatif,jual es teh jd insecure
prasetya26,Instagram,biar agak keras tapi niatnya baik kok,2024-12-23 15:25:08,positif,biar keras niat
candrakantahardiansyah,Instagram,gus miftah harus minta maaf sih ini,2024-12-23 15:46:02,negatif,gus miftah maaf sih
banawi36,Instagram,tergantung yg nonton juga sih,2024-12-23 15:31:35,netral,gantung yg nonton sih
emanmarpaung,Instagram,gue liat ini ya udah lah ya,2024-12-23 15:20:01,netral,gue liat ya udah ya
jail75,Instagram,biar agak keras tapi niatnya baik kok,2024-12-23 15:32:04,positif,biar keras niat
bahuwarnazulaika,Instagram,"ga lucu, malah nyakitin hati yg jualan",2024-12-23 15:29:19,negatif,ga lucu nyakitin hati yg jual
salimahprasetya,Instagram,gus miftah harus minta maaf sih ini,2024-12-23 15:29:59,negatif,gus miftah maaf sih
faridajono,Instagram,ga tau mau bilang apa,2024-12-23 15:39:36,netral,ga tau bilang
aslijanwidodo,Instagram,bisa2 jualan es teh jd insecure 😓,2024-12-23 15:57:14,negatif,jual es teh jd insecure
sinagataufan,Instagram,jujurly lucu banget sih ini 😭,2024-12-23 15:08:05,positif,jujurly lucu banget sih
vegariyanti,Instagram,ga sopan bgt ngomong gitu,2024-12-23 15:03:15,negatif,ga sopan bgt ngomong gitu
usamahmaryanto,Instagram,ceramah apaan malah ngehina,2024-12-23 15:55:46,negatif,ceramah ngehina
nsusanti,Instagram,waduh ini sih udah kelewat batas,2024-12-23 15:59:24,negatif,sih udah lewat batas
permatapranawa,Instagram,tergantung yg nonton juga sih,2024-12-23 15:10:02,netral,gantung yg nonton sih
prasetyaluwar,Instagram,waduh ini sih udah kelewat batas,2024-12-23 15:49:21,negatif,sih udah lewat batas
estiawanmelani,Instagram,"ga lucu, malah nyakitin hati yg jualan",2024-12-23 15:58:00,negatif,ga lucu nyakitin hati yg jual
hafshahnasyidah,Instagram,"ga lucu, malah nyakitin hati yg jualan",2024-12-23 15:43:52,negatif,ga lucu nyakitin hati yg jual
saadat31,Instagram,"ga lucu, malah nyakitin hati yg jualan",2024-12-23 15:14:09,negatif,ga lucu nyakitin hati yg jual
pangestu16,Instagram,biar agak keras tapi niatnya baik kok,2024-12-23 15:58:52,positif,biar keras niat
jamalia32,Instagram,gw setuju sih ama omongannya gus,2024-12-23 15:13:44,positif,gw tuju sih ama omong gus
kuswoyopandu,Instagram,"ceramahnya tetep dapet kok, relax aja guys",2024-12-23 15:56:47,positif,ceramah tetep dapet relax aja guys
rafimaryati,Instagram,masih netral aja sih gw liatnya,2024-12-23 15:38:20,netral,netral aja sih gw liat
santosoprima,Instagram,masih netral aja sih gw liatnya,2024-12-23 15:56:07,netral,netral aja sih gw liat
olga39,Instagram,waduh ini sih udah kelewat batas,2024-12-23 15:00:34,negatif,sih udah lewat batas
oliviawasita,Instagram,bisa2 jualan es teh jd insecure 😓,2024-12-23 15:12:16,negatif,jual es teh jd insecure
suryonoprabu,Instagram,bisa2 jualan es teh jd insecure 😓,2024-12-23 15:11:00,negatif,jual es teh jd insecure
kamalusada,Instagram,masih netral aja sih gw liatnya,2024-12-23 15:40:30,netral,netral aja sih gw liat
budimancici,Instagram,gw setuju sih ama omongannya gus,2024-12-23 15:35:24,positif,gw tuju sih ama omong gus
andrianiluis,Instagram,waduh ini sih udah kelewat batas,2024-12-23 15:13:32,negatif,sih udah lewat batas
jarwi26,Instagram,masih netral aja sih gw liatnya,2024-12-23 15:35:29,netral,netral aja sih gw liat
dprayoga,Instagram,ga tau mau bilang apa,2024-12-23 15:59:59,netral,ga tau bilang
ciaobellasihotang,Instagram,ceramah apaan malah ngehina,2024-12-23 15:06:20,negatif,ceramah ngehina
xzulaika,Instagram,ni gus emg ada aja kelakuannya 😂,2024-12-23 15:17:29,positif,ni gus emg aja laku
pangestuhani,Instagram,ceramah apaan malah ngehina,2024-12-23 15:33:38,negatif,ceramah ngehina
sihombinglintang,Instagram,gue liat ini ya udah lah ya,2024-12-23 15:20:49,netral,gue liat ya udah ya
labuh54,Instagram,ga tau mau bilang apa,2024-12-23 15:11:52,netral,ga tau bilang
rwaskita,Instagram,ga sopan bgt ngomong gitu,2024-12-23 15:37:17,negatif,ga sopan bgt ngomong gitu
joko75,Instagram,ga tau mau bilang apa,2024-12-23 15:48:45,netral,ga tau bilang
cahyanto50,Instagram,biasa aja sih,2024-12-23 15:40:16,netral,aja sih
jdabukke,Instagram,jujurly lucu banget sih ini 😭,2024-12-23 15:15:23,positif,jujurly lucu banget sih
ianmaulana,Instagram,gus miftah harus minta maaf sih ini,2024-12-23 15:04:49,negatif,gus miftah maaf sih
cawisadilaksmiwati,Instagram,ga sopan bgt ngomong gitu,2024-12-23 15:16:43,negatif,ga sopan bgt ngomong gitu
lutfansimbolon,Instagram,biasa aja sih,2024-12-23 15:52:51,netral,aja sih
eluhnuraini,Instagram,hmm no comment deh,2024-12-23 15:22:27,netral,hmm no comment deh
caket30,Instagram,gue liat ini ya udah lah ya,2024-12-23 15:55:22,netral,gue liat ya udah ya
utamikacung,Instagram,gue liat ini ya udah lah ya,2024-12-23 15:55:52,netral,gue liat ya udah ya
dmardhiyah,Instagram,gus miftah harus minta maaf sih ini,2024-12-23 15:40:06,negatif,gus miftah maaf sih
nasim97,Instagram,masih netral aja sih gw liatnya,2024-12-23 15:00:04,netral,netral aja sih gw liat
prabowowinarno,Instagram,ceramah apaan malah ngehina,2024-12-23 15:17:22,negatif,ceramah ngehina
indahjailani,Instagram,"ga lucu, malah nyakitin hati yg jualan",2024-12-23 15:22:42,negatif,ga lucu nyakitin hati yg jual
hardana91,Instagram,gus miftah harus minta maaf sih ini,2024-12-23 15:26:01,negatif,gus miftah maaf sih
irfanhutagalung,Instagram,ni gus emg ada aja kelakuannya 😂,2024-12-23 15:25:00,positif,ni gus emg aja laku
slametmaryadi,Instagram,ga tau mau bilang apa,2024-12-23 15:35:10,netral,ga tau bilang
awaluyo,Instagram,ni gus emg ada aja kelakuannya 😂,2024-12-23 15:17:16,positif,ni gus emg aja laku
twidiastuti,Instagram,masih netral aja sih gw liatnya,2024-12-23 15:55:49,netral,netral aja sih gw liat
puspasariasmianto,Instagram,ga tau mau bilang apa,2024-12-23 15:03:49,netral,ga tau bilang
lyolanda,Instagram,"ceramahnya tetep dapet kok, relax aja guys",2024-12-23 15:15:03,positif,ceramah tetep dapet relax aja guys
marpaungjarwadi,Instagram,ga tau mau bilang apa,2024-12-23 15:39:10,netral,ga tau bilang
lnashiruddin,Instagram,gus miftah harus minta maaf sih ini,2024-12-23 15:05:08,negatif,gus miftah maaf sih
swastuti,Instagram,"ceramahnya tetep dapet kok, relax aja guys",2024-12-23 15:24:05,positif,ceramah tetep dapet relax aja guys
pratiwigarda,Instagram,ga tau mau bilang apa,2024-12-23 15:44:26,netral,ga tau bilang
hassanahwarsita,Instagram,ga sopan bgt ngomong gitu,2024-12-23 15:40:32,negatif,ga sopan bgt ngomong gitu
saka55,Instagram,ceramah apaan malah ngehina,2024-12-23 15:37:38,negatif,ceramah ngehina
prabumaryati,Instagram,bisa2 jualan es teh jd insecure 😓,2024-12-23 15:21:44,negatif,jual es teh jd insecure
gamani96,Instagram,masih netral aja sih gw liatnya,2024-12-23 15:57:08,netral,netral aja sih gw liat
tsaefullah,Instagram,biasa aja sih,2024-12-23 15:52:16,netral,aja sih
keishamulyani,Instagram,jujurly lucu banget sih ini 😭,2024-12-23 15:07:03,positif,jujurly lucu banget sih
piswahyudi,Instagram,tergantung yg nonton juga sih,2024-12-23 15:37:29,netral,gantung yg nonton sih
wirda83,Instagram,ceramah apaan malah ngehina,2024-12-23 15:02:33,negatif,ceramah ngehina
rajasafitria,Instagram,gus miftah harus minta maaf sih ini,2024-12-23 15:50:08,negatif,gus miftah maaf sih
dprabowo,Instagram,ga tau mau bilang apa,2024-12-23 15:28:12,netral,ga tau bilang
pprasetya,Instagram,gw setuju sih ama omongannya gus,2024-12-23 15:33:18,positif,gw tuju sih ama omong gus
jessica38,Instagram,bisa2 jualan es teh jd insecure 😓,2024-12-23 15:15:02,negatif,jual es teh jd insecure
gamblangkusmawati,Instagram,gue liat ini ya udah lah ya,2024-12-23 15:16:45,netral,gue liat ya udah ya
titihartati,Instagram,hmm no comment deh,2024-12-23 15:25:13,netral,hmm no comment deh
sabrina11,Instagram,biar agak keras tapi niatnya baik kok,2024-12-23 15:29:50,positif,biar keras niat
limar34,Instagram,"ceramahnya tetep dapet kok, relax aja guys",2024-12-23 15:16:54,positif,ceramah tetep dapet relax aja guys
ajimatrahimah,Instagram,ga tau mau bilang apa,2024-12-23 15:30:46,netral,ga tau bilang
ardiantonasim,Instagram,"bener juga sih, kadang netizen terlalu baper",2024-12-23 15:09:00,positif,bener sih kadang netizen baper
lfirgantoro,Instagram,jujurly lucu banget sih ini 😭,2024-12-23 15:02:44,positif,jujurly lucu banget sih
lutfan21,Instagram,gw setuju sih ama omongannya gus,2024-12-23 15:00:51,positif,gw tuju sih ama omong gus
anovitasari,Instagram,waduh ini sih udah kelewat batas,2024-12-23 15:53:20,negatif,sih udah lewat batas
saka85,Instagram,ceramah apaan malah ngehina,2024-12-23 15:33:18,negatif,ceramah ngehina
rinawasita,Instagram,"ceramahnya tetep dapet kok, relax aja guys",2024-12-23 15:47:12,positif,ceramah tetep dapet relax aja guys
fitriani04,Instagram,waduh ini sih udah kelewat batas,2024-12-23 15:42:45,negatif,sih udah lewat batas
dipafarida,Instagram,gw setuju sih ama omongannya gus,2024-12-23 15:57:04,positif,gw tuju sih ama omong gus
yprasasta,Instagram,jujurly lucu banget sih ini 😭,2024-12-23 15:21:00,positif,jujurly lucu banget sih
purwantiomar,Instagram,tergantung yg nonton juga sih,2024-12-23 15:41:18,netral,gantung yg nonton sih
zmandala,Instagram,"ga lucu, malah nyakitin hati yg jualan",2024-12-23 15:46:40,negatif,ga lucu nyakitin hati yg jual
patricia34,Instagram,gue liat ini ya udah lah ya,2024-12-23 15:44:47,netral,gue liat ya udah ya
cemeti64,Instagram,tergantung yg nonton juga sih,2024-12-23 15:09:29,netral,gantung yg nonton sih
susantianita,Instagram,gue liat ini ya udah lah ya,2024-12-23 15:45:55,netral,gue liat ya udah ya
pudjiastutigilang,Instagram,ni gus emg ada aja kelakuannya 😂,2024-12-23 15:36:08,positif,ni gus emg aja laku
mulyanimaryadi,Instagram,tergantung yg nonton juga sih,2024-12-23 15:25:06,netral,gantung yg nonton sih
nabila58,Instagram,ni gus emg ada aja kelakuannya 😂,2024-12-23 15:19:14,positif,ni gus emg aja laku
ajiman98,Instagram,biar agak keras tapi niatnya baik kok,2024-12-23 15:15:21,positif,biar keras niat
prabu83,Instagram,waduh ini sih udah kelewat batas,2024-12-23 15:30:49,negatif,sih udah lewat batas
mhakim,Instagram,jujurly lucu banget sih ini 😭,2024-12-23 15:25:14,positif,jujurly lucu banget sih
banawiwinarsih,Instagram,waduh ini sih udah kelewat batas,2024-12-23 15:47:51,negatif,sih udah lewat batas
jprabowo,Instagram,jujurly lucu banget sih ini 😭,2024-12-23 15:07:34,positif,jujurly lucu banget sih
hastutikaren,Instagram,jujurly lucu banget sih ini 😭,2024-12-23 15:33:30,positif,jujurly lucu banget sih
pratiwiajiman,Instagram,hmm no comment deh,2024-12-23 15:11:37,netral,hmm no comment deh
darmana87,Instagram,"ga lucu, malah nyakitin hati yg jualan",2024-12-23 15:24:34,negatif,ga lucu nyakitin hati yg jual
mumpuninovitasari,Instagram,"ceramahnya tetep dapet kok, relax aja guys",2024-12-23 15:55:53,positif,ceramah tetep dapet relax aja guys
zulkarnainedi,Instagram,"bener juga sih, kadang netizen terlalu baper",2024-12-23 15:05:03,positif,bener sih kadang netizen baper
gabriellasuwarno,Instagram,waduh ini sih udah kelewat batas,2024-12-23 15:29:47,negatif,sih udah lewat batas
wijayapraba,Instagram,ga sopan bgt ngomong gitu,2024-12-23 15:57:48,negatif,ga sopan bgt ngomong gitu
unjanigunarto,Instagram,ceramah apaan malah ngehina,2024-12-23 15:27:39,negatif,ceramah ngehina
madriansyah,Instagram,"ceramahnya tetep dapet kok, relax aja guys",2024-12-23 15:58:46,positif,ceramah tetep dapet relax aja guys
pertiwinrima,Instagram,biar agak keras tapi niatnya baik kok,2024-12-23 15:01:43,positif,biar keras niat
yusufprakasa,Instagram,ceramah apaan malah ngehina,2024-12-23 15:04:28,negatif,ceramah ngehina
mhastuti,Instagram,ceramah apaan malah ngehina,2024-12-23 15:16:02,negatif,ceramah ngehina
esusanti,Instagram,masih netral aja sih gw liatnya,2024-12-23 15:21:38,netral,netral aja sih gw liat
suryatmicakrabirawa,Instagram,gw setuju sih ama omongannya gus,2024-12-23 15:37:52,positif,gw tuju sih ama omong gus
pdongoran,Instagram,gw setuju sih ama omongannya gus,2024-12-23 15:35:37,positif,gw tuju sih ama omong gus
setyafarida,Instagram,ceramah apaan malah ngehina,2024-12-23 15:21:16,negatif,ceramah ngehina
danangsusanti,Instagram,biasa aja sih,2024-12-23 15:38:05,netral,aja sih
fitriani45,Instagram,biar agak keras tapi niatnya baik kok,2024-12-23 15:33:10,positif,biar keras niat
palastriviman,Instagram,"ceramahnya tetep dapet kok, relax aja guys",2024-12-23 15:06:18,positif,ceramah tetep dapet relax aja guys
gfirmansyah,Instagram,masih netral aja sih gw liatnya,2024-12-23 15:16:07,netral,netral aja sih gw liat
siti30,Instagram,ni gus emg ada aja kelakuannya 😂,2024-12-23 15:18:40,positif,ni gus emg aja laku
utamakenzie,Instagram,biar agak keras tapi niatnya baik kok,2024-12-23 15:18:23,positif,biar keras niat
narpatiika,Instagram,gue liat ini ya udah lah ya,2024-12-23 15:48:21,netral,gue liat ya udah ya
eka74,Instagram,bisa2 jualan es teh jd insecure 😓,2024-12-23 15:57:07,negatif,jual es teh jd insecure
tsitorus,Instagram,biar agak keras tapi niatnya baik kok,2024-12-23 15:19:24,positif,biar keras niat
bmaryati,Instagram,"bener juga sih, kadang netizen terlalu baper",2024-12-23 15:31:44,positif,bener sih kadang netizen baper
raden56,Instagram,ga sopan bgt ngomong gitu,2024-12-23 15:02:47,negatif,ga sopan bgt ngomong gitu
mhutagalung,Instagram,"ga lucu, malah nyakitin hati yg jualan",2024-12-23 15:53:53,negatif,ga lucu nyakitin hati yg jual
fmustofa,Instagram,biasa aja sih,2024-12-23 15:29:17,netral,aja sih
xanggraini,Instagram,gw setuju sih ama omongannya gus,2024-12-23 15:11:29,positif,gw tuju sih ama omong gus
suryatmimalik,Instagram,gue liat ini ya udah lah ya,2024-12-23 15:21:03,netral,gue liat ya udah ya
aurora47,Instagram,"ceramahnya tetep dapet kok, relax aja guys",2024-12-23 15:47:37,positif,ceramah tetep dapet relax aja guys
yuniarciaobella,Instagram,gus miftah harus minta maaf sih ini,2024-12-23 15:01:12,negatif,gus miftah maaf sih
putri61,Instagram,waduh ini sih udah kelewat batas,2024-12-23 15:38:21,negatif,sih udah lewat batas
wijayawarsita,Instagram,bisa2 jualan es teh jd insecure 😓,2024-12-23 15:38:44,negatif,jual es teh jd insecure
latiffirmansyah,Instagram,biasa aja sih,2024-12-23 15:18:27,netral,aja sih
ganjaran13,Instagram,masih netral aja sih gw liatnya,2024-12-23 15:26:27,netral,netral aja sih gw liat
ismailrahmawati,Instagram,gw setuju sih ama omongannya gus,2024-12-23 15:54:36,positif,gw tuju sih ama omong gus
jyulianti,Instagram,waduh ini sih udah kelewat batas,2024-12-23 15:24:57,negatif,sih udah lewat batas
wartauwais,Instagram,ga tau mau bilang apa,2024-12-23 15:28:38,netral,ga tau bilang
yuliantiirwan,Instagram,"bener juga sih, kadang netizen terlalu baper",2024-12-23 15:45:39,positif,bener sih kadang netizen baper
gsuartini,Instagram,biasa aja sih,2024-12-23 15:30:09,netral,aja sih
samsul87,Instagram,ceramah apaan malah ngehina,2024-12-23 15:47:06,negatif,ceramah ngehina
jaya40,Instagram,ga sopan bgt ngomong gitu,2024-12-23 15:59:25,negatif,ga sopan bgt ngomong gitu
shakila54,Instagram,ga tau mau bilang apa,2024-12-23 15:18:04,netral,ga tau bilang
purwantiagnes,Instagram,"bener juga sih, kadang netizen terlalu baper",2024-12-23 15:25:12,positif,bener sih kadang netizen baper
marbuneluh,Instagram,tergantung yg nonton juga sih,2024-12-23 15:36:56,netral,gantung yg nonton sih
natsirmartani,Instagram,ni gus emg ada aja kelakuannya 😂,2024-12-23 15:31:01,positif,ni gus emg aja laku
kajenfirmansyah,Instagram,ga tau mau bilang apa,2024-12-23 15:41:37,netral,ga tau bilang
napitupulujagaraga,Instagram,biasa aja sih,2024-12-23 15:14:10,netral,aja sih
candrakanta56,Instagram,ga sopan bgt ngomong gitu,2024-12-23 15:18:41,negatif,ga sopan bgt ngomong gitu
bahuraksa00,Instagram,masih netral aja sih gw liatnya,2024-12-23 15:24:46,netral,netral aja sih gw liat
elon93,Instagram,waduh ini sih udah kelewat batas,2024-12-23 15:54:49,negatif,sih udah lewat batas
mustika70,Instagram,"bener juga sih, kadang netizen terlalu baper",2024-12-23 15:59:58,positif,bener sih kadang netizen baper
zpratiwi,Instagram,bisa2 jualan es teh jd insecure 😓,2024-12-23 15:17:28,negatif,jual es teh jd insecure
tmaryadi,Instagram,hmm no comment deh,2024-12-23 15:32:10,netral,hmm no comment deh
nashiruddinmakuta,Instagram,ni gus emg ada aja kelakuannya 😂,2024-12-23 15:37:08,positif,ni gus emg aja laku
ami09,Instagram,biasa aja sih,2024-12-23 15:16:25,netral,aja sih
wmanullang,Instagram,ga tau mau bilang apa,2024-12-23 15:31:02,netral,ga tau bilang
natsirdina,Instagram,gue liat ini ya udah lah ya,2024-12-23 15:59:22,netral,gue liat ya udah ya
elma60,Instagram,ga tau mau bilang apa,2024-12-23 15:27:58,netral,ga tau bilang
permatagaluh,Instagram,"ga lucu, malah nyakitin hati yg jualan",2024-12-23 15:11:25,negatif,ga lucu nyakitin hati yg jual
balamantrimaryati,Instagram,waduh ini sih udah kelewat batas,2024-12-23 15:15:50,negatif,sih udah lewat batas
nurdiyantiivan,Instagram,jujurly lucu banget sih ini 😭,2024-12-23 15:52:03,positif,jujurly lucu banget sih
widodocaket,Instagram,waduh ini sih udah kelewat batas,2024-12-23 15:40:06,negatif,sih udah lewat batas
iyulianti,Instagram,waduh ini sih udah kelewat batas,2024-12-23 15:34:43,negatif,sih udah lewat batas
usimanjuntak,Instagram,ga tau mau bilang apa,2024-12-23 15:06:41,netral,ga tau bilang
artantomegantara,Instagram,gue liat ini ya udah lah ya,2024-12-23 15:31:08,netral,gue liat ya udah ya
firmansyahelon,Instagram,ni gus emg ada aja kelakuannya 😂,2024-12-23 15:06:20,positif,ni gus emg aja laku
nasyiahokta,Instagram,gus miftah harus minta maaf sih ini,2024-12-23 15:03:11,negatif,gus miftah maaf sih
lazuardijaya,Instagram,gus miftah harus minta maaf sih ini,2024-12-23 15:00:33,negatif,gus miftah maaf sih
mansurbudi,Instagram,biasa aja sih,2024-12-23 15:36:30,netral,aja sih
firmansyahbambang,Instagram,"ceramahnya tetep dapet kok, relax aja guys",2024-12-23 15:41:06,positif,ceramah tetep dapet relax aja guys
wulandariuda,Instagram,ni gus emg ada aja kelakuannya 😂,2024-12-23 15:45:49,positif,ni gus emg aja laku
cahyogunarto,Instagram,gus miftah harus minta maaf sih ini,2024-12-23 15:25:31,negatif,gus miftah maaf sih
najmudinnugraha,Instagram,biar agak keras tapi niatnya baik kok,2024-12-23 15:58:25,positif,biar keras niat
banarafirgantoro,Instagram,gue liat ini ya udah lah ya,2024-12-23 15:46:38,netral,gue liat ya udah ya
vera65,Instagram,"ga lucu, malah nyakitin hati yg jualan",2024-12-23 15:29:32,negatif,ga lucu nyakitin hati yg jual
nababanbaktiono,Instagram,gw setuju sih ama omongannya gus,2024-12-23 15:11:14,positif,gw tuju sih ama omong gus
ismail53,Instagram,ga sopan bgt ngomong gitu,2024-12-23 15:32:00,negatif,ga sopan bgt ngomong gitu
lailasaridaniswara,Instagram,hmm no comment deh,2024-12-23 15:03:36,netral,hmm no comment deh
osimanjuntak,Instagram,tergantung yg nonton juga sih,2024-12-23 15:56:47,netral,gantung yg nonton sih
purwantibakiono,Instagram,ga sopan bgt ngomong gitu,2024-12-23 15:10:34,negatif,ga sopan bgt ngomong gitu
embuhsihombing,Instagram,ga sopan bgt ngomong gitu,2024-12-23 15:22:48,negatif,ga sopan bgt ngomong gitu
harsanasitompul,Instagram,jujurly lucu banget sih ini 😭,2024-12-23 15:28:37,positif,jujurly lucu banget sih
anggrainiana,Instagram,ni gus emg ada aja kelakuannya 😂,2024-12-23 15:03:51,positif,ni gus emg aja laku
slametmaryati,Instagram,ceramah apaan malah ngehina,2024-12-23 15:42:39,negatif,ceramah ngehina
hakimmila,Instagram,jujurly lucu banget sih ini 😭,2024-12-23 15:43:01,positif,jujurly lucu banget sih
jutami,Instagram,jujurly lucu banget sih ini 😭,2024-12-23 15:24:08,positif,jujurly lucu banget sih
nalar56,Instagram,jujurly lucu banget sih ini 😭,2024-12-23 15:03:47,positif,jujurly lucu banget sih
kawaya35,Instagram,ga sopan bgt ngomong gitu,2024-12-23 15:12:06,negatif,ga sopan bgt ngomong gitu
kacungkusmawati,Instagram,"ceramahnya tetep dapet kok, relax aja guys",2024-12-23 15:28:06,positif,ceramah tetep dapet relax aja guys
ulyapalastri,Instagram,gue liat ini ya udah lah ya,2024-12-23 15:20:44,netral,gue liat ya udah ya
zulaikalabuh,Instagram,ga sopan bgt ngomong gitu,2024-12-23 15:52:36,negatif,ga sopan bgt ngomong gitu
rachel47,Instagram,hmm no comment deh,2024-12-23 15:47:18,netral,hmm no comment deh
dsimanjuntak,Instagram,gue liat ini ya udah lah ya,2024-12-23 15:36:36,netral,gue liat ya udah ya
panjilaksita,Instagram,hmm no comment deh,2024-12-23 15:05:19,netral,hmm no comment deh
anastasia87,Instagram,ga sopan bgt ngomong gitu,2024-12-23 15:53:19,negatif,ga sopan bgt ngomong gitu
tambarafi,Instagram,"bener juga sih, kadang netizen terlalu baper",2024-12-23 15:43:19,positif,bener sih kadang netizen baper
kamariamardhiyah,Instagram,ga sopan bgt ngomong gitu,2024-12-23 15:29:47,negatif,ga sopan bgt ngomong gitu
pratiwiikhsan,Instagram,biar agak keras tapi niatnya baik kok,2024-12-23 15:38:33,positif,biar keras niat
padmasaricemeti,Instagram,gw setuju sih ama omongannya gus,2024-12-23 15:06:51,positif,gw tuju sih ama omong gus
bmahendra,Instagram,hmm no comment deh,2024-12-23 15:32:13,netral,hmm no comment deh
muhammad99,Instagram,masih netral aja sih gw liatnya,2024-12-23 15:17:59,netral,netral aja sih gw liat
balapatiyolanda,Instagram,"ceramahnya tetep dapet kok, relax aja guys",2024-12-23 15:08:59,positif,ceramah tetep dapet relax aja guys
hlestari,Instagram,waduh ini sih udah kelewat batas,2024-12-23 15:51:19,negatif,sih udah lewat batas
zuyainah,Instagram,hmm no comment deh,2024-12-23 15:08:17,netral,hmm no comment deh
andrianipranata,Instagram,"ga lucu, malah nyakitin hati yg jualan",2024-12-23 15:19:33,negatif,ga lucu nyakitin hati yg jual
ewahyuni,Instagram,bisa2 jualan es teh jd insecure 😓,2024-12-23 15:10:05,negatif,jual es teh jd insecure
wacanagalar,Instagram,"ga lucu, malah nyakitin hati yg jualan",2024-12-23 15:23:22,negatif,ga lucu nyakitin hati yg jual
anastasia73,Instagram,tergantung yg nonton juga sih,2024-12-23 15:30:01,netral,gantung yg nonton sih
cakrawangsanasyidah,Instagram,jujurly lucu banget sih ini 😭,2024-12-23 15:42:05,positif,jujurly lucu banget sih
emas19,Instagram,ceramah apaan malah ngehina,2024-12-23 15:58:14,negatif,ceramah ngehina
luwardamanik,Instagram,gue liat ini ya udah lah ya,2024-12-23 15:45:47,netral,gue liat ya udah ya
yoga35,Instagram,gue liat ini ya udah lah ya,2024-12-23 15:15:29,netral,gue liat ya udah ya
paimanrajasa,Instagram,waduh ini sih udah kelewat batas,2024-12-23 15:53:34,negatif,sih udah lewat batas
okta41,Instagram,biar agak keras tapi niatnya baik kok,2024-12-23 15:41:00,positif,biar keras niat
kasiyahpangestu,Instagram,"ga lucu, malah nyakitin hati yg jualan",2024-12-23 15:21:02,negatif,ga lucu nyakitin hati yg jual
tasnimnasyidah,Instagram,ni gus emg ada aja kelakuannya 😂,2024-12-23 15:49:25,positif,ni gus emg aja laku
asirwandasusanti,Instagram,biasa aja sih,2024-12-23 15:05:09,netral,aja sih
elisa58,Instagram,gus miftah harus minta maaf sih ini,2024-12-23 15:11:47,negatif,gus miftah maaf sih
maras05,Instagram,gw setuju sih ama omongannya gus,2024-12-23 15:53:33,positif,gw tuju sih ama omong gus
hastutiulva,Instagram,ga tau mau bilang apa,2024-12-23 15:46:46,netral,ga tau bilang
wakimanwasita,Instagram,tergantung yg nonton juga sih,2024-12-23 15:51:07,netral,gantung yg nonton sih
dalionouwais,Instagram,waduh ini sih udah kelewat batas,2024-12-23 15:17:04,negatif,sih udah lewat batas
kambali10,Instagram,gw setuju sih ama omongannya gus,2024-12-23 15:25:57,positif,gw tuju sih ama omong gus
ratih33,Instagram,jujurly lucu banget sih ini 😭,2024-12-23 15:37:07,positif,jujurly lucu banget sih
sihombingviolet,Instagram,masih netral aja sih gw liatnya,2024-12-23 15:22:02,netral,netral aja sih gw liat
mayasaribakti,Instagram,ga tau mau bilang apa,2024-12-23 15:08:44,netral,ga tau bilang
lailasarizelaya,Instagram,biar agak keras tapi niatnya baik kok,2024-12-23 15:27:01,positif,biar keras niat
almirafujiati,Instagram,waduh ini sih udah kelewat batas,2024-12-23 15:40:48,negatif,sih udah lewat batas
luluhsetiawan,Instagram,ni gus emg ada aja kelakuannya 😂,2024-12-23 15:37:24,positif,ni gus emg aja laku
dabukkeeman,Instagram,"ceramahnya tetep dapet kok, relax aja guys",2024-12-23 15:05:30,positif,ceramah tetep dapet relax aja guys
cahyo70,Instagram,gue liat ini ya udah lah ya,2024-12-23 15:07:50,netral,gue liat ya udah ya
dimas92,Instagram,ga tau mau bilang apa,2024-12-23 15:10:44,netral,ga tau bilang
xardianto,Instagram,jujurly lucu banget sih ini 😭,2024-12-23 15:46:53,positif,jujurly lucu banget sih
ymegantara,Instagram,ceramah apaan malah ngehina,2024-12-23 15:24:47,negatif,ceramah ngehina
restu80,Instagram,waduh ini sih udah kelewat batas,2024-12-23 15:29:08,negatif,sih udah lewat batas
azalea22,Instagram,gus miftah harus minta maaf sih ini,2024-12-23 15:45:11,negatif,gus miftah maaf sih
haryantositi,Instagram,ni gus emg ada aja kelakuannya 😂,2024-12-23 15:59:47,positif,ni gus emg aja laku
balamantri36,Instagram,hmm no comment deh,2024-12-23 15:19:28,netral,hmm no comment deh
wwibowo,Instagram,ga sopan bgt ngomong gitu,2024-12-23 15:28:25,negatif,ga sopan bgt ngomong gitu
mlaksmiwati,Instagram,gw setuju sih ama omongannya gus,2024-12-23 15:02:14,positif,gw tuju sih ama omong gus
qwahyudin,Instagram,ga tau mau bilang apa,2024-12-23 15:11:07,netral,ga tau bilang
nugrohoemil,Instagram,ga sopan bgt ngomong gitu,2024-12-23 15:01:09,negatif,ga sopan bgt ngomong gitu
jayadi84,Instagram,biasa aja sih,2024-12-23 15:58:41,netral,aja sih
kwidiastuti,Instagram,ni gus emg ada aja kelakuannya 😂,2024-12-23 15:05:42,positif,ni gus emg aja laku
hassanahpuput,Instagram,"ga lucu, malah nyakitin hati yg jualan",2024-12-23 15:33:12,negatif,ga lucu nyakitin hati yg jual
simon81,Instagram,hmm no comment deh,2024-12-23 15:52:44,netral,hmm no comment deh
winarsihdarsirah,Instagram,gw setuju sih ama omongannya gus,2024-12-23 15:21:26,positif,gw tuju sih ama omong gus
lukman75,Instagram,ceramah apaan malah ngehina,2024-12-23 15:52:23,negatif,ceramah ngehina
cmarpaung,Instagram,"bener juga sih, kadang netizen terlalu baper",2024-12-23 15:53:36,positif,bener sih kadang netizen baper
warsa73,Instagram,tergantung yg nonton juga sih,2024-12-23 15:10:02,netral,gantung yg nonton sih
jindra99,Instagram,"bener juga sih, kadang netizen terlalu baper",2024-12-23 15:41:52,positif,bener sih kadang netizen baper
suryonoteguh,Instagram,masih netral aja sih gw liatnya,2024-12-23 15:22:00,netral,netral aja sih gw liat
kasiyah75,Instagram,hmm no comment deh,2024-12-23 15:04:22,netral,hmm no comment deh
titinsuryatmi,Instagram,masih netral aja sih gw liatnya,2024-12-23 15:10:27,netral,netral aja sih gw liat
alambana23,Instagram,ni gus emg ada aja kelakuannya 😂,2024-12-23 15:16:50,positif,ni gus emg aja laku
rwinarsih,Instagram,bisa2 jualan es teh jd insecure 😓,2024-12-23 15:41:00,negatif,jual es teh jd insecure
nurdiyanticengkal,Instagram,tergantung yg nonton juga sih,2024-12-23 15:34:52,netral,gantung yg nonton sih
taufik98,Instagram,gw setuju sih ama omongannya gus,2024-12-23 15:38:51,positif,gw tuju sih ama omong gus
atmaja06,Instagram,ceramah apaan malah ngehina,2024-12-23 15:36:40,negatif,ceramah ngehina
hwidodo,Instagram,bisa2 jualan es teh jd insecure 😓,2024-12-23 15:17:24,negatif,jual es teh jd insecure
haryanticagak,Instagram,gus miftah harus minta maaf sih ini,2024-12-23 15:27:08,negatif,gus miftah maaf sih
wibisonolabuh,Instagram,hmm no comment deh,2024-12-23 15:38:13,netral,hmm no comment deh
widya10,Instagram,biasa aja sih,2024-12-23 15:19:18,netral,aja sih
cindy49,Instagram,gus miftah harus minta maaf sih ini,2024-12-23 15:46:04,negatif,gus miftah maaf sih
dian00,Instagram,ga tau mau bilang apa,2024-12-23 15:38:37,netral,ga tau bilang
sihotangdalimin,Instagram,masih netral aja sih gw liatnya,2024-12-23 15:22:51,netral,netral aja sih gw liat
kurnia85,Instagram,gw setuju sih ama omongannya gus,2024-12-23 15:58:50,positif,gw tuju sih ama omong gus
xmandala,Instagram,ga sopan bgt ngomong gitu,2024-12-23 15:26:52,negatif,ga sopan bgt ngomong gitu
tampubolonjarwi,Instagram,"bener juga sih, kadang netizen terlalu baper",2024-12-23 15:59:43,positif,bener sih kadang netizen baper
kawayaandriani,Instagram,"bener juga sih, kadang netizen terlalu baper",2024-12-23 15:15:08,positif,bener sih kadang netizen baper
violetfirgantoro,Instagram,ni gus emg ada aja kelakuannya 😂,2024-12-23 15:22:19,positif,ni gus emg aja laku
manullangtari,Instagram,"bener juga sih, kadang netizen terlalu baper",2024-12-23 15:21:53,positif,bener sih kadang netizen baper
milasimbolon,Instagram,biar agak keras tapi niatnya baik kok,2024-12-23 15:46:35,positif,biar keras niat
brahimah,Instagram,waduh ini sih udah kelewat batas,2024-12-23 15:50:36,negatif,sih udah lewat batas
bahuwarnakuswandari,Instagram,biasa aja sih,2024-12-23 15:31:05,netral,aja sih
sandriani,Instagram,biar agak keras tapi niatnya baik kok,2024-12-23 15:41:06,positif,biar keras niat
saefullahheru,Instagram,"ceramahnya tetep dapet kok, relax aja guys",2024-12-23 15:20:40,positif,ceramah tetep dapet relax aja guys
ilsadabukke,Instagram,"bener juga sih, kadang netizen terlalu baper",2024-12-23 15:02:56,positif,bener sih kadang netizen baper
hadilailasari,Instagram,masih netral aja sih gw liatnya,2024-12-23 15:05:31,netral,netral aja sih gw liat
jaeman60,Instagram,"bener juga sih, kadang netizen terlalu baper",2024-12-23 15:45:17,positif,bener sih kadang netizen baper
rahayupurwanti,Instagram,gus miftah harus minta maaf sih ini,2024-12-23 15:06:12,negatif,gus miftah maaf sih
kmaryati,Instagram,bisa2 jualan es teh jd insecure 😓,2024-12-23 15:12:13,negatif,jual es teh jd insecure
radit72,Instagram,"ga lucu, malah nyakitin hati yg jualan",2024-12-23 15:08:28,negatif,ga lucu nyakitin hati yg jual
tampubolonedi,Instagram,ga sopan bgt ngomong gitu,2024-12-23 15:22:26,negatif,ga sopan bgt ngomong gitu
sihotanggambira,Instagram,ga sopan bgt ngomong gitu,2024-12-23 15:42:20,negatif,ga sopan bgt ngomong gitu
asman61,Instagram,gw setuju sih ama omongannya gus,2024-12-23 15:52:33,positif,gw tuju sih ama omong gus
usmanhutagalung,Instagram,hmm no comment deh,2024-12-23 15:25:29,netral,hmm no comment deh
riyantikalim,Instagram,jujurly lucu banget sih ini 😭,2024-12-23 15:16:40,positif,jujurly lucu banget sih
prayitnaagustina,Instagram,tergantung yg nonton juga sih,2024-12-23 15:47:14,netral,gantung yg nonton sih
winda10,Instagram,masih netral aja sih gw liatnya,2024-12-23 15:52:43,netral,netral aja sih gw liat
haryantidarsirah,Instagram,tergantung yg nonton juga sih,2024-12-23 15:08:47,netral,gantung yg nonton sih
oktavianimakuta,Instagram,"ga lucu, malah nyakitin hati yg jualan",2024-12-23 15:27:32,negatif,ga lucu nyakitin hati yg jual
mutiatamba,Instagram,gw setuju sih ama omongannya gus,2024-12-23 15:44:48,positif,gw tuju sih ama omong gus
upikwijayanti,Instagram,jujurly lucu banget sih ini 😭,2024-12-23 15:41:49,positif,jujurly lucu banget sih
virman78,Instagram,"ga lucu, malah nyakitin hati yg jualan",2024-12-23 15:32:00,negatif,ga lucu nyakitin hati yg jual
nugrahapangestu,Instagram,"ga lucu, malah nyakitin hati yg jualan",2024-12-23 15:26:52,negatif,ga lucu nyakitin hati yg jual
sabarramadan,Instagram,bisa2 jualan es teh jd insecure 😓,2024-12-23 15:12:09,negatif,jual es teh jd insecure
damumaheswara,Instagram,hmm no comment deh,2024-12-23 15:05:30,netral,hmm no comment deh
hsinaga,Instagram,hmm no comment deh,2024-12-23 15:16:54,netral,hmm no comment deh
jamillestari,Instagram,"bener juga sih, kadang netizen terlalu baper",2024-12-23 15:12:57,positif,bener sih kadang netizen baper
dpadmasari,Instagram,gue liat ini ya udah lah ya,2024-12-23 15:38:41,netral,gue liat ya udah ya
ellajailani,Instagram,hmm no comment deh,2024-12-23 15:10:19,netral,hmm no comment deh
gasti31,Instagram,gus miftah harus minta maaf sih ini,2024-12-23 15:16:35,negatif,gus miftah maaf sih
anggabaya24,Instagram,ga tau mau bilang apa,2024-12-23 15:14:21,netral,ga tau bilang
rajasaqueen,Instagram,bisa2 jualan es teh jd insecure 😓,2024-12-23 15:15:57,negatif,jual es teh jd insecure
hutasoitjayeng,Instagram,jujurly lucu banget sih ini 😭,2024-12-23 15:24:26,positif,jujurly lucu banget sih
malikmelani,Instagram,gus miftah harus minta maaf sih ini,2024-12-23 15:47:40,negatif,gus miftah maaf sih
wlazuardi,Instagram,"ceramahnya tetep dapet kok, relax aja guys",2024-12-23 15:57:28,positif,ceramah tetep dapet relax aja guys
prabawaardianto,Instagram,ga tau mau bilang apa,2024-12-23 15:44:26,netral,ga tau bilang
kiandra35,Instagram,jujurly lucu banget sih ini 😭,2024-12-23 15:21:47,positif,jujurly lucu banget sih
rosman57,Instagram,tergantung yg nonton juga sih,2024-12-23 15:58:09,netral,gantung yg nonton sih
restu09,Instagram,ni gus emg ada aja kelakuannya 😂,2024-12-23 15:42:09,positif,ni gus emg aja laku
kemba76,Instagram,ceramah apaan malah ngehina,2024-12-23 15:34:49,negatif,ceramah ngehina
jessica19,Instagram,ga tau mau bilang apa,2024-12-23 15:20:54,netral,ga tau bilang
usmanfirgantoro,Instagram,biar agak keras tapi niatnya baik kok,2024-12-23 15:50:31,positif,biar keras niat
jaimanhastuti,Instagram,"ga lucu, malah nyakitin hati yg jualan",2024-12-23 15:01:39,negatif,ga lucu nyakitin hati yg jual
bnainggolan,Instagram,masih netral aja sih gw liatnya,2024-12-23 15:36:24,netral,netral aja sih gw liat
santosodigdaya,Instagram,jujurly lucu banget sih ini 😭,2024-12-23 15:37:45,positif,jujurly lucu banget sih
pudjiastutialambana,Instagram,biar agak keras tapi niatnya baik kok,2024-12-23 15:22:53,positif,biar keras niat
nilam81,Instagram,"ga lucu, malah nyakitin hati yg jualan",2024-12-23 15:31:44,negatif,ga lucu nyakitin hati yg jual
hassanahkaren,Instagram,biar agak keras tapi niatnya baik kok,2024-12-23 15:35:30,positif,biar keras niat
osiregar,Instagram,hmm no comment deh,2024-12-23 15:09:19,netral,hmm no comment deh
handayaniindra,Instagram,gue liat ini ya udah lah ya,2024-12-23 15:11:33,netral,gue liat ya udah ya
viktorhasanah,Instagram,tergantung yg nonton juga sih,2024-12-23 15:01:37,netral,gantung yg nonton sih
cawisonokuswoyo,Instagram,gue liat ini ya udah lah ya,2024-12-23 15:16:13,netral,gue liat ya udah ya
vinsenrajata,Instagram,"ga lucu, malah nyakitin hati yg jualan",2024-12-23 15:25:10,negatif,ga lucu nyakitin hati yg jual
latika28,Instagram,ga sopan bgt ngomong gitu,2024-12-23 15:25:15,negatif,ga sopan bgt ngomong gitu
zulfa58,Instagram,bisa2 jualan es teh jd insecure 😓,2024-12-23 15:59:58,negatif,jual es teh jd insecure
salahudincager,Instagram,jujurly lucu banget sih ini 😭,2024-12-23 15:15:30,positif,jujurly lucu banget sih
purwantopuspita,Instagram,gw setuju sih ama omongannya gus,2024-12-23 15:57:57,positif,gw tuju sih ama omong gus
lpermata,Instagram,hmm no comment deh,2024-12-23 15:17:52,netral,hmm no comment deh
inatsir,Instagram,gus miftah harus minta maaf sih ini,2024-12-23 15:19:48,negatif,gus miftah maaf sih
chalim,Instagram,gus miftah harus minta maaf sih ini,2024-12-23 15:48:42,negatif,gus miftah maaf sih
hhassanah,Instagram,hmm no comment deh,2024-12-23 15:14:11,netral,hmm no comment deh
harimurtimelani,Instagram,ga sopan bgt ngomong gitu,2024-12-23 15:36:28,negatif,ga sopan bgt ngomong gitu
raditya79,Instagram,gue liat ini ya udah lah ya,2024-12-23 15:28:48,netral,gue liat ya udah ya
rwijaya,Instagram,"bener juga sih, kadang netizen terlalu baper",2024-12-23 15:59:59,positif,bener sih kadang netizen baper
kartikahakim,Instagram,masih netral aja sih gw liatnya,2024-12-23 15:45:18,netral,netral aja sih gw liat
hutapeaian,Instagram,jujurly lucu banget sih ini 😭,2024-12-23 15:19:08,positif,jujurly lucu banget sih
xusamah,Instagram,ga sopan bgt ngomong gitu,2024-12-23 15:55:07,negatif,ga sopan bgt ngomong gitu
zulkarnaindiah,Instagram,tergantung yg nonton juga sih,2024-12-23 15:32:34,netral,gantung yg nonton sih
elisa59,Instagram,jujurly lucu banget sih ini 😭,2024-12-23 15:59:40,positif,jujurly lucu banget sih
ramadanjabal,Instagram,biasa aja sih,2024-12-23 15:56:59,netral,aja sih
oskarmarpaung,Instagram,biasa aja sih,2024-12-23 15:24:13,netral,aja sih
dimazmansur,Instagram,"ga lucu, malah nyakitin hati yg jualan",2024-12-23 15:41:19,negatif,ga lucu nyakitin hati yg jual
santosokarya,Instagram,biar agak keras tapi niatnya baik kok,2024-12-23 15:52:19,positif,biar keras niat
mamanrajasa,Instagram,masih netral aja sih gw liatnya,2024-12-23 15:46:44,netral,netral aja sih gw liat
gunawanbahuraksa,Instagram,waduh ini sih udah kelewat batas,2024-12-23 15:59:37,negatif,sih udah lewat batas
anggrainimanah,Instagram,biasa aja sih,2024-12-23 15:18:26,netral,aja sih
laswibudiman,Instagram,biasa aja sih,2024-12-23 15:08:26,netral,aja sih
kairavutami,Instagram,biasa aja sih,2024-12-23 15:56:09,netral,aja sih
fujiatikariman,Instagram,gue liat ini ya udah lah ya,2024-12-23 15:44:14,netral,gue liat ya udah ya
larastamba,Instagram,hmm no comment deh,2024-12-23 15:19:40,netral,hmm no comment deh
manahmegantara,Instagram,gue liat ini ya udah lah ya,2024-12-23 15:28:30,netral,gue liat ya udah ya
palastriasmadi,Instagram,jujurly lucu banget sih ini 😭,2024-12-23 15:40:00,positif,jujurly lucu banget sih
balijan24,Instagram,ga sopan bgt ngomong gitu,2024-12-23 15:33:34,negatif,ga sopan bgt ngomong gitu
widiastutidaliman,Instagram,bisa2 jualan es teh jd insecure 😓,2024-12-23 15:37:59,negatif,jual es teh jd insecure
napitupulupaiman,Instagram,biasa aja sih,2024-12-23 15:19:07,netral,aja sih
kgunawan,Instagram,tergantung yg nonton juga sih,2024-12-23 15:51:09,netral,gantung yg nonton sih
dono48,Instagram,biasa aja sih,2024-12-23 15:49:12,netral,aja sih
shania07,Instagram,bisa2 jualan es teh jd insecure 😓,2024-12-23 15:33:48,negatif,jual es teh jd insecure
usadacemplunk,Instagram,gue liat ini ya udah lah ya,2024-12-23 15:16:55,netral,gue liat ya udah ya
hutagalungjohan,Instagram,"bener juga sih, kadang netizen terlalu baper",2024-12-23 15:01:31,positif,bener sih kadang netizen baper
zulkarnainade,Instagram,tergantung yg nonton juga sih,2024-12-23 15:11:47,netral,gantung yg nonton sih
gprakasa,Instagram,biasa aja sih,2024-12-23 15:31:28,netral,aja sih
jefri53,Instagram,biasa aja sih,2024-12-23 15:42:56,netral,aja sih
lestarigaduh,Instagram,gue liat ini ya udah lah ya,2024-12-23 15:20:52,netral,gue liat ya udah ya
wastutibakianto,Instagram,ga tau mau bilang apa,2024-12-23 15:39:13,netral,ga tau bilang
adika82,Instagram,hmm no comment deh,2024-12-23 15:28:01,netral,hmm no comment deh
indahpudjiastuti,Instagram,ga sopan bgt ngomong gitu,2024-12-23 15:33:13,negatif,ga sopan bgt ngomong gitu
amayasari,Instagram,biasa aja sih,2024-12-23 15:08:19,netral,aja sih
timbulsaragih,Instagram,gw setuju sih ama omongannya gus,2024-12-23 15:14:45,positif,gw tuju sih ama omong gus
pandu96,Instagram,ga tau mau bilang apa,2024-12-23 15:39:03,netral,ga tau bilang
msihombing,Instagram,ni gus emg ada aja kelakuannya 😂,2024-12-23 15:27:15,positif,ni gus emg aja laku
kfarida,Instagram,masih netral aja sih gw liatnya,2024-12-23 15:13:07,netral,netral aja sih gw liat
ramadanopan,Instagram,tergantung yg nonton juga sih,2024-12-23 15:27:15,netral,gantung yg nonton sih
candrasitompul,Instagram,bisa2 jualan es teh jd insecure 😓,2024-12-23 15:32:52,negatif,jual es teh jd insecure
owijaya,Instagram,biasa aja sih,2024-12-23 15:25:00,netral,aja sih
saefullahyosef,Instagram,ga tau mau bilang apa,2024-12-23 15:20:09,netral,ga tau bilang
nlailasari,Instagram,waduh ini sih udah kelewat batas,2024-12-23 15:24:49,negatif,sih udah lewat batas
uadriansyah,Instagram,"bener juga sih, kadang netizen terlalu baper",2024-12-23 15:22:30,positif,bener sih kadang netizen baper
narpatimitra,Instagram,biar agak keras tapi niatnya baik kok,2024-12-23 15:08:41,positif,biar keras niat
lanjarsitumorang,Instagram,ni gus emg ada aja kelakuannya 😂,2024-12-23 15:04:31,positif,ni gus emg aja laku
onisalahudin,Instagram,"ceramahnya tetep dapet kok, relax aja guys",2024-12-23 15:49:13,positif,ceramah tetep dapet relax aja guys
ajionodongoran,Instagram,"ceramahnya tetep dapet kok, relax aja guys",2024-12-23 15:18:40,positif,ceramah tetep dapet relax aja guys
dianakuswandari,Instagram,biasa aja sih,2024-12-23 15:58:18,netral,aja sih
wadi62,Instagram,"bener juga sih, kadang netizen terlalu baper",2024-12-23 15:38:34,positif,bener sih kadang netizen baper
pratamabudi,Instagram,"ceramahnya tetep dapet kok, relax aja guys",2024-12-23 15:58:27,positif,ceramah tetep dapet relax aja guys
faizah95,Instagram,biasa aja sih,2024-12-23 15:50:12,netral,aja sih
suryatmifarah,Instagram,biar agak keras tapi niatnya baik kok,2024-12-23 15:19:24,positif,biar keras niat
yunisantoso,Instagram,"bener juga sih, kadang netizen terlalu baper",2024-12-23 15:44:01,positif,bener sih kadang netizen baper
zwibisono,Instagram,"ga lucu, malah nyakitin hati yg jualan",2024-12-23 15:27:36,negatif,ga lucu nyakitin hati yg jual
gunawanilyas,Instagram,"bener juga sih, kadang netizen terlalu baper",2024-12-23 15:24:59,positif,bener sih kadang netizen baper
phassanah,Instagram,ni gus emg ada aja kelakuannya 😂,2024-12-23 15:38:36,positif,ni gus emg aja laku
karen27,Instagram,biar agak keras tapi niatnya baik kok,2024-12-23 15:11:13,positif,biar keras niat
pudjiastutianom,Instagram,gue liat ini ya udah lah ya,2024-12-23 15:44:05,netral,gue liat ya udah ya
bagus22,Instagram,tergantung yg nonton juga sih,2024-12-23 15:24:21,netral,gantung yg nonton sih
lsalahudin,Instagram,tergantung yg nonton juga sih,2024-12-23 15:07:37,netral,gantung yg nonton sih
darmanwulandari,Instagram,gus miftah harus minta maaf sih ini,2024-12-23 15:03:14,negatif,gus miftah maaf sih
gandaprasetya,Instagram,hmm no comment deh,2024-12-23 15:11:28,netral,hmm no comment deh
qmustofa,Instagram,ceramah apaan malah ngehina,2024-12-23 15:09:15,negatif,ceramah ngehina
spalastri,Instagram,jujurly lucu banget sih ini 😭,2024-12-23 15:24:21,positif,jujurly lucu banget sih
johansamosir,Instagram,biar agak keras tapi niatnya baik kok,2024-12-23 15:53:04,positif,biar keras niat
lulut72,Instagram,gue liat ini ya udah lah ya,2024-12-23 15:57:06,netral,gue liat ya udah ya
luwarnababan,Instagram,biar agak keras tapi niatnya baik kok,2024-12-23 15:35:18,positif,biar keras niat
harisihotang,Instagram,"ga lucu, malah nyakitin hati yg jualan",2024-12-23 15:29:20,negatif,ga lucu nyakitin hati yg jual
alambana09,Instagram,biasa aja sih,2024-12-23 15:21:42,netral,aja sih
cemeti57,Instagram,gw setuju sih ama omongannya gus,2024-12-23 15:30:40,positif,gw tuju sih ama omong gus
aniprabowo,Instagram,gus miftah harus minta maaf sih ini,2024-12-23 15:56:52,negatif,gus miftah maaf sih
ohutagalung,Instagram,"ceramahnya tetep dapet kok, relax aja guys",2024-12-23 15:58:26,positif,ceramah tetep dapet relax aja guys
darsirah01,Instagram,"ceramahnya tetep dapet kok, relax aja guys",2024-12-23 15:15:18,positif,ceramah tetep dapet relax aja guys
suryatmigadang,Instagram,ga tau mau bilang apa,2024-12-23 15:49:33,netral,ga tau bilang
anarpati,Instagram,"ceramahnya tetep dapet kok, relax aja guys",2024-12-23 15:42:10,positif,ceramah tetep dapet relax aja guys
lpudjiastuti,Instagram,ga sopan bgt ngomong gitu,2024-12-23 15:59:52,negatif,ga sopan bgt ngomong gitu
wnatsir,Instagram,waduh ini sih udah kelewat batas,2024-12-23 15:48:30,negatif,sih udah lewat batas
zuwais,Instagram,waduh ini sih udah kelewat batas,2024-12-23 15:49:28,negatif,sih udah lewat batas
zulfa68,Instagram,gus miftah harus minta maaf sih ini,2024-12-23 15:34:39,negatif,gus miftah maaf sih
bahuraksa97,Instagram,jujurly lucu banget sih ini 😭,2024-12-23 15:52:48,positif,jujurly lucu banget sih
nyulianti,Instagram,"ceramahnya tetep dapet kok, relax aja guys",2024-12-23 15:12:13,positif,ceramah tetep dapet relax aja guys
girawan,Instagram,bisa2 jualan es teh jd insecure 😓,2024-12-23 15:16:35,negatif,jual es teh jd insecure
harjayanashiruddin,Instagram,ga tau mau bilang apa,2024-12-23 15:57:54,netral,ga tau bilang
harsantoyuniar,Instagram,ceramah apaan malah ngehina,2024-12-23 15:09:34,negatif,ceramah ngehina
jrahayu,Instagram,tergantung yg nonton juga sih,2024-12-23 15:12:54,netral,gantung yg nonton sih
tmandala,Instagram,masih netral aja sih gw liatnya,2024-12-23 15:26:07,netral,netral aja sih gw liat
vmandala,Instagram,gus miftah harus minta maaf sih ini,2024-12-23 15:21:28,negatif,gus miftah maaf sih
luwarhutasoit,Instagram,gus miftah harus minta maaf sih ini,2024-12-23 15:54:24,negatif,gus miftah maaf sih
saptonoira,Instagram,ceramah apaan malah ngehina,2024-12-23 15:58:47,negatif,ceramah ngehina
prabawa52,Instagram,ceramah apaan malah ngehina,2024-12-23 15:19:26,negatif,ceramah ngehina
lanjarpertiwi,Instagram,ceramah apaan malah ngehina,2024-12-23 15:29:38,negatif,ceramah ngehina
suwarnoparis,Instagram,tergantung yg nonton juga sih,2024-12-23 15:53:46,netral,gantung yg nonton sih
aprakasa,Instagram,"ga lucu, malah nyakitin hati yg jualan",2024-12-23 15:53:04,negatif,ga lucu nyakitin hati yg jual
wakiman30,Instagram,tergantung yg nonton juga sih,2024-12-23 15:32:02,netral,gantung yg nonton sih
cahyo30,Instagram,tergantung yg nonton juga sih,2024-12-23 15:38:49,netral,gantung yg nonton sih
wisnu37,Instagram,waduh ini sih udah kelewat batas,2024-12-23 15:33:39,negatif,sih udah lewat batas
satya41,Instagram,ga tau mau bilang apa,2024-12-23 15:57:05,netral,ga tau bilang
lasmonopratama,Instagram,gw setuju sih ama omongannya gus,2024-12-23 15:42:12,positif,gw tuju sih ama omong gus
marsito41,Instagram,ceramah apaan malah ngehina,2024-12-23 15:37:34,negatif,ceramah ngehina
labuhsuwarno,Instagram,gue liat ini ya udah lah ya,2024-12-23 15:46:04,netral,gue liat ya udah ya
parman28,Instagram,waduh ini sih udah kelewat batas,2024-12-23 15:42:06,negatif,sih udah lewat batas
jsihombing,Instagram,waduh ini sih udah kelewat batas,2024-12-23 15:50:13,negatif,sih udah lewat batas
bpertiwi,Instagram,jujurly lucu banget sih ini 😭,2024-12-23 15:56:46,positif,jujurly lucu banget sih
ivanastuti,Instagram,biasa aja sih,2024-12-23 15:40:41,netral,aja sih
zulaikacemeti,Instagram,gue liat ini ya udah lah ya,2024-12-23 15:45:18,netral,gue liat ya udah ya
muhammad93,Instagram,ni gus emg ada aja kelakuannya 😂,2024-12-23 15:50:51,positif,ni gus emg aja laku
mulyanihadi,Instagram,"ceramahnya tetep dapet kok, relax aja guys",2024-12-23 15:37:26,positif,ceramah tetep dapet relax aja guys
hafshah35,Instagram,ceramah apaan malah ngehina,2024-12-23 15:29:37,negatif,ceramah ngehina
setyasamosir,Instagram,biar agak keras tapi niatnya baik kok,2024-12-23 15:40:28,positif,biar keras niat
keishahastuti,Instagram,"ga lucu, malah nyakitin hati yg jualan",2024-12-23 15:28:24,negatif,ga lucu nyakitin hati yg jual
suartiniatma,Instagram,"ga lucu, malah nyakitin hati yg jualan",2024-12-23 15:42:05,negatif,ga lucu nyakitin hati yg jual
dodosantoso,Instagram,ga sopan bgt ngomong gitu,2024-12-23 15:07:29,negatif,ga sopan bgt ngomong gitu
cahya68,Instagram,biar agak keras tapi niatnya baik kok,2024-12-23 15:54:52,positif,biar keras niat
cahyadisalahudin,Instagram,gw setuju sih ama omongannya gus,2024-12-23 15:46:57,positif,gw tuju sih ama omong gus
irasuartini,Instagram,bisa2 jualan es teh jd insecure 😓,2024-12-23 15:49:43,negatif,jual es teh jd insecure
saptonoviktor,Instagram,ga tau mau bilang apa,2024-12-23 15:38:13,netral,ga tau bilang
betaniasafitri,Instagram,masih netral aja sih gw liatnya,2024-12-23 15:39:46,netral,netral aja sih gw liat
hendri27,Instagram,ga sopan bgt ngomong gitu,2024-12-23 15:52:45,negatif,ga sopan bgt ngomong gitu
olgahutasoit,Instagram,"ga lucu, malah nyakitin hati yg jualan",2024-12-23 15:49:11,negatif,ga lucu nyakitin hati yg jual
dalima13,Instagram,waduh ini sih udah kelewat batas,2024-12-23 15:25:04,negatif,sih udah lewat batas
prasetyoliman,Instagram,ga tau mau bilang apa,2024-12-23 15:46:40,netral,ga tau bilang
kairavjanuar,Instagram,bisa2 jualan es teh jd insecure 😓,2024-12-23 15:50:55,negatif,jual es teh jd insecure
yuniarnajwa,Instagram,"ceramahnya tetep dapet kok, relax aja guys",2024-12-23 15:13:45,positif,ceramah tetep dapet relax aja guys
pfarida,Instagram,ni gus emg ada aja kelakuannya 😂,2024-12-23 15:32:01,positif,ni gus emg aja laku
kiandrawastuti,Instagram,biar agak keras tapi niatnya baik kok,2024-12-23 15:21:12,positif,biar keras niat
heru97,Instagram,jujurly lucu banget sih ini 😭,2024-12-23 15:21:41,positif,jujurly lucu banget sih
zpalastri,Instagram,masih netral aja sih gw liatnya,2024-12-23 15:11:19,netral,netral aja sih gw liat
ksaefullah,Instagram,"ga lucu, malah nyakitin hati yg jualan",2024-12-23 15:00:53,negatif,ga lucu nyakitin hati yg jual
putralabuh,Instagram,ga tau mau bilang apa,2024-12-23 15:01:57,netral,ga tau bilang
budimanvinsen,Instagram,ga sopan bgt ngomong gitu,2024-12-23 15:13:11,negatif,ga sopan bgt ngomong gitu
wastutiwidya,Instagram,ga sopan bgt ngomong gitu,2024-12-23 15:17:34,negatif,ga sopan bgt ngomong gitu
farah56,Instagram,biasa aja sih,2024-12-23 15:44:27,netral,aja sih
pzulkarnain,Instagram,ga sopan bgt ngomong gitu,2024-12-23 15:57:47,negatif,ga sopan bgt ngomong gitu
diah65,Instagram,jujurly lucu banget sih ini 😭,2024-12-23 15:55:42,positif,jujurly lucu banget sih
wfirgantoro,Instagram,"ga lucu, malah nyakitin hati yg jualan",2024-12-23 15:08:47,negatif,ga lucu nyakitin hati yg jual
siregarghaliyati,Instagram,biar agak keras tapi niatnya baik kok,2024-12-23 15:32:18,positif,biar keras niat
marpaungalambana,Instagram,tergantung yg nonton juga sih,2024-12-23 15:45:29,netral,gantung yg nonton sih
umarpradana,Instagram,waduh ini sih udah kelewat batas,2024-12-23 15:43:07,negatif,sih udah lewat batas
kawaca86,Instagram,biar agak keras tapi niatnya baik kok,2024-12-23 15:00:19,positif,biar keras niat
yanibudiman,Instagram,biar agak keras tapi niatnya baik kok,2024-12-23 15:58:46,positif,biar keras niat
ohabibi,Instagram,bisa2 jualan es teh jd insecure 😓,2024-12-23 15:06:59,negatif,jual es teh jd insecure
harsanaprasetya,Instagram,biar agak keras tapi niatnya baik kok,2024-12-23 15:56:09,positif,biar keras niat
bwacana,Instagram,ga sopan bgt ngomong gitu,2024-12-23 15:46:34,negatif,ga sopan bgt ngomong gitu
wahyunijarwi,Instagram,"ceramahnya tetep dapet kok, relax aja guys",2024-12-23 15:24:25,positif,ceramah tetep dapet relax aja guys
empluk59,Instagram,"ga lucu, malah nyakitin hati yg jualan",2024-12-23 15:19:23,negatif,ga lucu nyakitin hati yg jual
halimahhasan,Instagram,biasa aja sih,2024-12-23 15:59:57,netral,aja sih
lala28,Instagram,biar agak keras tapi niatnya baik kok,2024-12-23 15:28:06,positif,biar keras niat
jayeng77,Instagram,biasa aja sih,2024-12-23 15:05:03,netral,aja sih
ratih46,Instagram,ceramah apaan malah ngehina,2024-12-23 15:23:44,negatif,ceramah ngehina
waskitaprakosa,Instagram,tergantung yg nonton juga sih,2024-12-23 15:16:29,netral,gantung yg nonton sih
ichahariyah,Instagram,jujurly lucu banget sih ini 😭,2024-12-23 15:45:24,positif,jujurly lucu banget sih
gatra09,Instagram,hmm no comment deh,2024-12-23 15:21:53,netral,hmm no comment deh
tantri65,Instagram,biar agak keras tapi niatnya baik kok,2024-12-23 15:49:52,positif,biar keras niat
umaheswara,Instagram,masih netral aja sih gw liatnya,2024-12-23 15:54:22,netral,netral aja sih gw liat
wasitayunita,Instagram,masih netral aja sih gw liatnya,2024-12-23 15:22:56,netral,netral aja sih gw liat
claksita,Instagram,ga tau mau bilang apa,2024-12-23 15:08:37,netral,ga tau bilang
lrahimah,Instagram,gw setuju sih ama omongannya gus,2024-12-23 15:16:37,positif,gw tuju sih ama omong gus
vpudjiastuti,Instagram,ceramah apaan malah ngehina,2024-12-23 15:11:02,negatif,ceramah ngehina
simon16,Instagram,bisa2 jualan es teh jd insecure 😓,2024-12-23 15:30:10,negatif,jual es teh jd insecure
taswir68,Instagram,biar agak keras tapi niatnya baik kok,2024-12-23 15:56:23,positif,biar keras niat
karenmansur,Instagram,"ceramahnya tetep dapet kok, relax aja guys",2024-12-23 15:11:57,positif,ceramah tetep dapet relax aja guys
krahimah,Instagram,jujurly lucu banget sih ini 😭,2024-12-23 15:44:16,positif,jujurly lucu banget sih
maulanapaiman,Instagram,tergantung yg nonton juga sih,2024-12-23 15:04:52,netral,gantung yg nonton sih
cawisono24,Instagram,biar agak keras tapi niatnya baik kok,2024-12-23 15:41:24,positif,biar keras niat
putifirmansyah,Instagram,ni gus emg ada aja kelakuannya 😂,2024-12-23 15:59:57,positif,ni gus emg aja laku
apuspita,Instagram,hmm no comment deh,2024-12-23 15:23:33,netral,hmm no comment deh
halimahbahuwarna,Instagram,ceramah apaan malah ngehina,2024-12-23 15:09:20,negatif,ceramah ngehina
pertiwikajen,Instagram,hmm no comment deh,2024-12-23 15:48:26,netral,hmm no comment deh
dono69,Instagram,gue liat ini ya udah lah ya,2024-12-23 15:25:18,netral,gue liat ya udah ya
nurainichandra,Instagram,ceramah apaan malah ngehina,2024-12-23 15:16:01,negatif,ceramah ngehina
shakilanovitasari,Instagram,biasa aja sih,2024-12-23 15:16:26,netral,aja sih
hakimcahya,Instagram,ceramah apaan malah ngehina,2024-12-23 15:16:35,negatif,ceramah ngehina
ghalim,Instagram,masih netral aja sih gw liatnya,2024-12-23 15:46:26,netral,netral aja sih gw liat
mwinarno,Instagram,jujurly lucu banget sih ini 😭,2024-12-23 15:50:52,positif,jujurly lucu banget sih
galak54,Instagram,ga tau mau bilang apa,2024-12-23 15:06:13,netral,ga tau bilang
hasanahwira,Instagram,gus miftah harus minta maaf sih ini,2024-12-23 15:07:16,negatif,gus miftah maaf sih
yuliana73,Instagram,hmm no comment deh,2024-12-23 15:50:32,netral,hmm no comment deh
vkusumo,Instagram,masih netral aja sih gw liatnya,2024-12-23 15:59:10,netral,netral aja sih gw liat
laksitarusman,Instagram,"ceramahnya tetep dapet kok, relax aja guys",2024-12-23 15:24:23,positif,ceramah tetep dapet relax aja guys
ana18,Instagram,biasa aja sih,2024-12-23 15:52:29,netral,aja sih
hlailasari,Instagram,masih netral aja sih gw liatnya,2024-12-23 15:35:03,netral,netral aja sih gw liat
irfan93,Instagram,ceramah apaan malah ngehina,2024-12-23 15:16:31,negatif,ceramah ngehina
siregarpuji,Instagram,jujurly lucu banget sih ini 😭,2024-12-23 15:20:30,positif,jujurly lucu banget sih
mustofajayeng,Instagram,"ceramahnya tetep dapet kok, relax aja guys",2024-12-23 15:38:40,positif,ceramah tetep dapet relax aja guys
sinagadinda,Instagram,ni gus emg ada aja kelakuannya 😂,2024-12-23 15:55:48,positif,ni gus emg aja laku
hafshahyolanda,Instagram,ni gus emg ada aja kelakuannya 😂,2024-12-23 15:09:31,positif,ni gus emg aja laku
akarsana71,Instagram,bisa2 jualan es teh jd insecure 😓,2024-12-23 15:20:49,negatif,jual es teh jd insecure
bahuwiryasafitri,Instagram,ga tau mau bilang apa,2024-12-23 15:30:31,netral,ga tau bilang
kunthara85,Instagram,jujurly lucu banget sih ini 😭,2024-12-23 15:27:24,positif,jujurly lucu banget sih
kairavsirait,Instagram,ga sopan bgt ngomong gitu,2024-12-23 15:43:23,negatif,ga sopan bgt ngomong gitu
pkurniawan,Instagram,hmm no comment deh,2024-12-23 15:17:45,netral,hmm no comment deh
qmegantara,Instagram,tergantung yg nonton juga sih,2024-12-23 15:52:58,netral,gantung yg nonton sih
lalasantoso,Instagram,ga sopan bgt ngomong gitu,2024-12-23 15:50:04,negatif,ga sopan bgt ngomong gitu
prasetyawakiman,Instagram,ga sopan bgt ngomong gitu,2024-12-23 15:58:53,negatif,ga sopan bgt ngomong gitu
eli95,Instagram,tergantung yg nonton juga sih,2024-12-23 15:13:38,netral,gantung yg nonton sih
prabawa44,Instagram,masih netral aja sih gw liatnya,2024-12-23 15:38:01,netral,netral aja sih gw liat
cahyadi78,Instagram,biar agak keras tapi niatnya baik kok,2024-12-23 15:10:57,positif,biar keras niat
lestarilasmanto,Instagram,biar agak keras tapi niatnya baik kok,2024-12-23 15:09:10,positif,biar keras niat
langgeng82,Instagram,ga tau mau bilang apa,2024-12-23 15:07:14,netral,ga tau bilang
kalim54,Instagram,jujurly lucu banget sih ini 😭,2024-12-23 15:33:44,positif,jujurly lucu banget sih
eriyanti,Instagram,ga sopan bgt ngomong gitu,2024-12-23 15:31:25,negatif,ga sopan bgt ngomong gitu
calistahutapea,Instagram,jujurly lucu banget sih ini 😭,2024-12-23 15:17:24,positif,jujurly lucu banget sih
gprabowo,Instagram,ni gus emg ada aja kelakuannya 😂,2024-12-23 15:05:57,positif,ni gus emg aja laku
kalapadmasari,Instagram,"bener juga sih, kadang netizen terlalu baper",2024-12-23 15:44:48,positif,bener sih kadang netizen baper
sadina67,Instagram,ni gus emg ada aja kelakuannya 😂,2024-12-23 15:57:13,positif,ni gus emg aja laku
nababanmala,Instagram,ni gus emg ada aja kelakuannya 😂,2024-12-23 15:47:52,positif,ni gus emg aja laku
alatupono,Instagram,tergantung yg nonton juga sih,2024-12-23 15:00:13,netral,gantung yg nonton sih
prakasakawaca,Instagram,bisa2 jualan es teh jd insecure 😓,2024-12-23 15:39:33,negatif,jual es teh jd insecure
ssuryatmi,Instagram,gw setuju sih ama omongannya gus,2024-12-23 15:05:18,positif,gw tuju sih ama omong gus
pranatasetiawan,Instagram,"bener juga sih, kadang netizen terlalu baper",2024-12-23 15:53:42,positif,bener sih kadang netizen baper
yonouyainah,Instagram,ga sopan bgt ngomong gitu,2024-12-23 15:29:58,negatif,ga sopan bgt ngomong gitu
imegantara,Instagram,"bener juga sih, kadang netizen terlalu baper",2024-12-23 15:24:52,positif,bener sih kadang netizen baper
hasanahviolet,Instagram,hmm no comment deh,2024-12-23 15:31:16,netral,hmm no comment deh
kpadmasari,Instagram,hmm no comment deh,2024-12-23 15:00:48,netral,hmm no comment deh
laksitadiah,Instagram,"bener juga sih, kadang netizen terlalu baper",2024-12-23 15:30:37,positif,bener sih kadang netizen baper
wardimanullang,Instagram,jujurly lucu banget sih ini 😭,2024-12-23 15:58:31,positif,jujurly lucu banget sih
usman20,Instagram,gus miftah harus minta maaf sih ini,2024-12-23 15:00:57,negatif,gus miftah maaf sih
maheswarabala,Instagram,ga sopan bgt ngomong gitu,2024-12-23 15:30:37,negatif,ga sopan bgt ngomong gitu
umaya17,Instagram,"ceramahnya tetep dapet kok, relax aja guys",2024-12-23 15:48:49,positif,ceramah tetep dapet relax aja guys
xsitorus,Instagram,"bener juga sih, kadang netizen terlalu baper",2024-12-23 15:50:13,positif,bener sih kadang netizen baper
jaemanmaulana,Instagram,"ceramahnya tetep dapet kok, relax aja guys",2024-12-23 15:41:14,positif,ceramah tetep dapet relax aja guys
usihotang,Instagram,gw setuju sih ama omongannya gus,2024-12-23 15:53:18,positif,gw tuju sih ama omong gus
rpertiwi,Instagram,ceramah apaan malah ngehina,2024-12-23 15:32:21,negatif,ceramah ngehina
vadriansyah,Instagram,biasa aja sih,2024-12-23 15:20:44,netral,aja sih
ibrani98,Instagram,bisa2 jualan es teh jd insecure 😓,2024-12-23 15:17:10,negatif,jual es teh jd insecure
ehutapea,Instagram,"ga lucu, malah nyakitin hati yg jualan",2024-12-23 15:03:08,negatif,ga lucu nyakitin hati yg jual
yaniutami,Instagram,tergantung yg nonton juga sih,2024-12-23 15:49:31,netral,gantung yg nonton sih
vmahendra,Instagram,tergantung yg nonton juga sih,2024-12-23 15:29:10,netral,gantung yg nonton sih
citra53,Instagram,biar agak keras tapi niatnya baik kok,2024-12-23 15:28:20,positif,biar keras niat
jamalnajmudin,Instagram,bisa2 jualan es teh jd insecure 😓,2024-12-23 15:29:02,negatif,jual es teh jd insecure
kmaheswara,Instagram,jujurly lucu banget sih ini 😭,2024-12-23 15:00:29,positif,jujurly lucu banget sih
sramadan,Instagram,biasa aja sih,2024-12-23 15:12:19,netral,aja sih
heru09,Instagram,biar agak keras tapi niatnya baik kok,2024-12-23 15:02:41,positif,biar keras niat
ghaliyati41,Instagram,"ceramahnya tetep dapet kok, relax aja guys",2024-12-23 15:16:37,positif,ceramah tetep dapet relax aja guys
ihsanrahimah,Instagram,biar agak keras tapi niatnya baik kok,2024-12-23 15:20:33,positif,biar keras niat
catursimbolon,Instagram,ceramah apaan malah ngehina,2024-12-23 15:37:19,negatif,ceramah ngehina
latuponoraina,Instagram,biar agak keras tapi niatnya baik kok,2024-12-23 15:17:33,positif,biar keras niat
karimaharyani,Instagram,gw setuju sih ama omongannya gus,2024-12-23 15:16:36,positif,gw tuju sih ama omong gus
eka63,Instagram,gw setuju sih ama omongannya gus,2024-12-23 15:44:58,positif,gw tuju sih ama omong gus
shakila24,Instagram,masih netral aja sih gw liatnya,2024-12-23 15:49:07,netral,netral aja sih gw liat
asmanhassanah,Instagram,ceramah apaan malah ngehina,2024-12-23 15:27:21,negatif,ceramah ngehina
cemetisitompul,Instagram,ceramah apaan malah ngehina,2024-12-23 15:38:56,negatif,ceramah ngehina
yulia13,Instagram,biar agak keras tapi niatnya baik kok,2024-12-23 15:11:33,positif,biar keras niat
tnasyiah,Instagram,bisa2 jualan es teh jd insecure 😓,2024-12-23 15:08:08,negatif,jual es teh jd insecure
bmegantara,Instagram,jujurly lucu banget sih ini 😭,2024-12-23 15:06:05,positif,jujurly lucu banget sih
winarnochelsea,Instagram,gus miftah harus minta maaf sih ini,2024-12-23 15:15:38,negatif,gus miftah maaf sih
mpurwanti,Instagram,"bener juga sih, kadang netizen terlalu baper",2024-12-23 15:33:09,positif,bener sih kadang netizen baper
hani96,Instagram,gue liat ini ya udah lah ya,2024-12-23 15:09:41,netral,gue liat ya udah ya
rendy58,Instagram,biar agak keras tapi niatnya baik kok,2024-12-23 15:09:58,positif,biar keras niat
ldamanik,Instagram,"ceramahnya tetep dapet kok, relax aja guys",2024-12-23 15:02:13,positif,ceramah tetep dapet relax aja guys
upurnawati,Instagram,ga sopan bgt ngomong gitu,2024-12-23 15:45:40,negatif,ga sopan bgt ngomong gitu
permatamarwata,Instagram,ga sopan bgt ngomong gitu,2024-12-23 15:31:09,negatif,ga sopan bgt ngomong gitu
dsusanti,Instagram,gue liat ini ya udah lah ya,2024-12-23 15:22:06,netral,gue liat ya udah ya
simanjuntakrespati,Instagram,"bener juga sih, kadang netizen terlalu baper",2024-12-23 15:04:59,positif,bener sih kadang netizen baper
prasetyomansur,Instagram,gue liat ini ya udah lah ya,2024-12-23 15:17:58,netral,gue liat ya udah ya
klailasari,Instagram,ceramah apaan malah ngehina,2024-12-23 15:52:22,negatif,ceramah ngehina
mulyonolaksmiwati,Instagram,jujurly lucu banget sih ini 😭,2024-12-23 15:07:31,positif,jujurly lucu banget sih
hmaryadi,Instagram,gus miftah harus minta maaf sih ini,2024-12-23 15:18:19,negatif,gus miftah maaf sih
oskar35,Instagram,ni gus emg ada aja kelakuannya 😂,2024-12-23 15:32:06,positif,ni gus emg aja laku
tania30,Instagram,gw setuju sih ama omongannya gus,2024-12-23 15:54:37,positif,gw tuju sih ama omong gus
balidinmarpaung,Instagram,hmm no comment deh,2024-12-23 15:18:07,netral,hmm no comment deh
maulanalega,Instagram,gw setuju sih ama omongannya gus,2024-12-23 15:38:18,positif,gw tuju sih ama omong gus
ghaliyati22,Instagram,gue liat ini ya udah lah ya,2024-12-23 15:24:42,netral,gue liat ya udah ya
bakiadipurwanti,Instagram,bisa2 jualan es teh jd insecure 😓,2024-12-23 15:58:17,negatif,jual es teh jd insecure
luis34,Instagram,masih netral aja sih gw liatnya,2024-12-23 15:29:04,netral,netral aja sih gw liat
uuwais,Instagram,ga sopan bgt ngomong gitu,2024-12-23 15:59:14,negatif,ga sopan bgt ngomong gitu
tarihasanah,Instagram,"ceramahnya tetep dapet kok, relax aja guys",2024-12-23 15:07:48,positif,ceramah tetep dapet relax aja guys
nwidodo,Instagram,masih netral aja sih gw liatnya,2024-12-23 15:24:58,netral,netral aja sih gw liat
kacung95,Instagram,biasa aja sih,2024-12-23 15:16:00,netral,aja sih
wani10,Instagram,ga tau mau bilang apa,2024-12-23 15:50:37,netral,ga tau bilang
dabukkejumari,Instagram,biar agak keras tapi niatnya baik kok,2024-12-23 15:40:47,positif,biar keras niat
salahudindarijan,Instagram,ni gus emg ada aja kelakuannya 😂,2024-12-23 15:46:29,positif,ni gus emg aja laku
maras13,Instagram,hmm no comment deh,2024-12-23 15:40:28,netral,hmm no comment deh
malik00,Instagram,"ga lucu, malah nyakitin hati yg jualan",2024-12-23 15:37:52,negatif,ga lucu nyakitin hati yg jual
fujiatielon,Instagram,"ga lucu, malah nyakitin hati yg jualan",2024-12-23 15:52:08,negatif,ga lucu nyakitin hati yg jual
kayungunarto,Instagram,waduh ini sih udah kelewat batas,2024-12-23 15:28:29,negatif,sih udah lewat batas
humaira54,Instagram,waduh ini sih udah kelewat batas,2024-12-23 15:36:02,negatif,sih udah lewat batas
lsihotang,Instagram,waduh ini sih udah kelewat batas,2024-12-23 15:24:41,negatif,sih udah lewat batas
laksana85,Instagram,gue liat ini ya udah lah ya,2024-12-23 15:59:01,netral,gue liat ya udah ya
hidayatlintang,Instagram,bisa2 jualan es teh jd insecure 😓,2024-12-23 15:57:27,negatif,jual es teh jd insecure
narpatisaka,Instagram,"ceramahnya tetep dapet kok, relax aja guys",2024-12-23 15:10:47,positif,ceramah tetep dapet relax aja guys
wardayanababan,Instagram,ceramah apaan malah ngehina,2024-12-23 15:36:57,negatif,ceramah ngehina
yhalim,Instagram,jujurly lucu banget sih ini 😭,2024-12-23 15:52:05,positif,jujurly lucu banget sih
hartanawahyudin,Instagram,gw setuju sih ama omongannya gus,2024-12-23 15:12:57,positif,gw tuju sih ama omong gus
kartika54,Instagram,bisa2 jualan es teh jd insecure 😓,2024-12-23 15:21:02,negatif,jual es teh jd insecure
twinarno,Instagram,gue liat ini ya udah lah ya,2024-12-23 15:32:43,netral,gue liat ya udah ya
irawanpia,Instagram,"bener juga sih, kadang netizen terlalu baper",2024-12-23 15:38:34,positif,bener sih kadang netizen baper
nadiazulkarnain,Instagram,ceramah apaan malah ngehina,2024-12-23 15:08:09,negatif,ceramah ngehina
ysirait,Instagram,ceramah apaan malah ngehina,2024-12-23 15:21:34,negatif,ceramah ngehina
estionomaryadi,Instagram,"ga lucu, malah nyakitin hati yg jualan",2024-12-23 15:15:59,negatif,ga lucu nyakitin hati yg jual
hardiansyahhafshah,Instagram,jujurly lucu banget sih ini 😭,2024-12-23 15:39:09,positif,jujurly lucu banget sih
hmahendra,Instagram,gue liat ini ya udah lah ya,2024-12-23 15:16:14,netral,gue liat ya udah ya
kania45,Instagram,masih netral aja sih gw liatnya,2024-12-23 15:10:50,netral,netral aja sih gw liat
darman95,Instagram,ga tau mau bilang apa,2024-12-23 15:07:09,netral,ga tau bilang
gada81,Instagram,ga sopan bgt ngomong gitu,2024-12-23 15:29:00,negatif,ga sopan bgt ngomong gitu
nasim00,Instagram,ni gus emg ada aja kelakuannya 😂,2024-12-23 15:06:43,positif,ni gus emg aja laku
mhutasoit,Instagram,gue liat ini ya udah lah ya,2024-12-23 15:04:16,netral,gue liat ya udah ya
alambanasamosir,Instagram,biar agak keras tapi niatnya baik kok,2024-12-23 15:18:08,positif,biar keras niat
hartatiraina,Instagram,jujurly lucu banget sih ini 😭,2024-12-23 15:41:58,positif,jujurly lucu banget sih
galuhhardiansyah,Instagram,waduh ini sih udah kelewat batas,2024-12-23 15:15:51,negatif,sih udah lewat batas
adinata89,Instagram,masih netral aja sih gw liatnya,2024-12-23 15:16:07,netral,netral aja sih gw liat
mangunsongelisa,Instagram,gue liat ini ya udah lah ya,2024-12-23 15:26:35,netral,gue liat ya udah ya
martakahasanah,Instagram,waduh ini sih udah kelewat batas,2024-12-23 15:41:31,negatif,sih udah lewat batas
gjailani,Instagram,ga tau mau bilang apa,2024-12-23 15:45:48,netral,ga tau bilang
prayitnabudiyanto,Instagram,waduh ini sih udah kelewat batas,2024-12-23 15:29:05,negatif,sih udah lewat batas
plaksmiwati,Instagram,tergantung yg nonton juga sih,2024-12-23 15:02:49,netral,gantung yg nonton sih
bambang13,Instagram,waduh ini sih udah kelewat batas,2024-12-23 15:35:47,negatif,sih udah lewat batas
putralutfan,Instagram,tergantung yg nonton juga sih,2024-12-23 15:09:50,netral,gantung yg nonton sih
prastutiendra,Instagram,biar agak keras tapi niatnya baik kok,2024-12-23 15:29:49,positif,biar keras niat
eka83,Instagram,ceramah apaan malah ngehina,2024-12-23 15:46:22,negatif,ceramah ngehina
djanuar,Instagram,ga sopan bgt ngomong gitu,2024-12-23 15:13:05,negatif,ga sopan bgt ngomong gitu
prasetyarespati,Instagram,gue liat ini ya udah lah ya,2024-12-23 15:03:25,netral,gue liat ya udah ya
januardaniswara,Instagram,ga sopan bgt ngomong gitu,2024-12-23 15:59:44,negatif,ga sopan bgt ngomong gitu
waskitadaliono,Instagram,tergantung yg nonton juga sih,2024-12-23 15:18:01,netral,gantung yg nonton sih
prakasafarah,Instagram,masih netral aja sih gw liatnya,2024-12-23 15:20:46,netral,netral aja sih gw liat
dadi43,Instagram,"bener juga sih, kadang netizen terlalu baper",2024-12-23 15:08:46,positif,bener sih kadang netizen baper
nugroholalita,Instagram,ni gus emg ada aja kelakuannya 😂,2024-12-23 15:50:13,positif,ni gus emg aja laku
haniwidodo,Instagram,gw setuju sih ama omongannya gus,2024-12-23 15:23:31,positif,gw tuju sih ama omong gus
sihombinggalur,Instagram,masih netral aja sih gw liatnya,2024-12-23 15:45:28,netral,netral aja sih gw liat
ridwan21,Instagram,"ceramahnya tetep dapet kok, relax aja guys",2024-12-23 15:54:09,positif,ceramah tetep dapet relax aja guys
zelda48,Instagram,bisa2 jualan es teh jd insecure 😓,2024-12-23 15:06:12,negatif,jual es teh jd insecure
permatatira,Instagram,tergantung yg nonton juga sih,2024-12-23 15:53:20,netral,gantung yg nonton sih
dinatampubolon,Instagram,tergantung yg nonton juga sih,2024-12-23 15:15:32,netral,gantung yg nonton sih
nasyiahjaya,Instagram,jujurly lucu banget sih ini 😭,2024-12-23 15:02:48,positif,jujurly lucu banget sih
cawuk40,Instagram,biar agak keras tapi niatnya baik kok,2024-12-23 15:13:19,positif,biar keras niat
tania52,Instagram,"bener juga sih, kadang netizen terlalu baper",2024-12-23 15:25:31,positif,bener sih kadang netizen baper
darsirahmardhiyah,Instagram,"ga lucu, malah nyakitin hati yg jualan",2024-12-23 15:35:12,negatif,ga lucu nyakitin hati yg jual
omaheswara,Instagram,gue liat ini ya udah lah ya,2024-12-23 15:42:58,netral,gue liat ya udah ya
garan94,Instagram,biar agak keras tapi niatnya baik kok,2024-12-23 15:20:10,positif,biar keras niat
najibsitompul,Instagram,ga sopan bgt ngomong gitu,2024-12-23 15:57:15,negatif,ga sopan bgt ngomong gitu
fnuraini,Instagram,"bener juga sih, kadang netizen terlalu baper",2024-12-23 15:37:23,positif,bener sih kadang netizen baper
carlanababan,Instagram,tergantung yg nonton juga sih,2024-12-23 15:57:45,netral,gantung yg nonton sih
zelayasuryatmi,Instagram,jujurly lucu banget sih ini 😭,2024-12-23 15:03:49,positif,jujurly lucu banget sih
wibisonocawuk,Instagram,ceramah apaan malah ngehina,2024-12-23 15:07:57,negatif,ceramah ngehina
jagaragasuryatmi,Instagram,tergantung yg nonton juga sih,2024-12-23 15:58:02,netral,gantung yg nonton sih
hharyanti,Instagram,bisa2 jualan es teh jd insecure 😓,2024-12-23 15:22:36,negatif,jual es teh jd insecure
ldongoran,Instagram,bisa2 jualan es teh jd insecure 😓,2024-12-23 15:49:16,negatif,jual es teh jd insecure
najwaardianto,Instagram,hmm no comment deh,2024-12-23 15:57:11,netral,hmm no comment deh
jmandasari,Instagram,biasa aja sih,2024-12-23 15:25:31,netral,aja sih
tsinaga,Instagram,hmm no comment deh,2024-12-23 15:38:16,netral,hmm no comment deh
karyani,Instagram,bisa2 jualan es teh jd insecure 😓,2024-12-23 15:56:09,negatif,jual es teh jd insecure
wardimaryati,Instagram,gus miftah harus minta maaf sih ini,2024-12-23 15:01:43,negatif,gus miftah maaf sih
wagepadmasari,Instagram,biasa aja sih,2024-12-23 15:49:50,netral,aja sih
danang88,Instagram,biasa aja sih,2024-12-23 15:47:03,netral,aja sih
ahutasoit,Instagram,gw setuju sih ama omongannya gus,2024-12-23 15:56:52,positif,gw tuju sih ama omong gus
titin54,Instagram,gw setuju sih ama omongannya gus,2024-12-23 15:38:53,positif,gw tuju sih ama omong gus
nhidayanto,Instagram,gue liat ini ya udah lah ya,2024-12-23 15:51:48,netral,gue liat ya udah ya
fhalimah,Instagram,ga tau mau bilang apa,2024-12-23 15:15:11,netral,ga tau bilang
wartamandala,Instagram,waduh ini sih udah kelewat batas,2024-12-23 15:20:22,negatif,sih udah lewat batas
najam05,Instagram,"ceramahnya tetep dapet kok, relax aja guys",2024-12-23 15:40:35,positif,ceramah tetep dapet relax aja guys
ina38,Instagram,gus miftah harus minta maaf sih ini,2024-12-23 15:27:48,negatif,gus miftah maaf sih
narjihutasoit,Instagram,bisa2 jualan es teh jd insecure 😓,2024-12-23 15:41:13,negatif,jual es teh jd insecure
wawanpertiwi,Instagram,tergantung yg nonton juga sih,2024-12-23 15:48:09,netral,gantung yg nonton sih
cengkal66,Instagram,biar agak keras tapi niatnya baik kok,2024-12-23 15:05:16,positif,biar keras niat
ckusmawati,Instagram,ni gus emg ada aja kelakuannya 😂,2024-12-23 15:43:42,positif,ni gus emg aja laku
dmarbun,Instagram,ceramah apaan malah ngehina,2024-12-23 15:09:51,negatif,ceramah ngehina
fsantoso,Instagram,tergantung yg nonton juga sih,2024-12-23 15:24:58,netral,gantung yg nonton sih
laksanasiregar,Instagram,ga sopan bgt ngomong gitu,2024-12-23 15:55:09,negatif,ga sopan bgt ngomong gitu
gpuspasari,Instagram,tergantung yg nonton juga sih,2024-12-23 15:15:22,netral,gantung yg nonton sih
hutasoitluwar,Instagram,gw setuju sih ama omongannya gus,2024-12-23 15:12:43,positif,gw tuju sih ama omong gus
kasiyahutama,Instagram,tergantung yg nonton juga sih,2024-12-23 15:34:19,netral,gantung yg nonton sih
mustofa89,Instagram,tergantung yg nonton juga sih,2024-12-23 15:07:42,netral,gantung yg nonton sih
rafisuwarno,Instagram,ga tau mau bilang apa,2024-12-23 15:45:50,netral,ga tau bilang
banara06,Instagram,masih netral aja sih gw liatnya,2024-12-23 15:38:37,netral,netral aja sih gw liat
luwes15,Instagram,"ga lucu, malah nyakitin hati yg jualan",2024-12-23 15:19:45,negatif,ga lucu nyakitin hati yg jual
ihsan22,Instagram,hmm no comment deh,2024-12-23 15:09:53,netral,hmm no comment deh
wisnuprasetya,Instagram,ga tau mau bilang apa,2024-12-23 15:21:34,netral,ga tau bilang
yahyaprasetyo,Instagram,gue liat ini ya udah lah ya,2024-12-23 15:10:53,netral,gue liat ya udah ya
vanesa87,Instagram,gue liat ini ya udah lah ya,2024-12-23 15:21:13,netral,gue liat ya udah ya
siregarrama,Instagram,waduh ini sih udah kelewat batas,2024-12-23 15:34:30,negatif,sih udah lewat batas
umayausamah,Instagram,gue liat ini ya udah lah ya,2024-12-23 15:27:27,netral,gue liat ya udah ya
tambasakti,Instagram,ni gus emg ada aja kelakuannya 😂,2024-12-23 15:02:20,positif,ni gus emg aja laku
faridacindy,Instagram,bisa2 jualan es teh jd insecure 😓,2024-12-23 15:59:19,negatif,jual es teh jd insecure
jindra41,Instagram,ga sopan bgt ngomong gitu,2024-12-23 15:07:59,negatif,ga sopan bgt ngomong gitu
auroraandriani,Instagram,gw setuju sih ama omongannya gus,2024-12-23 15:30:00,positif,gw tuju sih ama omong gus
sihotangsalsabila,Instagram,gw setuju sih ama omongannya gus,2024-12-23 15:07:53,positif,gw tuju sih ama omong gus
cirawan,Instagram,gw setuju sih ama omongannya gus,2024-12-23 15:18:50,positif,gw tuju sih ama omong gus
unggul15,Instagram,ceramah apaan malah ngehina,2024-12-23 15:44:38,negatif,ceramah ngehina
vero37,Instagram,ni gus emg ada aja kelakuannya 😂,2024-12-23 15:15:20,positif,ni gus emg aja laku
dabukkekarsa,Instagram,biar agak keras tapi niatnya baik kok,2024-12-23 15:17:18,positif,biar keras niat
setiawanlamar,Instagram,waduh ini sih udah kelewat batas,2024-12-23 15:07:55,negatif,sih udah lewat batas
satyabudiyanto,Instagram,biasa aja sih,2024-12-23 15:17:05,netral,aja sih
mursinin37,Instagram,waduh ini sih udah kelewat batas,2024-12-23 15:23:27,negatif,sih udah lewat batas
jaiman13,Instagram,biasa aja sih,2024-12-23 15:51:38,netral,aja sih
pranowocornelia,Instagram,jujurly lucu banget sih ini 😭,2024-12-23 15:48:01,positif,jujurly lucu banget sih
upuspasari,Instagram,"ga lucu, malah nyakitin hati yg jualan",2024-12-23 15:11:29,negatif,ga lucu nyakitin hati yg jual
haryantinovi,Instagram,gus miftah harus minta maaf sih ini,2024-12-23 15:58:40,negatif,gus miftah maaf sih
knuraini,Instagram,ceramah apaan malah ngehina,2024-12-23 15:40:01,negatif,ceramah ngehina
pertiwiputri,Instagram,"ceramahnya tetep dapet kok, relax aja guys",2024-12-23 15:56:19,positif,ceramah tetep dapet relax aja guys
ana29,Instagram,ga tau mau bilang apa,2024-12-23 15:53:54,netral,ga tau bilang
humairapradipta,Instagram,ni gus emg ada aja kelakuannya 😂,2024-12-23 15:37:39,positif,ni gus emg aja laku
bakidin89,Instagram,gus miftah harus minta maaf sih ini,2024-12-23 15:46:51,negatif,gus miftah maaf sih
maheswaraelvina,Instagram,waduh ini sih udah kelewat batas,2024-12-23 15:29:51,negatif,sih udah lewat batas
wadioktaviani,Instagram,gus miftah harus minta maaf sih ini,2024-12-23 15:32:25,negatif,gus miftah maaf sih
dewi06,Instagram,bisa2 jualan es teh jd insecure 😓,2024-12-23 15:54:23,negatif,jual es teh jd insecure
kusmawatitirtayasa,Instagram,masih netral aja sih gw liatnya,2024-12-23 15:45:10,netral,netral aja sih gw liat
wastutijuli,Instagram,biar agak keras tapi niatnya baik kok,2024-12-23 15:06:05,positif,biar keras niat
wyuliarti,Instagram,gue liat ini ya udah lah ya,2024-12-23 15:39:19,netral,gue liat ya udah ya
kuntharamaryadi,Instagram,"ga lucu, malah nyakitin hati yg jualan",2024-12-23 15:53:53,negatif,ga lucu nyakitin hati yg jual
omar06,Instagram,ni gus emg ada aja kelakuannya 😂,2024-12-23 15:24:13,positif,ni gus emg aja laku
adikara94,Instagram,ceramah apaan malah ngehina,2024-12-23 15:10:17,negatif,ceramah ngehina
maryatiagnes,Instagram,hmm no comment deh,2024-12-23 15:22:26,netral,hmm no comment deh
hdongoran,Instagram,ga tau mau bilang apa,2024-12-23 15:18:19,netral,ga tau bilang
jhidayanto,Instagram,"ceramahnya tetep dapet kok, relax aja guys",2024-12-23 15:13:47,positif,ceramah tetep dapet relax aja guys
lantar57,Instagram,gue liat ini ya udah lah ya,2024-12-23 15:42:02,netral,gue liat ya udah ya
aprasasta,Instagram,ceramah apaan malah ngehina,2024-12-23 15:04:59,negatif,ceramah ngehina
rahayusalwa,Instagram,waduh ini sih udah kelewat batas,2024-12-23 15:47:26,negatif,sih udah lewat batas
cayadi20,Instagram,biasa aja sih,2024-12-23 15:21:34,netral,aja sih
nadine18,Instagram,"bener juga sih, kadang netizen terlalu baper",2024-12-23 15:50:43,positif,bener sih kadang netizen baper
arta91,Instagram,ni gus emg ada aja kelakuannya 😂,2024-12-23 15:12:43,positif,ni gus emg aja laku
lutfansitumorang,Instagram,"ceramahnya tetep dapet kok, relax aja guys",2024-12-23 15:05:19,positif,ceramah tetep dapet relax aja guys
bsamosir,Instagram,waduh ini sih udah kelewat batas,2024-12-23 15:46:49,negatif,sih udah lewat batas
atmajanuar,Instagram,masih netral aja sih gw liatnya,2024-12-23 15:57:03,netral,netral aja sih gw liat
dabukkeikhsan,Instagram,ga tau mau bilang apa,2024-12-23 15:18:29,netral,ga tau bilang
jabalwinarsih,Instagram,ceramah apaan malah ngehina,2024-12-23 15:27:22,negatif,ceramah ngehina
nasrullah11,Instagram,bisa2 jualan es teh jd insecure 😓,2024-12-23 15:39:55,negatif,jual es teh jd insecure
hutapeaempluk,Instagram,hmm no comment deh,2024-12-23 15:04:28,netral,hmm no comment deh
sidiqprakasa,Instagram,"ga lucu, malah nyakitin hati yg jualan",2024-12-23 15:43:28,negatif,ga lucu nyakitin hati yg jual
julianarpati,Instagram,jujurly lucu banget sih ini 😭,2024-12-23 15:15:01,positif,jujurly lucu banget sih
cahyantonarpati,Instagram,gw setuju sih ama omongannya gus,2024-12-23 15:07:27,positif,gw tuju sih ama omong gus
laksitamahmud,Instagram,hmm no comment deh,2024-12-23 15:16:17,netral,hmm no comment deh
siregarkiandra,Instagram,ga sopan bgt ngomong gitu,2024-12-23 15:41:47,negatif,ga sopan bgt ngomong gitu
anggrainiputu,Instagram,masih netral aja sih gw liatnya,2024-12-23 15:26:22,netral,netral aja sih gw liat
sabri98,Instagram,gus miftah harus minta maaf sih ini,2024-12-23 15:52:57,negatif,gus miftah maaf sih
yjailani,Instagram,ga sopan bgt ngomong gitu,2024-12-23 15:14:01,negatif,ga sopan bgt ngomong gitu
queenbudiyanto,Instagram,"ga lucu, malah nyakitin hati yg jualan",2024-12-23 15:37:22,negatif,ga lucu nyakitin hati yg jual
limarwinarno,Instagram,ni gus emg ada aja kelakuannya 😂,2024-12-23 15:06:45,positif,ni gus emg aja laku
ltarihoran,Instagram,biar agak keras tapi niatnya baik kok,2024-12-23 15:38:53,positif,biar keras niat
ratna96,Instagram,ga tau mau bilang apa,2024-12-23 15:45:16,netral,ga tau bilang
jailanikemba,Instagram,ga sopan bgt ngomong gitu,2024-12-23 15:51:29,negatif,ga sopan bgt ngomong gitu
candrakanta12,Instagram,ga tau mau bilang apa,2024-12-23 15:36:27,netral,ga tau bilang
rahayuanggabaya,Instagram,biar agak keras tapi niatnya baik kok,2024-12-23 15:00:13,positif,biar keras niat
nyomansaragih,Instagram,gus miftah harus minta maaf sih ini,2024-12-23 15:04:38,negatif,gus miftah maaf sih
dhidayat,Instagram,ni gus emg ada aja kelakuannya 😂,2024-12-23 15:32:03,positif,ni gus emg aja laku
sihombinglanang,Instagram,waduh ini sih udah kelewat batas,2024-12-23 15:43:22,negatif,sih udah lewat batas
embuhnurdiyanti,Instagram,"ceramahnya tetep dapet kok, relax aja guys",2024-12-23 15:18:59,positif,ceramah tetep dapet relax aja guys
darmanasirait,Instagram,biar agak keras tapi niatnya baik kok,2024-12-23 15:51:29,positif,biar keras niat
vutami,Instagram,waduh ini sih udah kelewat batas,2024-12-23 15:47:49,negatif,sih udah lewat batas
suwarnosilvia,Instagram,jujurly lucu banget sih ini 😭,2024-12-23 15:56:10,positif,jujurly lucu banget sih
olivanatsir,Instagram,"ga lucu, malah nyakitin hati yg jualan",2024-12-23 15:14:22,negatif,ga lucu nyakitin hati yg jual
inasyiah,Instagram,ni gus emg ada aja kelakuannya 😂,2024-12-23 15:06:59,positif,ni gus emg aja laku
mustofariyanti,Instagram,jujurly lucu banget sih ini 😭,2024-12-23 15:47:24,positif,jujurly lucu banget sih
bancar82,Instagram,waduh ini sih udah kelewat batas,2024-12-23 15:47:47,negatif,sih udah lewat batas
kmustofa,Instagram,hmm no comment deh,2024-12-23 15:44:20,netral,hmm no comment deh
enasyiah,Instagram,jujurly lucu banget sih ini 😭,2024-12-23 15:00:02,positif,jujurly lucu banget sih
sihombingaisyah,Instagram,tergantung yg nonton juga sih,2024-12-23 15:30:21,netral,gantung yg nonton sih
marbunrestu,Instagram,gue liat ini ya udah lah ya,2024-12-23 15:40:32,netral,gue liat ya udah ya
asaputra,Instagram,biasa aja sih,2024-12-23 15:38:03,netral,aja sih
maheswaradarmaji,Instagram,hmm no comment deh,2024-12-23 15:02:05,netral,hmm no comment deh
bwijayanti,Instagram,ni gus emg ada aja kelakuannya 😂,2024-12-23 15:53:45,positif,ni gus emg aja laku
tira37,Instagram,hmm no comment deh,2024-12-23 15:05:59,netral,hmm no comment deh
banawahutapea,Instagram,hmm no comment deh,2024-12-23 15:47:21,netral,hmm no comment deh
pradanaartanto,Instagram,ga sopan bgt ngomong gitu,2024-12-23 15:06:14,negatif,ga sopan bgt ngomong gitu
gambirawidodo,Instagram,biasa aja sih,2024-12-23 15:36:32,netral,aja sih
balanggahidayat,Instagram,tergantung yg nonton juga sih,2024-12-23 15:27:18,netral,gantung yg nonton sih
khalimah,Instagram,gue liat ini ya udah lah ya,2024-12-23 15:52:23,netral,gue liat ya udah ya
chelseasaefullah,Instagram,biar agak keras tapi niatnya baik kok,2024-12-23 15:20:25,positif,biar keras niat
yancewahyudin,Instagram,tergantung yg nonton juga sih,2024-12-23 15:28:53,netral,gantung yg nonton sih
aputra,Instagram,"bener juga sih, kadang netizen terlalu baper",2024-12-23 15:05:24,positif,bener sih kadang netizen baper
mayasariheryanto,Instagram,"ga lucu, malah nyakitin hati yg jualan",2024-12-23 15:30:07,negatif,ga lucu nyakitin hati yg jual
kenzieyuliarti,Instagram,tergantung yg nonton juga sih,2024-12-23 15:58:02,netral,gantung yg nonton sih
hendri82,Instagram,hmm no comment deh,2024-12-23 15:06:20,netral,hmm no comment deh
harsanahandayani,Instagram,ga tau mau bilang apa,2024-12-23 15:57:16,netral,ga tau bilang
ywinarno,Instagram,biar agak keras tapi niatnya baik kok,2024-12-23 15:55:08,positif,biar keras niat
limar00,Instagram,bisa2 jualan es teh jd insecure 😓,2024-12-23 15:04:39,negatif,jual es teh jd insecure
mprasetya,Instagram,gw setuju sih ama omongannya gus,2024-12-23 15:55:39,positif,gw tuju sih ama omong gus
wzulkarnain,Instagram,biasa aja sih,2024-12-23 15:18:01,netral,aja sih
zmarbun,Instagram,gue liat ini ya udah lah ya,2024-12-23 15:21:17,netral,gue liat ya udah ya
cahyono73,Instagram,gue liat ini ya udah lah ya,2024-12-23 15:58:42,netral,gue liat ya udah ya
zaenabnuraini,Instagram,"ceramahnya tetep dapet kok, relax aja guys",2024-12-23 15:54:40,positif,ceramah tetep dapet relax aja guys
gunartomulyono,Instagram,gue liat ini ya udah lah ya,2024-12-23 15:11:03,netral,gue liat ya udah ya
kurniawanokta,Instagram,hmm no comment deh,2024-12-23 15:25:19,netral,hmm no comment deh
fzulkarnain,Instagram,jujurly lucu banget sih ini 😭,2024-12-23 15:12:12,positif,jujurly lucu banget sih
veganurdiyanti,Instagram,ga tau mau bilang apa,2024-12-23 15:09:06,netral,ga tau bilang
sabrinanuraini,Instagram,tergantung yg nonton juga sih,2024-12-23 15:52:21,netral,gantung yg nonton sih
lhartati,Instagram,ga tau mau bilang apa,2024-12-23 15:46:22,netral,ga tau bilang
mustofadanang,Instagram,bisa2 jualan es teh jd insecure 😓,2024-12-23 15:34:21,negatif,jual es teh jd insecure
pranawa92,Instagram,ga tau mau bilang apa,2024-12-23 15:24:45,netral,ga tau bilang
hzulkarnain,Instagram,ceramah apaan malah ngehina,2024-12-23 15:06:01,negatif,ceramah ngehina
ekahariyah,Instagram,ni gus emg ada aja kelakuannya 😂,2024-12-23 15:39:00,positif,ni gus emg aja laku
bsitorus,Instagram,biasa aja sih,2024-12-23 15:36:43,netral,aja sih
yuliantielma,Instagram,bisa2 jualan es teh jd insecure 😓,2024-12-23 15:47:46,negatif,jual es teh jd insecure
safina33,Instagram,"ceramahnya tetep dapet kok, relax aja guys",2024-12-23 15:23:42,positif,ceramah tetep dapet relax aja guys
vivi46,Instagram,biasa aja sih,2024-12-23 15:22:42,netral,aja sih
tina87,Instagram,hmm no comment deh,2024-12-23 15:54:54,netral,hmm no comment deh
novitasaridwi,Instagram,masih netral aja sih gw liatnya,2024-12-23 15:48:06,netral,netral aja sih gw liat
lilimelani,Instagram,jujurly lucu banget sih ini 😭,2024-12-23 15:27:20,positif,jujurly lucu banget sih
gunawanlatif,Instagram,jujurly lucu banget sih ini 😭,2024-12-23 15:33:05,positif,jujurly lucu banget sih
akarsana63,Instagram,jujurly lucu banget sih ini 😭,2024-12-23 15:35:31,positif,jujurly lucu banget sih
dimassafitri,Instagram,biar agak keras tapi niatnya baik kok,2024-12-23 15:33:25,positif,biar keras niat
enashiruddin,Instagram,masih netral aja sih gw liatnya,2024-12-23 15:29:41,netral,netral aja sih gw liat
ellasitumorang,Instagram,tergantung yg nonton juga sih,2024-12-23 15:11:53,netral,gantung yg nonton sih
nurdiyantipadma,Instagram,masih netral aja sih gw liatnya,2024-12-23 15:31:02,netral,netral aja sih gw liat
palastriemil,Instagram,waduh ini sih udah kelewat batas,2024-12-23 15:55:56,negatif,sih udah lewat batas
dpurwanti,Instagram,biar agak keras tapi niatnya baik kok,2024-12-23 15:57:27,positif,biar keras niat
hnababan,Instagram,bisa2 jualan es teh jd insecure 😓,2024-12-23 15:21:30,negatif,jual es teh jd insecure
futama,Instagram,ceramah apaan malah ngehina,2024-12-23 15:59:20,negatif,ceramah ngehina
mzulaika,Instagram,biasa aja sih,2024-12-23 15:37:44,netral,aja sih
garasinaga,Instagram,masih netral aja sih gw liatnya,2024-12-23 15:57:07,netral,netral aja sih gw liat
jaisutama,Instagram,masih netral aja sih gw liatnya,2024-12-23 15:40:52,netral,netral aja sih gw liat
puspa91,Instagram,gus miftah harus minta maaf sih ini,2024-12-23 15:37:23,negatif,gus miftah maaf sih
novitasaricornelia,Instagram,"ceramahnya tetep dapet kok, relax aja guys",2024-12-23 15:44:04,positif,ceramah tetep dapet relax aja guys
ttamba,Instagram,"ceramahnya tetep dapet kok, relax aja guys",2024-12-23 15:18:19,positif,ceramah tetep dapet relax aja guys
saefullahgadang,Instagram,gw setuju sih ama omongannya gus,2024-12-23 15:02:59,positif,gw tuju sih ama omong gus
reksawibowo,Instagram,biar agak keras tapi niatnya baik kok,2024-12-23 15:23:31,positif,biar keras niat
hassanahhendri,Instagram,hmm no comment deh,2024-12-23 15:17:11,netral,hmm no comment deh
tpermata,Instagram,tergantung yg nonton juga sih,2024-12-23 15:22:13,netral,gantung yg nonton sih
laksmiwaticemeti,Instagram,hmm no comment deh,2024-12-23 15:37:50,netral,hmm no comment deh
manullangmalika,Instagram,ga tau mau bilang apa,2024-12-23 15:38:04,netral,ga tau bilang
wnababan,Instagram,ni gus emg ada aja kelakuannya 😂,2024-12-23 15:48:03,positif,ni gus emg aja laku
pjanuar,Instagram,waduh ini sih udah kelewat batas,2024-12-23 15:09:04,negatif,sih udah lewat batas
cusamah,Instagram,gus miftah harus minta maaf sih ini,2024-12-23 15:53:08,negatif,gus miftah maaf sih
rsuwarno,Instagram,ga sopan bgt ngomong gitu,2024-12-23 15:12:27,negatif,ga sopan bgt ngomong gitu
cagaklailasari,Instagram,ni gus emg ada aja kelakuannya 😂,2024-12-23 15:09:01,positif,ni gus emg aja laku
wirapadmasari,Instagram,ga sopan bgt ngomong gitu,2024-12-23 15:16:20,negatif,ga sopan bgt ngomong gitu
rahayu51,Instagram,biar agak keras tapi niatnya baik kok,2024-12-23 15:02:55,positif,biar keras niat
puspasariclara,Instagram,ni gus emg ada aja kelakuannya 😂,2024-12-23 15:17:34,positif,ni gus emg aja laku
lwidiastuti,Instagram,gus miftah harus minta maaf sih ini,2024-12-23 15:05:13,negatif,gus miftah maaf sih
fpadmasari,Instagram,waduh ini sih udah kelewat batas,2024-12-23 15:51:50,negatif,sih udah lewat batas
cemani34,Instagram,biasa aja sih,2024-12-23 15:15:15,netral,aja sih
lutfan43,Instagram,"ceramahnya tetep dapet kok, relax aja guys",2024-12-23 15:39:19,positif,ceramah tetep dapet relax aja guys
asitompul,Instagram,"ceramahnya tetep dapet kok, relax aja guys",2024-12-23 15:20:17,positif,ceramah tetep dapet relax aja guys
emongriyanti,Instagram,waduh ini sih udah kelewat batas,2024-12-23 15:20:25,negatif,sih udah lewat batas
xrahimah,Instagram,waduh ini sih udah kelewat batas,2024-12-23 15:25:38,negatif,sih udah lewat batas
nainggolanjindra,Instagram,masih netral aja sih gw liatnya,2024-12-23 15:27:19,netral,netral aja sih gw liat
kadriansyah,Instagram,ga sopan bgt ngomong gitu,2024-12-23 15:33:57,negatif,ga sopan bgt ngomong gitu
sihombinggading,Instagram,masih netral aja sih gw liatnya,2024-12-23 15:30:31,netral,netral aja sih gw liat
farhunnisawasita,Instagram,"ga lucu, malah nyakitin hati yg jualan",2024-12-23 15:43:53,negatif,ga lucu nyakitin hati yg jual
aswani77,Instagram,gus miftah harus minta maaf sih ini,2024-12-23 15:20:23,negatif,gus miftah maaf sih
okurniawan,Instagram,ceramah apaan malah ngehina,2024-12-23 15:59:23,negatif,ceramah ngehina
hasanhariyah,Instagram,ga tau mau bilang apa,2024-12-23 15:02:09,netral,ga tau bilang
laswiusada,Instagram,"bener juga sih, kadang netizen terlalu baper",2024-12-23 15:04:15,positif,bener sih kadang netizen baper
nababandiana,Instagram,biasa aja sih,2024-12-23 15:47:36,netral,aja sih
asmiantosaefullah,Instagram,"ga lucu, malah nyakitin hati yg jualan",2024-12-23 15:53:09,negatif,ga lucu nyakitin hati yg jual
thamrinharjasa,Instagram,biar agak keras tapi niatnya baik kok,2024-12-23 15:40:23,positif,biar keras niat
huwais,Instagram,"bener juga sih, kadang netizen terlalu baper",2024-12-23 15:16:42,positif,bener sih kadang netizen baper
galak50,Instagram,tergantung yg nonton juga sih,2024-12-23 15:34:02,netral,gantung yg nonton sih
jagaraga94,Instagram,bisa2 jualan es teh jd insecure 😓,2024-12-23 15:28:21,negatif,jual es teh jd insecure
shania19,Instagram,jujurly lucu banget sih ini 😭,2024-12-23 15:26:03,positif,jujurly lucu banget sih
faridabaktianto,Instagram,hmm no comment deh,2024-12-23 15:02:23,netral,hmm no comment deh
pratiwilurhur,Instagram,ceramah apaan malah ngehina,2024-12-23 15:56:08,negatif,ceramah ngehina
hwaskita,Instagram,gw setuju sih ama omongannya gus,2024-12-23 15:05:21,positif,gw tuju sih ama omong gus
sihotangnabila,Instagram,bisa2 jualan es teh jd insecure 😓,2024-12-23 15:46:06,negatif,jual es teh jd insecure
fiswahyudi,Instagram,jujurly lucu banget sih ini 😭,2024-12-23 15:39:24,positif,jujurly lucu banget sih
nasrullah18,Instagram,hmm no comment deh,2024-12-23 15:52:32,netral,hmm no comment deh
karimah63,Instagram,ceramah apaan malah ngehina,2024-12-23 15:35:44,negatif,ceramah ngehina
psafitri,Instagram,ga sopan bgt ngomong gitu,2024-12-23 15:15:42,negatif,ga sopan bgt ngomong gitu
legawawahyuni,Instagram,masih netral aja sih gw liatnya,2024-12-23 15:29:44,netral,netral aja sih gw liat
nurainitasnim,Instagram,"bener juga sih, kadang netizen terlalu baper",2024-12-23 15:04:03,positif,bener sih kadang netizen baper
yulianasamosir,Instagram,ga sopan bgt ngomong gitu,2024-12-23 15:54:26,negatif,ga sopan bgt ngomong gitu
limar20,Instagram,tergantung yg nonton juga sih,2024-12-23 15:21:38,netral,gantung yg nonton sih
maulanalutfan,Instagram,waduh ini sih udah kelewat batas,2024-12-23 15:09:58,negatif,sih udah lewat batas
elipuspita,Instagram,ga sopan bgt ngomong gitu,2024-12-23 15:49:02,negatif,ga sopan bgt ngomong gitu
jprasetyo,Instagram,biasa aja sih,2024-12-23 15:21:45,netral,aja sih
rachelmaheswara,Instagram,hmm no comment deh,2024-12-23 15:17:56,netral,hmm no comment deh
kemal95,Instagram,biasa aja sih,2024-12-23 15:16:46,netral,aja sih
uhasanah,Instagram,waduh ini sih udah kelewat batas,2024-12-23 15:04:11,negatif,sih udah lewat batas
wahyuniluhung,Instagram,gue liat ini ya udah lah ya,2024-12-23 15:50:42,netral,gue liat ya udah ya
yusufhidayanto,Instagram,biasa aja sih,2024-12-23 15:15:24,netral,aja sih
gatot89,Instagram,ceramah apaan malah ngehina,2024-12-23 15:44:47,negatif,ceramah ngehina
nyanafirgantoro,Instagram,"ga lucu, malah nyakitin hati yg jualan",2024-12-23 15:40:39,negatif,ga lucu nyakitin hati yg jual
iswahyudijabal,Instagram,ceramah apaan malah ngehina,2024-12-23 15:15:43,negatif,ceramah ngehina
halimahzulfa,Instagram,bisa2 jualan es teh jd insecure 😓,2024-12-23 15:59:11,negatif,jual es teh jd insecure
simbolonmariadi,Instagram,hmm no comment deh,2024-12-23 15:16:26,netral,hmm no comment deh
cagakdabukke,Instagram,ga sopan bgt ngomong gitu,2024-12-23 15:50:21,negatif,ga sopan bgt ngomong gitu
kpranowo,Instagram,bisa2 jualan es teh jd insecure 😓,2024-12-23 15:29:01,negatif,jual es teh jd insecure
darimin15,Instagram,"ga lucu, malah nyakitin hati yg jualan",2024-12-23 15:04:31,negatif,ga lucu nyakitin hati yg jual
vwulandari,Instagram,jujurly lucu banget sih ini 😭,2024-12-23 15:25:33,positif,jujurly lucu banget sih
salimah07,Instagram,biar agak keras tapi niatnya baik kok,2024-12-23 15:51:41,positif,biar keras niat
ajimin27,Instagram,gus miftah harus minta maaf sih ini,2024-12-23 15:30:31,negatif,gus miftah maaf sih
sudiatibalidin,Instagram,ga sopan bgt ngomong gitu,2024-12-23 15:53:14,negatif,ga sopan bgt ngomong gitu
devipermadi,Instagram,"bener juga sih, kadang netizen terlalu baper",2024-12-23 15:10:41,positif,bener sih kadang netizen baper
gangsa76,Instagram,"ceramahnya tetep dapet kok, relax aja guys",2024-12-23 15:07:30,positif,ceramah tetep dapet relax aja guys
makuta60,Instagram,masih netral aja sih gw liatnya,2024-12-23 15:38:23,netral,netral aja sih gw liat
shidayat,Instagram,masih netral aja sih gw liatnya,2024-12-23 15:55:44,netral,netral aja sih gw liat
jailwibisono,Instagram,gue liat ini ya udah lah ya,2024-12-23 15:32:53,netral,gue liat ya udah ya
upik20,Instagram,"ga lucu, malah nyakitin hati yg jualan",2024-12-23 15:29:52,negatif,ga lucu nyakitin hati yg jual
xwacana,Instagram,ceramah apaan malah ngehina,2024-12-23 15:48:19,negatif,ceramah ngehina
taufik44,Instagram,hmm no comment deh,2024-12-23 15:21:46,netral,hmm no comment deh
restu07,Instagram,masih netral aja sih gw liatnya,2024-12-23 15:34:37,netral,netral aja sih gw liat
usman41,Instagram,hmm no comment deh,2024-12-23 15:54:44,netral,hmm no comment deh
umaynugroho,Instagram,ni gus emg ada aja kelakuannya 😂,2024-12-23 15:07:16,positif,ni gus emg aja laku
samosirkusuma,Instagram,"ceramahnya tetep dapet kok, relax aja guys",2024-12-23 15:37:00,positif,ceramah tetep dapet relax aja guys
halimprayoga,Instagram,biar agak keras tapi niatnya baik kok,2024-12-23 15:53:40,positif,biar keras niat
waluyoulya,Instagram,masih netral aja sih gw liatnya,2024-12-23 15:08:37,netral,netral aja sih gw liat
mangunsongmaryadi,Instagram,waduh ini sih udah kelewat batas,2024-12-23 15:14:50,negatif,sih udah lewat batas
queensaragih,Instagram,biasa aja sih,2024-12-23 15:34:23,netral,aja sih
yunitafujiati,Instagram,hmm no comment deh,2024-12-23 15:33:24,netral,hmm no comment deh
cahyanto20,Instagram,masih netral aja sih gw liatnya,2024-12-23 15:57:29,netral,netral aja sih gw liat
puputhutagalung,Instagram,waduh ini sih udah kelewat batas,2024-12-23 15:41:02,negatif,sih udah lewat batas
sinagagamani,Instagram,gue liat ini ya udah lah ya,2024-12-23 15:13:51,netral,gue liat ya udah ya
baktiadi68,Instagram,"ga lucu, malah nyakitin hati yg jualan",2024-12-23 15:58:36,negatif,ga lucu nyakitin hati yg jual
sudiatigilang,Instagram,ceramah apaan malah ngehina,2024-12-23 15:21:28,negatif,ceramah ngehina
indahardianto,Instagram,"ga lucu, malah nyakitin hati yg jualan",2024-12-23 15:09:02,negatif,ga lucu nyakitin hati yg jual
sakti62,Instagram,gus miftah harus minta maaf sih ini,2024-12-23 15:00:04,negatif,gus miftah maaf sih
martana19,Instagram,waduh ini sih udah kelewat batas,2024-12-23 15:23:20,negatif,sih udah lewat batas
padmasariyulia,Instagram,jujurly lucu banget sih ini 😭,2024-12-23 15:20:00,positif,jujurly lucu banget sih
cakrabuanasalahudin,Instagram,gw setuju sih ama omongannya gus,2024-12-23 15:58:34,positif,gw tuju sih ama omong gus
bagas88,Instagram,gue liat ini ya udah lah ya,2024-12-23 15:56:29,netral,gue liat ya udah ya
puspasaridariati,Instagram,gw setuju sih ama omongannya gus,2024-12-23 15:56:42,positif,gw tuju sih ama omong gus
pangestutamba,Instagram,ni gus emg ada aja kelakuannya 😂,2024-12-23 15:49:44,positif,ni gus emg aja laku
damanikraditya,Instagram,biasa aja sih,2024-12-23 15:38:20,netral,aja sih
zwacana,Instagram,hmm no comment deh,2024-12-23 15:29:29,netral,hmm no comment deh
hpranowo,Instagram,"ceramahnya tetep dapet kok, relax aja guys",2024-12-23 15:42:41,positif,ceramah tetep dapet relax aja guys
nainggolandaryani,Instagram,ceramah apaan malah ngehina,2024-12-23 15:04:03,negatif,ceramah ngehina
rpangestu,Instagram,gw setuju sih ama omongannya gus,2024-12-23 15:38:07,positif,gw tuju sih ama omong gus
dabukkejamalia,Instagram,tergantung yg nonton juga sih,2024-12-23 15:01:00,netral,gantung yg nonton sih
zprasetyo,Instagram,ga sopan bgt ngomong gitu,2024-12-23 15:04:33,negatif,ga sopan bgt ngomong gitu
slametprasetyo,Instagram,"bener juga sih, kadang netizen terlalu baper",2024-12-23 15:51:04,positif,bener sih kadang netizen baper
hnashiruddin,Instagram,biar agak keras tapi niatnya baik kok,2024-12-23 15:47:12,positif,biar keras niat
oskarfirgantoro,Instagram,gus miftah harus minta maaf sih ini,2024-12-23 15:12:10,negatif,gus miftah maaf sih
siregarbelinda,Instagram,biasa aja sih,2024-12-23 15:55:43,netral,aja sih
jakawastuti,Instagram,ni gus emg ada aja kelakuannya 😂,2024-12-23 15:46:54,positif,ni gus emg aja laku
fhassanah,Instagram,ga sopan bgt ngomong gitu,2024-12-23 15:14:18,negatif,ga sopan bgt ngomong gitu
bhariyah,Instagram,ni gus emg ada aja kelakuannya 😂,2024-12-23 15:40:42,positif,ni gus emg aja laku
mandasarihasan,Instagram,biasa aja sih,2024-12-23 15:22:09,netral,aja sih
vera23,Instagram,"ga lucu, malah nyakitin hati yg jualan",2024-12-23 15:00:19,negatif,ga lucu nyakitin hati yg jual
drajatmandala,Instagram,biasa aja sih,2024-12-23 15:10:32,netral,aja sih
kbudiyanto,Instagram,gw setuju sih ama omongannya gus,2024-12-23 15:55:06,positif,gw tuju sih ama omong gus
pjailani,Instagram,ceramah apaan malah ngehina,2024-12-23 15:35:27,negatif,ceramah ngehina
irawantugiman,Instagram,gue liat ini ya udah lah ya,2024-12-23 15:02:03,netral,gue liat ya udah ya
darunawaluyo,Instagram,jujurly lucu banget sih ini 😭,2024-12-23 15:52:40,positif,jujurly lucu banget sih
emong68,Instagram,biar agak keras tapi niatnya baik kok,2024-12-23 15:04:31,positif,biar keras niat
bpratiwi,Instagram,jujurly lucu banget sih ini 😭,2024-12-23 15:54:11,positif,jujurly lucu banget sih
kamariasetiawan,Instagram,masih netral aja sih gw liatnya,2024-12-23 15:18:27,netral,netral aja sih gw liat
taliahariyah,Instagram,waduh ini sih udah kelewat batas,2024-12-23 15:00:12,negatif,sih udah lewat batas
puspitaana,Instagram,jujurly lucu banget sih ini 😭,2024-12-23 15:04:56,positif,jujurly lucu banget sih
lailasaridadi,Instagram,bisa2 jualan es teh jd insecure 😓,2024-12-23 15:24:44,negatif,jual es teh jd insecure
mnuraini,Instagram,waduh ini sih udah kelewat batas,2024-12-23 15:52:35,negatif,sih udah lewat batas
prajata,Instagram,jujurly lucu banget sih ini 😭,2024-12-23 15:49:45,positif,jujurly lucu banget sih
yuliartiajimin,Instagram,jujurly lucu banget sih ini 😭,2024-12-23 15:58:55,positif,jujurly lucu banget sih
faridaicha,Instagram,biar agak keras tapi niatnya baik kok,2024-12-23 15:12:58,positif,biar keras niat
dsiregar,Instagram,biasa aja sih,2024-12-23 15:33:03,netral,aja sih
januarbanawi,Instagram,ni gus emg ada aja kelakuannya 😂,2024-12-23 15:39:47,positif,ni gus emg aja laku
onovitasari,Instagram,jujurly lucu banget sih ini 😭,2024-12-23 15:30:12,positif,jujurly lucu banget sih
radenmarbun,Instagram,gus miftah harus minta maaf sih ini,2024-12-23 15:07:49,negatif,gus miftah maaf sih
halimyoga,Instagram,waduh ini sih udah kelewat batas,2024-12-23 15:19:18,negatif,sih udah lewat batas
mansurcawisadi,Instagram,biasa aja sih,2024-12-23 15:21:35,netral,aja sih
chelsea35,Instagram,jujurly lucu banget sih ini 😭,2024-12-23 15:13:39,positif,jujurly lucu banget sih
iswahyudiluwar,Instagram,"ga lucu, malah nyakitin hati yg jualan",2024-12-23 15:36:15,negatif,ga lucu nyakitin hati yg jual
saadat15,Instagram,biasa aja sih,2024-12-23 15:21:35,netral,aja sih
lantar79,Instagram,ga tau mau bilang apa,2024-12-23 15:37:52,netral,ga tau bilang
msusanti,Instagram,ceramah apaan malah ngehina,2024-12-23 15:55:24,negatif,ceramah ngehina
harimurti74,Instagram,biar agak keras tapi niatnya baik kok,2024-12-23 15:12:32,positif,biar keras niat
nataliabudiman,Instagram,gw setuju sih ama omongannya gus,2024-12-23 15:44:55,positif,gw tuju sih ama omong gus
rini33,Instagram,"ceramahnya tetep dapet kok, relax aja guys",2024-12-23 15:53:02,positif,ceramah tetep dapet relax aja guys
vino18,Instagram,biasa aja sih,2024-12-23 15:07:42,netral,aja sih
ynugroho,Instagram,biasa aja sih,2024-12-23 15:57:57,netral,aja sih
fujiatiyuliana,Instagram,gus miftah harus minta maaf sih ini,2024-12-23 15:16:41,negatif,gus miftah maaf sih
respatihalim,Instagram,ni gus emg ada aja kelakuannya 😂,2024-12-23 15:31:04,positif,ni gus emg aja laku
prastutijanet,Instagram,hmm no comment deh,2024-12-23 15:36:19,netral,hmm no comment deh
glailasari,Instagram,gue liat ini ya udah lah ya,2024-12-23 15:02:22,netral,gue liat ya udah ya
puspaprasetyo,Instagram,gw setuju sih ama omongannya gus,2024-12-23 15:47:57,positif,gw tuju sih ama omong gus
aryaniempluk,Instagram,tergantung yg nonton juga sih,2024-12-23 15:03:28,netral,gantung yg nonton sih
farah75,Instagram,gw setuju sih ama omongannya gus,2024-12-23 15:58:30,positif,gw tuju sih ama omong gus
unajmudin,Instagram,"ga lucu, malah nyakitin hati yg jualan",2024-12-23 15:32:06,negatif,ga lucu nyakitin hati yg jual
suryonomartani,Instagram,tergantung yg nonton juga sih,2024-12-23 15:21:22,netral,gantung yg nonton sih
prasetyo33,Instagram,ceramah apaan malah ngehina,2024-12-23 15:56:09,negatif,ceramah ngehina
hariyahmarsudi,Instagram,gus miftah harus minta maaf sih ini,2024-12-23 15:37:40,negatif,gus miftah maaf sih
mutia61,Instagram,gw setuju sih ama omongannya gus,2024-12-23 15:37:44,positif,gw tuju sih ama omong gus
hakimerik,Instagram,ga sopan bgt ngomong gitu,2024-12-23 15:52:51,negatif,ga sopan bgt ngomong gitu
hzulaika,Instagram,ga tau mau bilang apa,2024-12-23 15:41:45,netral,ga tau bilang
adriansyahgamblang,Instagram,ga sopan bgt ngomong gitu,2024-12-23 15:37:14,negatif,ga sopan bgt ngomong gitu
siregarmaria,Instagram,biar agak keras tapi niatnya baik kok,2024-12-23 15:10:13,positif,biar keras niat
adityalestari,Instagram,"bener juga sih, kadang netizen terlalu baper",2024-12-23 15:09:00,positif,bener sih kadang netizen baper
rahayumargana,Instagram,"ceramahnya tetep dapet kok, relax aja guys",2024-12-23 15:07:40,positif,ceramah tetep dapet relax aja guys
kuswandarilalita,Instagram,ceramah apaan malah ngehina,2024-12-23 15:22:00,negatif,ceramah ngehina
sitompulnasrullah,Instagram,bisa2 jualan es teh jd insecure 😓,2024-12-23 15:01:18,negatif,jual es teh jd insecure
hana64,Instagram,jujurly lucu banget sih ini 😭,2024-12-23 15:06:04,positif,jujurly lucu banget sih
tugiman98,Instagram,masih netral aja sih gw liatnya,2024-12-23 15:29:31,netral,netral aja sih gw liat
baktianto24,Instagram,biar agak keras tapi niatnya baik kok,2024-12-23 15:39:55,positif,biar keras niat
putupradana,Instagram,biar agak keras tapi niatnya baik kok,2024-12-23 15:00:20,positif,biar keras niat
inamaga,Instagram,waduh ini sih udah kelewat batas,2024-12-23 15:58:33,negatif,sih udah lewat batas
gantarmarbun,Instagram,ni gus emg ada aja kelakuannya 😂,2024-12-23 15:01:16,positif,ni gus emg aja laku
zulaikavinsen,Instagram,ga tau mau bilang apa,2024-12-23 15:19:59,netral,ga tau bilang
wputra,Instagram,bisa2 jualan es teh jd insecure 😓,2024-12-23 15:36:56,negatif,jual es teh jd insecure
lzulkarnain,Instagram,biar agak keras tapi niatnya baik kok,2024-12-23 15:12:39,positif,biar keras niat
wahyunidina,Instagram,ga sopan bgt ngomong gitu,2024-12-23 15:24:03,negatif,ga sopan bgt ngomong gitu
tpurnawati,Instagram,biasa aja sih,2024-12-23 15:16:12,netral,aja sih
vnarpati,Instagram,"bener juga sih, kadang netizen terlalu baper",2024-12-23 15:40:35,positif,bener sih kadang netizen baper
nurulsantoso,Instagram,jujurly lucu banget sih ini 😭,2024-12-23 15:24:44,positif,jujurly lucu banget sih
amaheswara,Instagram,biar agak keras tapi niatnya baik kok,2024-12-23 15:17:17,positif,biar keras niat
siregarumay,Instagram,masih netral aja sih gw liatnya,2024-12-23 15:22:43,netral,netral aja sih gw liat
tpratiwi,Instagram,tergantung yg nonton juga sih,2024-12-23 15:02:55,netral,gantung yg nonton sih
sitorusjaeman,Instagram,"bener juga sih, kadang netizen terlalu baper",2024-12-23 15:05:20,positif,bener sih kadang netizen baper
rajasaedward,Instagram,gw setuju sih ama omongannya gus,2024-12-23 15:04:00,positif,gw tuju sih ama omong gus
agussirait,Instagram,masih netral aja sih gw liatnya,2024-12-23 15:40:50,netral,netral aja sih gw liat
eman93,Instagram,"bener juga sih, kadang netizen terlalu baper",2024-12-23 15:20:43,positif,bener sih kadang netizen baper
giswahyudi,Instagram,ceramah apaan malah ngehina,2024-12-23 15:37:06,negatif,ceramah ngehina
sihombingmakara,Instagram,ga sopan bgt ngomong gitu,2024-12-23 15:15:07,negatif,ga sopan bgt ngomong gitu
umaykuswandari,Instagram,"ceramahnya tetep dapet kok, relax aja guys",2024-12-23 15:40:10,positif,ceramah tetep dapet relax aja guys
puyainah,Instagram,ceramah apaan malah ngehina,2024-12-23 15:12:16,negatif,ceramah ngehina
ibunanggriawan,Instagram,biasa aja sih,2024-12-23 15:25:35,netral,aja sih
onuraini,Instagram,ni gus emg ada aja kelakuannya 😂,2024-12-23 15:30:20,positif,ni gus emg aja laku
upermadi,Instagram,ga tau mau bilang apa,2024-12-23 15:42:57,netral,ga tau bilang
febisuryatmi,Instagram,gue liat ini ya udah lah ya,2024-12-23 15:42:25,netral,gue liat ya udah ya
wibisonofebi,Instagram,gus miftah harus minta maaf sih ini,2024-12-23 15:24:07,negatif,gus miftah maaf sih
gawatisitompul,Instagram,gw setuju sih ama omongannya gus,2024-12-23 15:42:04,positif,gw tuju sih ama omong gus
ukurniawan,Instagram,ceramah apaan malah ngehina,2024-12-23 15:02:38,negatif,ceramah ngehina
dacinsitumorang,Instagram,ni gus emg ada aja kelakuannya 😂,2024-12-23 15:57:38,positif,ni gus emg aja laku
pangesturatna,Instagram,hmm no comment deh,2024-12-23 15:06:21,netral,hmm no comment deh
manahwastuti,Instagram,bisa2 jualan es teh jd insecure 😓,2024-12-23 15:46:44,negatif,jual es teh jd insecure
thidayat,Instagram,jujurly lucu banget sih ini 😭,2024-12-23 15:48:57,positif,jujurly lucu banget sih
mandalaadiarja,Instagram,ga sopan bgt ngomong gitu,2024-12-23 15:01:36,negatif,ga sopan bgt ngomong gitu
bakimanmardhiyah,Instagram,gus miftah harus minta maaf sih ini,2024-12-23 15:49:44,negatif,gus miftah maaf sih
lprasetya,Instagram,waduh ini sih udah kelewat batas,2024-12-23 15:31:11,negatif,sih udah lewat batas
afirmansyah,Instagram,jujurly lucu banget sih ini 😭,2024-12-23 15:08:46,positif,jujurly lucu banget sih
gangsa06,Instagram,gue liat ini ya udah lah ya,2024-12-23 15:23:41,netral,gue liat ya udah ya
ibranipalastri,Instagram,ceramah apaan malah ngehina,2024-12-23 15:19:20,negatif,ceramah ngehina
opan08,Instagram,biar agak keras tapi niatnya baik kok,2024-12-23 15:40:29,positif,biar keras niat
nyomantarihoran,Instagram,"ceramahnya tetep dapet kok, relax aja guys",2024-12-23 15:36:46,positif,ceramah tetep dapet relax aja guys
wusada,Instagram,"bener juga sih, kadang netizen terlalu baper",2024-12-23 15:45:28,positif,bener sih kadang netizen baper
nasyiahbancar,Instagram,"bener juga sih, kadang netizen terlalu baper",2024-12-23 15:37:08,positif,bener sih kadang netizen baper
ajimin77,Instagram,jujurly lucu banget sih ini 😭,2024-12-23 15:45:50,positif,jujurly lucu banget sih
agustinalaksana,Instagram,"bener juga sih, kadang netizen terlalu baper",2024-12-23 15:20:51,positif,bener sih kadang netizen baper
arsipatrahidayanto,Instagram,ceramah apaan malah ngehina,2024-12-23 15:07:35,negatif,ceramah ngehina
cawuk78,Instagram,tergantung yg nonton juga sih,2024-12-23 15:22:00,netral,gantung yg nonton sih
jaswadihassanah,Instagram,"ceramahnya tetep dapet kok, relax aja guys",2024-12-23 15:18:37,positif,ceramah tetep dapet relax aja guys
lasmono23,Instagram,biasa aja sih,2024-12-23 15:32:21,netral,aja sih
nurainiemil,Instagram,ga sopan bgt ngomong gitu,2024-12-23 15:00:27,negatif,ga sopan bgt ngomong gitu
jthamrin,Instagram,gue liat ini ya udah lah ya,2024-12-23 15:20:36,netral,gue liat ya udah ya
veromarpaung,Instagram,biar agak keras tapi niatnya baik kok,2024-12-23 15:03:45,positif,biar keras niat
paramitaprasasta,Instagram,biar agak keras tapi niatnya baik kok,2024-12-23 15:36:21,positif,biar keras niat
suartinidarsirah,Instagram,gw setuju sih ama omongannya gus,2024-12-23 15:31:05,positif,gw tuju sih ama omong gus
lamarprastuti,Instagram,"ga lucu, malah nyakitin hati yg jualan",2024-12-23 15:26:00,negatif,ga lucu nyakitin hati yg jual
dalima80,Instagram,biasa aja sih,2024-12-23 15:15:49,netral,aja sih
andrianibakianto,Instagram,biar agak keras tapi niatnya baik kok,2024-12-23 15:41:16,positif,biar keras niat
tomisusanti,Instagram,ga tau mau bilang apa,2024-12-23 15:47:30,netral,ga tau bilang
vjailani,Instagram,gus miftah harus minta maaf sih ini,2024-12-23 15:05:55,negatif,gus miftah maaf sih
farhunnisa50,Instagram,"bener juga sih, kadang netizen terlalu baper",2024-12-23 15:53:30,positif,bener sih kadang netizen baper
sriyanti,Instagram,"ceramahnya tetep dapet kok, relax aja guys",2024-12-23 15:50:30,positif,ceramah tetep dapet relax aja guys
kenarihardiansyah,Instagram,gue liat ini ya udah lah ya,2024-12-23 15:24:39,netral,gue liat ya udah ya
firgantorogada,Instagram,"ga lucu, malah nyakitin hati yg jualan",2024-12-23 15:05:34,negatif,ga lucu nyakitin hati yg jual
safitriharjo,Instagram,biar agak keras tapi niatnya baik kok,2024-12-23 15:32:35,positif,biar keras niat
nasyiahyulia,Instagram,"ga lucu, malah nyakitin hati yg jualan",2024-12-23 15:34:24,negatif,ga lucu nyakitin hati yg jual
qirawan,Instagram,gw setuju sih ama omongannya gus,2024-12-23 15:50:30,positif,gw tuju sih ama omong gus
firgantorotari,Instagram,ni gus emg ada aja kelakuannya 😂,2024-12-23 15:59:21,positif,ni gus emg aja laku
sihombingprayoga,Instagram,ni gus emg ada aja kelakuannya 😂,2024-12-23 15:07:00,positif,ni gus emg aja laku
prayitna58,Instagram,jujurly lucu banget sih ini 😭,2024-12-23 15:57:04,positif,jujurly lucu banget sih
cindy91,Instagram,hmm no comment deh,2024-12-23 15:17:39,netral,hmm no comment deh
pradanauchita,Instagram,"ceramahnya tetep dapet kok, relax aja guys",2024-12-23 15:01:24,positif,ceramah tetep dapet relax aja guys
mulyaniharimurti,Instagram,hmm no comment deh,2024-12-23 15:15:58,netral,hmm no comment deh
kairavusada,Instagram,ga sopan bgt ngomong gitu,2024-12-23 15:13:53,negatif,ga sopan bgt ngomong gitu
ade57,Instagram,"bener juga sih, kadang netizen terlalu baper",2024-12-23 15:56:51,positif,bener sih kadang netizen baper
najwasihombing,Instagram,bisa2 jualan es teh jd insecure 😓,2024-12-23 15:40:22,negatif,jual es teh jd insecure
latikahasanah,Instagram,hmm no comment deh,2024-12-23 15:50:30,netral,hmm no comment deh
ellis07,Instagram,ceramah apaan malah ngehina,2024-12-23 15:21:22,negatif,ceramah ngehina
narpatiajeng,Instagram,biasa aja sih,2024-12-23 15:21:12,netral,aja sih
cahyanto35,Instagram,biar agak keras tapi niatnya baik kok,2024-12-23 15:29:38,positif,biar keras niat
nashiruddindarmanto,Instagram,"ga lucu, malah nyakitin hati yg jualan",2024-12-23 15:48:12,negatif,ga lucu nyakitin hati yg jual
nhabibi,Instagram,tergantung yg nonton juga sih,2024-12-23 15:33:06,netral,gantung yg nonton sih
prayogajessica,Instagram,gus miftah harus minta maaf sih ini,2024-12-23 15:44:52,negatif,gus miftah maaf sih
wulandaritina,Instagram,tergantung yg nonton juga sih,2024-12-23 15:17:15,netral,gantung yg nonton sih
ytampubolon,Instagram,ga tau mau bilang apa,2024-12-23 15:20:19,netral,ga tau bilang
calista47,Instagram,gus miftah harus minta maaf sih ini,2024-12-23 15:01:12,negatif,gus miftah maaf sih
rini58,Instagram,masih netral aja sih gw liatnya,2024-12-23 15:46:55,netral,netral aja sih gw liat
astutihalima,Instagram,ceramah apaan malah ngehina,2024-12-23 15:39:07,negatif,ceramah ngehina
npradipta,Instagram,ga tau mau bilang apa,2024-12-23 15:35:10,netral,ga tau bilang
ikinastuti,Instagram,ni gus emg ada aja kelakuannya 😂,2024-12-23 15:09:57,positif,ni gus emg aja laku
zhabibi,Instagram,biasa aja sih,2024-12-23 15:03:24,netral,aja sih
putiwaskita,Instagram,ga sopan bgt ngomong gitu,2024-12-23 15:56:42,negatif,ga sopan bgt ngomong gitu
vinsen41,Instagram,gue liat ini ya udah lah ya,2024-12-23 15:14:27,netral,gue liat ya udah ya
daruwastuti,Instagram,jujurly lucu banget sih ini 😭,2024-12-23 15:23:51,positif,jujurly lucu banget sih
sprasetyo,Instagram,"ga lucu, malah nyakitin hati yg jualan",2024-12-23 15:25:48,negatif,ga lucu nyakitin hati yg jual
saadatsitompul,Instagram,ga tau mau bilang apa,2024-12-23 15:03:21,netral,ga tau bilang
bwinarno,Instagram,gus miftah harus minta maaf sih ini,2024-12-23 15:52:01,negatif,gus miftah maaf sih
salsabilasiregar,Instagram,gus miftah harus minta maaf sih ini,2024-12-23 15:33:53,negatif,gus miftah maaf sih
ella33,Instagram,hmm no comment deh,2024-12-23 15:39:23,netral,hmm no comment deh
irahimah,Instagram,"ga lucu, malah nyakitin hati yg jualan",2024-12-23 15:29:01,negatif,ga lucu nyakitin hati yg jual
prasetyaprabowo,Instagram,ga tau mau bilang apa,2024-12-23 15:39:47,netral,ga tau bilang
kayun75,Instagram,ga sopan bgt ngomong gitu,2024-12-23 15:54:34,negatif,ga sopan bgt ngomong gitu
hgunarto,Instagram,biar agak keras tapi niatnya baik kok,2024-12-23 15:48:13,positif,biar keras niat
hasanahmaras,Instagram,"ga lucu, malah nyakitin hati yg jualan",2024-12-23 15:12:23,negatif,ga lucu nyakitin hati yg jual
mursinin56,Instagram,"bener juga sih, kadang netizen terlalu baper",2024-12-23 15:34:15,positif,bener sih kadang netizen baper
rajatarama,Instagram,gus miftah harus minta maaf sih ini,2024-12-23 15:29:37,negatif,gus miftah maaf sih
luisnasyidah,Instagram,"ga lucu, malah nyakitin hati yg jualan",2024-12-23 15:40:01,negatif,ga lucu nyakitin hati yg jual
winarsihomar,Instagram,gw setuju sih ama omongannya gus,2024-12-23 15:50:34,positif,gw tuju sih ama omong gus
ganda04,Instagram,gw setuju sih ama omongannya gus,2024-12-23 15:57:24,positif,gw tuju sih ama omong gus
indah01,Instagram,ga tau mau bilang apa,2024-12-23 15:14:54,netral,ga tau bilang
faizahardianto,Instagram,ceramah apaan malah ngehina,2024-12-23 15:13:28,negatif,ceramah ngehina
puspitaqori,Instagram,masih netral aja sih gw liatnya,2024-12-23 15:20:35,netral,netral aja sih gw liat
jayeng28,Instagram,ga sopan bgt ngomong gitu,2024-12-23 15:29:16,negatif,ga sopan bgt ngomong gitu
prayogakarta,Instagram,ga tau mau bilang apa,2024-12-23 15:09:03,netral,ga tau bilang
lantar66,Instagram,"ga lucu, malah nyakitin hati yg jualan",2024-12-23 15:05:11,negatif,ga lucu nyakitin hati yg jual
yani54,Instagram,"bener juga sih, kadang netizen terlalu baper",2024-12-23 15:15:15,positif,bener sih kadang netizen baper
darmanariyanti,Instagram,ceramah apaan malah ngehina,2024-12-23 15:15:12,negatif,ceramah ngehina
adriansyahlanggeng,Instagram,masih netral aja sih gw liatnya,2024-12-23 15:50:13,netral,netral aja sih gw liat
ghaliyati01,Instagram,jujurly lucu banget sih ini 😭,2024-12-23 15:34:35,positif,jujurly lucu banget sih
candrakantakuswoyo,Instagram,gw setuju sih ama omongannya gus,2024-12-23 15:54:35,positif,gw tuju sih ama omong gus
tfirmansyah,Instagram,masih netral aja sih gw liatnya,2024-12-23 15:19:16,netral,netral aja sih gw liat
keisha93,Instagram,masih netral aja sih gw liatnya,2024-12-23 15:13:30,netral,netral aja sih gw liat
patricia65,Instagram,tergantung yg nonton juga sih,2024-12-23 15:57:47,netral,gantung yg nonton sih
sihombingjaga,Instagram,"ga lucu, malah nyakitin hati yg jualan",2024-12-23 15:12:54,negatif,ga lucu nyakitin hati yg jual
xjailani,Instagram,"bener juga sih, kadang netizen terlalu baper",2024-12-23 15:05:11,positif,bener sih kadang netizen baper
gadingtamba,Instagram,biasa aja sih,2024-12-23 15:12:44,netral,aja sih
andrianimursita,Instagram,"bener juga sih, kadang netizen terlalu baper",2024-12-23 15:09:31,positif,bener sih kadang netizen baper
mulyanidaniswara,Instagram,gus miftah harus minta maaf sih ini,2024-12-23 15:16:57,negatif,gus miftah maaf sih
sinagavivi,Instagram,gw setuju sih ama omongannya gus,2024-12-23 15:48:42,positif,gw tuju sih ama omong gus
olatupono,Instagram,bisa2 jualan es teh jd insecure 😓,2024-12-23 15:53:36,negatif,jual es teh jd insecure
cawukusamah,Instagram,ni gus emg ada aja kelakuannya 😂,2024-12-23 15:54:26,positif,ni gus emg aja laku
rinidamanik,Instagram,gw setuju sih ama omongannya gus,2024-12-23 15:53:45,positif,gw tuju sih ama omong gus
ukusmawati,Instagram,ceramah apaan malah ngehina,2024-12-23 15:42:26,negatif,ceramah ngehina
ega55,Instagram,"ceramahnya tetep dapet kok, relax aja guys",2024-12-23 15:10:59,positif,ceramah tetep dapet relax aja guys
tugimaniswahyudi,Instagram,biasa aja sih,2024-12-23 15:51:08,netral,aja sih
gaduhsaputra,Instagram,tergantung yg nonton juga sih,2024-12-23 15:34:28,netral,gantung yg nonton sih
xlaksmiwati,Instagram,gw setuju sih ama omongannya gus,2024-12-23 15:09:26,positif,gw tuju sih ama omong gus
tri42,Instagram,"bener juga sih, kadang netizen terlalu baper",2024-12-23 15:29:50,positif,bener sih kadang netizen baper
ilyas96,Instagram,"ceramahnya tetep dapet kok, relax aja guys",2024-12-23 15:51:24,positif,ceramah tetep dapet relax aja guys
aryanisurya,Instagram,ga sopan bgt ngomong gitu,2024-12-23 15:03:01,negatif,ga sopan bgt ngomong gitu
samosirdamar,Instagram,gw setuju sih ama omongannya gus,2024-12-23 15:54:05,positif,gw tuju sih ama omong gus
mardhiyahvero,Instagram,jujurly lucu banget sih ini 😭,2024-12-23 15:44:40,positif,jujurly lucu banget sih
langgeng08,Instagram,hmm no comment deh,2024-12-23 15:25:09,netral,hmm no comment deh
skuswoyo,Instagram,jujurly lucu banget sih ini 😭,2024-12-23 15:24:45,positif,jujurly lucu banget sih
dodo10,Instagram,gus miftah harus minta maaf sih ini,2024-12-23 15:58:19,negatif,gus miftah maaf sih
palastrinurul,Instagram,ga sopan bgt ngomong gitu,2024-12-23 15:11:24,negatif,ga sopan bgt ngomong gitu
hdabukke,Instagram,ni gus emg ada aja kelakuannya 😂,2024-12-23 15:25:17,positif,ni gus emg aja laku
plaksita,Instagram,biasa aja sih,2024-12-23 15:10:34,netral,aja sih
niyagakuswandari,Instagram,jujurly lucu banget sih ini 😭,2024-12-23 15:03:06,positif,jujurly lucu banget sih
labuh11,Instagram,ni gus emg ada aja kelakuannya 😂,2024-12-23 15:45:26,positif,ni gus emg aja laku
habibibakiman,Instagram,gue liat ini ya udah lah ya,2024-12-23 15:33:26,netral,gue liat ya udah ya
rharyanti,Instagram,masih netral aja sih gw liatnya,2024-12-23 15:23:54,netral,netral aja sih gw liat
bakda89,Instagram,"ceramahnya tetep dapet kok, relax aja guys",2024-12-23 15:03:01,positif,ceramah tetep dapet relax aja guys
belindawinarsih,Instagram,hmm no comment deh,2024-12-23 15:29:20,netral,hmm no comment deh
xmarbun,Instagram,ni gus emg ada aja kelakuannya 😂,2024-12-23 15:25:51,positif,ni gus emg aja laku
cecep49,Instagram,"ceramahnya tetep dapet kok, relax aja guys",2024-12-23 15:26:43,positif,ceramah tetep dapet relax aja guys
limarmandasari,Instagram,jujurly lucu banget sih ini 😭,2024-12-23 15:29:16,positif,jujurly lucu banget sih
pwaskita,Instagram,jujurly lucu banget sih ini 😭,2024-12-23 15:42:25,positif,jujurly lucu banget sih
setya83,Instagram,ceramah apaan malah ngehina,2024-12-23 15:41:50,negatif,ceramah ngehina
ssihombing,Instagram,masih netral aja sih gw liatnya,2024-12-23 15:34:36,netral,netral aja sih gw liat
fsirait,Instagram,ni gus emg ada aja kelakuannya 😂,2024-12-23 15:19:55,positif,ni gus emg aja laku
paiman07,Instagram,gus miftah harus minta maaf sih ini,2024-12-23 15:46:52,negatif,gus miftah maaf sih
ediwulandari,Instagram,ga tau mau bilang apa,2024-12-23 15:49:44,netral,ga tau bilang
khariyah,Instagram,masih netral aja sih gw liatnya,2024-12-23 15:27:54,netral,netral aja sih gw liat
situmorangcornelia,Instagram,gus miftah harus minta maaf sih ini,2024-12-23 15:33:25,negatif,gus miftah maaf sih
omarwibisono,Instagram,gw setuju sih ama omongannya gus,2024-12-23 15:56:43,positif,gw tuju sih ama omong gus
darijan69,Instagram,"ga lucu, malah nyakitin hati yg jualan",2024-12-23 15:41:03,negatif,ga lucu nyakitin hati yg jual
bgunawan,Instagram,gus miftah harus minta maaf sih ini,2024-12-23 15:53:32,negatif,gus miftah maaf sih
mardhiyahjaga,Instagram,masih netral aja sih gw liatnya,2024-12-23 15:55:53,netral,netral aja sih gw liat
gandihassanah,Instagram,"ga lucu, malah nyakitin hati yg jualan",2024-12-23 15:18:40,negatif,ga lucu nyakitin hati yg jual
ida06,Instagram,hmm no comment deh,2024-12-23 15:36:06,netral,hmm no comment deh
mulyanidwi,Instagram,ga sopan bgt ngomong gitu,2024-12-23 15:15:38,negatif,ga sopan bgt ngomong gitu
nhalimah,Instagram,gus miftah harus minta maaf sih ini,2024-12-23 15:16:50,negatif,gus miftah maaf sih
warsitasihombing,Instagram,waduh ini sih udah kelewat batas,2024-12-23 15:41:03,negatif,sih udah lewat batas
andrianitirta,Instagram,"ceramahnya tetep dapet kok, relax aja guys",2024-12-23 15:25:47,positif,ceramah tetep dapet relax aja guys
rizki25,Instagram,"ga lucu, malah nyakitin hati yg jualan",2024-12-23 15:23:57,negatif,ga lucu nyakitin hati yg jual
harsanapranowo,Instagram,"ga lucu, malah nyakitin hati yg jualan",2024-12-23 15:44:10,negatif,ga lucu nyakitin hati yg jual
saefullahliman,Instagram,ceramah apaan malah ngehina,2024-12-23 15:40:44,negatif,ceramah ngehina
jaga99,Instagram,gue liat ini ya udah lah ya,2024-12-23 15:04:14,netral,gue liat ya udah ya
mitrasiregar,Instagram,biasa aja sih,2024-12-23 15:51:12,netral,aja sih
zsitumorang,Instagram,gus miftah harus minta maaf sih ini,2024-12-23 15:20:07,negatif,gus miftah maaf sih
janesusanti,Instagram,masih netral aja sih gw liatnya,2024-12-23 15:29:54,netral,netral aja sih gw liat
ibrahim58,Instagram,hmm no comment deh,2024-12-23 15:33:52,netral,hmm no comment deh
dodopalastri,Instagram,gw setuju sih ama omongannya gus,2024-12-23 15:09:08,positif,gw tuju sih ama omong gus
hendra56,Instagram,ceramah apaan malah ngehina,2024-12-23 15:21:37,negatif,ceramah ngehina
ayuniar,Instagram,"bener juga sih, kadang netizen terlalu baper",2024-12-23 15:08:20,positif,bener sih kadang netizen baper
latika82,Instagram,ni gus emg ada aja kelakuannya 😂,2024-12-23 15:57:57,positif,ni gus emg aja laku
mmarpaung,Instagram,masih netral aja sih gw liatnya,2024-12-23 15:01:08,netral,netral aja sih gw liat
rafid35,Instagram,hmm no comment deh,2024-12-23 15:41:05,netral,hmm no comment deh
ciaobellanapitupulu,Instagram,jujurly lucu banget sih ini 😭,2024-12-23 15:11:27,positif,jujurly lucu banget sih
purwantonapitupulu,Instagram,hmm no comment deh,2024-12-23 15:47:20,netral,hmm no comment deh
nurainidadi,Instagram,ceramah apaan malah ngehina,2024-12-23 15:25:48,negatif,ceramah ngehina
vrahmawati,Instagram,"ga lucu, malah nyakitin hati yg jualan",2024-12-23 15:35:50,negatif,ga lucu nyakitin hati yg jual
bpermata,Instagram,masih netral aja sih gw liatnya,2024-12-23 15:26:30,netral,netral aja sih gw liat
jsuryono,Instagram,hmm no comment deh,2024-12-23 15:16:54,netral,hmm no comment deh
laksmiwatiarta,Instagram,tergantung yg nonton juga sih,2024-12-23 15:56:44,netral,gantung yg nonton sih
juliakuswoyo,Instagram,gue liat ini ya udah lah ya,2024-12-23 15:44:01,netral,gue liat ya udah ya
pradanasarah,Instagram,bisa2 jualan es teh jd insecure 😓,2024-12-23 15:16:34,negatif,jual es teh jd insecure
cutami,Instagram,waduh ini sih udah kelewat batas,2024-12-23 15:40:59,negatif,sih udah lewat batas
habibijaya,Instagram,gue liat ini ya udah lah ya,2024-12-23 15:50:28,netral,gue liat ya udah ya
nurdiyantihumaira,Instagram,gus miftah harus minta maaf sih ini,2024-12-23 15:19:54,negatif,gus miftah maaf sih
hastutioliva,Instagram,masih netral aja sih gw liatnya,2024-12-23 15:52:53,netral,netral aja sih gw liat
galuh07,Instagram,biar agak keras tapi niatnya baik kok,2024-12-23 15:51:56,positif,biar keras niat
lwahyudin,Instagram,biar agak keras tapi niatnya baik kok,2024-12-23 15:06:58,positif,biar keras niat
kutami,Instagram,ceramah apaan malah ngehina,2024-12-23 15:57:38,negatif,ceramah ngehina
pratamadamu,Instagram,gw setuju sih ama omongannya gus,2024-12-23 15:30:18,positif,gw tuju sih ama omong gus
lutama,Instagram,"ga lucu, malah nyakitin hati yg jualan",2024-12-23 15:53:47,negatif,ga lucu nyakitin hati yg jual
maida85,Instagram,gw setuju sih ama omongannya gus,2024-12-23 15:02:24,positif,gw tuju sih ama omong gus
gunartotina,Instagram,ga tau mau bilang apa,2024-12-23 15:26:29,netral,ga tau bilang
ami51,Instagram,"ceramahnya tetep dapet kok, relax aja guys",2024-12-23 15:41:13,positif,ceramah tetep dapet relax aja guys
kawacaandriani,Instagram,biar agak keras tapi niatnya baik kok,2024-12-23 15:48:02,positif,biar keras niat
anggrainiluthfi,Instagram,biar agak keras tapi niatnya baik kok,2024-12-23 15:36:59,positif,biar keras niat
marwatawibowo,Instagram,gue liat ini ya udah lah ya,2024-12-23 15:49:47,netral,gue liat ya udah ya
ira40,Instagram,bisa2 jualan es teh jd insecure 😓,2024-12-23 15:45:45,negatif,jual es teh jd insecure
endra18,Instagram,biasa aja sih,2024-12-23 15:46:45,netral,aja sih
hildahardiansyah,Instagram,waduh ini sih udah kelewat batas,2024-12-23 15:08:28,negatif,sih udah lewat batas
simonnashiruddin,Instagram,masih netral aja sih gw liatnya,2024-12-23 15:51:11,netral,netral aja sih gw liat
azalea55,Instagram,gw setuju sih ama omongannya gus,2024-12-23 15:52:48,positif,gw tuju sih ama omong gus
jagaragasitompul,Instagram,gue liat ini ya udah lah ya,2024-12-23 15:13:40,netral,gue liat ya udah ya
wasitazalindra,Instagram,tergantung yg nonton juga sih,2024-12-23 15:41:45,netral,gantung yg nonton sih
jaiman06,Instagram,waduh ini sih udah kelewat batas,2024-12-23 15:29:04,negatif,sih udah lewat batas
anggriawanmahdi,Instagram,waduh ini sih udah kelewat batas,2024-12-23 15:46:52,negatif,sih udah lewat batas
astutivivi,Instagram,"ceramahnya tetep dapet kok, relax aja guys",2024-12-23 15:12:31,positif,ceramah tetep dapet relax aja guys
elma54,Instagram,masih netral aja sih gw liatnya,2024-12-23 15:48:18,netral,netral aja sih gw liat
balamantriprasasta,Instagram,jujurly lucu banget sih ini 😭,2024-12-23 15:01:05,positif,jujurly lucu banget sih
daryanilaksita,Instagram,ga tau mau bilang apa,2024-12-23 15:44:58,netral,ga tau bilang
vera58,Instagram,"ga lucu, malah nyakitin hati yg jualan",2024-12-23 15:35:00,negatif,ga lucu nyakitin hati yg jual
puti46,Instagram,"bener juga sih, kadang netizen terlalu baper",2024-12-23 15:27:55,positif,bener sih kadang netizen baper
ewaskita,Instagram,gus miftah harus minta maaf sih ini,2024-12-23 15:06:07,negatif,gus miftah maaf sih
ianrajasa,Instagram,biar agak keras tapi niatnya baik kok,2024-12-23 15:11:01,positif,biar keras niat
satya93,Instagram,ga sopan bgt ngomong gitu,2024-12-23 15:10:10,negatif,ga sopan bgt ngomong gitu
cakrawala00,Instagram,gue liat ini ya udah lah ya,2024-12-23 15:18:37,netral,gue liat ya udah ya
gaduhsafitri,Instagram,gus miftah harus minta maaf sih ini,2024-12-23 15:06:43,negatif,gus miftah maaf sih
tugimanrahayu,Instagram,gw setuju sih ama omongannya gus,2024-12-23 15:58:55,positif,gw tuju sih ama omong gus
zelayatampubolon,Instagram,bisa2 jualan es teh jd insecure 😓,2024-12-23 15:22:40,negatif,jual es teh jd insecure
mulyonosuryatmi,Instagram,jujurly lucu banget sih ini 😭,2024-12-23 15:01:55,positif,jujurly lucu banget sih
legasuryono,Instagram,"bener juga sih, kadang netizen terlalu baper",2024-12-23 15:20:49,positif,bener sih kadang netizen baper
dirjasafitri,Instagram,bisa2 jualan es teh jd insecure 😓,2024-12-23 15:26:45,negatif,jual es teh jd insecure
wasitajaiman,Instagram,gw setuju sih ama omongannya gus,2024-12-23 15:26:25,positif,gw tuju sih ama omong gus
prasastagalih,Instagram,waduh ini sih udah kelewat batas,2024-12-23 15:07:18,negatif,sih udah lewat batas
ida50,Instagram,"bener juga sih, kadang netizen terlalu baper",2024-12-23 15:18:16,positif,bener sih kadang netizen baper
clara13,Instagram,gus miftah harus minta maaf sih ini,2024-12-23 15:55:16,negatif,gus miftah maaf sih
xuwais,Instagram,"ceramahnya tetep dapet kok, relax aja guys",2024-12-23 15:32:56,positif,ceramah tetep dapet relax aja guys
jatiwinarsih,Instagram,gw setuju sih ama omongannya gus,2024-12-23 15:00:05,positif,gw tuju sih ama omong gus
santososamiah,Instagram,hmm no comment deh,2024-12-23 15:56:42,netral,hmm no comment deh
galur14,Instagram,masih netral aja sih gw liatnya,2024-12-23 15:33:02,netral,netral aja sih gw liat
tdamanik,Instagram,"ga lucu, malah nyakitin hati yg jualan",2024-12-23 15:53:52,negatif,ga lucu nyakitin hati yg jual
nwasita,Instagram,"ceramahnya tetep dapet kok, relax aja guys",2024-12-23 15:50:59,positif,ceramah tetep dapet relax aja guys
prabuwastuti,Instagram,ni gus emg ada aja kelakuannya 😂,2024-12-23 15:27:54,positif,ni gus emg aja laku
uyainahcapa,Instagram,ga tau mau bilang apa,2024-12-23 15:02:05,netral,ga tau bilang
hassanahsabrina,Instagram,hmm no comment deh,2024-12-23 15:23:53,netral,hmm no comment deh
ivan12,Instagram,masih netral aja sih gw liatnya,2024-12-23 15:16:07,netral,netral aja sih gw liat
limanlailasari,Instagram,tergantung yg nonton juga sih,2024-12-23 15:28:35,netral,gantung yg nonton sih
rwastuti,Instagram,"ga lucu, malah nyakitin hati yg jualan",2024-12-23 15:31:36,negatif,ga lucu nyakitin hati yg jual
queenyuliarti,Instagram,gw setuju sih ama omongannya gus,2024-12-23 15:06:47,positif,gw tuju sih ama omong gus
jayadiusada,Instagram,gus miftah harus minta maaf sih ini,2024-12-23 15:15:50,negatif,gus miftah maaf sih
hsihombing,Instagram,ceramah apaan malah ngehina,2024-12-23 15:09:39,negatif,ceramah ngehina
hhandayani,Instagram,gus miftah harus minta maaf sih ini,2024-12-23 15:32:48,negatif,gus miftah maaf sih
jaeman19,Instagram,hmm no comment deh,2024-12-23 15:50:17,netral,hmm no comment deh
qanggriawan,Instagram,waduh ini sih udah kelewat batas,2024-12-23 15:45:18,negatif,sih udah lewat batas
kyolanda,Instagram,gw setuju sih ama omongannya gus,2024-12-23 15:00:35,positif,gw tuju sih ama omong gus
setiawanrizki,Instagram,biasa aja sih,2024-12-23 15:16:17,netral,aja sih
voktaviani,Instagram,ceramah apaan malah ngehina,2024-12-23 15:34:04,negatif,ceramah ngehina
vinsenputra,Instagram,"ceramahnya tetep dapet kok, relax aja guys",2024-12-23 15:45:42,positif,ceramah tetep dapet relax aja guys
fitrianisimanjuntak,Instagram,"ceramahnya tetep dapet kok, relax aja guys",2024-12-23 15:51:26,positif,ceramah tetep dapet relax aja guys
rastuti,Instagram,bisa2 jualan es teh jd insecure 😓,2024-12-23 15:00:15,negatif,jual es teh jd insecure
wulanprasasta,Instagram,hmm no comment deh,2024-12-23 15:30:00,netral,hmm no comment deh
fmahendra,Instagram,"bener juga sih, kadang netizen terlalu baper",2024-12-23 15:21:30,positif,bener sih kadang netizen baper
ayu81,Instagram,biasa aja sih,2024-12-23 15:40:44,netral,aja sih
pmanullang,Instagram,masih netral aja sih gw liatnya,2024-12-23 15:44:23,netral,netral aja sih gw liat
safina05,Instagram,hmm no comment deh,2024-12-23 15:48:41,netral,hmm no comment deh
prahmawati,Instagram,hmm no comment deh,2024-12-23 15:19:29,netral,hmm no comment deh
gangsasinaga,Instagram,tergantung yg nonton juga sih,2024-12-23 15:18:31,netral,gantung yg nonton sih
yaryani,Instagram,gw setuju sih ama omongannya gus,2024-12-23 15:48:43,positif,gw tuju sih ama omong gus
situmorangwarji,Instagram,"ga lucu, malah nyakitin hati yg jualan",2024-12-23 15:09:20,negatif,ga lucu nyakitin hati yg jual
okuswoyo,Instagram,tergantung yg nonton juga sih,2024-12-23 15:48:37,netral,gantung yg nonton sih
irnanto12,Instagram,bisa2 jualan es teh jd insecure 😓,2024-12-23 15:32:45,negatif,jual es teh jd insecure
mahmudusada,Instagram,tergantung yg nonton juga sih,2024-12-23 15:40:30,netral,gantung yg nonton sih
wahyudinkariman,Instagram,ga sopan bgt ngomong gitu,2024-12-23 15:01:54,negatif,ga sopan bgt ngomong gitu
suwarnoatma,Instagram,tergantung yg nonton juga sih,2024-12-23 15:14:18,netral,gantung yg nonton sih
oktavianixanana,Instagram,bisa2 jualan es teh jd insecure 😓,2024-12-23 15:19:19,negatif,jual es teh jd insecure
rachelwastuti,Instagram,ga tau mau bilang apa,2024-12-23 15:10:01,netral,ga tau bilang
atmaastuti,Instagram,jujurly lucu banget sih ini 😭,2024-12-23 15:00:05,positif,jujurly lucu banget sih
rahmawatisyahrini,Instagram,ga tau mau bilang apa,2024-12-23 15:52:14,netral,ga tau bilang
kusmawatiendah,Instagram,"ga lucu, malah nyakitin hati yg jualan",2024-12-23 15:31:11,negatif,ga lucu nyakitin hati yg jual
salsabila94,Instagram,bisa2 jualan es teh jd insecure 😓,2024-12-23 15:02:43,negatif,jual es teh jd insecure
salahudinnardi,Instagram,waduh ini sih udah kelewat batas,2024-12-23 15:23:05,negatif,sih udah lewat batas
budimanjatmiko,Instagram,waduh ini sih udah kelewat batas,2024-12-23 15:01:45,negatif,sih udah lewat batas
tnugroho,Instagram,bisa2 jualan es teh jd insecure 😓,2024-12-23 15:21:47,negatif,jual es teh jd insecure
ega05,Instagram,jujurly lucu banget sih ini 😭,2024-12-23 15:46:51,positif,jujurly lucu banget sih
asinaga,Instagram,"ga lucu, malah nyakitin hati yg jualan",2024-12-23 15:11:24,negatif,ga lucu nyakitin hati yg jual
fzulaika,Instagram,ga tau mau bilang apa,2024-12-23 15:03:19,netral,ga tau bilang
wahyunireksa,Instagram,hmm no comment deh,2024-12-23 15:09:30,netral,hmm no comment deh
caryani,Instagram,bisa2 jualan es teh jd insecure 😓,2024-12-23 15:46:22,negatif,jual es teh jd insecure
paramitasuwarno,Instagram,"ceramahnya tetep dapet kok, relax aja guys",2024-12-23 15:31:48,positif,ceramah tetep dapet relax aja guys
rahimahjaiman,Instagram,ga sopan bgt ngomong gitu,2024-12-23 15:52:03,negatif,ga sopan bgt ngomong gitu
rikajailani,Instagram,biasa aja sih,2024-12-23 15:38:28,netral,aja sih
pratiwibalamantri,Instagram,ni gus emg ada aja kelakuannya 😂,2024-12-23 15:26:35,positif,ni gus emg aja laku
twulandari,Instagram,"ga lucu, malah nyakitin hati yg jualan",2024-12-23 15:38:05,negatif,ga lucu nyakitin hati yg jual
pmardhiyah,Instagram,gue liat ini ya udah lah ya,2024-12-23 15:57:18,netral,gue liat ya udah ya
cemeti79,Instagram,biar agak keras tapi niatnya baik kok,2024-12-23 15:57:06,positif,biar keras niat
pudjiastutiasmuni,Instagram,hmm no comment deh,2024-12-23 15:27:57,netral,hmm no comment deh
efarida,Instagram,waduh ini sih udah kelewat batas,2024-12-23 15:58:28,negatif,sih udah lewat batas
marbundasa,Instagram,biar agak keras tapi niatnya baik kok,2024-12-23 15:46:03,positif,biar keras niat
mulyaniharja,Instagram,jujurly lucu banget sih ini 😭,2024-12-23 15:49:03,positif,jujurly lucu banget sih
jarwa71,Instagram,tergantung yg nonton juga sih,2024-12-23 15:10:26,netral,gantung yg nonton sih
tnurdiyanti,Instagram,tergantung yg nonton juga sih,2024-12-23 15:20:01,netral,gantung yg nonton sih
iswahyudinardi,Instagram,"bener juga sih, kadang netizen terlalu baper",2024-12-23 15:42:14,positif,bener sih kadang netizen baper
dodo64,Instagram,ni gus emg ada aja kelakuannya 😂,2024-12-23 15:44:14,positif,ni gus emg aja laku
esihotang,Instagram,jujurly lucu banget sih ini 😭,2024-12-23 15:56:27,positif,jujurly lucu banget sih
elvin88,Instagram,ga tau mau bilang apa,2024-12-23 15:07:23,netral,ga tau bilang
ibrahim65,Instagram,gus miftah harus minta maaf sih ini,2024-12-23 15:03:34,negatif,gus miftah maaf sih
mansurasman,Instagram,gw setuju sih ama omongannya gus,2024-12-23 15:07:21,positif,gw tuju sih ama omong gus
qnugroho,Instagram,biasa aja sih,2024-12-23 15:47:22,netral,aja sih
lailasaribella,Instagram,biar agak keras tapi niatnya baik kok,2024-12-23 15:02:15,positif,biar keras niat
prabuiswahyudi,Instagram,tergantung yg nonton juga sih,2024-12-23 15:30:12,netral,gantung yg nonton sih
atmajanajmudin,Instagram,biar agak keras tapi niatnya baik kok,2024-12-23 15:19:17,positif,biar keras niat
gandaadriansyah,Instagram,biar agak keras tapi niatnya baik kok,2024-12-23 15:49:41,positif,biar keras niat
novitasarijaga,Instagram,bisa2 jualan es teh jd insecure 😓,2024-12-23 15:58:00,negatif,jual es teh jd insecure
sihotangolivia,Instagram,biasa aja sih,2024-12-23 15:08:58,netral,aja sih
lailasarikardi,Instagram,hmm no comment deh,2024-12-23 15:08:02,netral,hmm no comment deh
sihotangcaraka,Instagram,gus miftah harus minta maaf sih ini,2024-12-23 15:43:52,negatif,gus miftah maaf sih
wasitaestiono,Instagram,biar agak keras tapi niatnya baik kok,2024-12-23 15:19:55,positif,biar keras niat
lastuti,Instagram,"ga lucu, malah nyakitin hati yg jualan",2024-12-23 15:38:51,negatif,ga lucu nyakitin hati yg jual
harjasasitompul,Instagram,"ceramahnya tetep dapet kok, relax aja guys",2024-12-23 15:24:45,positif,ceramah tetep dapet relax aja guys
natsirirma,Instagram,ga tau mau bilang apa,2024-12-23 15:08:03,netral,ga tau bilang
wani59,Instagram,"ceramahnya tetep dapet kok, relax aja guys",2024-12-23 15:30:48,positif,ceramah tetep dapet relax aja guys
puspasaridodo,Instagram,waduh ini sih udah kelewat batas,2024-12-23 15:57:39,negatif,sih udah lewat batas
mnugroho,Instagram,masih netral aja sih gw liatnya,2024-12-23 15:24:39,netral,netral aja sih gw liat
wawan71,Instagram,ga tau mau bilang apa,2024-12-23 15:02:22,netral,ga tau bilang
vino77,Instagram,masih netral aja sih gw liatnya,2024-12-23 15:10:23,netral,netral aja sih gw liat
lrajata,Instagram,gw setuju sih ama omongannya gus,2024-12-23 15:38:42,positif,gw tuju sih ama omong gus
suwarnokardi,Instagram,ceramah apaan malah ngehina,2024-12-23 15:17:38,negatif,ceramah ngehina
fsalahudin,Instagram,hmm no comment deh,2024-12-23 15:28:03,netral,hmm no comment deh
mahendraikin,Instagram,"bener juga sih, kadang netizen terlalu baper",2024-12-23 15:27:29,positif,bener sih kadang netizen baper
marsudi39,Instagram,biar agak keras tapi niatnya baik kok,2024-12-23 15:28:25,positif,biar keras niat
mahmud48,Instagram,ga sopan bgt ngomong gitu,2024-12-23 15:37:47,negatif,ga sopan bgt ngomong gitu
maryadiharimurti,Instagram,tergantung yg nonton juga sih,2024-12-23 15:06:10,netral,gantung yg nonton sih
vickywaskita,Instagram,gw setuju sih ama omongannya gus,2024-12-23 15:58:49,positif,gw tuju sih ama omong gus
dsimbolon,Instagram,jujurly lucu banget sih ini 😭,2024-12-23 15:19:57,positif,jujurly lucu banget sih
yaninurdiyanti,Instagram,hmm no comment deh,2024-12-23 15:43:31,netral,hmm no comment deh
hasimnainggolan,Instagram,tergantung yg nonton juga sih,2024-12-23 15:26:12,netral,gantung yg nonton sih
hardiansyahprabowo,Instagram,"ceramahnya tetep dapet kok, relax aja guys",2024-12-23 15:40:37,positif,ceramah tetep dapet relax aja guys
baktiono72,Instagram,"ga lucu, malah nyakitin hati yg jualan",2024-12-23 15:14:18,negatif,ga lucu nyakitin hati yg jual
farahsiregar,Instagram,"ga lucu, malah nyakitin hati yg jualan",2024-12-23 15:05:06,negatif,ga lucu nyakitin hati yg jual
xmangunsong,Instagram,"ga lucu, malah nyakitin hati yg jualan",2024-12-23 15:09:53,negatif,ga lucu nyakitin hati yg jual
thalim,Instagram,gw setuju sih ama omongannya gus,2024-12-23 15:28:56,positif,gw tuju sih ama omong gus
wastuti,Instagram,gue liat ini ya udah lah ya,2024-12-23 15:20:30,netral,gue liat ya udah ya
indahrajata,Instagram,ceramah apaan malah ngehina,2024-12-23 15:45:06,negatif,ceramah ngehina
jfarida,Instagram,hmm no comment deh,2024-12-23 15:26:48,netral,hmm no comment deh
galarmaheswara,Instagram,hmm no comment deh,2024-12-23 15:48:44,netral,hmm no comment deh
pratamalamar,Instagram,ni gus emg ada aja kelakuannya 😂,2024-12-23 15:49:34,positif,ni gus emg aja laku
asmuni67,Instagram,ceramah apaan malah ngehina,2024-12-23 15:27:12,negatif,ceramah ngehina
mursitahalimah,Instagram,ni gus emg ada aja kelakuannya 😂,2024-12-23 15:53:41,positif,ni gus emg aja laku
koko07,Instagram,bisa2 jualan es teh jd insecure 😓,2024-12-23 15:07:24,negatif,jual es teh jd insecure
legasimanjuntak,Instagram,ceramah apaan malah ngehina,2024-12-23 15:57:43,negatif,ceramah ngehina
usadaida,Instagram,hmm no comment deh,2024-12-23 15:22:48,netral,hmm no comment deh
kuntharathamrin,Instagram,gw setuju sih ama omongannya gus,2024-12-23 15:52:09,positif,gw tuju sih ama omong gus
dadi24,Instagram,ceramah apaan malah ngehina,2024-12-23 15:15:24,negatif,ceramah ngehina
balapatisuartini,Instagram,tergantung yg nonton juga sih,2024-12-23 15:41:01,netral,gantung yg nonton sih
milasitompul,Instagram,biar agak keras tapi niatnya baik kok,2024-12-23 15:02:09,positif,biar keras niat
nashiruddinviktor,Instagram,ga tau mau bilang apa,2024-12-23 15:57:44,netral,ga tau bilang
qsamosir,Instagram,hmm no comment deh,2024-12-23 15:41:58,netral,hmm no comment deh
dabukkehani,Instagram,"ga lucu, malah nyakitin hati yg jualan",2024-12-23 15:28:09,negatif,ga lucu nyakitin hati yg jual
viktor68,Instagram,biar agak keras tapi niatnya baik kok,2024-12-23 15:31:13,positif,biar keras niat
budimanzaenab,Instagram,gus miftah harus minta maaf sih ini,2024-12-23 15:06:36,negatif,gus miftah maaf sih
mangunsongkiandra,Instagram,ni gus emg ada aja kelakuannya 😂,2024-12-23 15:27:56,positif,ni gus emg aja laku
wahyunilembah,Instagram,bisa2 jualan es teh jd insecure 😓,2024-12-23 15:27:13,negatif,jual es teh jd insecure
cmarbun,Instagram,"bener juga sih, kadang netizen terlalu baper",2024-12-23 15:19:03,positif,bener sih kadang netizen baper
emandala,Instagram,masih netral aja sih gw liatnya,2024-12-23 15:05:05,netral,netral aja sih gw liat
usadareza,Instagram,tergantung yg nonton juga sih,2024-12-23 15:51:34,netral,gantung yg nonton sih
jaeman04,Instagram,gw setuju sih ama omongannya gus,2024-12-23 15:20:22,positif,gw tuju sih ama omong gus
prasetyo12,Instagram,biar agak keras tapi niatnya baik kok,2024-12-23 15:05:20,positif,biar keras niat
pangestucagak,Instagram,"bener juga sih, kadang netizen terlalu baper",2024-12-23 15:44:06,positif,bener sih kadang netizen baper
panduprabowo,Instagram,biar agak keras tapi niatnya baik kok,2024-12-23 15:59:01,positif,biar keras niat
zwaluyo,Instagram,gw setuju sih ama omongannya gus,2024-12-23 15:12:23,positif,gw tuju sih ama omong gus
wpangestu,Instagram,tergantung yg nonton juga sih,2024-12-23 15:07:50,netral,gantung yg nonton sih
lembah03,Instagram,waduh ini sih udah kelewat batas,2024-12-23 15:41:12,negatif,sih udah lewat batas
rahmi93,Instagram,"bener juga sih, kadang netizen terlalu baper",2024-12-23 15:36:41,positif,bener sih kadang netizen baper
heryanto30,Instagram,"bener juga sih, kadang netizen terlalu baper",2024-12-23 15:02:46,positif,bener sih kadang netizen baper
sakurasuryatmi,Instagram,gw setuju sih ama omongannya gus,2024-12-23 15:42:16,positif,gw tuju sih ama omong gus
ajengsamosir,Instagram,waduh ini sih udah kelewat batas,2024-12-23 15:27:31,negatif,sih udah lewat batas
gamantosihotang,Instagram,gw setuju sih ama omongannya gus,2024-12-23 15:25:32,positif,gw tuju sih ama omong gus
januarhairyanto,Instagram,"bener juga sih, kadang netizen terlalu baper",2024-12-23 15:49:10,positif,bener sih kadang netizen baper
gatra28,Instagram,ceramah apaan malah ngehina,2024-12-23 15:47:34,negatif,ceramah ngehina
vicky37,Instagram,hmm no comment deh,2024-12-23 15:58:42,netral,hmm no comment deh
purwadijanuar,Instagram,ceramah apaan malah ngehina,2024-12-23 15:58:31,negatif,ceramah ngehina
tambafarhunnisa,Instagram,waduh ini sih udah kelewat batas,2024-12-23 15:02:14,negatif,sih udah lewat batas
gunartoprayoga,Instagram,ceramah apaan malah ngehina,2024-12-23 15:17:55,negatif,ceramah ngehina
marpaungjaiman,Instagram,ceramah apaan malah ngehina,2024-12-23 15:43:30,negatif,ceramah ngehina
karenkusmawati,Instagram,ceramah apaan malah ngehina,2024-12-23 15:30:32,negatif,ceramah ngehina
ayugunawan,Instagram,biasa aja sih,2024-12-23 15:08:27,netral,aja sih
dirjapratama,Instagram,biasa aja sih,2024-12-23 15:07:17,netral,aja sih
agnes37,Instagram,gus miftah harus minta maaf sih ini,2024-12-23 15:44:15,negatif,gus miftah maaf sih
nataliahabibi,Instagram,biasa aja sih,2024-12-23 15:12:08,netral,aja sih
teddysitompul,Instagram,"ceramahnya tetep dapet kok, relax aja guys",2024-12-23 15:00:58,positif,ceramah tetep dapet relax aja guys
yani75,Instagram,biasa aja sih,2024-12-23 15:30:09,netral,aja sih
karimansaefullah,Instagram,tergantung yg nonton juga sih,2024-12-23 15:53:07,netral,gantung yg nonton sih
lwaskita,Instagram,gue liat ini ya udah lah ya,2024-12-23 15:07:25,netral,gue liat ya udah ya
labuhjanuar,Instagram,masih netral aja sih gw liatnya,2024-12-23 15:23:17,netral,netral aja sih gw liat
irianawasita,Instagram,tergantung yg nonton juga sih,2024-12-23 15:27:27,netral,gantung yg nonton sih
setyasaputra,Instagram,waduh ini sih udah kelewat batas,2024-12-23 15:12:46,negatif,sih udah lewat batas
galak82,Instagram,ga sopan bgt ngomong gitu,2024-12-23 15:05:52,negatif,ga sopan bgt ngomong gitu
jprasasta,Instagram,bisa2 jualan es teh jd insecure 😓,2024-12-23 15:41:00,negatif,jual es teh jd insecure
nurdiyantigarda,Instagram,"bener juga sih, kadang netizen terlalu baper",2024-12-23 15:15:03,positif,bener sih kadang netizen baper
sabri47,Instagram,biar agak keras tapi niatnya baik kok,2024-12-23 15:02:00,positif,biar keras niat
gandimelani,Instagram,bisa2 jualan es teh jd insecure 😓,2024-12-23 15:09:50,negatif,jual es teh jd insecure
qnuraini,Instagram,gue liat ini ya udah lah ya,2024-12-23 15:59:41,netral,gue liat ya udah ya
suartiniindra,Instagram,tergantung yg nonton juga sih,2024-12-23 15:42:23,netral,gantung yg nonton sih
dwacana,Instagram,waduh ini sih udah kelewat batas,2024-12-23 15:11:22,negatif,sih udah lewat batas
banawitarihoran,Instagram,"ga lucu, malah nyakitin hati yg jualan",2024-12-23 15:02:47,negatif,ga lucu nyakitin hati yg jual
agustinakarimah,Instagram,jujurly lucu banget sih ini 😭,2024-12-23 15:34:58,positif,jujurly lucu banget sih
yuniaremin,Instagram,bisa2 jualan es teh jd insecure 😓,2024-12-23 15:34:17,negatif,jual es teh jd insecure
marwata84,Instagram,ceramah apaan malah ngehina,2024-12-23 15:37:21,negatif,ceramah ngehina
gaimandongoran,Instagram,waduh ini sih udah kelewat batas,2024-12-23 15:47:29,negatif,sih udah lewat batas
catur14,Instagram,biar agak keras tapi niatnya baik kok,2024-12-23 15:51:00,positif,biar keras niat
tkurniawan,Instagram,ni gus emg ada aja kelakuannya 😂,2024-12-23 15:27:56,positif,ni gus emg aja laku
wijayantisakti,Instagram,ni gus emg ada aja kelakuannya 😂,2024-12-23 15:02:46,positif,ni gus emg aja laku
prasetyazaenab,Instagram,"ceramahnya tetep dapet kok, relax aja guys",2024-12-23 15:32:13,positif,ceramah tetep dapet relax aja guys
yunimarbun,Instagram,ga tau mau bilang apa,2024-12-23 15:11:42,netral,ga tau bilang
harsanto94,Instagram,masih netral aja sih gw liatnya,2024-12-23 15:46:53,netral,netral aja sih gw liat
psetiawan,Instagram,ga sopan bgt ngomong gitu,2024-12-23 15:47:01,negatif,ga sopan bgt ngomong gitu
cemeti33,Instagram,bisa2 jualan es teh jd insecure 😓,2024-12-23 15:54:15,negatif,jual es teh jd insecure
ozyrahmawati,Instagram,ga sopan bgt ngomong gitu,2024-12-23 15:54:12,negatif,ga sopan bgt ngomong gitu
rahmawatijelita,Instagram,gw setuju sih ama omongannya gus,2024-12-23 15:00:26,positif,gw tuju sih ama omong gus
yuliartiraden,Instagram,gue liat ini ya udah lah ya,2024-12-23 15:39:50,netral,gue liat ya udah ya
yuniarsaka,Instagram,waduh ini sih udah kelewat batas,2024-12-23 15:24:55,negatif,sih udah lewat batas
prastutitirta,Instagram,jujurly lucu banget sih ini 😭,2024-12-23 15:27:01,positif,jujurly lucu banget sih
restuprakasa,Instagram,jujurly lucu banget sih ini 😭,2024-12-23 15:39:23,positif,jujurly lucu banget sih
ajeng17,Instagram,hmm no comment deh,2024-12-23 15:49:41,netral,hmm no comment deh
fandriani,Instagram,"ga lucu, malah nyakitin hati yg jualan",2024-12-23 15:01:49,negatif,ga lucu nyakitin hati yg jual
osetiawan,Instagram,biar agak keras tapi niatnya baik kok,2024-12-23 15:47:32,positif,biar keras niat
bmansur,Instagram,gw setuju sih ama omongannya gus,2024-12-23 15:56:00,positif,gw tuju sih ama omong gus
kusumarahmawati,Instagram,biar agak keras tapi niatnya baik kok,2024-12-23 15:25:36,positif,biar keras niat
rizki92,Instagram,"ga lucu, malah nyakitin hati yg jualan",2024-12-23 15:50:02,negatif,ga lucu nyakitin hati yg jual
zhandayani,Instagram,bisa2 jualan es teh jd insecure 😓,2024-12-23 15:23:04,negatif,jual es teh jd insecure
blazuardi,Instagram,ga tau mau bilang apa,2024-12-23 15:45:42,netral,ga tau bilang
nadiawaskita,Instagram,"ga lucu, malah nyakitin hati yg jualan",2024-12-23 15:17:16,negatif,ga lucu nyakitin hati yg jual
putrajamalia,Instagram,gw setuju sih ama omongannya gus,2024-12-23 15:31:03,positif,gw tuju sih ama omong gus
aryaniridwan,Instagram,ni gus emg ada aja kelakuannya 😂,2024-12-23 15:22:02,positif,ni gus emg aja laku
laraspranowo,Instagram,masih netral aja sih gw liatnya,2024-12-23 15:50:44,netral,netral aja sih gw liat
zhutagalung,Instagram,"ceramahnya tetep dapet kok, relax aja guys",2024-12-23 15:29:37,positif,ceramah tetep dapet relax aja guys
oktavianinova,Instagram,"ceramahnya tetep dapet kok, relax aja guys",2024-12-23 15:56:11,positif,ceramah tetep dapet relax aja guys
glestari,Instagram,waduh ini sih udah kelewat batas,2024-12-23 15:41:03,negatif,sih udah lewat batas
umayahidayanto,Instagram,"ceramahnya tetep dapet kok, relax aja guys",2024-12-23 15:53:28,positif,ceramah tetep dapet relax aja guys
mhalim,Instagram,gus miftah harus minta maaf sih ini,2024-12-23 15:38:12,negatif,gus miftah maaf sih
ellasuwarno,Instagram,ceramah apaan malah ngehina,2024-12-23 15:07:18,negatif,ceramah ngehina
yulianamustofa,Instagram,biar agak keras tapi niatnya baik kok,2024-12-23 15:08:15,positif,biar keras niat
maryadiraden,Instagram,waduh ini sih udah kelewat batas,2024-12-23 15:37:43,negatif,sih udah lewat batas
melanigading,Instagram,"bener juga sih, kadang netizen terlalu baper",2024-12-23 15:06:05,positif,bener sih kadang netizen baper
nuyainah,Instagram,biar agak keras tapi niatnya baik kok,2024-12-23 15:57:12,positif,biar keras niat
gandimanullang,Instagram,masih netral aja sih gw liatnya,2024-12-23 15:20:12,netral,netral aja sih gw liat
kkuswoyo,Instagram,gus miftah harus minta maaf sih ini,2024-12-23 15:51:57,negatif,gus miftah maaf sih
keisha44,Instagram,ceramah apaan malah ngehina,2024-12-23 15:05:35,negatif,ceramah ngehina
jaeman11,Instagram,tergantung yg nonton juga sih,2024-12-23 15:02:11,netral,gantung yg nonton sih
dian36,Instagram,ceramah apaan malah ngehina,2024-12-23 15:27:52,negatif,ceramah ngehina
yuliantisilvia,Instagram,gw setuju sih ama omongannya gus,2024-12-23 15:25:34,positif,gw tuju sih ama omong gus
qpradipta,Instagram,gw setuju sih ama omongannya gus,2024-12-23 15:57:39,positif,gw tuju sih ama omong gus
jnovitasari,Instagram,masih netral aja sih gw liatnya,2024-12-23 15:04:45,netral,netral aja sih gw liat
emilsaefullah,Instagram,bisa2 jualan es teh jd insecure 😓,2024-12-23 15:49:51,negatif,jual es teh jd insecure
harjayawijayanti,Instagram,ceramah apaan malah ngehina,2024-12-23 15:08:09,negatif,ceramah ngehina
fujiatiadhiarja,Instagram,gw setuju sih ama omongannya gus,2024-12-23 15:56:00,positif,gw tuju sih ama omong gus
saragihjagaraga,Instagram,gw setuju sih ama omongannya gus,2024-12-23 15:47:26,positif,gw tuju sih ama omong gus
tambarusman,Instagram,"bener juga sih, kadang netizen terlalu baper",2024-12-23 15:37:23,positif,bener sih kadang netizen baper
eva78,Instagram,tergantung yg nonton juga sih,2024-12-23 15:08:02,netral,gantung yg nonton sih
asirait,Instagram,"ga lucu, malah nyakitin hati yg jualan",2024-12-23 15:48:53,negatif,ga lucu nyakitin hati yg jual
marbunzalindra,Instagram,gue liat ini ya udah lah ya,2024-12-23 15:42:03,netral,gue liat ya udah ya
tirapratiwi,Instagram,jujurly lucu banget sih ini 😭,2024-12-23 15:56:03,positif,jujurly lucu banget sih
maryanto99,Instagram,jujurly lucu banget sih ini 😭,2024-12-23 15:52:45,positif,jujurly lucu banget sih
psihombing,Instagram,gw setuju sih ama omongannya gus,2024-12-23 15:45:56,positif,gw tuju sih ama omong gus
nasyidahwasis,Instagram,ga tau mau bilang apa,2024-12-23 15:12:55,netral,ga tau bilang
andrianilurhur,Instagram,jujurly lucu banget sih ini 😭,2024-12-23 15:28:25,positif,jujurly lucu banget sih
cutama,Instagram,jujurly lucu banget sih ini 😭,2024-12-23 15:31:26,positif,jujurly lucu banget sih
prasastanasrullah,Instagram,ga sopan bgt ngomong gitu,2024-12-23 15:05:40,negatif,ga sopan bgt ngomong gitu
jati83,Instagram,"ceramahnya tetep dapet kok, relax aja guys",2024-12-23 15:02:23,positif,ceramah tetep dapet relax aja guys
sagustina,Instagram,"ga lucu, malah nyakitin hati yg jualan",2024-12-23 15:16:06,negatif,ga lucu nyakitin hati yg jual
hardana35,Instagram,"ceramahnya tetep dapet kok, relax aja guys",2024-12-23 15:24:47,positif,ceramah tetep dapet relax aja guys
riyantisabar,Instagram,ni gus emg ada aja kelakuannya 😂,2024-12-23 15:09:34,positif,ni gus emg aja laku
mayasaricalista,Instagram,hmm no comment deh,2024-12-23 15:38:31,netral,hmm no comment deh
intanfirmansyah,Instagram,hmm no comment deh,2024-12-23 15:31:04,netral,hmm no comment deh
prayitnasuryatmi,Instagram,"ga lucu, malah nyakitin hati yg jualan",2024-12-23 15:02:31,negatif,ga lucu nyakitin hati yg jual
cmaryati,Instagram,ga sopan bgt ngomong gitu,2024-12-23 15:10:44,negatif,ga sopan bgt ngomong gitu
victoriawaluyo,Instagram,gue liat ini ya udah lah ya,2024-12-23 15:39:00,netral,gue liat ya udah ya
htamba,Instagram,"bener juga sih, kadang netizen terlalu baper",2024-12-23 15:18:40,positif,bener sih kadang netizen baper
hardana31,Instagram,ga tau mau bilang apa,2024-12-23 15:00:22,netral,ga tau bilang
jane34,Instagram,ni gus emg ada aja kelakuannya 😂,2024-12-23 15:45:06,positif,ni gus emg aja laku
artalaksita,Instagram,"bener juga sih, kadang netizen terlalu baper",2024-12-23 15:28:13,positif,bener sih kadang netizen baper
kamilalailasari,Instagram,ni gus emg ada aja kelakuannya 😂,2024-12-23 15:56:39,positif,ni gus emg aja laku
darmanto44,Instagram,bisa2 jualan es teh jd insecure 😓,2024-12-23 15:20:54,negatif,jual es teh jd insecure
enuraini,Instagram,gw setuju sih ama omongannya gus,2024-12-23 15:48:47,positif,gw tuju sih ama omong gus
pwastuti,Instagram,waduh ini sih udah kelewat batas,2024-12-23 15:24:47,negatif,sih udah lewat batas
ganda46,Instagram,ceramah apaan malah ngehina,2024-12-23 15:34:35,negatif,ceramah ngehina
aswanisaragih,Instagram,masih netral aja sih gw liatnya,2024-12-23 15:53:40,netral,netral aja sih gw liat
fhasanah,Instagram,jujurly lucu banget sih ini 😭,2024-12-23 15:32:30,positif,jujurly lucu banget sih
makutasiregar,Instagram,waduh ini sih udah kelewat batas,2024-12-23 15:34:20,negatif,sih udah lewat batas
lembahgunawan,Instagram,gw setuju sih ama omongannya gus,2024-12-23 15:16:30,positif,gw tuju sih ama omong gus
purwamarpaung,Instagram,bisa2 jualan es teh jd insecure 😓,2024-12-23 15:16:24,negatif,jual es teh jd insecure
sidiqpranowo,Instagram,biar agak keras tapi niatnya baik kok,2024-12-23 15:01:53,positif,biar keras niat
anggriawantomi,Instagram,ni gus emg ada aja kelakuannya 😂,2024-12-23 15:34:44,positif,ni gus emg aja laku
wira92,Instagram,ga sopan bgt ngomong gitu,2024-12-23 15:23:02,negatif,ga sopan bgt ngomong gitu
firmansyahrachel,Instagram,ceramah apaan malah ngehina,2024-12-23 15:52:52,negatif,ceramah ngehina
zaenabmandasari,Instagram,biar agak keras tapi niatnya baik kok,2024-12-23 15:08:06,positif,biar keras niat
megantarairiana,Instagram,gue liat ini ya udah lah ya,2024-12-23 15:30:33,netral,gue liat ya udah ya
endahardianto,Instagram,hmm no comment deh,2024-12-23 15:10:31,netral,hmm no comment deh
firgantoroempluk,Instagram,ga tau mau bilang apa,2024-12-23 15:56:36,netral,ga tau bilang
nhutasoit,Instagram,"bener juga sih, kadang netizen terlalu baper",2024-12-23 15:09:59,positif,bener sih kadang netizen baper
yuniarkamaria,Instagram,jujurly lucu banget sih ini 😭,2024-12-23 15:11:44,positif,jujurly lucu banget sih
rpalastri,Instagram,ni gus emg ada aja kelakuannya 😂,2024-12-23 15:50:17,positif,ni gus emg aja laku
puspitaemas,Instagram,gus miftah harus minta maaf sih ini,2024-12-23 15:30:45,negatif,gus miftah maaf sih
unugroho,Instagram,tergantung yg nonton juga sih,2024-12-23 15:26:20,netral,gantung yg nonton sih
fpuspita,Instagram,ga tau mau bilang apa,2024-12-23 15:19:59,netral,ga tau bilang
hafshahnugroho,Instagram,biar agak keras tapi niatnya baik kok,2024-12-23 15:56:21,positif,biar keras niat
citra21,Instagram,biar agak keras tapi niatnya baik kok,2024-12-23 15:15:55,positif,biar keras niat
yuliarticici,Instagram,ceramah apaan malah ngehina,2024-12-23 15:59:37,negatif,ceramah ngehina
hassanahkenes,Instagram,gue liat ini ya udah lah ya,2024-12-23 15:53:18,netral,gue liat ya udah ya
emilmulyani,Instagram,hmm no comment deh,2024-12-23 15:53:37,netral,hmm no comment deh
kuswandariyuliana,Instagram,bisa2 jualan es teh jd insecure 😓,2024-12-23 15:08:45,negatif,jual es teh jd insecure
pratamahafshah,Instagram,"ceramahnya tetep dapet kok, relax aja guys",2024-12-23 15:08:54,positif,ceramah tetep dapet relax aja guys
busada,Instagram,"ga lucu, malah nyakitin hati yg jualan",2024-12-23 15:27:37,negatif,ga lucu nyakitin hati yg jual
wagemardhiyah,Instagram,biasa aja sih,2024-12-23 15:01:05,netral,aja sih
oskar23,Instagram,biasa aja sih,2024-12-23 15:32:06,netral,aja sih
sinagasalimah,Instagram,"ceramahnya tetep dapet kok, relax aja guys",2024-12-23 15:12:58,positif,ceramah tetep dapet relax aja guys
hartodamanik,Instagram,biasa aja sih,2024-12-23 15:48:01,netral,aja sih
bagas29,Instagram,gus miftah harus minta maaf sih ini,2024-12-23 15:16:48,negatif,gus miftah maaf sih
cpratama,Instagram,biasa aja sih,2024-12-23 15:18:00,netral,aja sih
pmaryadi,Instagram,"bener juga sih, kadang netizen terlalu baper",2024-12-23 15:47:11,positif,bener sih kadang netizen baper
hamima19,Instagram,gue liat ini ya udah lah ya,2024-12-23 15:48:38,netral,gue liat ya udah ya
wartasuwarno,Instagram,"ga lucu, malah nyakitin hati yg jualan",2024-12-23 15:41:42,negatif,ga lucu nyakitin hati yg jual
tantri20,Instagram,hmm no comment deh,2024-12-23 15:14:42,netral,hmm no comment deh
damartarihoran,Instagram,"bener juga sih, kadang netizen terlalu baper",2024-12-23 15:31:38,positif,bener sih kadang netizen baper
thidayanto,Instagram,"ga lucu, malah nyakitin hati yg jualan",2024-12-23 15:17:24,negatif,ga lucu nyakitin hati yg jual
yulia74,Instagram,hmm no comment deh,2024-12-23 15:48:58,netral,hmm no comment deh
jarwadi14,Instagram,"bener juga sih, kadang netizen terlalu baper",2024-12-23 15:37:06,positif,bener sih kadang netizen baper
radityahariyah,Instagram,waduh ini sih udah kelewat batas,2024-12-23 15:28:32,negatif,sih udah lewat batas
haryantoanita,Instagram,ceramah apaan malah ngehina,2024-12-23 15:15:17,negatif,ceramah ngehina
garang50,Instagram,tergantung yg nonton juga sih,2024-12-23 15:47:50,netral,gantung yg nonton sih
lidya75,Instagram,jujurly lucu banget sih ini 😭,2024-12-23 15:44:02,positif,jujurly lucu banget sih
catur32,Instagram,ga sopan bgt ngomong gitu,2024-12-23 15:44:44,negatif,ga sopan bgt ngomong gitu
widodokiandra,Instagram,gus miftah harus minta maaf sih ini,2024-12-23 15:58:11,negatif,gus miftah maaf sih
latuponoprabu,Instagram,ga tau mau bilang apa,2024-12-23 15:24:57,netral,ga tau bilang
bagya54,Instagram,tergantung yg nonton juga sih,2024-12-23 15:38:00,netral,gantung yg nonton sih
kardi74,Instagram,biasa aja sih,2024-12-23 15:35:25,netral,aja sih
rina88,Instagram,biar agak keras tapi niatnya baik kok,2024-12-23 15:40:17,positif,biar keras niat
hanggriawan,Instagram,bisa2 jualan es teh jd insecure 😓,2024-12-23 15:33:59,negatif,jual es teh jd insecure
mursita98,Instagram,gus miftah harus minta maaf sih ini,2024-12-23 15:31:04,negatif,gus miftah maaf sih
marwata95,Instagram,tergantung yg nonton juga sih,2024-12-23 15:17:55,netral,gantung yg nonton sih
dabukkesabar,Instagram,gue liat ini ya udah lah ya,2024-12-23 15:45:34,netral,gue liat ya udah ya
pradiptaluwar,Instagram,gus miftah harus minta maaf sih ini,2024-12-23 15:37:06,negatif,gus miftah maaf sih
mahdi54,Instagram,"bener juga sih, kadang netizen terlalu baper",2024-12-23 15:09:00,positif,bener sih kadang netizen baper
nainggolanbahuwarna,Instagram,gue liat ini ya udah lah ya,2024-12-23 15:21:01,netral,gue liat ya udah ya
nrahayu,Instagram,tergantung yg nonton juga sih,2024-12-23 15:54:12,netral,gantung yg nonton sih
yance46,Instagram,biasa aja sih,2024-12-23 15:41:21,netral,aja sih
putri43,Instagram,hmm no comment deh,2024-12-23 15:22:14,netral,hmm no comment deh
zahra79,Instagram,"ga lucu, malah nyakitin hati yg jualan",2024-12-23 15:54:04,negatif,ga lucu nyakitin hati yg jual
asuryatmi,Instagram,"ga lucu, malah nyakitin hati yg jualan",2024-12-23 15:22:13,negatif,ga lucu nyakitin hati yg jual
wulandaridarmana,Instagram,ga sopan bgt ngomong gitu,2024-12-23 15:50:30,negatif,ga sopan bgt ngomong gitu
erikyulianti,Instagram,masih netral aja sih gw liatnya,2024-12-23 15:25:37,netral,netral aja sih gw liat
damanikbalamantri,Instagram,ga sopan bgt ngomong gitu,2024-12-23 15:30:11,negatif,ga sopan bgt ngomong gitu
snatsir,Instagram,gw setuju sih ama omongannya gus,2024-12-23 15:33:31,positif,gw tuju sih ama omong gus
atmatarihoran,Instagram,ni gus emg ada aja kelakuannya 😂,2024-12-23 15:42:24,positif,ni gus emg aja laku
cemani45,Instagram,gue liat ini ya udah lah ya,2024-12-23 15:00:39,netral,gue liat ya udah ya
swijayanti,Instagram,bisa2 jualan es teh jd insecure 😓,2024-12-23 15:01:22,negatif,jual es teh jd insecure
fjailani,Instagram,gus miftah harus minta maaf sih ini,2024-12-23 15:15:42,negatif,gus miftah maaf sih
wibowocarla,Instagram,biasa aja sih,2024-12-23 15:26:46,netral,aja sih
smaryati,Instagram,ceramah apaan malah ngehina,2024-12-23 15:48:31,negatif,ceramah ngehina
dhardiansyah,Instagram,gue liat ini ya udah lah ya,2024-12-23 15:30:43,netral,gue liat ya udah ya
arta59,Instagram,ni gus emg ada aja kelakuannya 😂,2024-12-23 15:29:00,positif,ni gus emg aja laku
kpermata,Instagram,"ceramahnya tetep dapet kok, relax aja guys",2024-12-23 15:11:30,positif,ceramah tetep dapet relax aja guys
ibrani31,Instagram,tergantung yg nonton juga sih,2024-12-23 15:10:47,netral,gantung yg nonton sih
unasyidah,Instagram,"bener juga sih, kadang netizen terlalu baper",2024-12-23 15:33:55,positif,bener sih kadang netizen baper
damanikprasetyo,Instagram,ga tau mau bilang apa,2024-12-23 15:28:28,netral,ga tau bilang
hartakawastuti,Instagram,biasa aja sih,2024-12-23 15:43:16,netral,aja sih
harja33,Instagram,gus miftah harus minta maaf sih ini,2024-12-23 15:44:12,negatif,gus miftah maaf sih
qwibowo,Instagram,waduh ini sih udah kelewat batas,2024-12-23 15:21:34,negatif,sih udah lewat batas
humaira19,Instagram,"ceramahnya tetep dapet kok, relax aja guys",2024-12-23 15:44:08,positif,ceramah tetep dapet relax aja guys
karnausada,Instagram,biasa aja sih,2024-12-23 15:41:50,netral,aja sih
artantowinarsih,Instagram,jujurly lucu banget sih ini 😭,2024-12-23 15:53:43,positif,jujurly lucu banget sih
ysaragih,Instagram,jujurly lucu banget sih ini 😭,2024-12-23 15:04:43,positif,jujurly lucu banget sih
wijayaupik,Instagram,hmm no comment deh,2024-12-23 15:29:19,netral,hmm no comment deh
zulfasiregar,Instagram,biasa aja sih,2024-12-23 15:24:10,netral,aja sih
wprasasta,Instagram,masih netral aja sih gw liatnya,2024-12-23 15:56:34,netral,netral aja sih gw liat
mandalaeka,Instagram,ceramah apaan malah ngehina,2024-12-23 15:42:50,negatif,ceramah ngehina
hyuniar,Instagram,jujurly lucu banget sih ini 😭,2024-12-23 15:44:30,positif,jujurly lucu banget sih
twahyuni,Instagram,bisa2 jualan es teh jd insecure 😓,2024-12-23 15:57:54,negatif,jual es teh jd insecure
yessi68,Instagram,gw setuju sih ama omongannya gus,2024-12-23 15:16:37,positif,gw tuju sih ama omong gus
pangesturaditya,Instagram,bisa2 jualan es teh jd insecure 😓,2024-12-23 15:31:48,negatif,jual es teh jd insecure
hairyanto44,Instagram,jujurly lucu banget sih ini 😭,2024-12-23 15:11:39,positif,jujurly lucu banget sih
bakiman14,Instagram,bisa2 jualan es teh jd insecure 😓,2024-12-23 15:46:05,negatif,jual es teh jd insecure
edward75,Instagram,gus miftah harus minta maaf sih ini,2024-12-23 15:06:20,negatif,gus miftah maaf sih
bakidinwastuti,Instagram,gus miftah harus minta maaf sih ini,2024-12-23 15:41:19,negatif,gus miftah maaf sih
marwata94,Instagram,jujurly lucu banget sih ini 😭,2024-12-23 15:27:14,positif,jujurly lucu banget sih
kenziekuswandari,Instagram,masih netral aja sih gw liatnya,2024-12-23 15:00:38,netral,netral aja sih gw liat
saptonodiana,Instagram,waduh ini sih udah kelewat batas,2024-12-23 15:25:34,negatif,sih udah lewat batas
cayadisetiawan,Instagram,hmm no comment deh,2024-12-23 15:04:29,netral,hmm no comment deh
hpermadi,Instagram,gus miftah harus minta maaf sih ini,2024-12-23 15:46:45,negatif,gus miftah maaf sih
mangunsongtitin,Instagram,bisa2 jualan es teh jd insecure 😓,2024-12-23 15:55:44,negatif,jual es teh jd insecure
radika20,Instagram,tergantung yg nonton juga sih,2024-12-23 15:06:13,netral,gantung yg nonton sih
nasyiahajeng,Instagram,gue liat ini ya udah lah ya,2024-12-23 15:28:33,netral,gue liat ya udah ya
narjisaputra,Instagram,masih netral aja sih gw liatnya,2024-12-23 15:12:49,netral,netral aja sih gw liat
tarihorandarman,Instagram,masih netral aja sih gw liatnya,2024-12-23 15:03:21,netral,netral aja sih gw liat
mmaheswara,Instagram,"ceramahnya tetep dapet kok, relax aja guys",2024-12-23 15:48:01,positif,ceramah tetep dapet relax aja guys
harirahimah,Instagram,jujurly lucu banget sih ini 😭,2024-12-23 15:23:33,positif,jujurly lucu banget sih
sihombingoskar,Instagram,"ga lucu, malah nyakitin hati yg jualan",2024-12-23 15:44:21,negatif,ga lucu nyakitin hati yg jual
himawanhutasoit,Instagram,"ga lucu, malah nyakitin hati yg jualan",2024-12-23 15:10:54,negatif,ga lucu nyakitin hati yg jual
suwarnocaturangga,Instagram,"ga lucu, malah nyakitin hati yg jualan",2024-12-23 15:42:34,negatif,ga lucu nyakitin hati yg jual
wahyudingambira,Instagram,ga sopan bgt ngomong gitu,2024-12-23 15:30:17,negatif,ga sopan bgt ngomong gitu
dwi03,Instagram,waduh ini sih udah kelewat batas,2024-12-23 15:02:27,negatif,sih udah lewat batas
adikara67,Instagram,biasa aja sih,2024-12-23 15:18:37,netral,aja sih
cawisadinarpati,Instagram,ga tau mau bilang apa,2024-12-23 15:09:43,netral,ga tau bilang
epuspasari,Instagram,gus miftah harus minta maaf sih ini,2024-12-23 15:08:32,negatif,gus miftah maaf sih
fwibisono,Instagram,ceramah apaan malah ngehina,2024-12-23 15:02:39,negatif,ceramah ngehina
qwulandari,Instagram,ga sopan bgt ngomong gitu,2024-12-23 15:48:12,negatif,ga sopan bgt ngomong gitu
maryadibagya,Instagram,tergantung yg nonton juga sih,2024-12-23 15:23:16,netral,gantung yg nonton sih
cakrawalaanggriawan,Instagram,ni gus emg ada aja kelakuannya 😂,2024-12-23 15:53:04,positif,ni gus emg aja laku
dodomansur,Instagram,"bener juga sih, kadang netizen terlalu baper",2024-12-23 15:45:15,positif,bener sih kadang netizen baper
dian19,Instagram,masih netral aja sih gw liatnya,2024-12-23 15:38:35,netral,netral aja sih gw liat
omankuswandari,Instagram,gus miftah harus minta maaf sih ini,2024-12-23 15:30:11,negatif,gus miftah maaf sih
agustinahasta,Instagram,gue liat ini ya udah lah ya,2024-12-23 15:20:18,netral,gue liat ya udah ya
purwahakim,Instagram,"ga lucu, malah nyakitin hati yg jualan",2024-12-23 15:40:41,negatif,ga lucu nyakitin hati yg jual
ardiantoluis,Instagram,hmm no comment deh,2024-12-23 15:26:22,netral,hmm no comment deh
baktiono88,Instagram,tergantung yg nonton juga sih,2024-12-23 15:22:42,netral,gantung yg nonton sih
bakimansuryatmi,Instagram,biasa aja sih,2024-12-23 15:01:35,netral,aja sih
simbolonzahra,Instagram,gw setuju sih ama omongannya gus,2024-12-23 15:05:28,positif,gw tuju sih ama omong gus
mustofatirta,Instagram,ceramah apaan malah ngehina,2024-12-23 15:05:18,negatif,ceramah ngehina
yuwais,Instagram,hmm no comment deh,2024-12-23 15:06:13,netral,hmm no comment deh
nrahmawati,Instagram,biasa aja sih,2024-12-23 15:25:16,netral,aja sih
karsatampubolon,Instagram,ga sopan bgt ngomong gitu,2024-12-23 15:42:37,negatif,ga sopan bgt ngomong gitu
murti07,Instagram,"ga lucu, malah nyakitin hati yg jualan",2024-12-23 15:23:40,negatif,ga lucu nyakitin hati yg jual
wmandasari,Instagram,jujurly lucu banget sih ini 😭,2024-12-23 15:38:11,positif,jujurly lucu banget sih
gantar08,Instagram,tergantung yg nonton juga sih,2024-12-23 15:45:55,netral,gantung yg nonton sih
dadap38,Instagram,ga tau mau bilang apa,2024-12-23 15:02:22,netral,ga tau bilang
bahuwarnayuliarti,Instagram,"ceramahnya tetep dapet kok, relax aja guys",2024-12-23 15:40:00,positif,ceramah tetep dapet relax aja guys
estiawanpertiwi,Instagram,"bener juga sih, kadang netizen terlalu baper",2024-12-23 15:10:51,positif,bener sih kadang netizen baper
winarsihhadi,Instagram,gue liat ini ya udah lah ya,2024-12-23 15:30:01,netral,gue liat ya udah ya
fitrianigunarto,Instagram,waduh ini sih udah kelewat batas,2024-12-23 15:31:30,negatif,sih udah lewat batas
waryani,Instagram,gue liat ini ya udah lah ya,2024-12-23 15:20:33,netral,gue liat ya udah ya
lidya22,Instagram,"bener juga sih, kadang netizen terlalu baper",2024-12-23 15:56:06,positif,bener sih kadang netizen baper
nmahendra,Instagram,gw setuju sih ama omongannya gus,2024-12-23 15:45:15,positif,gw tuju sih ama omong gus
spradana,Instagram,bisa2 jualan es teh jd insecure 😓,2024-12-23 15:13:46,negatif,jual es teh jd insecure
lsitumorang,Instagram,masih netral aja sih gw liatnya,2024-12-23 15:40:32,netral,netral aja sih gw liat
saefullahwulan,Instagram,ni gus emg ada aja kelakuannya 😂,2024-12-23 15:58:52,positif,ni gus emg aja laku
natsirwisnu,Instagram,biar agak keras tapi niatnya baik kok,2024-12-23 15:26:26,positif,biar keras niat
lpalastri,Instagram,ceramah apaan malah ngehina,2024-12-23 15:23:01,negatif,ceramah ngehina
yuniprastuti,Instagram,gue liat ini ya udah lah ya,2024-12-23 15:55:01,netral,gue liat ya udah ya
prastutiheru,Instagram,ga tau mau bilang apa,2024-12-23 15:29:40,netral,ga tau bilang
mandalamaras,Instagram,"ga lucu, malah nyakitin hati yg jualan",2024-12-23 15:51:51,negatif,ga lucu nyakitin hati yg jual
kusuma65,Instagram,tergantung yg nonton juga sih,2024-12-23 15:52:47,netral,gantung yg nonton sih
dongorangambira,Instagram,ceramah apaan malah ngehina,2024-12-23 15:36:50,negatif,ceramah ngehina
maryanto14,Instagram,hmm no comment deh,2024-12-23 15:27:41,netral,hmm no comment deh
sitimanullang,Instagram,hmm no comment deh,2024-12-23 15:06:01,netral,hmm no comment deh
sakura00,Instagram,bisa2 jualan es teh jd insecure 😓,2024-12-23 15:21:06,negatif,jual es teh jd insecure
solehhartati,Instagram,hmm no comment deh,2024-12-23 15:24:40,netral,hmm no comment deh
kusmawatiasirwada,Instagram,gw setuju sih ama omongannya gus,2024-12-23 15:00:00,positif,gw tuju sih ama omong gus
wpratiwi,Instagram,tergantung yg nonton juga sih,2024-12-23 15:55:07,netral,gantung yg nonton sih
jayahakim,Instagram,gw setuju sih ama omongannya gus,2024-12-23 15:25:14,positif,gw tuju sih ama omong gus
uhakim,Instagram,ga sopan bgt ngomong gitu,2024-12-23 15:35:45,negatif,ga sopan bgt ngomong gitu
tugiman56,Instagram,masih netral aja sih gw liatnya,2024-12-23 15:32:14,netral,netral aja sih gw liat
dabukkeghaliyati,Instagram,"ceramahnya tetep dapet kok, relax aja guys",2024-12-23 15:18:27,positif,ceramah tetep dapet relax aja guys
xmaryati,Instagram,ceramah apaan malah ngehina,2024-12-23 15:23:03,negatif,ceramah ngehina
faridatiara,Instagram,tergantung yg nonton juga sih,2024-12-23 15:17:36,netral,gantung yg nonton sih
cmahendra,Instagram,gw setuju sih ama omongannya gus,2024-12-23 15:26:23,positif,gw tuju sih ama omong gus
corneliamaryadi,Instagram,gue liat ini ya udah lah ya,2024-12-23 15:23:00,netral,gue liat ya udah ya
simbolonjaeman,Instagram,tergantung yg nonton juga sih,2024-12-23 15:31:19,netral,gantung yg nonton sih
ikhsan43,Instagram,biar agak keras tapi niatnya baik kok,2024-12-23 15:37:27,positif,biar keras niat
jasmin51,Instagram,tergantung yg nonton juga sih,2024-12-23 15:22:10,netral,gantung yg nonton sih
yhakim,Instagram,ceramah apaan malah ngehina,2024-12-23 15:15:05,negatif,ceramah ngehina
dalima41,Instagram,ceramah apaan malah ngehina,2024-12-23 15:20:07,negatif,ceramah ngehina
swibowo,Instagram,hmm no comment deh,2024-12-23 15:21:12,netral,hmm no comment deh
eluhmardhiyah,Instagram,gw setuju sih ama omongannya gus,2024-12-23 15:48:29,positif,gw tuju sih ama omong gus
nurulnovitasari,Instagram,gue liat ini ya udah lah ya,2024-12-23 15:59:15,netral,gue liat ya udah ya
bagas42,Instagram,bisa2 jualan es teh jd insecure 😓,2024-12-23 15:21:27,negatif,jual es teh jd insecure
dacinastuti,Instagram,bisa2 jualan es teh jd insecure 😓,2024-12-23 15:58:07,negatif,jual es teh jd insecure
damar96,Instagram,ga tau mau bilang apa,2024-12-23 15:25:39,netral,ga tau bilang
rudi59,Instagram,tergantung yg nonton juga sih,2024-12-23 15:17:44,netral,gantung yg nonton sih
nasyidahrama,Instagram,ga tau mau bilang apa,2024-12-23 15:37:33,netral,ga tau bilang
fnapitupulu,Instagram,tergantung yg nonton juga sih,2024-12-23 15:49:05,netral,gantung yg nonton sih
nababangangsar,Instagram,biar agak keras tapi niatnya baik kok,2024-12-23 15:00:16,positif,biar keras niat
shakilahutapea,Instagram,"ga lucu, malah nyakitin hati yg jualan",2024-12-23 15:48:36,negatif,ga lucu nyakitin hati yg jual
purwantiputu,Instagram,ga tau mau bilang apa,2024-12-23 15:05:02,netral,ga tau bilang
kawacaanggraini,Instagram,ga sopan bgt ngomong gitu,2024-12-23 15:33:54,negatif,ga sopan bgt ngomong gitu
siskarahmawati,Instagram,ga sopan bgt ngomong gitu,2024-12-23 15:34:43,negatif,ga sopan bgt ngomong gitu
niswahyudi,Instagram,hmm no comment deh,2024-12-23 15:38:54,netral,hmm no comment deh
bagya43,Instagram,ni gus emg ada aja kelakuannya 😂,2024-12-23 15:44:46,positif,ni gus emg aja laku
nasyidahcahya,Instagram,biar agak keras tapi niatnya baik kok,2024-12-23 15:20:32,positif,biar keras niat
ami98,Instagram,biar agak keras tapi niatnya baik kok,2024-12-23 15:26:06,positif,biar keras niat
yuliartieli,Instagram,biasa aja sih,2024-12-23 15:17:42,netral,aja sih
pranatausamah,Instagram,biasa aja sih,2024-12-23 15:10:35,netral,aja sih
nababandodo,Instagram,masih netral aja sih gw liatnya,2024-12-23 15:12:45,netral,netral aja sih gw liat
umaya96,Instagram,masih netral aja sih gw liatnya,2024-12-23 15:33:47,netral,netral aja sih gw liat
npalastri,Instagram,ga sopan bgt ngomong gitu,2024-12-23 15:15:02,negatif,ga sopan bgt ngomong gitu
esitorus,Instagram,tergantung yg nonton juga sih,2024-12-23 15:56:26,netral,gantung yg nonton sih
puspitanilam,Instagram,gue liat ini ya udah lah ya,2024-12-23 15:20:15,netral,gue liat ya udah ya
riyantiemong,Instagram,tergantung yg nonton juga sih,2024-12-23 15:31:36,netral,gantung yg nonton sih
vwasita,Instagram,tergantung yg nonton juga sih,2024-12-23 15:28:54,netral,gantung yg nonton sih
warsa33,Instagram,"ceramahnya tetep dapet kok, relax aja guys",2024-12-23 15:46:55,positif,ceramah tetep dapet relax aja guys
galuh56,Instagram,ceramah apaan malah ngehina,2024-12-23 15:21:10,negatif,ceramah ngehina
galionopuspasari,Instagram,gus miftah harus minta maaf sih ini,2024-12-23 15:46:42,negatif,gus miftah maaf sih
lazuardigarang,Instagram,"ga lucu, malah nyakitin hati yg jualan",2024-12-23 15:03:38,negatif,ga lucu nyakitin hati yg jual
hpudjiastuti,Instagram,biar agak keras tapi niatnya baik kok,2024-12-23 15:49:45,positif,biar keras niat
cprastuti,Instagram,ga sopan bgt ngomong gitu,2024-12-23 15:13:41,negatif,ga sopan bgt ngomong gitu
najmudinchelsea,Instagram,tergantung yg nonton juga sih,2024-12-23 15:53:31,netral,gantung yg nonton sih
vsetiawan,Instagram,"ga lucu, malah nyakitin hati yg jualan",2024-12-23 15:01:31,negatif,ga lucu nyakitin hati yg jual
ckuswandari,Instagram,gue liat ini ya udah lah ya,2024-12-23 15:43:03,netral,gue liat ya udah ya
nyoman73,Instagram,"ceramahnya tetep dapet kok, relax aja guys",2024-12-23 15:18:35,positif,ceramah tetep dapet relax aja guys
carub43,Instagram,gw setuju sih ama omongannya gus,2024-12-23 15:49:59,positif,gw tuju sih ama omong gus
pradiptamuhammad,Instagram,"bener juga sih, kadang netizen terlalu baper",2024-12-23 15:00:29,positif,bener sih kadang netizen baper
jono55,Instagram,jujurly lucu banget sih ini 😭,2024-12-23 15:56:15,positif,jujurly lucu banget sih
eli86,Instagram,"ga lucu, malah nyakitin hati yg jualan",2024-12-23 15:42:21,negatif,ga lucu nyakitin hati yg jual
halim87,Instagram,ga tau mau bilang apa,2024-12-23 15:40:47,netral,ga tau bilang
utamibajragin,Instagram,gue liat ini ya udah lah ya,2024-12-23 15:43:07,netral,gue liat ya udah ya
hhidayanto,Instagram,bisa2 jualan es teh jd insecure 😓,2024-12-23 15:23:39,negatif,jual es teh jd insecure
gamanto74,Instagram,ni gus emg ada aja kelakuannya 😂,2024-12-23 15:50:10,positif,ni gus emg aja laku
cfirgantoro,Instagram,biasa aja sih,2024-12-23 15:07:54,netral,aja sih
sabar47,Instagram,masih netral aja sih gw liatnya,2024-12-23 15:43:50,netral,netral aja sih gw liat
purwanto27,Instagram,ceramah apaan malah ngehina,2024-12-23 15:52:39,negatif,ceramah ngehina
ymaheswara,Instagram,ni gus emg ada aja kelakuannya 😂,2024-12-23 15:23:01,positif,ni gus emg aja laku
zulaikakasim,Instagram,ga sopan bgt ngomong gitu,2024-12-23 15:38:24,negatif,ga sopan bgt ngomong gitu
pbudiman,Instagram,ga sopan bgt ngomong gitu,2024-12-23 15:19:21,negatif,ga sopan bgt ngomong gitu
jayeng79,Instagram,gus miftah harus minta maaf sih ini,2024-12-23 15:15:32,negatif,gus miftah maaf sih
hasanahdewi,Instagram,ga sopan bgt ngomong gitu,2024-12-23 15:10:03,negatif,ga sopan bgt ngomong gitu
hmansur,Instagram,"ceramahnya tetep dapet kok, relax aja guys",2024-12-23 15:22:25,positif,ceramah tetep dapet relax aja guys
praba84,Instagram,masih netral aja sih gw liatnya,2024-12-23 15:35:23,netral,netral aja sih gw liat
gamanimanullang,Instagram,biar agak keras tapi niatnya baik kok,2024-12-23 15:46:38,positif,biar keras niat
lutfan78,Instagram,gw setuju sih ama omongannya gus,2024-12-23 15:24:31,positif,gw tuju sih ama omong gus
xnababan,Instagram,ni gus emg ada aja kelakuannya 😂,2024-12-23 15:56:57,positif,ni gus emg aja laku
ywinarsih,Instagram,ni gus emg ada aja kelakuannya 😂,2024-12-23 15:39:59,positif,ni gus emg aja laku
raharjanarpati,Instagram,ga sopan bgt ngomong gitu,2024-12-23 15:29:55,negatif,ga sopan bgt ngomong gitu
kuswandariuda,Instagram,gus miftah harus minta maaf sih ini,2024-12-23 15:37:40,negatif,gus miftah maaf sih
rika72,Instagram,jujurly lucu banget sih ini 😭,2024-12-23 15:10:36,positif,jujurly lucu banget sih
jindra54,Instagram,"bener juga sih, kadang netizen terlalu baper",2024-12-23 15:51:39,positif,bener sih kadang netizen baper
budiyantoputri,Instagram,bisa2 jualan es teh jd insecure 😓,2024-12-23 15:58:24,negatif,jual es teh jd insecure
vivi10,Instagram,biar agak keras tapi niatnya baik kok,2024-12-23 15:11:25,positif,biar keras niat
natsirharimurti,Instagram,gw setuju sih ama omongannya gus,2024-12-23 15:44:40,positif,gw tuju sih ama omong gus
bakda28,Instagram,gue liat ini ya udah lah ya,2024-12-23 15:04:22,netral,gue liat ya udah ya
vfirgantoro,Instagram,ga tau mau bilang apa,2024-12-23 15:15:19,netral,ga tau bilang
suryatmierik,Instagram,waduh ini sih udah kelewat batas,2024-12-23 15:16:46,negatif,sih udah lewat batas
usyimanullang,Instagram,masih netral aja sih gw liatnya,2024-12-23 15:57:33,netral,netral aja sih gw liat
twijayanti,Instagram,gw setuju sih ama omongannya gus,2024-12-23 15:46:10,positif,gw tuju sih ama omong gus
lasmono36,Instagram,ga sopan bgt ngomong gitu,2024-12-23 15:04:53,negatif,ga sopan bgt ngomong gitu
clarauyainah,Instagram,tergantung yg nonton juga sih,2024-12-23 15:03:56,netral,gantung yg nonton sih
carub63,Instagram,ceramah apaan malah ngehina,2024-12-23 15:26:13,negatif,ceramah ngehina
fitriagunarto,Instagram,ni gus emg ada aja kelakuannya 😂,2024-12-23 15:52:06,positif,ni gus emg aja laku
kayunanggriawan,Instagram,gue liat ini ya udah lah ya,2024-12-23 15:51:00,netral,gue liat ya udah ya
ciaobellamarpaung,Instagram,bisa2 jualan es teh jd insecure 😓,2024-12-23 15:30:03,negatif,jual es teh jd insecure
prayogomansur,Instagram,tergantung yg nonton juga sih,2024-12-23 15:18:33,netral,gantung yg nonton sih
fuyainah,Instagram,ga sopan bgt ngomong gitu,2024-12-23 15:41:12,negatif,ga sopan bgt ngomong gitu
wahyudinqori,Instagram,ga tau mau bilang apa,2024-12-23 15:12:12,netral,ga tau bilang
lalitaaryani,Instagram,ga sopan bgt ngomong gitu,2024-12-23 15:39:21,negatif,ga sopan bgt ngomong gitu
raihantampubolon,Instagram,hmm no comment deh,2024-12-23 15:05:16,netral,hmm no comment deh
wibowoirnanto,Instagram,masih netral aja sih gw liatnya,2024-12-23 15:29:11,netral,netral aja sih gw liat
jnababan,Instagram,jujurly lucu banget sih ini 😭,2024-12-23 15:06:05,positif,jujurly lucu banget sih
gandakusumo,Instagram,tergantung yg nonton juga sih,2024-12-23 15:36:14,netral,gantung yg nonton sih
julisitumorang,Instagram,biar agak keras tapi niatnya baik kok,2024-12-23 15:00:23,positif,biar keras niat
jagapatisetiawan,Instagram,biar agak keras tapi niatnya baik kok,2024-12-23 15:34:54,positif,biar keras niat
hutagalunggalur,Instagram,bisa2 jualan es teh jd insecure 😓,2024-12-23 15:43:42,negatif,jual es teh jd insecure
prayogaismail,Instagram,gue liat ini ya udah lah ya,2024-12-23 15:55:25,netral,gue liat ya udah ya
mulyariyanti,Instagram,biar agak keras tapi niatnya baik kok,2024-12-23 15:00:43,positif,biar keras niat
winarnozulaikha,Instagram,"ceramahnya tetep dapet kok, relax aja guys",2024-12-23 15:41:09,positif,ceramah tetep dapet relax aja guys
sihotangeva,Instagram,masih netral aja sih gw liatnya,2024-12-23 15:36:20,netral,netral aja sih gw liat
iramangunsong,Instagram,"ga lucu, malah nyakitin hati yg jualan",2024-12-23 15:44:42,negatif,ga lucu nyakitin hati yg jual
cawisonoadriansyah,Instagram,"bener juga sih, kadang netizen terlalu baper",2024-12-23 15:07:35,positif,bener sih kadang netizen baper
omarsaptono,Instagram,gus miftah harus minta maaf sih ini,2024-12-23 15:45:27,negatif,gus miftah maaf sih
winarnokarsana,Instagram,"ceramahnya tetep dapet kok, relax aja guys",2024-12-23 15:22:03,positif,ceramah tetep dapet relax aja guys
hariyahdiah,Instagram,"ga lucu, malah nyakitin hati yg jualan",2024-12-23 15:48:21,negatif,ga lucu nyakitin hati yg jual
jagaragahardiansyah,Instagram,"bener juga sih, kadang netizen terlalu baper",2024-12-23 15:45:19,positif,bener sih kadang netizen baper
nugrohoimam,Instagram,"bener juga sih, kadang netizen terlalu baper",2024-12-23 15:40:21,positif,bener sih kadang netizen baper
anastasiawastuti,Instagram,masih netral aja sih gw liatnya,2024-12-23 15:08:30,netral,netral aja sih gw liat
faizahsuryono,Instagram,waduh ini sih udah kelewat batas,2024-12-23 15:23:10,negatif,sih udah lewat batas
napitupuluharsana,Instagram,hmm no comment deh,2024-12-23 15:08:52,netral,hmm no comment deh
fpradipta,Instagram,bisa2 jualan es teh jd insecure 😓,2024-12-23 15:09:40,negatif,jual es teh jd insecure
elon06,Instagram,jujurly lucu banget sih ini 😭,2024-12-23 15:11:35,positif,jujurly lucu banget sih
rosman35,Instagram,waduh ini sih udah kelewat batas,2024-12-23 15:44:22,negatif,sih udah lewat batas
prayoga75,Instagram,gw setuju sih ama omongannya gus,2024-12-23 15:19:21,positif,gw tuju sih ama omong gus
irianautama,Instagram,gw setuju sih ama omongannya gus,2024-12-23 15:26:52,positif,gw tuju sih ama omong gus
zahradamanik,Instagram,"ga lucu, malah nyakitin hati yg jualan",2024-12-23 15:26:26,negatif,ga lucu nyakitin hati yg jual
hwibisono,Instagram,jujurly lucu banget sih ini 😭,2024-12-23 15:48:14,positif,jujurly lucu banget sih
natsirnilam,Instagram,gue liat ini ya udah lah ya,2024-12-23 15:02:53,netral,gue liat ya udah ya
kunthara66,Instagram,ni gus emg ada aja kelakuannya 😂,2024-12-23 15:06:55,positif,ni gus emg aja laku
mumpuni38,Instagram,bisa2 jualan es teh jd insecure 😓,2024-12-23 15:28:55,negatif,jual es teh jd insecure
kambaliaryani,Instagram,"ceramahnya tetep dapet kok, relax aja guys",2024-12-23 15:42:27,positif,ceramah tetep dapet relax aja guys
tiarapertiwi,Instagram,gus miftah harus minta maaf sih ini,2024-12-23 15:52:36,negatif,gus miftah maaf sih
putri53,Instagram,"ceramahnya tetep dapet kok, relax aja guys",2024-12-23 15:47:07,positif,ceramah tetep dapet relax aja guys
lukitasuryatmi,Instagram,gue liat ini ya udah lah ya,2024-12-23 15:33:51,netral,gue liat ya udah ya
tirtayasawibowo,Instagram,bisa2 jualan es teh jd insecure 😓,2024-12-23 15:38:54,negatif,jual es teh jd insecure
wahyu85,Instagram,"ceramahnya tetep dapet kok, relax aja guys",2024-12-23 15:25:25,positif,ceramah tetep dapet relax aja guys
fujiatidarimin,Instagram,"ga lucu, malah nyakitin hati yg jualan",2024-12-23 15:22:44,negatif,ga lucu nyakitin hati yg jual
hutapeaprabawa,Instagram,gw setuju sih ama omongannya gus,2024-12-23 15:20:27,positif,gw tuju sih ama omong gus
puspa69,Instagram,ceramah apaan malah ngehina,2024-12-23 15:23:47,negatif,ceramah ngehina
sabrina31,Instagram,"bener juga sih, kadang netizen terlalu baper",2024-12-23 15:21:52,positif,bener sih kadang netizen baper
novi07,Instagram,jujurly lucu banget sih ini 😭,2024-12-23 15:04:36,positif,jujurly lucu banget sih
gamanihartati,Instagram,"bener juga sih, kadang netizen terlalu baper",2024-12-23 15:32:10,positif,bener sih kadang netizen baper
almiramelani,Instagram,"ceramahnya tetep dapet kok, relax aja guys",2024-12-23 15:09:57,positif,ceramah tetep dapet relax aja guys
manullangciaobella,Instagram,masih netral aja sih gw liatnya,2024-12-23 15:49:45,netral,netral aja sih gw liat
kambali29,Instagram,"ga lucu, malah nyakitin hati yg jualan",2024-12-23 15:28:55,negatif,ga lucu nyakitin hati yg jual
padmi10,Instagram,"ceramahnya tetep dapet kok, relax aja guys",2024-12-23 15:55:18,positif,ceramah tetep dapet relax aja guys
laksmiwatihartana,Instagram,biasa aja sih,2024-12-23 15:33:33,netral,aja sih
msitumorang,Instagram,"ga lucu, malah nyakitin hati yg jualan",2024-12-23 15:08:45,negatif,ga lucu nyakitin hati yg jual
daru99,Instagram,tergantung yg nonton juga sih,2024-12-23 15:21:00,netral,gantung yg nonton sih
eminhutapea,Instagram,ga sopan bgt ngomong gitu,2024-12-23 15:34:54,negatif,ga sopan bgt ngomong gitu
hardiansyahlili,Instagram,gus miftah harus minta maaf sih ini,2024-12-23 15:39:39,negatif,gus miftah maaf sih
luwar09,Instagram,masih netral aja sih gw liatnya,2024-12-23 15:37:08,netral,netral aja sih gw liat
anita03,Instagram,ni gus emg ada aja kelakuannya 😂,2024-12-23 15:51:05,positif,ni gus emg aja laku
kkurniawan,Instagram,masih netral aja sih gw liatnya,2024-12-23 15:22:30,netral,netral aja sih gw liat
siraitkaren,Instagram,ni gus emg ada aja kelakuannya 😂,2024-12-23 15:32:07,positif,ni gus emg aja laku
anggriawanlasmanto,Instagram,ga sopan bgt ngomong gitu,2024-12-23 15:56:03,negatif,ga sopan bgt ngomong gitu
rbudiman,Instagram,hmm no comment deh,2024-12-23 15:23:50,netral,hmm no comment deh
karsa87,Instagram,"ga lucu, malah nyakitin hati yg jualan",2024-12-23 15:46:00,negatif,ga lucu nyakitin hati yg jual
tasnim28,Instagram,"ga lucu, malah nyakitin hati yg jualan",2024-12-23 15:58:58,negatif,ga lucu nyakitin hati yg jual
ipradipta,Instagram,waduh ini sih udah kelewat batas,2024-12-23 15:47:21,negatif,sih udah lewat batas
caturanggaputra,Instagram,tergantung yg nonton juga sih,2024-12-23 15:12:01,netral,gantung yg nonton sih
gentanababan,Instagram,ceramah apaan malah ngehina,2024-12-23 15:11:19,negatif,ceramah ngehina
wahyudinleo,Instagram,tergantung yg nonton juga sih,2024-12-23 15:44:32,netral,gantung yg nonton sih
lukman79,Instagram,waduh ini sih udah kelewat batas,2024-12-23 15:55:32,negatif,sih udah lewat batas
bakijanmahendra,Instagram,ga tau mau bilang apa,2024-12-23 15:06:58,netral,ga tau bilang
lpermadi,Instagram,bisa2 jualan es teh jd insecure 😓,2024-12-23 15:21:51,negatif,jual es teh jd insecure
tnababan,Instagram,"bener juga sih, kadang netizen terlalu baper",2024-12-23 15:36:20,positif,bener sih kadang netizen baper
wibisonoasirwada,Instagram,bisa2 jualan es teh jd insecure 😓,2024-12-23 15:13:37,negatif,jual es teh jd insecure
manullangjaeman,Instagram,jujurly lucu banget sih ini 😭,2024-12-23 15:33:39,positif,jujurly lucu banget sih
kzulaika,Instagram,bisa2 jualan es teh jd insecure 😓,2024-12-23 15:21:43,negatif,jual es teh jd insecure
cahyono41,Instagram,ga tau mau bilang apa,2024-12-23 15:04:49,netral,ga tau bilang
kasim95,Instagram,ga sopan bgt ngomong gitu,2024-12-23 15:31:13,negatif,ga sopan bgt ngomong gitu
lalahutagalung,Instagram,waduh ini sih udah kelewat batas,2024-12-23 15:04:06,negatif,sih udah lewat batas
mustofa16,Instagram,waduh ini sih udah kelewat batas,2024-12-23 15:57:27,negatif,sih udah lewat batas
zanggraini,Instagram,"bener juga sih, kadang netizen terlalu baper",2024-12-23 15:25:06,positif,bener sih kadang netizen baper
ypangestu,Instagram,gus miftah harus minta maaf sih ini,2024-12-23 15:42:07,negatif,gus miftah maaf sih
pratiwibagas,Instagram,gw setuju sih ama omongannya gus,2024-12-23 15:52:00,positif,gw tuju sih ama omong gus
rsitorus,Instagram,tergantung yg nonton juga sih,2024-12-23 15:04:46,netral,gantung yg nonton sih
usamahbahuwirya,Instagram,tergantung yg nonton juga sih,2024-12-23 15:00:44,netral,gantung yg nonton sih
vanya60,Instagram,biar agak keras tapi niatnya baik kok,2024-12-23 15:39:14,positif,biar keras niat
zulaikha70,Instagram,"ga lucu, malah nyakitin hati yg jualan",2024-12-23 15:21:57,negatif,ga lucu nyakitin hati yg jual
byolanda,Instagram,ga sopan bgt ngomong gitu,2024-12-23 15:12:44,negatif,ga sopan bgt ngomong gitu
xmaheswara,Instagram,ga sopan bgt ngomong gitu,2024-12-23 15:39:32,negatif,ga sopan bgt ngomong gitu
siraitgaiman,Instagram,ni gus emg ada aja kelakuannya 😂,2024-12-23 15:05:19,positif,ni gus emg aja laku
anom21,Instagram,ceramah apaan malah ngehina,2024-12-23 15:43:34,negatif,ceramah ngehina
olga50,Instagram,ga sopan bgt ngomong gitu,2024-12-23 15:42:50,negatif,ga sopan bgt ngomong gitu
asirwadautami,Instagram,"ceramahnya tetep dapet kok, relax aja guys",2024-12-23 15:17:48,positif,ceramah tetep dapet relax aja guys
jmansur,Instagram,jujurly lucu banget sih ini 😭,2024-12-23 15:51:59,positif,jujurly lucu banget sih
permadimursita,Instagram,hmm no comment deh,2024-12-23 15:18:42,netral,hmm no comment deh
cagaktarihoran,Instagram,gue liat ini ya udah lah ya,2024-12-23 15:42:39,netral,gue liat ya udah ya
dalimin26,Instagram,masih netral aja sih gw liatnya,2024-12-23 15:00:38,netral,netral aja sih gw liat
raditwidodo,Instagram,jujurly lucu banget sih ini 😭,2024-12-23 15:51:00,positif,jujurly lucu banget sih
gaiman39,Instagram,biar agak keras tapi niatnya baik kok,2024-12-23 15:26:15,positif,biar keras niat
chardiansyah,Instagram,waduh ini sih udah kelewat batas,2024-12-23 15:18:14,negatif,sih udah lewat batas
asmunisudiati,Instagram,masih netral aja sih gw liatnya,2024-12-23 15:43:39,netral,netral aja sih gw liat
bakiman62,Instagram,biasa aja sih,2024-12-23 15:38:29,netral,aja sih
astutiwisnu,Instagram,"ga lucu, malah nyakitin hati yg jualan",2024-12-23 15:22:39,negatif,ga lucu nyakitin hati yg jual
jarwipangestu,Instagram,gw setuju sih ama omongannya gus,2024-12-23 15:50:47,positif,gw tuju sih ama omong gus
hdamanik,Instagram,biar agak keras tapi niatnya baik kok,2024-12-23 15:14:43,positif,biar keras niat
bahuwirya66,Instagram,ceramah apaan malah ngehina,2024-12-23 15:35:20,negatif,ceramah ngehina
csaputra,Instagram,tergantung yg nonton juga sih,2024-12-23 15:45:45,netral,gantung yg nonton sih
faridakenari,Instagram,"ga lucu, malah nyakitin hati yg jualan",2024-12-23 15:12:54,negatif,ga lucu nyakitin hati yg jual
xananapurnawati,Instagram,"ceramahnya tetep dapet kok, relax aja guys",2024-12-23 15:28:05,positif,ceramah tetep dapet relax aja guys
elon43,Instagram,biar agak keras tapi niatnya baik kok,2024-12-23 15:00:47,positif,biar keras niat
fsimbolon,Instagram,bisa2 jualan es teh jd insecure 😓,2024-12-23 15:17:52,negatif,jual es teh jd insecure
hutapeawakiman,Instagram,"ceramahnya tetep dapet kok, relax aja guys",2024-12-23 15:05:10,positif,ceramah tetep dapet relax aja guys
mustofagandewa,Instagram,ni gus emg ada aja kelakuannya 😂,2024-12-23 15:39:28,positif,ni gus emg aja laku
kprakasa,Instagram,tergantung yg nonton juga sih,2024-12-23 15:39:40,netral,gantung yg nonton sih
empluk75,Instagram,ni gus emg ada aja kelakuannya 😂,2024-12-23 15:51:42,positif,ni gus emg aja laku
nainggolangantar,Instagram,bisa2 jualan es teh jd insecure 😓,2024-12-23 15:59:46,negatif,jual es teh jd insecure
tpudjiastuti,Instagram,jujurly lucu banget sih ini 😭,2024-12-23 15:36:55,positif,jujurly lucu banget sih
suwarnojindra,Instagram,ceramah apaan malah ngehina,2024-12-23 15:44:59,negatif,ceramah ngehina
sbudiman,Instagram,bisa2 jualan es teh jd insecure 😓,2024-12-23 15:02:13,negatif,jual es teh jd insecure
shaniarahayu,Instagram,"ga lucu, malah nyakitin hati yg jualan",2024-12-23 15:32:44,negatif,ga lucu nyakitin hati yg jual
putrilaksita,Instagram,masih netral aja sih gw liatnya,2024-12-23 15:52:28,netral,netral aja sih gw liat
jais24,Instagram,gus miftah harus minta maaf sih ini,2024-12-23 15:49:36,negatif,gus miftah maaf sih
kasiran65,Instagram,waduh ini sih udah kelewat batas,2024-12-23 15:14:17,negatif,sih udah lewat batas
lagustina,Instagram,tergantung yg nonton juga sih,2024-12-23 15:44:58,netral,gantung yg nonton sih
wardaya82,Instagram,waduh ini sih udah kelewat batas,2024-12-23 15:02:13,negatif,sih udah lewat batas
tsusanti,Instagram,masih netral aja sih gw liatnya,2024-12-23 15:38:07,netral,netral aja sih gw liat
gsaefullah,Instagram,"ceramahnya tetep dapet kok, relax aja guys",2024-12-23 15:05:16,positif,ceramah tetep dapet relax aja guys
sihombingbancar,Instagram,tergantung yg nonton juga sih,2024-12-23 15:15:21,netral,gantung yg nonton sih
zulkarnainmumpuni,Instagram,tergantung yg nonton juga sih,2024-12-23 15:38:18,netral,gantung yg nonton sih
vicky68,Instagram,"bener juga sih, kadang netizen terlalu baper",2024-12-23 15:32:46,positif,bener sih kadang netizen baper
daliminanggraini,Instagram,"bener juga sih, kadang netizen terlalu baper",2024-12-23 15:25:16,positif,bener sih kadang netizen baper
bella15,Instagram,biar agak keras tapi niatnya baik kok,2024-12-23 15:38:50,positif,biar keras niat
yolandailyas,Instagram,ni gus emg ada aja kelakuannya 😂,2024-12-23 15:28:53,positif,ni gus emg aja laku
yogaagustina,Instagram,jujurly lucu banget sih ini 😭,2024-12-23 15:47:23,positif,jujurly lucu banget sih
padmahalim,Instagram,waduh ini sih udah kelewat batas,2024-12-23 15:42:54,negatif,sih udah lewat batas
qmaheswara,Instagram,biar agak keras tapi niatnya baik kok,2024-12-23 15:48:51,positif,biar keras niat
rudi28,Instagram,gue liat ini ya udah lah ya,2024-12-23 15:53:31,netral,gue liat ya udah ya
vwibisono,Instagram,gus miftah harus minta maaf sih ini,2024-12-23 15:31:19,negatif,gus miftah maaf sih
andrianiella,Instagram,ni gus emg ada aja kelakuannya 😂,2024-12-23 15:49:39,positif,ni gus emg aja laku
oskarmaheswara,Instagram,hmm no comment deh,2024-12-23 15:50:46,netral,hmm no comment deh
jonosaptono,Instagram,biar agak keras tapi niatnya baik kok,2024-12-23 15:30:09,positif,biar keras niat
dadapnurdiyanti,Instagram,bisa2 jualan es teh jd insecure 😓,2024-12-23 15:50:36,negatif,jual es teh jd insecure
sudiaticecep,Instagram,tergantung yg nonton juga sih,2024-12-23 15:15:36,netral,gantung yg nonton sih
ufirgantoro,Instagram,biar agak keras tapi niatnya baik kok,2024-12-23 15:39:58,positif,biar keras niat
mandalafarhunnisa,Instagram,ga sopan bgt ngomong gitu,2024-12-23 15:55:40,negatif,ga sopan bgt ngomong gitu
wahyudinhalima,Instagram,ga sopan bgt ngomong gitu,2024-12-23 15:56:40,negatif,ga sopan bgt ngomong gitu
maryadiwinarno,Instagram,"ga lucu, malah nyakitin hati yg jualan",2024-12-23 15:10:50,negatif,ga lucu nyakitin hati yg jual
umaya32,Instagram,masih netral aja sih gw liatnya,2024-12-23 15:24:59,netral,netral aja sih gw liat
rinawibowo,Instagram,bisa2 jualan es teh jd insecure 😓,2024-12-23 15:27:53,negatif,jual es teh jd insecure
mandalabaktianto,Instagram,"ceramahnya tetep dapet kok, relax aja guys",2024-12-23 15:58:59,positif,ceramah tetep dapet relax aja guys
maras24,Instagram,"ceramahnya tetep dapet kok, relax aja guys",2024-12-23 15:55:29,positif,ceramah tetep dapet relax aja guys
naradi68,Instagram,gw setuju sih ama omongannya gus,2024-12-23 15:28:38,positif,gw tuju sih ama omong gus
nainggolanghani,Instagram,tergantung yg nonton juga sih,2024-12-23 15:33:56,netral,gantung yg nonton sih
tirta46,Instagram,ga tau mau bilang apa,2024-12-23 15:43:35,netral,ga tau bilang
mwaskita,Instagram,masih netral aja sih gw liatnya,2024-12-23 15:19:53,netral,netral aja sih gw liat
situmorangellis,Instagram,biar agak keras tapi niatnya baik kok,2024-12-23 15:17:45,positif,biar keras niat
maryadilutfan,Instagram,biar agak keras tapi niatnya baik kok,2024-12-23 15:29:43,positif,biar keras niat
taufanbudiman,Instagram,jujurly lucu banget sih ini 😭,2024-12-23 15:12:41,positif,jujurly lucu banget sih
jzulkarnain,Instagram,bisa2 jualan es teh jd insecure 😓,2024-12-23 15:30:48,negatif,jual es teh jd insecure
erikramadan,Instagram,"ceramahnya tetep dapet kok, relax aja guys",2024-12-23 15:02:29,positif,ceramah tetep dapet relax aja guys
xyuliarti,Instagram,gus miftah harus minta maaf sih ini,2024-12-23 15:22:45,negatif,gus miftah maaf sih
wijayadamar,Instagram,biasa aja sih,2024-12-23 15:21:19,netral,aja sih
srajata,Instagram,"ceramahnya tetep dapet kok, relax aja guys",2024-12-23 15:02:44,positif,ceramah tetep dapet relax aja guys
jasmaniyolanda,Instagram,"ceramahnya tetep dapet kok, relax aja guys",2024-12-23 15:28:31,positif,ceramah tetep dapet relax aja guys
rajatawarsa,Instagram,ni gus emg ada aja kelakuannya 😂,2024-12-23 15:29:55,positif,ni gus emg aja laku
edi93,Instagram,tergantung yg nonton juga sih,2024-12-23 15:43:41,netral,gantung yg nonton sih
anom02,Instagram,waduh ini sih udah kelewat batas,2024-12-23 15:26:32,negatif,sih udah lewat batas
wuyainah,Instagram,ga tau mau bilang apa,2024-12-23 15:20:31,netral,ga tau bilang
tzulkarnain,Instagram,tergantung yg nonton juga sih,2024-12-23 15:26:54,netral,gantung yg nonton sih
jagaragabudiman,Instagram,"ceramahnya tetep dapet kok, relax aja guys",2024-12-23 15:58:17,positif,ceramah tetep dapet relax aja guys
artanto77,Instagram,ga sopan bgt ngomong gitu,2024-12-23 15:52:44,negatif,ga sopan bgt ngomong gitu
padmibudiyanto,Instagram,"ceramahnya tetep dapet kok, relax aja guys",2024-12-23 15:20:11,positif,ceramah tetep dapet relax aja guys
utamipanji,Instagram,bisa2 jualan es teh jd insecure 😓,2024-12-23 15:38:00,negatif,jual es teh jd insecure
nadia13,Instagram,"ceramahnya tetep dapet kok, relax aja guys",2024-12-23 15:12:08,positif,ceramah tetep dapet relax aja guys
hutagalungalambana,Instagram,jujurly lucu banget sih ini 😭,2024-12-23 15:44:50,positif,jujurly lucu banget sih
martakariyanti,Instagram,"ceramahnya tetep dapet kok, relax aja guys",2024-12-23 15:19:12,positif,ceramah tetep dapet relax aja guys
yoganasyidah,Instagram,masih netral aja sih gw liatnya,2024-12-23 15:53:46,netral,netral aja sih gw liat
gatrapurnawati,Instagram,biasa aja sih,2024-12-23 15:46:19,netral,aja sih
ppermadi,Instagram,gw setuju sih ama omongannya gus,2024-12-23 15:35:20,positif,gw tuju sih ama omong gus
hsimbolon,Instagram,biar agak keras tapi niatnya baik kok,2024-12-23 15:14:54,positif,biar keras niat
ramadanokto,Instagram,hmm no comment deh,2024-12-23 15:40:23,netral,hmm no comment deh
pwaluyo,Instagram,masih netral aja sih gw liatnya,2024-12-23 15:03:22,netral,netral aja sih gw liat
jagapati61,Instagram,gw setuju sih ama omongannya gus,2024-12-23 15:14:41,positif,gw tuju sih ama omong gus
ysiregar,Instagram,tergantung yg nonton juga sih,2024-12-23 15:22:45,netral,gantung yg nonton sih
manah46,Instagram,"bener juga sih, kadang netizen terlalu baper",2024-12-23 15:00:24,positif,bener sih kadang netizen baper
gina90,Instagram,ceramah apaan malah ngehina,2024-12-23 15:22:45,negatif,ceramah ngehina
nadinewibowo,Instagram,gw setuju sih ama omongannya gus,2024-12-23 15:25:22,positif,gw tuju sih ama omong gus
gandaprabowo,Instagram,gw setuju sih ama omongannya gus,2024-12-23 15:02:12,positif,gw tuju sih ama omong gus
gamblangpuspasari,Instagram,waduh ini sih udah kelewat batas,2024-12-23 15:15:43,negatif,sih udah lewat batas
kajen38,Instagram,masih netral aja sih gw liatnya,2024-12-23 15:48:14,netral,netral aja sih gw liat
cfarida,Instagram,ceramah apaan malah ngehina,2024-12-23 15:45:38,negatif,ceramah ngehina
damanikwardaya,Instagram,ceramah apaan malah ngehina,2024-12-23 15:06:26,negatif,ceramah ngehina
oktopratama,Instagram,biasa aja sih,2024-12-23 15:21:31,netral,aja sih
simboloncakrabirawa,Instagram,biasa aja sih,2024-12-23 15:44:41,netral,aja sih
haryantiida,Instagram,waduh ini sih udah kelewat batas,2024-12-23 15:35:58,negatif,sih udah lewat batas
wsantoso,Instagram,biasa aja sih,2024-12-23 15:20:32,netral,aja sih
gada51,Instagram,gw setuju sih ama omongannya gus,2024-12-23 15:11:32,positif,gw tuju sih ama omong gus
opangestu,Instagram,"ceramahnya tetep dapet kok, relax aja guys",2024-12-23 15:52:17,positif,ceramah tetep dapet relax aja guys
nuwais,Instagram,"ga lucu, malah nyakitin hati yg jualan",2024-12-23 15:06:46,negatif,ga lucu nyakitin hati yg jual
uhalimah,Instagram,jujurly lucu banget sih ini 😭,2024-12-23 15:21:00,positif,jujurly lucu banget sih
vsaragih,Instagram,gue liat ini ya udah lah ya,2024-12-23 15:27:51,netral,gue liat ya udah ya
tampubolonmuhammad,Instagram,jujurly lucu banget sih ini 😭,2024-12-23 15:21:02,positif,jujurly lucu banget sih
nyananurdiyanti,Instagram,masih netral aja sih gw liatnya,2024-12-23 15:05:00,netral,netral aja sih gw liat
titinnainggolan,Instagram,masih netral aja sih gw liatnya,2024-12-23 15:34:33,netral,netral aja sih gw liat
vegajanuar,Instagram,biasa aja sih,2024-12-23 15:48:41,netral,aja sih
ykuswandari,Instagram,ceramah apaan malah ngehina,2024-12-23 15:10:16,negatif,ceramah ngehina
zeldalazuardi,Instagram,masih netral aja sih gw liatnya,2024-12-23 15:35:25,netral,netral aja sih gw liat
labuh09,Instagram,biasa aja sih,2024-12-23 15:09:31,netral,aja sih
nsimbolon,Instagram,gw setuju sih ama omongannya gus,2024-12-23 15:18:03,positif,gw tuju sih ama omong gus
dkusmawati,Instagram,masih netral aja sih gw liatnya,2024-12-23 15:42:36,netral,netral aja sih gw liat
mursitawahyudin,Instagram,"ga lucu, malah nyakitin hati yg jualan",2024-12-23 15:27:14,negatif,ga lucu nyakitin hati yg jual
dlazuardi,Instagram,ni gus emg ada aja kelakuannya 😂,2024-12-23 15:58:37,positif,ni gus emg aja laku
rfirmansyah,Instagram,gw setuju sih ama omongannya gus,2024-12-23 15:25:07,positif,gw tuju sih ama omong gus
andrianiupik,Instagram,bisa2 jualan es teh jd insecure 😓,2024-12-23 15:53:18,negatif,jual es teh jd insecure
harjalazuardi,Instagram,tergantung yg nonton juga sih,2024-12-23 15:24:49,netral,gantung yg nonton sih
rajasasaiful,Instagram,"ga lucu, malah nyakitin hati yg jualan",2024-12-23 15:16:04,negatif,ga lucu nyakitin hati yg jual
tsaputra,Instagram,waduh ini sih udah kelewat batas,2024-12-23 15:48:53,negatif,sih udah lewat batas
uyainahhasta,Instagram,masih netral aja sih gw liatnya,2024-12-23 15:11:45,netral,netral aja sih gw liat
prabapradana,Instagram,"bener juga sih, kadang netizen terlalu baper",2024-12-23 15:05:12,positif,bener sih kadang netizen baper
wibisonoganjaran,Instagram,gus miftah harus minta maaf sih ini,2024-12-23 15:17:32,negatif,gus miftah maaf sih
unasyiah,Instagram,ga sopan bgt ngomong gitu,2024-12-23 15:39:11,negatif,ga sopan bgt ngomong gitu
dnarpati,Instagram,ga sopan bgt ngomong gitu,2024-12-23 15:52:59,negatif,ga sopan bgt ngomong gitu
nasim71,Instagram,ceramah apaan malah ngehina,2024-12-23 15:03:03,negatif,ceramah ngehina
hutasoitrizki,Instagram,jujurly lucu banget sih ini 😭,2024-12-23 15:53:17,positif,jujurly lucu banget sih
viman28,Instagram,biar agak keras tapi niatnya baik kok,2024-12-23 15:38:43,positif,biar keras niat
omarwibowo,Instagram,gw setuju sih ama omongannya gus,2024-12-23 15:21:36,positif,gw tuju sih ama omong gus
hhutapea,Instagram,ceramah apaan malah ngehina,2024-12-23 15:15:42,negatif,ceramah ngehina
uhartati,Instagram,biar agak keras tapi niatnya baik kok,2024-12-23 15:13:36,positif,biar keras niat
fitriani00,Instagram,"ga lucu, malah nyakitin hati yg jualan",2024-12-23 15:04:00,negatif,ga lucu nyakitin hati yg jual
tirtayasa22,Instagram,tergantung yg nonton juga sih,2024-12-23 15:31:34,netral,gantung yg nonton sih
shidayanto,Instagram,biasa aja sih,2024-12-23 15:53:18,netral,aja sih
prasetya53,Instagram,ni gus emg ada aja kelakuannya 😂,2024-12-23 15:51:50,positif,ni gus emg aja laku
waluyocahyadi,Instagram,ga tau mau bilang apa,2024-12-23 15:46:38,netral,ga tau bilang
kawacayulianti,Instagram,"bener juga sih, kadang netizen terlalu baper",2024-12-23 15:35:45,positif,bener sih kadang netizen baper
karsanawastuti,Instagram,gus miftah harus minta maaf sih ini,2024-12-23 15:26:53,negatif,gus miftah maaf sih
tirtayasamulyani,Instagram,biar agak keras tapi niatnya baik kok,2024-12-23 15:32:30,positif,biar keras niat
cahyantosimanjuntak,Instagram,gw setuju sih ama omongannya gus,2024-12-23 15:18:12,positif,gw tuju sih ama omong gus
bsudiati,Instagram,tergantung yg nonton juga sih,2024-12-23 15:23:59,netral,gantung yg nonton sih
jaga19,Instagram,biar agak keras tapi niatnya baik kok,2024-12-23 15:36:36,positif,biar keras niat
msuartini,Instagram,ga tau mau bilang apa,2024-12-23 15:22:50,netral,ga tau bilang
simanjuntakkardi,Instagram,hmm no comment deh,2024-12-23 15:56:59,netral,hmm no comment deh
malika31,Instagram,jujurly lucu banget sih ini 😭,2024-12-23 15:10:49,positif,jujurly lucu banget sih
fwahyudin,Instagram,ceramah apaan malah ngehina,2024-12-23 15:45:23,negatif,ceramah ngehina
michelle22,Instagram,gue liat ini ya udah lah ya,2024-12-23 15:13:45,netral,gue liat ya udah ya
zhidayanto,Instagram,biar agak keras tapi niatnya baik kok,2024-12-23 15:28:14,positif,biar keras niat
nnarpati,Instagram,biar agak keras tapi niatnya baik kok,2024-12-23 15:26:30,positif,biar keras niat
timbul87,Instagram,biasa aja sih,2024-12-23 15:54:31,netral,aja sih
imam31,Instagram,biasa aja sih,2024-12-23 15:24:48,netral,aja sih
purnawatieman,Instagram,"ceramahnya tetep dapet kok, relax aja guys",2024-12-23 15:22:30,positif,ceramah tetep dapet relax aja guys
usyi08,Instagram,masih netral aja sih gw liatnya,2024-12-23 15:14:08,netral,netral aja sih gw liat
imam46,Instagram,ni gus emg ada aja kelakuannya 😂,2024-12-23 15:50:47,positif,ni gus emg aja laku
timbul01,Instagram,ga sopan bgt ngomong gitu,2024-12-23 15:58:01,negatif,ga sopan bgt ngomong gitu
ardiantojasmin,Instagram,"bener juga sih, kadang netizen terlalu baper",2024-12-23 15:11:23,positif,bener sih kadang netizen baper
jwastuti,Instagram,"ceramahnya tetep dapet kok, relax aja guys",2024-12-23 15:57:22,positif,ceramah tetep dapet relax aja guys
prasastaoskar,Instagram,gw setuju sih ama omongannya gus,2024-12-23 15:51:07,positif,gw tuju sih ama omong gus
fitriamayasari,Instagram,gus miftah harus minta maaf sih ini,2024-12-23 15:45:11,negatif,gus miftah maaf sih
tedipurnawati,Instagram,bisa2 jualan es teh jd insecure 😓,2024-12-23 15:35:43,negatif,jual es teh jd insecure
erik96,Instagram,"ga lucu, malah nyakitin hati yg jualan",2024-12-23 15:33:13,negatif,ga lucu nyakitin hati yg jual
najmudinwidya,Instagram,ga tau mau bilang apa,2024-12-23 15:12:25,netral,ga tau bilang
siskautama,Instagram,gus miftah harus minta maaf sih ini,2024-12-23 15:47:00,negatif,gus miftah maaf sih
jsudiati,Instagram,jujurly lucu banget sih ini 😭,2024-12-23 15:20:06,positif,jujurly lucu banget sih
ekomangunsong,Instagram,ga sopan bgt ngomong gitu,2024-12-23 15:46:48,negatif,ga sopan bgt ngomong gitu
usalahudin,Instagram,jujurly lucu banget sih ini 😭,2024-12-23 15:07:44,positif,jujurly lucu banget sih
jasmanimustofa,Instagram,masih netral aja sih gw liatnya,2024-12-23 15:05:59,netral,netral aja sih gw liat
kambali95,Instagram,gus miftah harus minta maaf sih ini,2024-12-23 15:24:47,negatif,gus miftah maaf sih
mujur76,Instagram,gue liat ini ya udah lah ya,2024-12-23 15:06:33,netral,gue liat ya udah ya
msirait,Instagram,biar agak keras tapi niatnya baik kok,2024-12-23 15:57:45,positif,biar keras niat
silvia38,Instagram,masih netral aja sih gw liatnya,2024-12-23 15:17:21,netral,netral aja sih gw liat
shartati,Instagram,"bener juga sih, kadang netizen terlalu baper",2024-12-23 15:04:25,positif,bener sih kadang netizen baper
balanggalestari,Instagram,ga tau mau bilang apa,2024-12-23 15:12:51,netral,ga tau bilang
fujiatigangsa,Instagram,gw setuju sih ama omongannya gus,2024-12-23 15:24:27,positif,gw tuju sih ama omong gus
nabila23,Instagram,biasa aja sih,2024-12-23 15:29:00,netral,aja sih
jessicasihotang,Instagram,"ga lucu, malah nyakitin hati yg jualan",2024-12-23 15:37:05,negatif,ga lucu nyakitin hati yg jual
hassanahcornelia,Instagram,gw setuju sih ama omongannya gus,2024-12-23 15:07:28,positif,gw tuju sih ama omong gus
aswanitampubolon,Instagram,bisa2 jualan es teh jd insecure 😓,2024-12-23 15:13:49,negatif,jual es teh jd insecure
gmustofa,Instagram,hmm no comment deh,2024-12-23 15:26:33,netral,hmm no comment deh
mayasaritedi,Instagram,masih netral aja sih gw liatnya,2024-12-23 15:21:14,netral,netral aja sih gw liat
hardi77,Instagram,masih netral aja sih gw liatnya,2024-12-23 15:23:09,netral,netral aja sih gw liat
rudimandala,Instagram,gue liat ini ya udah lah ya,2024-12-23 15:24:57,netral,gue liat ya udah ya
citra07,Instagram,masih netral aja sih gw liatnya,2024-12-23 15:06:56,netral,netral aja sih gw liat
cusada,Instagram,gue liat ini ya udah lah ya,2024-12-23 15:25:52,netral,gue liat ya udah ya
dariminhutagalung,Instagram,bisa2 jualan es teh jd insecure 😓,2024-12-23 15:34:02,negatif,jual es teh jd insecure
darsirah64,Instagram,bisa2 jualan es teh jd insecure 😓,2024-12-23 15:09:35,negatif,jual es teh jd insecure
hesti59,Instagram,gue liat ini ya udah lah ya,2024-12-23 15:00:45,netral,gue liat ya udah ya
budiyantoanom,Instagram,gus miftah harus minta maaf sih ini,2024-12-23 15:05:48,negatif,gus miftah maaf sih
wulandarigilda,Instagram,gus miftah harus minta maaf sih ini,2024-12-23 15:16:16,negatif,gus miftah maaf sih
hidayantoedi,Instagram,"bener juga sih, kadang netizen terlalu baper",2024-12-23 15:12:37,positif,bener sih kadang netizen baper
sitompulbanara,Instagram,"bener juga sih, kadang netizen terlalu baper",2024-12-23 15:31:11,positif,bener sih kadang netizen baper
najwahalimah,Instagram,"ga lucu, malah nyakitin hati yg jualan",2024-12-23 15:34:49,negatif,ga lucu nyakitin hati yg jual
emil01,Instagram,gw setuju sih ama omongannya gus,2024-12-23 15:36:16,positif,gw tuju sih ama omong gus
nurdiyantioni,Instagram,biasa aja sih,2024-12-23 15:55:58,netral,aja sih
jaga66,Instagram,gue liat ini ya udah lah ya,2024-12-23 15:51:34,netral,gue liat ya udah ya
fsaptono,Instagram,hmm no comment deh,2024-12-23 15:16:53,netral,hmm no comment deh
prayitna35,Instagram,ga tau mau bilang apa,2024-12-23 15:06:16,netral,ga tau bilang
sihotangpranata,Instagram,ceramah apaan malah ngehina,2024-12-23 15:51:24,negatif,ceramah ngehina
edirahmawati,Instagram,tergantung yg nonton juga sih,2024-12-23 15:20:48,netral,gantung yg nonton sih
nnuraini,Instagram,"ga lucu, malah nyakitin hati yg jualan",2024-12-23 15:09:19,negatif,ga lucu nyakitin hati yg jual
daryani,Instagram,ceramah apaan malah ngehina,2024-12-23 15:43:56,negatif,ceramah ngehina
utamaemas,Instagram,biasa aja sih,2024-12-23 15:40:02,netral,aja sih
dabukkebetania,Instagram,gue liat ini ya udah lah ya,2024-12-23 15:34:35,netral,gue liat ya udah ya
salwaanggraini,Instagram,biar agak keras tapi niatnya baik kok,2024-12-23 15:43:34,positif,biar keras niat
adika38,Instagram,jujurly lucu banget sih ini 😭,2024-12-23 15:44:28,positif,jujurly lucu banget sih
pertiwidirja,Instagram,gw setuju sih ama omongannya gus,2024-12-23 15:07:48,positif,gw tuju sih ama omong gus
oktavianigaman,Instagram,biasa aja sih,2024-12-23 15:11:30,netral,aja sih
hardanamardhiyah,Instagram,ni gus emg ada aja kelakuannya 😂,2024-12-23 15:54:16,positif,ni gus emg aja laku
jaemansuryatmi,Instagram,masih netral aja sih gw liatnya,2024-12-23 15:06:07,netral,netral aja sih gw liat
kamilasitorus,Instagram,biasa aja sih,2024-12-23 15:15:21,netral,aja sih
yuliartijati,Instagram,"ga lucu, malah nyakitin hati yg jualan",2024-12-23 15:04:06,negatif,ga lucu nyakitin hati yg jual
rnasyidah,Instagram,masih netral aja sih gw liatnya,2024-12-23 15:13:11,netral,netral aja sih gw liat
padmasarikawaya,Instagram,waduh ini sih udah kelewat batas,2024-12-23 15:55:01,negatif,sih udah lewat batas
jmaulana,Instagram,masih netral aja sih gw liatnya,2024-12-23 15:40:11,netral,netral aja sih gw liat
ziziyolanda,Instagram,ga sopan bgt ngomong gitu,2024-12-23 15:56:45,negatif,ga sopan bgt ngomong gitu
twacana,Instagram,"ga lucu, malah nyakitin hati yg jualan",2024-12-23 15:40:17,negatif,ga lucu nyakitin hati yg jual
ranggairawan,Instagram,gw setuju sih ama omongannya gus,2024-12-23 15:55:46,positif,gw tuju sih ama omong gus
darimin34,Instagram,"bener juga sih, kadang netizen terlalu baper",2024-12-23 15:35:12,positif,bener sih kadang netizen baper
gastimulyani,Instagram,"ceramahnya tetep dapet kok, relax aja guys",2024-12-23 15:50:03,positif,ceramah tetep dapet relax aja guys
maimunah25,Instagram,ga sopan bgt ngomong gitu,2024-12-23 15:43:53,negatif,ga sopan bgt ngomong gitu
ajeng35,Instagram,ga sopan bgt ngomong gitu,2024-12-23 15:32:02,negatif,ga sopan bgt ngomong gitu
fsihotang,Instagram,tergantung yg nonton juga sih,2024-12-23 15:28:05,netral,gantung yg nonton sih
zaryani,Instagram,biasa aja sih,2024-12-23 15:31:16,netral,aja sih
drajatprayoga,Instagram,ga tau mau bilang apa,2024-12-23 15:56:25,netral,ga tau bilang
marsudi31,Instagram,ga tau mau bilang apa,2024-12-23 15:47:29,netral,ga tau bilang
martakamelani,Instagram,gue liat ini ya udah lah ya,2024-12-23 15:50:31,netral,gue liat ya udah ya
prasetyasinaga,Instagram,biasa aja sih,2024-12-23 15:48:38,netral,aja sih
wiramahendra,Instagram,gw setuju sih ama omongannya gus,2024-12-23 15:07:54,positif,gw tuju sih ama omong gus
samiahsalahudin,Instagram,hmm no comment deh,2024-12-23 15:57:37,netral,hmm no comment deh
amardhiyah,Instagram,ga sopan bgt ngomong gitu,2024-12-23 15:06:18,negatif,ga sopan bgt ngomong gitu
gpratama,Instagram,masih netral aja sih gw liatnya,2024-12-23 15:03:09,netral,netral aja sih gw liat
isudiati,Instagram,biar agak keras tapi niatnya baik kok,2024-12-23 15:18:04,positif,biar keras niat
safitriumi,Instagram,bisa2 jualan es teh jd insecure 😓,2024-12-23 15:55:38,negatif,jual es teh jd insecure
samosirwawan,Instagram,gus miftah harus minta maaf sih ini,2024-12-23 15:26:47,negatif,gus miftah maaf sih
kanda91,Instagram,gw setuju sih ama omongannya gus,2024-12-23 15:23:47,positif,gw tuju sih ama omong gus
fujiatititin,Instagram,"bener juga sih, kadang netizen terlalu baper",2024-12-23 15:29:35,positif,bener sih kadang netizen baper
kusmawatirudi,Instagram,jujurly lucu banget sih ini 😭,2024-12-23 15:08:28,positif,jujurly lucu banget sih
wadi15,Instagram,gue liat ini ya udah lah ya,2024-12-23 15:12:51,netral,gue liat ya udah ya
wijayadarmana,Instagram,ni gus emg ada aja kelakuannya 😂,2024-12-23 15:29:36,positif,ni gus emg aja laku
nyuniar,Instagram,gue liat ini ya udah lah ya,2024-12-23 15:16:01,netral,gue liat ya udah ya
qzulaika,Instagram,biar agak keras tapi niatnya baik kok,2024-12-23 15:30:44,positif,biar keras niat
tasnim99,Instagram,ceramah apaan malah ngehina,2024-12-23 15:11:44,negatif,ceramah ngehina
ratih82,Instagram,"bener juga sih, kadang netizen terlalu baper",2024-12-23 15:18:31,positif,bener sih kadang netizen baper
usantoso,Instagram,"ceramahnya tetep dapet kok, relax aja guys",2024-12-23 15:34:55,positif,ceramah tetep dapet relax aja guys
safina20,Instagram,"ceramahnya tetep dapet kok, relax aja guys",2024-12-23 15:52:36,positif,ceramah tetep dapet relax aja guys
capa94,Instagram,biar agak keras tapi niatnya baik kok,2024-12-23 15:10:58,positif,biar keras niat
septi37,Instagram,"ceramahnya tetep dapet kok, relax aja guys",2024-12-23 15:12:40,positif,ceramah tetep dapet relax aja guys
bambanghartati,Instagram,ceramah apaan malah ngehina,2024-12-23 15:41:15,negatif,ceramah ngehina
pratamasaiful,Instagram,gue liat ini ya udah lah ya,2024-12-23 15:18:21,netral,gue liat ya udah ya
cmansur,Instagram,jujurly lucu banget sih ini 😭,2024-12-23 15:05:07,positif,jujurly lucu banget sih
uchitamandasari,Instagram,masih netral aja sih gw liatnya,2024-12-23 15:03:48,netral,netral aja sih gw liat
rahayudaliono,Instagram,gw setuju sih ama omongannya gus,2024-12-23 15:37:52,positif,gw tuju sih ama omong gus
prasetyo72,Instagram,"bener juga sih, kadang netizen terlalu baper",2024-12-23 15:58:25,positif,bener sih kadang netizen baper
purwadinarpati,Instagram,"ga lucu, malah nyakitin hati yg jualan",2024-12-23 15:03:51,negatif,ga lucu nyakitin hati yg jual
novitasarisabar,Instagram,biasa aja sih,2024-12-23 15:22:16,netral,aja sih
natsirgaluh,Instagram,gus miftah harus minta maaf sih ini,2024-12-23 15:56:19,negatif,gus miftah maaf sih
gilang02,Instagram,ni gus emg ada aja kelakuannya 😂,2024-12-23 15:06:52,positif,ni gus emg aja laku
balijanjailani,Instagram,"ceramahnya tetep dapet kok, relax aja guys",2024-12-23 15:59:24,positif,ceramah tetep dapet relax aja guys
prasetyacengkir,Instagram,"bener juga sih, kadang netizen terlalu baper",2024-12-23 15:33:03,positif,bener sih kadang netizen baper
mhidayanto,Instagram,jujurly lucu banget sih ini 😭,2024-12-23 15:42:46,positif,jujurly lucu banget sih
fnasyidah,Instagram,ga sopan bgt ngomong gitu,2024-12-23 15:55:50,negatif,ga sopan bgt ngomong gitu
kasiyah41,Instagram,bisa2 jualan es teh jd insecure 😓,2024-12-23 15:20:28,negatif,jual es teh jd insecure
adriansyahharimurti,Instagram,"ceramahnya tetep dapet kok, relax aja guys",2024-12-23 15:21:24,positif,ceramah tetep dapet relax aja guys
qwijayanti,Instagram,"ga lucu, malah nyakitin hati yg jualan",2024-12-23 15:53:51,negatif,ga lucu nyakitin hati yg jual
iswahyudimursinin,Instagram,masih netral aja sih gw liatnya,2024-12-23 15:48:41,netral,netral aja sih gw liat
balamantri26,Instagram,waduh ini sih udah kelewat batas,2024-12-23 15:15:03,negatif,sih udah lewat batas
wahyudinami,Instagram,bisa2 jualan es teh jd insecure 😓,2024-12-23 15:14:38,negatif,jual es teh jd insecure
aryaniajimin,Instagram,biar agak keras tapi niatnya baik kok,2024-12-23 15:06:03,positif,biar keras niat
jindrasihotang,Instagram,waduh ini sih udah kelewat batas,2024-12-23 15:05:43,negatif,sih udah lewat batas
padmasarimartani,Instagram,tergantung yg nonton juga sih,2024-12-23 15:05:34,netral,gantung yg nonton sih
embuhsitumorang,Instagram,tergantung yg nonton juga sih,2024-12-23 15:22:32,netral,gantung yg nonton sih
megantarajasmani,Instagram,jujurly lucu banget sih ini 😭,2024-12-23 15:39:33,positif,jujurly lucu banget sih
pertiwierik,Instagram,bisa2 jualan es teh jd insecure 😓,2024-12-23 15:29:48,negatif,jual es teh jd insecure
unjani88,Instagram,ga sopan bgt ngomong gitu,2024-12-23 15:32:10,negatif,ga sopan bgt ngomong gitu
saragihmustika,Instagram,"ga lucu, malah nyakitin hati yg jualan",2024-12-23 15:17:54,negatif,ga lucu nyakitin hati yg jual
lukman78,Instagram,tergantung yg nonton juga sih,2024-12-23 15:07:39,netral,gantung yg nonton sih
embuh20,Instagram,biasa aja sih,2024-12-23 15:39:39,netral,aja sih
hamzahwasita,Instagram,biar agak keras tapi niatnya baik kok,2024-12-23 15:44:26,positif,biar keras niat
natsireka,Instagram,jujurly lucu banget sih ini 😭,2024-12-23 15:22:28,positif,jujurly lucu banget sih
saptonolaras,Instagram,ni gus emg ada aja kelakuannya 😂,2024-12-23 15:47:01,positif,ni gus emg aja laku
martanawibisono,Instagram,gus miftah harus minta maaf sih ini,2024-12-23 15:05:27,negatif,gus miftah maaf sih
setiawantari,Instagram,jujurly lucu banget sih ini 😭,2024-12-23 15:11:18,positif,jujurly lucu banget sih
rusmanmarpaung,Instagram,"ga lucu, malah nyakitin hati yg jualan",2024-12-23 15:27:39,negatif,ga lucu nyakitin hati yg jual
cagak37,Instagram,masih netral aja sih gw liatnya,2024-12-23 15:53:58,netral,netral aja sih gw liat
kasim10,Instagram,bisa2 jualan es teh jd insecure 😓,2024-12-23 15:13:19,negatif,jual es teh jd insecure
nasyidahbaktiadi,Instagram,ceramah apaan malah ngehina,2024-12-23 15:29:22,negatif,ceramah ngehina
yaniyuniar,Instagram,waduh ini sih udah kelewat batas,2024-12-23 15:47:30,negatif,sih udah lewat batas
nadinepratama,Instagram,"ga lucu, malah nyakitin hati yg jualan",2024-12-23 15:22:37,negatif,ga lucu nyakitin hati yg jual
adikarafarida,Instagram,masih netral aja sih gw liatnya,2024-12-23 15:31:44,netral,netral aja sih gw liat
unjani52,Instagram,bisa2 jualan es teh jd insecure 😓,2024-12-23 15:28:41,negatif,jual es teh jd insecure
jirawan,Instagram,hmm no comment deh,2024-12-23 15:42:09,netral,hmm no comment deh
winarnocayadi,Instagram,ga tau mau bilang apa,2024-12-23 15:10:56,netral,ga tau bilang
ridwanmaulana,Instagram,biasa aja sih,2024-12-23 15:10:41,netral,aja sih
vanesamustofa,Instagram,gus miftah harus minta maaf sih ini,2024-12-23 15:55:10,negatif,gus miftah maaf sih
opadmasari,Instagram,ni gus emg ada aja kelakuannya 😂,2024-12-23 15:29:36,positif,ni gus emg aja laku
dindaandriani,Instagram,tergantung yg nonton juga sih,2024-12-23 15:13:50,netral,gantung yg nonton sih
qpuspita,Instagram,hmm no comment deh,2024-12-23 15:14:48,netral,hmm no comment deh
luhung74,Instagram,gue liat ini ya udah lah ya,2024-12-23 15:52:55,netral,gue liat ya udah ya
paiman69,Instagram,biasa aja sih,2024-12-23 15:56:35,netral,aja sih
juli22,Instagram,ga sopan bgt ngomong gitu,2024-12-23 15:57:18,negatif,ga sopan bgt ngomong gitu
melindanasyiah,Instagram,gue liat ini ya udah lah ya,2024-12-23 15:07:43,netral,gue liat ya udah ya
najwa41,Instagram,gus miftah harus minta maaf sih ini,2024-12-23 15:26:26,negatif,gus miftah maaf sih
salmanzulkarnain,Instagram,biasa aja sih,2024-12-23 15:58:53,netral,aja sih
manullangkala,Instagram,bisa2 jualan es teh jd insecure 😓,2024-12-23 15:05:07,negatif,jual es teh jd insecure
agustinaadiarja,Instagram,ga tau mau bilang apa,2024-12-23 15:41:22,netral,ga tau bilang
jaga32,Instagram,hmm no comment deh,2024-12-23 15:43:23,netral,hmm no comment deh
otampubolon,Instagram,ga tau mau bilang apa,2024-12-23 15:31:23,netral,ga tau bilang
habibikarimah,Instagram,biasa aja sih,2024-12-23 15:03:45,netral,aja sih
galurpranowo,Instagram,biasa aja sih,2024-12-23 15:29:49,netral,aja sih
cakrabuana52,Instagram,bisa2 jualan es teh jd insecure 😓,2024-12-23 15:49:56,negatif,jual es teh jd insecure
tharyanto,Instagram,masih netral aja sih gw liatnya,2024-12-23 15:11:47,netral,netral aja sih gw liat
bahuwirya37,Instagram,gue liat ini ya udah lah ya,2024-12-23 15:18:31,netral,gue liat ya udah ya
prasastajaya,Instagram,"ceramahnya tetep dapet kok, relax aja guys",2024-12-23 15:01:54,positif,ceramah tetep dapet relax aja guys
kusumaprasetya,Instagram,gus miftah harus minta maaf sih ini,2024-12-23 15:30:23,negatif,gus miftah maaf sih
gwaluyo,Instagram,tergantung yg nonton juga sih,2024-12-23 15:18:36,netral,gantung yg nonton sih
citrapuspasari,Instagram,ga tau mau bilang apa,2024-12-23 15:31:38,netral,ga tau bilang
marsudi10,Instagram,ceramah apaan malah ngehina,2024-12-23 15:31:19,negatif,ceramah ngehina
chasanah,Instagram,ga tau mau bilang apa,2024-12-23 15:28:51,netral,ga tau bilang
wbudiman,Instagram,ga sopan bgt ngomong gitu,2024-12-23 15:02:04,negatif,ga sopan bgt ngomong gitu
pranata61,Instagram,tergantung yg nonton juga sih,2024-12-23 15:49:56,netral,gantung yg nonton sih
ade76,Instagram,ceramah apaan malah ngehina,2024-12-23 15:57:04,negatif,ceramah ngehina
dabukkeemong,Instagram,biasa aja sih,2024-12-23 15:26:58,netral,aja sih
cnajmudin,Instagram,bisa2 jualan es teh jd insecure 😓,2024-12-23 15:05:17,negatif,jual es teh jd insecure
lamarmarpaung,Instagram,ni gus emg ada aja kelakuannya 😂,2024-12-23 15:14:36,positif,ni gus emg aja laku
simonhutasoit,Instagram,masih netral aja sih gw liatnya,2024-12-23 15:52:20,netral,netral aja sih gw liat
sitompulkasim,Instagram,waduh ini sih udah kelewat batas,2024-12-23 15:34:24,negatif,sih udah lewat batas
lulut21,Instagram,biar agak keras tapi niatnya baik kok,2024-12-23 15:48:35,positif,biar keras niat
bahuwiryatampubolon,Instagram,gus miftah harus minta maaf sih ini,2024-12-23 15:22:01,negatif,gus miftah maaf sih
gyuliarti,Instagram,jujurly lucu banget sih ini 😭,2024-12-23 15:25:43,positif,jujurly lucu banget sih
zelda02,Instagram,ga tau mau bilang apa,2024-12-23 15:41:20,netral,ga tau bilang
vicky50,Instagram,biasa aja sih,2024-12-23 15:02:52,netral,aja sih
jsetiawan,Instagram,gus miftah harus minta maaf sih ini,2024-12-23 15:20:45,negatif,gus miftah maaf sih
pratiwimariadi,Instagram,"ga lucu, malah nyakitin hati yg jualan",2024-12-23 15:28:59,negatif,ga lucu nyakitin hati yg jual
mustofaajimin,Instagram,masih netral aja sih gw liatnya,2024-12-23 15:42:14,netral,netral aja sih gw liat
cahyantoprasasta,Instagram,tergantung yg nonton juga sih,2024-12-23 15:14:48,netral,gantung yg nonton sih
mulyanifarhunnisa,Instagram,biasa aja sih,2024-12-23 15:39:27,netral,aja sih
hasna60,Instagram,ga sopan bgt ngomong gitu,2024-12-23 15:22:40,negatif,ga sopan bgt ngomong gitu
opangunarto,Instagram,ceramah apaan malah ngehina,2024-12-23 15:25:11,negatif,ceramah ngehina
ira81,Instagram,jujurly lucu banget sih ini 😭,2024-12-23 15:59:45,positif,jujurly lucu banget sih
hendra89,Instagram,waduh ini sih udah kelewat batas,2024-12-23 15:13:59,negatif,sih udah lewat batas
queenyolanda,Instagram,biar agak keras tapi niatnya baik kok,2024-12-23 15:41:04,positif,biar keras niat
mhassanah,Instagram,"ceramahnya tetep dapet kok, relax aja guys",2024-12-23 15:44:50,positif,ceramah tetep dapet relax aja guys
edward63,Instagram,gw setuju sih ama omongannya gus,2024-12-23 15:38:20,positif,gw tuju sih ama omong gus
carakaagustina,Instagram,waduh ini sih udah kelewat batas,2024-12-23 15:59:28,negatif,sih udah lewat batas
mandasarinaradi,Instagram,waduh ini sih udah kelewat batas,2024-12-23 15:30:53,negatif,sih udah lewat batas
mhandayani,Instagram,jujurly lucu banget sih ini 😭,2024-12-23 15:19:49,positif,jujurly lucu banget sih
kalim12,Instagram,gw setuju sih ama omongannya gus,2024-12-23 15:29:18,positif,gw tuju sih ama omong gus
ysuartini,Instagram,hmm no comment deh,2024-12-23 15:51:33,netral,hmm no comment deh
marpaunggarang,Instagram,waduh ini sih udah kelewat batas,2024-12-23 15:55:30,negatif,sih udah lewat batas
adinatanashiruddin,Instagram,ni gus emg ada aja kelakuannya 😂,2024-12-23 15:30:23,positif,ni gus emg aja laku
zyolanda,Instagram,ga tau mau bilang apa,2024-12-23 15:02:47,netral,ga tau bilang
xanananamaga,Instagram,waduh ini sih udah kelewat batas,2024-12-23 15:09:07,negatif,sih udah lewat batas
anggraininugraha,Instagram,waduh ini sih udah kelewat batas,2024-12-23 15:58:49,negatif,sih udah lewat batas
rini72,Instagram,tergantung yg nonton juga sih,2024-12-23 15:00:34,netral,gantung yg nonton sih
sariirawan,Instagram,gue liat ini ya udah lah ya,2024-12-23 15:56:58,netral,gue liat ya udah ya
samosirkarna,Instagram,"ceramahnya tetep dapet kok, relax aja guys",2024-12-23 15:06:18,positif,ceramah tetep dapet relax aja guys
widodoyusuf,Instagram,jujurly lucu banget sih ini 😭,2024-12-23 15:25:49,positif,jujurly lucu banget sih
prabumaheswara,Instagram,gue liat ini ya udah lah ya,2024-12-23 15:29:47,netral,gue liat ya udah ya
brajasa,Instagram,gue liat ini ya udah lah ya,2024-12-23 15:57:21,netral,gue liat ya udah ya
lestaricinthia,Instagram,ga sopan bgt ngomong gitu,2024-12-23 15:33:20,negatif,ga sopan bgt ngomong gitu
vega36,Instagram,jujurly lucu banget sih ini 😭,2024-12-23 15:19:04,positif,jujurly lucu banget sih
edi73,Instagram,biar agak keras tapi niatnya baik kok,2024-12-23 15:16:04,positif,biar keras niat
jumadi08,Instagram,ni gus emg ada aja kelakuannya 😂,2024-12-23 15:27:36,positif,ni gus emg aja laku
rpratiwi,Instagram,ni gus emg ada aja kelakuannya 😂,2024-12-23 15:24:05,positif,ni gus emg aja laku
endralazuardi,Instagram,ga sopan bgt ngomong gitu,2024-12-23 15:52:56,negatif,ga sopan bgt ngomong gitu
phalim,Instagram,hmm no comment deh,2024-12-23 15:24:53,netral,hmm no comment deh
capanamaga,Instagram,waduh ini sih udah kelewat batas,2024-12-23 15:43:43,negatif,sih udah lewat batas
qpermadi,Instagram,jujurly lucu banget sih ini 😭,2024-12-23 15:31:12,positif,jujurly lucu banget sih
radenwahyudin,Instagram,hmm no comment deh,2024-12-23 15:14:11,netral,hmm no comment deh
nurdiyantigaiman,Instagram,ni gus emg ada aja kelakuannya 😂,2024-12-23 15:28:18,positif,ni gus emg aja laku
awaskita,Instagram,"bener juga sih, kadang netizen terlalu baper",2024-12-23 15:02:27,positif,bener sih kadang netizen baper
kanda52,Instagram,masih netral aja sih gw liatnya,2024-12-23 15:32:22,netral,netral aja sih gw liat
nababanlasmono,Instagram,biasa aja sih,2024-12-23 15:33:24,netral,aja sih
jefrianggriawan,Instagram,biasa aja sih,2024-12-23 15:14:04,netral,aja sih
najwa68,Instagram,ceramah apaan malah ngehina,2024-12-23 15:05:18,negatif,ceramah ngehina
salwa26,Instagram,hmm no comment deh,2024-12-23 15:39:36,netral,hmm no comment deh
kasiran64,Instagram,bisa2 jualan es teh jd insecure 😓,2024-12-23 15:45:35,negatif,jual es teh jd insecure
tomi74,Instagram,ceramah apaan malah ngehina,2024-12-23 15:14:59,negatif,ceramah ngehina
adika07,Instagram,biasa aja sih,2024-12-23 15:41:43,netral,aja sih
damarnasyidah,Instagram,gw setuju sih ama omongannya gus,2024-12-23 15:56:07,positif,gw tuju sih ama omong gus
swaluyo,Instagram,gue liat ini ya udah lah ya,2024-12-23 15:57:31,netral,gue liat ya udah ya
ksitompul,Instagram,gus miftah harus minta maaf sih ini,2024-12-23 15:32:28,negatif,gus miftah maaf sih
nasab21,Instagram,masih netral aja sih gw liatnya,2024-12-23 15:25:00,netral,netral aja sih gw liat
restumarpaung,Instagram,bisa2 jualan es teh jd insecure 😓,2024-12-23 15:31:08,negatif,jual es teh jd insecure
dwinarsih,Instagram,gus miftah harus minta maaf sih ini,2024-12-23 15:23:20,negatif,gus miftah maaf sih
qhidayanto,Instagram,"ga lucu, malah nyakitin hati yg jualan",2024-12-23 15:24:56,negatif,ga lucu nyakitin hati yg jual
pangeran16,Instagram,gus miftah harus minta maaf sih ini,2024-12-23 15:03:52,negatif,gus miftah maaf sih
rwasita,Instagram,"ceramahnya tetep dapet kok, relax aja guys",2024-12-23 15:11:50,positif,ceramah tetep dapet relax aja guys
panji22,Instagram,waduh ini sih udah kelewat batas,2024-12-23 15:17:18,negatif,sih udah lewat batas
galur68,Instagram,gw setuju sih ama omongannya gus,2024-12-23 15:15:40,positif,gw tuju sih ama omong gus
qsiregar,Instagram,biasa aja sih,2024-12-23 15:16:42,netral,aja sih
ulya07,Instagram,jujurly lucu banget sih ini 😭,2024-12-23 15:58:00,positif,jujurly lucu banget sih
ibrahim36,Instagram,biasa aja sih,2024-12-23 15:04:47,netral,aja sih
ade77,Instagram,ceramah apaan malah ngehina,2024-12-23 15:10:57,negatif,ceramah ngehina
budiwaluyo,Instagram,hmm no comment deh,2024-12-23 15:20:04,netral,hmm no comment deh
wagustina,Instagram,biasa aja sih,2024-12-23 15:43:25,netral,aja sih
isaputra,Instagram,biar agak keras tapi niatnya baik kok,2024-12-23 15:31:26,positif,biar keras niat
tirtayasa69,Instagram,tergantung yg nonton juga sih,2024-12-23 15:21:28,netral,gantung yg nonton sih
ida28,Instagram,gus miftah harus minta maaf sih ini,2024-12-23 15:16:43,negatif,gus miftah maaf sih
sihombingdiana,Instagram,biasa aja sih,2024-12-23 15:52:27,netral,aja sih
jagaraganasyiah,Instagram,gw setuju sih ama omongannya gus,2024-12-23 15:09:42,positif,gw tuju sih ama omong gus
gunawankeisha,Instagram,waduh ini sih udah kelewat batas,2024-12-23 15:03:51,negatif,sih udah lewat batas
amidabukke,Instagram,biasa aja sih,2024-12-23 15:57:09,netral,aja sih
permadipuji,Instagram,biar agak keras tapi niatnya baik kok,2024-12-23 15:31:49,positif,biar keras niat
saefullahcinthia,Instagram,"ga lucu, malah nyakitin hati yg jualan",2024-12-23 15:19:52,negatif,ga lucu nyakitin hati yg jual
iriana01,Instagram,masih netral aja sih gw liatnya,2024-12-23 15:10:51,netral,netral aja sih gw liat
indahtarihoran,Instagram,biar agak keras tapi niatnya baik kok,2024-12-23 15:17:57,positif,biar keras niat
banawabudiman,Instagram,"ga lucu, malah nyakitin hati yg jualan",2024-12-23 15:12:11,negatif,ga lucu nyakitin hati yg jual
kdabukke,Instagram,ga sopan bgt ngomong gitu,2024-12-23 15:20:01,negatif,ga sopan bgt ngomong gitu
kfirmansyah,Instagram,ni gus emg ada aja kelakuannya 😂,2024-12-23 15:57:17,positif,ni gus emg aja laku
nadine63,Instagram,"ceramahnya tetep dapet kok, relax aja guys",2024-12-23 15:42:24,positif,ceramah tetep dapet relax aja guys
saadat79,Instagram,gw setuju sih ama omongannya gus,2024-12-23 15:42:47,positif,gw tuju sih ama omong gus
lsiregar,Instagram,masih netral aja sih gw liatnya,2024-12-23 15:10:10,netral,netral aja sih gw liat
permataunggul,Instagram,"ga lucu, malah nyakitin hati yg jualan",2024-12-23 15:19:45,negatif,ga lucu nyakitin hati yg jual
dewiiswahyudi,Instagram,gw setuju sih ama omongannya gus,2024-12-23 15:07:48,positif,gw tuju sih ama omong gus
drajatlaksita,Instagram,ga sopan bgt ngomong gitu,2024-12-23 15:01:55,negatif,ga sopan bgt ngomong gitu
heryantopangestu,Instagram,jujurly lucu banget sih ini 😭,2024-12-23 15:58:39,positif,jujurly lucu banget sih
usamahsaiful,Instagram,"bener juga sih, kadang netizen terlalu baper",2024-12-23 15:55:32,positif,bener sih kadang netizen baper
halimdabukke,Instagram,ga sopan bgt ngomong gitu,2024-12-23 15:39:54,negatif,ga sopan bgt ngomong gitu
banawi98,Instagram,"ceramahnya tetep dapet kok, relax aja guys",2024-12-23 15:09:09,positif,ceramah tetep dapet relax aja guys
vicky29,Instagram,ni gus emg ada aja kelakuannya 😂,2024-12-23 15:14:25,positif,ni gus emg aja laku
asmiantomayasari,Instagram,ni gus emg ada aja kelakuannya 😂,2024-12-23 15:35:24,positif,ni gus emg aja laku
rajasakiandra,Instagram,bisa2 jualan es teh jd insecure 😓,2024-12-23 15:25:46,negatif,jual es teh jd insecure
eka96,Instagram,biar agak keras tapi niatnya baik kok,2024-12-23 15:08:33,positif,biar keras niat
kemal24,Instagram,masih netral aja sih gw liatnya,2024-12-23 15:09:07,netral,netral aja sih gw liat
pmandala,Instagram,ni gus emg ada aja kelakuannya 😂,2024-12-23 15:32:38,positif,ni gus emg aja laku
marpaungjanet,Instagram,ga sopan bgt ngomong gitu,2024-12-23 15:14:29,negatif,ga sopan bgt ngomong gitu
sari08,Instagram,ga tau mau bilang apa,2024-12-23 15:01:18,netral,ga tau bilang
kpurnawati,Instagram,waduh ini sih udah kelewat batas,2024-12-23 15:27:04,negatif,sih udah lewat batas
nadia54,Instagram,masih netral aja sih gw liatnya,2024-12-23 15:10:40,netral,netral aja sih gw liat
kadirpradana,Instagram,biar agak keras tapi niatnya baik kok,2024-12-23 15:35:13,positif,biar keras niat
bahuwarnaprakasa,Instagram,bisa2 jualan es teh jd insecure 😓,2024-12-23 15:40:47,negatif,jual es teh jd insecure
dwastuti,Instagram,ni gus emg ada aja kelakuannya 😂,2024-12-23 15:22:07,positif,ni gus emg aja laku
wmaulana,Instagram,ceramah apaan malah ngehina,2024-12-23 15:23:58,negatif,ceramah ngehina
vega39,Instagram,gw setuju sih ama omongannya gus,2024-12-23 15:03:19,positif,gw tuju sih ama omong gus
vera54,Instagram,ga tau mau bilang apa,2024-12-23 15:22:25,netral,ga tau bilang
jlestari,Instagram,tergantung yg nonton juga sih,2024-12-23 15:55:41,netral,gantung yg nonton sih
banawi83,Instagram,"ga lucu, malah nyakitin hati yg jualan",2024-12-23 15:41:24,negatif,ga lucu nyakitin hati yg jual
dipagunawan,Instagram,tergantung yg nonton juga sih,2024-12-23 15:20:15,netral,gantung yg nonton sih
puji32,Instagram,biasa aja sih,2024-12-23 15:03:54,netral,aja sih
astutiluthfi,Instagram,ga sopan bgt ngomong gitu,2024-12-23 15:23:28,negatif,ga sopan bgt ngomong gitu
usmanwulandari,Instagram,ga sopan bgt ngomong gitu,2024-12-23 15:00:01,negatif,ga sopan bgt ngomong gitu
prayogoandriani,Instagram,"ga lucu, malah nyakitin hati yg jualan",2024-12-23 15:47:34,negatif,ga lucu nyakitin hati yg jual
damaniksari,Instagram,hmm no comment deh,2024-12-23 15:01:04,netral,hmm no comment deh
wasiskurniawan,Instagram,"ga lucu, malah nyakitin hati yg jualan",2024-12-23 15:14:05,negatif,ga lucu nyakitin hati yg jual
ppranowo,Instagram,gus miftah harus minta maaf sih ini,2024-12-23 15:36:28,negatif,gus miftah maaf sih
slatupono,Instagram,gw setuju sih ama omongannya gus,2024-12-23 15:31:18,positif,gw tuju sih ama omong gus
radenpermata,Instagram,gus miftah harus minta maaf sih ini,2024-12-23 15:52:42,negatif,gus miftah maaf sih
winarsihgalih,Instagram,bisa2 jualan es teh jd insecure 😓,2024-12-23 15:01:04,negatif,jual es teh jd insecure
darmanamelani,Instagram,biasa aja sih,2024-12-23 15:34:06,netral,aja sih
nadinepermadi,Instagram,tergantung yg nonton juga sih,2024-12-23 15:17:26,netral,gantung yg nonton sih
ehalim,Instagram,bisa2 jualan es teh jd insecure 😓,2024-12-23 15:46:45,negatif,jual es teh jd insecure
haryantogaduh,Instagram,gw setuju sih ama omongannya gus,2024-12-23 15:01:14,positif,gw tuju sih ama omong gus
hestisaragih,Instagram,gw setuju sih ama omongannya gus,2024-12-23 15:06:30,positif,gw tuju sih ama omong gus
aadriansyah,Instagram,gus miftah harus minta maaf sih ini,2024-12-23 15:44:21,negatif,gus miftah maaf sih
usadatiara,Instagram,waduh ini sih udah kelewat batas,2024-12-23 15:32:13,negatif,sih udah lewat batas
luthfibudiman,Instagram,gus miftah harus minta maaf sih ini,2024-12-23 15:25:43,negatif,gus miftah maaf sih
gabriellasaragih,Instagram,ga sopan bgt ngomong gitu,2024-12-23 15:12:01,negatif,ga sopan bgt ngomong gitu
putu38,Instagram,ga sopan bgt ngomong gitu,2024-12-23 15:05:45,negatif,ga sopan bgt ngomong gitu
damunapitupulu,Instagram,tergantung yg nonton juga sih,2024-12-23 15:08:07,netral,gantung yg nonton sih
esiregar,Instagram,"ceramahnya tetep dapet kok, relax aja guys",2024-12-23 15:28:38,positif,ceramah tetep dapet relax aja guys
balanatsir,Instagram,biar agak keras tapi niatnya baik kok,2024-12-23 15:10:19,positif,biar keras niat
teddysaragih,Instagram,gue liat ini ya udah lah ya,2024-12-23 15:41:37,netral,gue liat ya udah ya
diah22,Instagram,hmm no comment deh,2024-12-23 15:57:13,netral,hmm no comment deh
manullangkarsana,Instagram,tergantung yg nonton juga sih,2024-12-23 15:11:37,netral,gantung yg nonton sih
yoga80,Instagram,"bener juga sih, kadang netizen terlalu baper",2024-12-23 15:54:12,positif,bener sih kadang netizen baper
parisagustina,Instagram,biar agak keras tapi niatnya baik kok,2024-12-23 15:15:45,positif,biar keras niat
ciaobella97,Instagram,ceramah apaan malah ngehina,2024-12-23 15:37:26,negatif,ceramah ngehina
asmunidongoran,Instagram,biar agak keras tapi niatnya baik kok,2024-12-23 15:39:47,positif,biar keras niat
anggriawancager,Instagram,biar agak keras tapi niatnya baik kok,2024-12-23 15:06:00,positif,biar keras niat
darmaji14,Instagram,"bener juga sih, kadang netizen terlalu baper",2024-12-23 15:48:22,positif,bener sih kadang netizen baper
ybudiman,Instagram,ga tau mau bilang apa,2024-12-23 15:56:11,netral,ga tau bilang
vzulkarnain,Instagram,gus miftah harus minta maaf sih ini,2024-12-23 15:46:19,negatif,gus miftah maaf sih
edi88,Instagram,hmm no comment deh,2024-12-23 15:38:46,netral,hmm no comment deh
bella60,Instagram,masih netral aja sih gw liatnya,2024-12-23 15:27:32,netral,netral aja sih gw liat
karimananggraini,Instagram,"ceramahnya tetep dapet kok, relax aja guys",2024-12-23 15:23:51,positif,ceramah tetep dapet relax aja guys
daruna12,Instagram,gus miftah harus minta maaf sih ini,2024-12-23 15:34:17,negatif,gus miftah maaf sih
lutfanwacana,Instagram,masih netral aja sih gw liatnya,2024-12-23 15:35:32,netral,netral aja sih gw liat
karja59,Instagram,tergantung yg nonton juga sih,2024-12-23 15:09:53,netral,gantung yg nonton sih
gsuryatmi,Instagram,ceramah apaan malah ngehina,2024-12-23 15:29:38,negatif,ceramah ngehina
raihan97,Instagram,tergantung yg nonton juga sih,2024-12-23 15:37:08,netral,gantung yg nonton sih
gabriella83,Instagram,biar agak keras tapi niatnya baik kok,2024-12-23 15:35:03,positif,biar keras niat
sabri51,Instagram,biar agak keras tapi niatnya baik kok,2024-12-23 15:47:43,positif,biar keras niat
kamila82,Instagram,biasa aja sih,2024-12-23 15:38:48,netral,aja sih
orajasa,Instagram,ga sopan bgt ngomong gitu,2024-12-23 15:10:59,negatif,ga sopan bgt ngomong gitu
ohidayanto,Instagram,hmm no comment deh,2024-12-23 15:47:58,netral,hmm no comment deh
usyipangestu,Instagram,gw setuju sih ama omongannya gus,2024-12-23 15:25:14,positif,gw tuju sih ama omong gus
caketprabowo,Instagram,gus miftah harus minta maaf sih ini,2024-12-23 15:37:11,negatif,gus miftah maaf sih
jailanipardi,Instagram,ga sopan bgt ngomong gitu,2024-12-23 15:58:51,negatif,ga sopan bgt ngomong gitu
wahyuniira,Instagram,gus miftah harus minta maaf sih ini,2024-12-23 15:37:35,negatif,gus miftah maaf sih
psaptono,Instagram,jujurly lucu banget sih ini 😭,2024-12-23 15:22:49,positif,jujurly lucu banget sih
elisawasita,Instagram,biar agak keras tapi niatnya baik kok,2024-12-23 15:35:32,positif,biar keras niat
sakuralaksita,Instagram,ga tau mau bilang apa,2024-12-23 15:04:43,netral,ga tau bilang
yuliartiemong,Instagram,"ga lucu, malah nyakitin hati yg jualan",2024-12-23 15:33:12,negatif,ga lucu nyakitin hati yg jual
sihotangperkasa,Instagram,"ceramahnya tetep dapet kok, relax aja guys",2024-12-23 15:55:15,positif,ceramah tetep dapet relax aja guys
jokohakim,Instagram,gus miftah harus minta maaf sih ini,2024-12-23 15:42:56,negatif,gus miftah maaf sih
jyuniar,Instagram,ceramah apaan malah ngehina,2024-12-23 15:44:26,negatif,ceramah ngehina
wibowotiti,Instagram,waduh ini sih udah kelewat batas,2024-12-23 15:02:56,negatif,sih udah lewat batas
oktavianisamsul,Instagram,masih netral aja sih gw liatnya,2024-12-23 15:02:09,netral,netral aja sih gw liat
setiawanedison,Instagram,jujurly lucu banget sih ini 😭,2024-12-23 15:16:27,positif,jujurly lucu banget sih
pfirgantoro,Instagram,tergantung yg nonton juga sih,2024-12-23 15:28:38,netral,gantung yg nonton sih
adiarjaputra,Instagram,gus miftah harus minta maaf sih ini,2024-12-23 15:32:36,negatif,gus miftah maaf sih
qyulianti,Instagram,biasa aja sih,2024-12-23 15:24:50,netral,aja sih
bakimanrahayu,Instagram,ga sopan bgt ngomong gitu,2024-12-23 15:01:05,negatif,ga sopan bgt ngomong gitu
adikahidayat,Instagram,biasa aja sih,2024-12-23 15:03:42,netral,aja sih
salahudinasirwada,Instagram,gus miftah harus minta maaf sih ini,2024-12-23 15:25:33,negatif,gus miftah maaf sih
pmarpaung,Instagram,"ga lucu, malah nyakitin hati yg jualan",2024-12-23 15:05:02,negatif,ga lucu nyakitin hati yg jual
wijayantiviktor,Instagram,gus miftah harus minta maaf sih ini,2024-12-23 15:39:54,negatif,gus miftah maaf sih
pangestusihombing,Instagram,ga sopan bgt ngomong gitu,2024-12-23 15:05:53,negatif,ga sopan bgt ngomong gitu
rusmanprasasta,Instagram,gue liat ini ya udah lah ya,2024-12-23 15:49:26,netral,gue liat ya udah ya
sabrinalestari,Instagram,waduh ini sih udah kelewat batas,2024-12-23 15:31:36,negatif,sih udah lewat batas
rinanatsir,Instagram,ni gus emg ada aja kelakuannya 😂,2024-12-23 15:51:34,positif,ni gus emg aja laku
haryantoindah,Instagram,gw setuju sih ama omongannya gus,2024-12-23 15:38:58,positif,gw tuju sih ama omong gus
chidayanto,Instagram,tergantung yg nonton juga sih,2024-12-23 15:10:13,netral,gantung yg nonton sih
prasetyo07,Instagram,biasa aja sih,2024-12-23 15:39:26,netral,aja sih
uda99,Instagram,biasa aja sih,2024-12-23 15:59:46,netral,aja sih
pradanaedi,Instagram,ceramah apaan malah ngehina,2024-12-23 15:52:10,negatif,ceramah ngehina
gilang32,Instagram,"bener juga sih, kadang netizen terlalu baper",2024-12-23 15:11:50,positif,bener sih kadang netizen baper
chabibi,Instagram,"ceramahnya tetep dapet kok, relax aja guys",2024-12-23 15:00:52,positif,ceramah tetep dapet relax aja guys
ppratama,Instagram,ga tau mau bilang apa,2024-12-23 15:25:15,netral,ga tau bilang
jsiregar,Instagram,ni gus emg ada aja kelakuannya 😂,2024-12-23 15:14:33,positif,ni gus emg aja laku
gnasyiah,Instagram,jujurly lucu banget sih ini 😭,2024-12-23 15:58:21,positif,jujurly lucu banget sih
puspasarisidiq,Instagram,waduh ini sih udah kelewat batas,2024-12-23 15:32:44,negatif,sih udah lewat batas
hastuticahyono,Instagram,hmm no comment deh,2024-12-23 15:24:19,netral,hmm no comment deh
mnarpati,Instagram,waduh ini sih udah kelewat batas,2024-12-23 15:53:42,negatif,sih udah lewat batas
emastarihoran,Instagram,ga tau mau bilang apa,2024-12-23 15:11:51,netral,ga tau bilang
znurdiyanti,Instagram,"bener juga sih, kadang netizen terlalu baper",2024-12-23 15:54:21,positif,bener sih kadang netizen baper
zpudjiastuti,Instagram,"bener juga sih, kadang netizen terlalu baper",2024-12-23 15:10:12,positif,bener sih kadang netizen baper
hesti94,Instagram,masih netral aja sih gw liatnya,2024-12-23 15:44:03,netral,netral aja sih gw liat
saefullahsoleh,Instagram,masih netral aja sih gw liatnya,2024-12-23 15:13:26,netral,netral aja sih gw liat
tirawan,Instagram,ga tau mau bilang apa,2024-12-23 15:15:03,netral,ga tau bilang
ina47,Instagram,gw setuju sih ama omongannya gus,2024-12-23 15:05:38,positif,gw tuju sih ama omong gus
prayogalaras,Instagram,"ga lucu, malah nyakitin hati yg jualan",2024-12-23 15:18:51,negatif,ga lucu nyakitin hati yg jual
chelseasihombing,Instagram,"bener juga sih, kadang netizen terlalu baper",2024-12-23 15:48:16,positif,bener sih kadang netizen baper
gardahutasoit,Instagram,"ceramahnya tetep dapet kok, relax aja guys",2024-12-23 15:58:17,positif,ceramah tetep dapet relax aja guys
utamaoliva,Instagram,gus miftah harus minta maaf sih ini,2024-12-23 15:28:44,negatif,gus miftah maaf sih
maheswaranova,Instagram,hmm no comment deh,2024-12-23 15:55:43,netral,hmm no comment deh
mariadi76,Instagram,masih netral aja sih gw liatnya,2024-12-23 15:40:20,netral,netral aja sih gw liat
taufankusumo,Instagram,ni gus emg ada aja kelakuannya 😂,2024-12-23 15:24:38,positif,ni gus emg aja laku
mayasariwarsa,Instagram,masih netral aja sih gw liatnya,2024-12-23 15:43:49,netral,netral aja sih gw liat
safina84,Instagram,biasa aja sih,2024-12-23 15:46:09,netral,aja sih
rusman97,Instagram,biasa aja sih,2024-12-23 15:28:20,netral,aja sih
kairavthamrin,Instagram,ni gus emg ada aja kelakuannya 😂,2024-12-23 15:34:54,positif,ni gus emg aja laku
ardiantojarwa,Instagram,bisa2 jualan es teh jd insecure 😓,2024-12-23 15:33:54,negatif,jual es teh jd insecure
enteng40,Instagram,gw setuju sih ama omongannya gus,2024-12-23 15:44:39,positif,gw tuju sih ama omong gus
bmarpaung,Instagram,gw setuju sih ama omongannya gus,2024-12-23 15:33:31,positif,gw tuju sih ama omong gus
yuliabudiman,Instagram,tergantung yg nonton juga sih,2024-12-23 15:00:12,netral,gantung yg nonton sih
snapitupulu,Instagram,"ceramahnya tetep dapet kok, relax aja guys",2024-12-23 15:03:00,positif,ceramah tetep dapet relax aja guys
luweshutagalung,Instagram,hmm no comment deh,2024-12-23 15:25:47,netral,hmm no comment deh
pnamaga,Instagram,biasa aja sih,2024-12-23 15:31:52,netral,aja sih
manah50,Instagram,"ga lucu, malah nyakitin hati yg jualan",2024-12-23 15:44:33,negatif,ga lucu nyakitin hati yg jual
lestariharsanto,Instagram,ga tau mau bilang apa,2024-12-23 15:12:05,netral,ga tau bilang
asirwada87,Instagram,ni gus emg ada aja kelakuannya 😂,2024-12-23 15:34:59,positif,ni gus emg aja laku
wibowoajiono,Instagram,tergantung yg nonton juga sih,2024-12-23 15:21:03,netral,gantung yg nonton sih
jbudiman,Instagram,biar agak keras tapi niatnya baik kok,2024-12-23 15:57:45,positif,biar keras niat
saefullahpurwa,Instagram,ni gus emg ada aja kelakuannya 😂,2024-12-23 15:25:46,positif,ni gus emg aja laku
langgeng56,Instagram,waduh ini sih udah kelewat batas,2024-12-23 15:13:29,negatif,sih udah lewat batas
ffujiati,Instagram,gue liat ini ya udah lah ya,2024-12-23 15:31:43,netral,gue liat ya udah ya
cemani38,Instagram,ceramah apaan malah ngehina,2024-12-23 15:50:55,negatif,ceramah ngehina
usihombing,Instagram,ga tau mau bilang apa,2024-12-23 15:03:38,netral,ga tau bilang
inainggolan,Instagram,gus miftah harus minta maaf sih ini,2024-12-23 15:04:15,negatif,gus miftah maaf sih
gwaskita,Instagram,masih netral aja sih gw liatnya,2024-12-23 15:39:35,netral,netral aja sih gw liat
mulyanidasa,Instagram,"ga lucu, malah nyakitin hati yg jualan",2024-12-23 15:58:00,negatif,ga lucu nyakitin hati yg jual
garanghidayat,Instagram,ceramah apaan malah ngehina,2024-12-23 15:07:47,negatif,ceramah ngehina
rahayurahayu,Instagram,gue liat ini ya udah lah ya,2024-12-23 15:09:53,netral,gue liat ya udah ya
idamanik,Instagram,ga tau mau bilang apa,2024-12-23 15:41:38,netral,ga tau bilang
wriyanti,Instagram,"ga lucu, malah nyakitin hati yg jualan",2024-12-23 15:20:57,negatif,ga lucu nyakitin hati yg jual
hutagalungleo,Instagram,ni gus emg ada aja kelakuannya 😂,2024-12-23 15:53:48,positif,ni gus emg aja laku
aryanirudi,Instagram,waduh ini sih udah kelewat batas,2024-12-23 15:48:27,negatif,sih udah lewat batas
nadinesaptono,Instagram,biar agak keras tapi niatnya baik kok,2024-12-23 15:03:59,positif,biar keras niat
kuntharamanullang,Instagram,hmm no comment deh,2024-12-23 15:38:31,netral,hmm no comment deh
xpratama,Instagram,ni gus emg ada aja kelakuannya 😂,2024-12-23 15:26:22,positif,ni gus emg aja laku
natsirsaadat,Instagram,biar agak keras tapi niatnya baik kok,2024-12-23 15:44:26,positif,biar keras niat
uwaiskambali,Instagram,masih netral aja sih gw liatnya,2024-12-23 15:26:58,netral,netral aja sih gw liat
jaswadiwastuti,Instagram,bisa2 jualan es teh jd insecure 😓,2024-12-23 15:23:41,negatif,jual es teh jd insecure
pradiptakarimah,Instagram,ga tau mau bilang apa,2024-12-23 15:47:51,netral,ga tau bilang
wakiman35,Instagram,ga sopan bgt ngomong gitu,2024-12-23 15:05:34,negatif,ga sopan bgt ngomong gitu
reza53,Instagram,"bener juga sih, kadang netizen terlalu baper",2024-12-23 15:32:33,positif,bener sih kadang netizen baper
gaduh78,Instagram,hmm no comment deh,2024-12-23 15:07:34,netral,hmm no comment deh
galur54,Instagram,bisa2 jualan es teh jd insecure 😓,2024-12-23 15:24:14,negatif,jual es teh jd insecure
rama07,Instagram,ga sopan bgt ngomong gitu,2024-12-23 15:54:16,negatif,ga sopan bgt ngomong gitu
ramadantalia,Instagram,gw setuju sih ama omongannya gus,2024-12-23 15:48:09,positif,gw tuju sih ama omong gus
permadiviman,Instagram,hmm no comment deh,2024-12-23 15:54:39,netral,hmm no comment deh
irmapertiwi,Instagram,masih netral aja sih gw liatnya,2024-12-23 15:41:45,netral,netral aja sih gw liat
dirjanatsir,Instagram,"ceramahnya tetep dapet kok, relax aja guys",2024-12-23 15:59:42,positif,ceramah tetep dapet relax aja guys
jaswadi09,Instagram,ga tau mau bilang apa,2024-12-23 15:09:28,netral,ga tau bilang
gadingpadmasari,Instagram,biasa aja sih,2024-12-23 15:40:46,netral,aja sih
hasanahbakijan,Instagram,masih netral aja sih gw liatnya,2024-12-23 15:19:08,netral,netral aja sih gw liat
ktampubolon,Instagram,gue liat ini ya udah lah ya,2024-12-23 15:59:57,netral,gue liat ya udah ya
npermadi,Instagram,gus miftah harus minta maaf sih ini,2024-12-23 15:03:56,negatif,gus miftah maaf sih
vwinarsih,Instagram,ga tau mau bilang apa,2024-12-23 15:23:24,netral,ga tau bilang
pradanahairyanto,Instagram,"ceramahnya tetep dapet kok, relax aja guys",2024-12-23 15:50:02,positif,ceramah tetep dapet relax aja guys
umayarahmawati,Instagram,biasa aja sih,2024-12-23 15:21:16,netral,aja sih
dzulaika,Instagram,biar agak keras tapi niatnya baik kok,2024-12-23 15:24:49,positif,biar keras niat
hmanullang,Instagram,gue liat ini ya udah lah ya,2024-12-23 15:45:20,netral,gue liat ya udah ya
firmansyahnrima,Instagram,jujurly lucu banget sih ini 😭,2024-12-23 15:59:35,positif,jujurly lucu banget sih
tpuspita,Instagram,biar agak keras tapi niatnya baik kok,2024-12-23 15:52:05,positif,biar keras niat
cager62,Instagram,hmm no comment deh,2024-12-23 15:55:48,netral,hmm no comment deh
ywijaya,Instagram,biar agak keras tapi niatnya baik kok,2024-12-23 15:01:45,positif,biar keras niat
kusumafirmansyah,Instagram,waduh ini sih udah kelewat batas,2024-12-23 15:01:00,negatif,sih udah lewat batas
simon83,Instagram,masih netral aja sih gw liatnya,2024-12-23 15:25:14,netral,netral aja sih gw liat
radikawasita,Instagram,gus miftah harus minta maaf sih ini,2024-12-23 15:26:48,negatif,gus miftah maaf sih
bhastuti,Instagram,gue liat ini ya udah lah ya,2024-12-23 15:27:37,netral,gue liat ya udah ya
widya67,Instagram,ga sopan bgt ngomong gitu,2024-12-23 15:41:31,negatif,ga sopan bgt ngomong gitu
onatsir,Instagram,ni gus emg ada aja kelakuannya 😂,2024-12-23 15:50:28,positif,ni gus emg aja laku
harsana82,Instagram,waduh ini sih udah kelewat batas,2024-12-23 15:11:30,negatif,sih udah lewat batas
ganep66,Instagram,"bener juga sih, kadang netizen terlalu baper",2024-12-23 15:09:05,positif,bener sih kadang netizen baper
aanggraini,Instagram,waduh ini sih udah kelewat batas,2024-12-23 15:18:39,negatif,sih udah lewat batas
garangprastuti,Instagram,bisa2 jualan es teh jd insecure 😓,2024-12-23 15:05:01,negatif,jual es teh jd insecure
wijayantifebi,Instagram,"bener juga sih, kadang netizen terlalu baper",2024-12-23 15:32:43,positif,bener sih kadang netizen baper
taniaanggriawan,Instagram,ga tau mau bilang apa,2024-12-23 15:58:15,netral,ga tau bilang
halimpurwadi,Instagram,tergantung yg nonton juga sih,2024-12-23 15:09:14,netral,gantung yg nonton sih
zdabukke,Instagram,biasa aja sih,2024-12-23 15:48:16,netral,aja sih
prasetyobahuwarna,Instagram,ni gus emg ada aja kelakuannya 😂,2024-12-23 15:33:41,positif,ni gus emg aja laku
enovitasari,Instagram,tergantung yg nonton juga sih,2024-12-23 15:50:31,netral,gantung yg nonton sih
xsirait,Instagram,ceramah apaan malah ngehina,2024-12-23 15:26:01,negatif,ceramah ngehina
ramagunawan,Instagram,ga sopan bgt ngomong gitu,2024-12-23 15:57:56,negatif,ga sopan bgt ngomong gitu
suwarnonadine,Instagram,tergantung yg nonton juga sih,2024-12-23 15:55:35,netral,gantung yg nonton sih
ssiregar,Instagram,hmm no comment deh,2024-12-23 15:33:12,netral,hmm no comment deh
maryadihardana,Instagram,"ga lucu, malah nyakitin hati yg jualan",2024-12-23 15:33:35,negatif,ga lucu nyakitin hati yg jual
zulkarnaindipa,Instagram,ceramah apaan malah ngehina,2024-12-23 15:07:15,negatif,ceramah ngehina
maidasaputra,Instagram,masih netral aja sih gw liatnya,2024-12-23 15:47:19,netral,netral aja sih gw liat
zeldatarihoran,Instagram,masih netral aja sih gw liatnya,2024-12-23 15:39:55,netral,netral aja sih gw liat
chandayani,Instagram,jujurly lucu banget sih ini 😭,2024-12-23 15:21:09,positif,jujurly lucu banget sih
putri58,Instagram,gue liat ini ya udah lah ya,2024-12-23 15:51:57,netral,gue liat ya udah ya
balanggaastuti,Instagram,biar agak keras tapi niatnya baik kok,2024-12-23 15:44:38,positif,biar keras niat
febimaulana,Instagram,ga tau mau bilang apa,2024-12-23 15:40:20,netral,ga tau bilang
ddamanik,Instagram,ceramah apaan malah ngehina,2024-12-23 15:35:06,negatif,ceramah ngehina
tambaartawan,Instagram,"ceramahnya tetep dapet kok, relax aja guys",2024-12-23 15:02:23,positif,ceramah tetep dapet relax aja guys
lailasariwirda,Instagram,ga sopan bgt ngomong gitu,2024-12-23 15:55:54,negatif,ga sopan bgt ngomong gitu
najammulyani,Instagram,jujurly lucu banget sih ini 😭,2024-12-23 15:55:13,positif,jujurly lucu banget sih
pmayasari,Instagram,ga tau mau bilang apa,2024-12-23 15:19:55,netral,ga tau bilang
dalimaprasetya,Instagram,ga tau mau bilang apa,2024-12-23 15:24:26,netral,ga tau bilang
mahendranadia,Instagram,hmm no comment deh,2024-12-23 15:28:35,netral,hmm no comment deh
jindrairawan,Instagram,gue liat ini ya udah lah ya,2024-12-23 15:09:21,netral,gue liat ya udah ya
kharyanti,Instagram,tergantung yg nonton juga sih,2024-12-23 15:23:29,netral,gantung yg nonton sih
widodosafina,Instagram,ga sopan bgt ngomong gitu,2024-12-23 15:50:51,negatif,ga sopan bgt ngomong gitu
labuh19,Instagram,ga sopan bgt ngomong gitu,2024-12-23 15:40:26,negatif,ga sopan bgt ngomong gitu
irwanfarida,Instagram,biar agak keras tapi niatnya baik kok,2024-12-23 15:27:37,positif,biar keras niat
nasyiahmala,Instagram,masih netral aja sih gw liatnya,2024-12-23 15:47:15,netral,netral aja sih gw liat
jfirgantoro,Instagram,gw setuju sih ama omongannya gus,2024-12-23 15:41:55,positif,gw tuju sih ama omong gus
mursininpertiwi,Instagram,bisa2 jualan es teh jd insecure 😓,2024-12-23 15:40:27,negatif,jual es teh jd insecure
gadangusada,Instagram,"ceramahnya tetep dapet kok, relax aja guys",2024-12-23 15:46:05,positif,ceramah tetep dapet relax aja guys
hardiansyahjati,Instagram,ni gus emg ada aja kelakuannya 😂,2024-12-23 15:18:25,positif,ni gus emg aja laku
widiastutijabal,Instagram,bisa2 jualan es teh jd insecure 😓,2024-12-23 15:27:51,negatif,jual es teh jd insecure
karjamayasari,Instagram,gus miftah harus minta maaf sih ini,2024-12-23 15:54:41,negatif,gus miftah maaf sih
maheswarabajragin,Instagram,ceramah apaan malah ngehina,2024-12-23 15:17:39,negatif,ceramah ngehina
prabu79,Instagram,"bener juga sih, kadang netizen terlalu baper",2024-12-23 15:44:41,positif,bener sih kadang netizen baper
hutapeaanita,Instagram,gus miftah harus minta maaf sih ini,2024-12-23 15:23:13,negatif,gus miftah maaf sih
belladongoran,Instagram,bisa2 jualan es teh jd insecure 😓,2024-12-23 15:46:34,negatif,jual es teh jd insecure
hestiwahyuni,Instagram,bisa2 jualan es teh jd insecure 😓,2024-12-23 15:58:57,negatif,jual es teh jd insecure
prima08,Instagram,ni gus emg ada aja kelakuannya 😂,2024-12-23 15:29:33,positif,ni gus emg aja laku
kuswandaricaturangga,Instagram,jujurly lucu banget sih ini 😭,2024-12-23 15:44:50,positif,jujurly lucu banget sih
nilam35,Instagram,tergantung yg nonton juga sih,2024-12-23 15:54:58,netral,gantung yg nonton sih
slamet06,Instagram,"ceramahnya tetep dapet kok, relax aja guys",2024-12-23 15:33:12,positif,ceramah tetep dapet relax aja guys
janet23,Instagram,"bener juga sih, kadang netizen terlalu baper",2024-12-23 15:23:03,positif,bener sih kadang netizen baper
ypudjiastuti,Instagram,gus miftah harus minta maaf sih ini,2024-12-23 15:39:52,negatif,gus miftah maaf sih
xmandasari,Instagram,hmm no comment deh,2024-12-23 15:47:29,netral,hmm no comment deh
ophelia24,Instagram,ceramah apaan malah ngehina,2024-12-23 15:34:38,negatif,ceramah ngehina
shakilaiswahyudi,Instagram,"bener juga sih, kadang netizen terlalu baper",2024-12-23 15:26:28,positif,bener sih kadang netizen baper
sitoruswawan,Instagram,bisa2 jualan es teh jd insecure 😓,2024-12-23 15:28:00,negatif,jual es teh jd insecure
rizki20,Instagram,tergantung yg nonton juga sih,2024-12-23 15:31:50,netral,gantung yg nonton sih
ptarihoran,Instagram,ni gus emg ada aja kelakuannya 😂,2024-12-23 15:19:23,positif,ni gus emg aja laku
lalitauwais,Instagram,"ga lucu, malah nyakitin hati yg jualan",2024-12-23 15:37:56,negatif,ga lucu nyakitin hati yg jual
kuswandaribalamantri,Instagram,ni gus emg ada aja kelakuannya 😂,2024-12-23 15:25:09,positif,ni gus emg aja laku
hartatidono,Instagram,gus miftah harus minta maaf sih ini,2024-12-23 15:47:11,negatif,gus miftah maaf sih
putiyuliarti,Instagram,gue liat ini ya udah lah ya,2024-12-23 15:47:01,netral,gue liat ya udah ya
kalimjanuar,Instagram,waduh ini sih udah kelewat batas,2024-12-23 15:57:13,negatif,sih udah lewat batas
salahudinnalar,Instagram,waduh ini sih udah kelewat batas,2024-12-23 15:35:50,negatif,sih udah lewat batas
adhiarjausamah,Instagram,masih netral aja sih gw liatnya,2024-12-23 15:03:29,netral,netral aja sih gw liat
dhutagalung,Instagram,masih netral aja sih gw liatnya,2024-12-23 15:05:13,netral,netral aja sih gw liat
rahayuvanya,Instagram,tergantung yg nonton juga sih,2024-12-23 15:32:47,netral,gantung yg nonton sih
tantri56,Instagram,jujurly lucu banget sih ini 😭,2024-12-23 15:00:42,positif,jujurly lucu banget sih
jagapatianggriawan,Instagram,tergantung yg nonton juga sih,2024-12-23 15:52:16,netral,gantung yg nonton sih
saadatutama,Instagram,ceramah apaan malah ngehina,2024-12-23 15:51:26,negatif,ceramah ngehina
eman73,Instagram,"ceramahnya tetep dapet kok, relax aja guys",2024-12-23 15:00:49,positif,ceramah tetep dapet relax aja guys
ajiminrahimah,Instagram,jujurly lucu banget sih ini 😭,2024-12-23 15:23:53,positif,jujurly lucu banget sih
bambang77,Instagram,"ga lucu, malah nyakitin hati yg jualan",2024-12-23 15:32:13,negatif,ga lucu nyakitin hati yg jual
nadine40,Instagram,masih netral aja sih gw liatnya,2024-12-23 15:48:09,netral,netral aja sih gw liat
emin07,Instagram,"bener juga sih, kadang netizen terlalu baper",2024-12-23 15:14:13,positif,bener sih kadang netizen baper
cahyapradana,Instagram,hmm no comment deh,2024-12-23 15:15:42,netral,hmm no comment deh
yunitasitompul,Instagram,waduh ini sih udah kelewat batas,2024-12-23 15:14:14,negatif,sih udah lewat batas
narpatimarsudi,Instagram,hmm no comment deh,2024-12-23 15:38:40,netral,hmm no comment deh
virmanrahayu,Instagram,"ga lucu, malah nyakitin hati yg jualan",2024-12-23 15:49:34,negatif,ga lucu nyakitin hati yg jual
emin73,Instagram,waduh ini sih udah kelewat batas,2024-12-23 15:10:40,negatif,sih udah lewat batas
snajmudin,Instagram,biasa aja sih,2024-12-23 15:21:16,netral,aja sih
ffirmansyah,Instagram,hmm no comment deh,2024-12-23 15:16:24,netral,hmm no comment deh
fhakim,Instagram,masih netral aja sih gw liatnya,2024-12-23 15:53:34,netral,netral aja sih gw liat
hilda63,Instagram,biar agak keras tapi niatnya baik kok,2024-12-23 15:25:48,positif,biar keras niat
yhutagalung,Instagram,waduh ini sih udah kelewat batas,2024-12-23 15:55:17,negatif,sih udah lewat batas
laksitakarna,Instagram,ga tau mau bilang apa,2024-12-23 15:44:34,netral,ga tau bilang
purwantimelinda,Instagram,ceramah apaan malah ngehina,2024-12-23 15:47:39,negatif,ceramah ngehina
hutasoitjanet,Instagram,"ga lucu, malah nyakitin hati yg jualan",2024-12-23 15:52:55,negatif,ga lucu nyakitin hati yg jual
kuncarausada,Instagram,tergantung yg nonton juga sih,2024-12-23 15:22:47,netral,gantung yg nonton sih
jakaanggraini,Instagram,tergantung yg nonton juga sih,2024-12-23 15:49:45,netral,gantung yg nonton sih
anggrainikayun,Instagram,waduh ini sih udah kelewat batas,2024-12-23 15:44:44,negatif,sih udah lewat batas
kambaliyolanda,Instagram,gw setuju sih ama omongannya gus,2024-12-23 15:28:04,positif,gw tuju sih ama omong gus
setiawangawati,Instagram,"ga lucu, malah nyakitin hati yg jualan",2024-12-23 15:29:36,negatif,ga lucu nyakitin hati yg jual
prakasapandu,Instagram,hmm no comment deh,2024-12-23 15:07:34,netral,hmm no comment deh
latuponocengkir,Instagram,waduh ini sih udah kelewat batas,2024-12-23 15:05:42,negatif,sih udah lewat batas
wmarpaung,Instagram,biasa aja sih,2024-12-23 15:20:05,netral,aja sih
titinababan,Instagram,gue liat ini ya udah lah ya,2024-12-23 15:58:59,netral,gue liat ya udah ya
edwardpurwanti,Instagram,ni gus emg ada aja kelakuannya 😂,2024-12-23 15:27:30,positif,ni gus emg aja laku
cpadmasari,Instagram,ga sopan bgt ngomong gitu,2024-12-23 15:33:16,negatif,ga sopan bgt ngomong gitu
udadongoran,Instagram,biasa aja sih,2024-12-23 15:55:17,netral,aja sih
gilang71,Instagram,gw setuju sih ama omongannya gus,2024-12-23 15:35:50,positif,gw tuju sih ama omong gus
marsito19,Instagram,tergantung yg nonton juga sih,2024-12-23 15:31:08,netral,gantung yg nonton sih
mprasasta,Instagram,hmm no comment deh,2024-12-23 15:03:38,netral,hmm no comment deh
firgantorodaliono,Instagram,jujurly lucu banget sih ini 😭,2024-12-23 15:19:11,positif,jujurly lucu banget sih
gmaheswara,Instagram,ga sopan bgt ngomong gitu,2024-12-23 15:18:11,negatif,ga sopan bgt ngomong gitu
spratiwi,Instagram,ga tau mau bilang apa,2024-12-23 15:32:06,netral,ga tau bilang
rendysuartini,Instagram,ga tau mau bilang apa,2024-12-23 15:27:42,netral,ga tau bilang
candrakanta47,Instagram,tergantung yg nonton juga sih,2024-12-23 15:34:20,netral,gantung yg nonton sih
omayasari,Instagram,ni gus emg ada aja kelakuannya 😂,2024-12-23 15:59:22,positif,ni gus emg aja laku
dmaulana,Instagram,bisa2 jualan es teh jd insecure 😓,2024-12-23 15:45:32,negatif,jual es teh jd insecure
jayeng48,Instagram,"ga lucu, malah nyakitin hati yg jualan",2024-12-23 15:09:28,negatif,ga lucu nyakitin hati yg jual
oskarmardhiyah,Instagram,"ga lucu, malah nyakitin hati yg jualan",2024-12-23 15:56:30,negatif,ga lucu nyakitin hati yg jual
zahrakurniawan,Instagram,biar agak keras tapi niatnya baik kok,2024-12-23 15:45:20,positif,biar keras niat
hakimprayogo,Instagram,gus miftah harus minta maaf sih ini,2024-12-23 15:38:30,negatif,gus miftah maaf sih
oktonasyiah,Instagram,"ceramahnya tetep dapet kok, relax aja guys",2024-12-23 15:11:27,positif,ceramah tetep dapet relax aja guys
padmiwahyuni,Instagram,"ceramahnya tetep dapet kok, relax aja guys",2024-12-23 15:58:43,positif,ceramah tetep dapet relax aja guys
mandalawarji,Instagram,tergantung yg nonton juga sih,2024-12-23 15:37:08,netral,gantung yg nonton sih
victoriamaryati,Instagram,jujurly lucu banget sih ini 😭,2024-12-23 15:00:49,positif,jujurly lucu banget sih
mandasariikhsan,Instagram,ga tau mau bilang apa,2024-12-23 15:07:59,netral,ga tau bilang
siregarmahesa,Instagram,"bener juga sih, kadang netizen terlalu baper",2024-12-23 15:12:19,positif,bener sih kadang netizen baper
cawuknatsir,Instagram,biar agak keras tapi niatnya baik kok,2024-12-23 15:09:11,positif,biar keras niat
zsuwarno,Instagram,ni gus emg ada aja kelakuannya 😂,2024-12-23 15:34:26,positif,ni gus emg aja laku
pmarbun,Instagram,tergantung yg nonton juga sih,2024-12-23 15:19:32,netral,gantung yg nonton sih
bambang37,Instagram,jujurly lucu banget sih ini 😭,2024-12-23 15:14:32,positif,jujurly lucu banget sih
titin86,Instagram,biasa aja sih,2024-12-23 15:14:08,netral,aja sih
chandrawinarno,Instagram,bisa2 jualan es teh jd insecure 😓,2024-12-23 15:50:12,negatif,jual es teh jd insecure
darmajiwaskita,Instagram,"ceramahnya tetep dapet kok, relax aja guys",2024-12-23 15:34:23,positif,ceramah tetep dapet relax aja guys
novitasarikarma,Instagram,"ceramahnya tetep dapet kok, relax aja guys",2024-12-23 15:51:54,positif,ceramah tetep dapet relax aja guys
maulanavega,Instagram,gw setuju sih ama omongannya gus,2024-12-23 15:50:47,positif,gw tuju sih ama omong gus
kusumadabukke,Instagram,ga sopan bgt ngomong gitu,2024-12-23 15:05:59,negatif,ga sopan bgt ngomong gitu
harjo73,Instagram,ni gus emg ada aja kelakuannya 😂,2024-12-23 15:38:15,positif,ni gus emg aja laku
izulaika,Instagram,biar agak keras tapi niatnya baik kok,2024-12-23 15:16:54,positif,biar keras niat
hariyahchelsea,Instagram,hmm no comment deh,2024-12-23 15:02:58,netral,hmm no comment deh
rahayubagya,Instagram,ni gus emg ada aja kelakuannya 😂,2024-12-23 15:49:56,positif,ni gus emg aja laku
simbolonsari,Instagram,biar agak keras tapi niatnya baik kok,2024-12-23 15:27:53,positif,biar keras niat
natsirharsaya,Instagram,ceramah apaan malah ngehina,2024-12-23 15:48:44,negatif,ceramah ngehina
triiswahyudi,Instagram,jujurly lucu banget sih ini 😭,2024-12-23 15:11:13,positif,jujurly lucu banget sih
arajasa,Instagram,ga sopan bgt ngomong gitu,2024-12-23 15:01:31,negatif,ga sopan bgt ngomong gitu
ridwanhandayani,Instagram,gus miftah harus minta maaf sih ini,2024-12-23 15:14:09,negatif,gus miftah maaf sih
tprakasa,Instagram,ni gus emg ada aja kelakuannya 😂,2024-12-23 15:57:09,positif,ni gus emg aja laku
kadirnababan,Instagram,masih netral aja sih gw liatnya,2024-12-23 15:33:10,netral,netral aja sih gw liat
cahyo69,Instagram,ga tau mau bilang apa,2024-12-23 15:21:14,netral,ga tau bilang
gastimaryadi,Instagram,ga tau mau bilang apa,2024-12-23 15:35:13,netral,ga tau bilang
hildaaryani,Instagram,gue liat ini ya udah lah ya,2024-12-23 15:05:06,netral,gue liat ya udah ya
lazuardiyahya,Instagram,gue liat ini ya udah lah ya,2024-12-23 15:51:28,netral,gue liat ya udah ya
baktianto86,Instagram,"bener juga sih, kadang netizen terlalu baper",2024-12-23 15:16:08,positif,bener sih kadang netizen baper
kusumokanda,Instagram,ga tau mau bilang apa,2024-12-23 15:59:45,netral,ga tau bilang
ilaksmiwati,Instagram,biar agak keras tapi niatnya baik kok,2024-12-23 15:50:08,positif,biar keras niat
gada71,Instagram,waduh ini sih udah kelewat batas,2024-12-23 15:50:47,negatif,sih udah lewat batas
rafid89,Instagram,jujurly lucu banget sih ini 😭,2024-12-23 15:27:06,positif,jujurly lucu banget sih
suartinieluh,Instagram,ga sopan bgt ngomong gitu,2024-12-23 15:14:55,negatif,ga sopan bgt ngomong gitu
apurnawati,Instagram,gus miftah harus minta maaf sih ini,2024-12-23 15:24:58,negatif,gus miftah maaf sih
gandewapudjiastuti,Instagram,hmm no comment deh,2024-12-23 15:59:01,netral,hmm no comment deh
rafid08,Instagram,ga tau mau bilang apa,2024-12-23 15:52:45,netral,ga tau bilang
rsuryatmi,Instagram,jujurly lucu banget sih ini 😭,2024-12-23 15:10:12,positif,jujurly lucu banget sih
arsipatranatsir,Instagram,ga tau mau bilang apa,2024-12-23 15:13:40,netral,ga tau bilang
narji76,Instagram,waduh ini sih udah kelewat batas,2024-12-23 15:19:46,negatif,sih udah lewat batas
asmanharyanto,Instagram,tergantung yg nonton juga sih,2024-12-23 15:32:28,netral,gantung yg nonton sih
hutapeaintan,Instagram,bisa2 jualan es teh jd insecure 😓,2024-12-23 15:58:49,negatif,jual es teh jd insecure
septi77,Instagram,bisa2 jualan es teh jd insecure 😓,2024-12-23 15:49:34,negatif,jual es teh jd insecure
ekamangunsong,Instagram,masih netral aja sih gw liatnya,2024-12-23 15:07:31,netral,netral aja sih gw liat
usman43,Instagram,"ceramahnya tetep dapet kok, relax aja guys",2024-12-23 15:24:04,positif,ceramah tetep dapet relax aja guys
owasita,Instagram,biasa aja sih,2024-12-23 15:34:10,netral,aja sih
putriandriani,Instagram,masih netral aja sih gw liatnya,2024-12-23 15:15:59,netral,netral aja sih gw liat
hthamrin,Instagram,masih netral aja sih gw liatnya,2024-12-23 15:41:01,netral,netral aja sih gw liat
bagiya81,Instagram,"ceramahnya tetep dapet kok, relax aja guys",2024-12-23 15:25:16,positif,ceramah tetep dapet relax aja guys
atarihoran,Instagram,"bener juga sih, kadang netizen terlalu baper",2024-12-23 15:51:42,positif,bener sih kadang netizen baper
kuswoyomartaka,Instagram,ga tau mau bilang apa,2024-12-23 15:53:30,netral,ga tau bilang
oni87,Instagram,ga tau mau bilang apa,2024-12-23 15:14:08,netral,ga tau bilang
unggulrahmawati,Instagram,masih netral aja sih gw liatnya,2024-12-23 15:40:44,netral,netral aja sih gw liat
kwasita,Instagram,ga sopan bgt ngomong gitu,2024-12-23 15:47:16,negatif,ga sopan bgt ngomong gitu
rajasagasti,Instagram,hmm no comment deh,2024-12-23 15:48:29,netral,hmm no comment deh
lembah69,Instagram,ceramah apaan malah ngehina,2024-12-23 15:31:25,negatif,ceramah ngehina
imayasari,Instagram,ga sopan bgt ngomong gitu,2024-12-23 15:37:03,negatif,ga sopan bgt ngomong gitu
raharjaharyanto,Instagram,ceramah apaan malah ngehina,2024-12-23 15:51:05,negatif,ceramah ngehina
twahyudin,Instagram,jujurly lucu banget sih ini 😭,2024-12-23 15:45:29,positif,jujurly lucu banget sih
reza07,Instagram,biasa aja sih,2024-12-23 15:53:01,netral,aja sih
bakianto94,Instagram,"ceramahnya tetep dapet kok, relax aja guys",2024-12-23 15:34:46,positif,ceramah tetep dapet relax aja guys
nova94,Instagram,"bener juga sih, kadang netizen terlalu baper",2024-12-23 15:53:41,positif,bener sih kadang netizen baper
saragihraisa,Instagram,ga sopan bgt ngomong gitu,2024-12-23 15:42:45,negatif,ga sopan bgt ngomong gitu
wastutisuci,Instagram,"ga lucu, malah nyakitin hati yg jualan",2024-12-23 15:34:39,negatif,ga lucu nyakitin hati yg jual
mrajasa,Instagram,masih netral aja sih gw liatnya,2024-12-23 15:24:02,netral,netral aja sih gw liat
xnasyiah,Instagram,jujurly lucu banget sih ini 😭,2024-12-23 15:18:42,positif,jujurly lucu banget sih
nasyiahsaadat,Instagram,hmm no comment deh,2024-12-23 15:24:41,netral,hmm no comment deh
rahmilaksmiwati,Instagram,ceramah apaan malah ngehina,2024-12-23 15:00:38,negatif,ceramah ngehina
anom75,Instagram,gue liat ini ya udah lah ya,2024-12-23 15:29:35,netral,gue liat ya udah ya
hardana49,Instagram,ni gus emg ada aja kelakuannya 😂,2024-12-23 15:05:14,positif,ni gus emg aja laku
irahayu,Instagram,jujurly lucu banget sih ini 😭,2024-12-23 15:42:33,positif,jujurly lucu banget sih
stampubolon,Instagram,ga sopan bgt ngomong gitu,2024-12-23 15:44:54,negatif,ga sopan bgt ngomong gitu
ifirmansyah,Instagram,jujurly lucu banget sih ini 😭,2024-12-23 15:47:04,positif,jujurly lucu banget sih
cayadi21,Instagram,waduh ini sih udah kelewat batas,2024-12-23 15:44:37,negatif,sih udah lewat batas
bsaputra,Instagram,waduh ini sih udah kelewat batas,2024-12-23 15:50:52,negatif,sih udah lewat batas
yuniarbala,Instagram,"ga lucu, malah nyakitin hati yg jualan",2024-12-23 15:12:56,negatif,ga lucu nyakitin hati yg jual
galionoandriani,Instagram,jujurly lucu banget sih ini 😭,2024-12-23 15:48:38,positif,jujurly lucu banget sih
wahyu25,Instagram,gue liat ini ya udah lah ya,2024-12-23 15:23:08,netral,gue liat ya udah ya
ipurwanti,Instagram,ni gus emg ada aja kelakuannya 😂,2024-12-23 15:27:45,positif,ni gus emg aja laku
ivan56,Instagram,waduh ini sih udah kelewat batas,2024-12-23 15:00:22,negatif,sih udah lewat batas
yusufprabowo,Instagram,masih netral aja sih gw liatnya,2024-12-23 15:27:19,netral,netral aja sih gw liat
luwar96,Instagram,"ga lucu, malah nyakitin hati yg jualan",2024-12-23 15:47:27,negatif,ga lucu nyakitin hati yg jual
shutapea,Instagram,"bener juga sih, kadang netizen terlalu baper",2024-12-23 15:24:52,positif,bener sih kadang netizen baper
pudjiastutikasim,Instagram,"ga lucu, malah nyakitin hati yg jualan",2024-12-23 15:36:38,negatif,ga lucu nyakitin hati yg jual
estionosiregar,Instagram,masih netral aja sih gw liatnya,2024-12-23 15:42:51,netral,netral aja sih gw liat
bala54,Instagram,jujurly lucu banget sih ini 😭,2024-12-23 15:38:44,positif,jujurly lucu banget sih
rendy66,Instagram,"ceramahnya tetep dapet kok, relax aja guys",2024-12-23 15:30:33,positif,ceramah tetep dapet relax aja guys
damanikzalindra,Instagram,ni gus emg ada aja kelakuannya 😂,2024-12-23 15:11:58,positif,ni gus emg aja laku
tambalintang,Instagram,"ga lucu, malah nyakitin hati yg jualan",2024-12-23 15:41:13,negatif,ga lucu nyakitin hati yg jual
marpaungradit,Instagram,ni gus emg ada aja kelakuannya 😂,2024-12-23 15:02:56,positif,ni gus emg aja laku
kusumoanggabaya,Instagram,gw setuju sih ama omongannya gus,2024-12-23 15:04:58,positif,gw tuju sih ama omong gus
kadirmelani,Instagram,tergantung yg nonton juga sih,2024-12-23 15:30:33,netral,gantung yg nonton sih
wpermadi,Instagram,biar agak keras tapi niatnya baik kok,2024-12-23 15:51:12,positif,biar keras niat
wijayaratna,Instagram,ni gus emg ada aja kelakuannya 😂,2024-12-23 15:49:54,positif,ni gus emg aja laku
melinda19,Instagram,masih netral aja sih gw liatnya,2024-12-23 15:01:44,netral,netral aja sih gw liat
adriansyahheru,Instagram,ni gus emg ada aja kelakuannya 😂,2024-12-23 15:22:09,positif,ni gus emg aja laku
bakti49,Instagram,jujurly lucu banget sih ini 😭,2024-12-23 15:17:30,positif,jujurly lucu banget sih
bakiadi90,Instagram,jujurly lucu banget sih ini 😭,2024-12-23 15:53:21,positif,jujurly lucu banget sih
prayogawarta,Instagram,ga sopan bgt ngomong gitu,2024-12-23 15:10:04,negatif,ga sopan bgt ngomong gitu
cawuk30,Instagram,biar agak keras tapi niatnya baik kok,2024-12-23 15:03:17,positif,biar keras niat
ikuswandari,Instagram,ni gus emg ada aja kelakuannya 😂,2024-12-23 15:35:02,positif,ni gus emg aja laku
jagaprasetyo,Instagram,ga tau mau bilang apa,2024-12-23 15:51:44,netral,ga tau bilang
smardhiyah,Instagram,ceramah apaan malah ngehina,2024-12-23 15:21:55,negatif,ceramah ngehina
harsana00,Instagram,gw setuju sih ama omongannya gus,2024-12-23 15:36:08,positif,gw tuju sih ama omong gus
dabukkekunthara,Instagram,waduh ini sih udah kelewat batas,2024-12-23 15:56:54,negatif,sih udah lewat batas
michellefirgantoro,Instagram,ceramah apaan malah ngehina,2024-12-23 15:57:15,negatif,ceramah ngehina
iswahyudicayadi,Instagram,ga tau mau bilang apa,2024-12-23 15:45:31,netral,ga tau bilang
catur97,Instagram,gue liat ini ya udah lah ya,2024-12-23 15:54:40,netral,gue liat ya udah ya
vpadmasari,Instagram,gus miftah harus minta maaf sih ini,2024-12-23 15:42:17,negatif,gus miftah maaf sih
tambatami,Instagram,bisa2 jualan es teh jd insecure 😓,2024-12-23 15:31:39,negatif,jual es teh jd insecure
raihan14,Instagram,ni gus emg ada aja kelakuannya 😂,2024-12-23 15:25:53,positif,ni gus emg aja laku
patricia56,Instagram,bisa2 jualan es teh jd insecure 😓,2024-12-23 15:32:44,negatif,jual es teh jd insecure
fmaryadi,Instagram,masih netral aja sih gw liatnya,2024-12-23 15:08:25,netral,netral aja sih gw liat
ivan07,Instagram,gw setuju sih ama omongannya gus,2024-12-23 15:39:58,positif,gw tuju sih ama omong gus
oktaiswahyudi,Instagram,"ceramahnya tetep dapet kok, relax aja guys",2024-12-23 15:40:45,positif,ceramah tetep dapet relax aja guys
hsuwarno,Instagram,ceramah apaan malah ngehina,2024-12-23 15:02:46,negatif,ceramah ngehina
gpurnawati,Instagram,bisa2 jualan es teh jd insecure 😓,2024-12-23 15:54:14,negatif,jual es teh jd insecure
kasimlazuardi,Instagram,jujurly lucu banget sih ini 😭,2024-12-23 15:39:31,positif,jujurly lucu banget sih
laksmiwaticahyanto,Instagram,jujurly lucu banget sih ini 😭,2024-12-23 15:46:48,positif,jujurly lucu banget sih
ilazuardi,Instagram,waduh ini sih udah kelewat batas,2024-12-23 15:48:39,negatif,sih udah lewat batas
fmarpaung,Instagram,biar agak keras tapi niatnya baik kok,2024-12-23 15:38:24,positif,biar keras niat
umaypermadi,Instagram,gue liat ini ya udah lah ya,2024-12-23 15:19:26,netral,gue liat ya udah ya
xhalimah,Instagram,ga tau mau bilang apa,2024-12-23 15:41:16,netral,ga tau bilang
prasastagasti,Instagram,ceramah apaan malah ngehina,2024-12-23 15:24:31,negatif,ceramah ngehina
irnanto21,Instagram,tergantung yg nonton juga sih,2024-12-23 15:04:24,netral,gantung yg nonton sih
vprayoga,Instagram,hmm no comment deh,2024-12-23 15:45:50,netral,hmm no comment deh
hendra95,Instagram,gue liat ini ya udah lah ya,2024-12-23 15:28:08,netral,gue liat ya udah ya
ipurnawati,Instagram,ga tau mau bilang apa,2024-12-23 15:30:16,netral,ga tau bilang
qmelani,Instagram,ceramah apaan malah ngehina,2024-12-23 15:48:24,negatif,ceramah ngehina
wulandarieva,Instagram,waduh ini sih udah kelewat batas,2024-12-23 15:59:32,negatif,sih udah lewat batas
agustinabakianto,Instagram,ni gus emg ada aja kelakuannya 😂,2024-12-23 15:46:18,positif,ni gus emg aja laku
kmangunsong,Instagram,bisa2 jualan es teh jd insecure 😓,2024-12-23 15:51:12,negatif,jual es teh jd insecure
pardi46,Instagram,ga sopan bgt ngomong gitu,2024-12-23 15:54:27,negatif,ga sopan bgt ngomong gitu
poktaviani,Instagram,"ga lucu, malah nyakitin hati yg jualan",2024-12-23 15:44:49,negatif,ga lucu nyakitin hati yg jual
jindranasyiah,Instagram,tergantung yg nonton juga sih,2024-12-23 15:26:37,netral,gantung yg nonton sih
tthamrin,Instagram,gus miftah harus minta maaf sih ini,2024-12-23 15:34:21,negatif,gus miftah maaf sih
irawankemba,Instagram,masih netral aja sih gw liatnya,2024-12-23 15:01:13,netral,netral aja sih gw liat
yahyaprastuti,Instagram,gus miftah harus minta maaf sih ini,2024-12-23 15:15:39,negatif,gus miftah maaf sih
satya54,Instagram,gw setuju sih ama omongannya gus,2024-12-23 15:54:58,positif,gw tuju sih ama omong gus
adriansyahhardi,Instagram,"bener juga sih, kadang netizen terlalu baper",2024-12-23 15:52:55,positif,bener sih kadang netizen baper
cakrawangsamandasari,Instagram,ga tau mau bilang apa,2024-12-23 15:39:25,netral,ga tau bilang
purnawatiluluh,Instagram,waduh ini sih udah kelewat batas,2024-12-23 15:49:53,negatif,sih udah lewat batas
ianggriawan,Instagram,jujurly lucu banget sih ini 😭,2024-12-23 15:24:53,positif,jujurly lucu banget sih
pandunovitasari,Instagram,jujurly lucu banget sih ini 😭,2024-12-23 15:18:51,positif,jujurly lucu banget sih
hwidiastuti,Instagram,biasa aja sih,2024-12-23 15:48:53,netral,aja sih
yuni29,Instagram,bisa2 jualan es teh jd insecure 😓,2024-12-23 15:48:57,negatif,jual es teh jd insecure
hasanahestiawan,Instagram,"ceramahnya tetep dapet kok, relax aja guys",2024-12-23 15:10:27,positif,ceramah tetep dapet relax aja guys
jailanidimas,Instagram,gue liat ini ya udah lah ya,2024-12-23 15:49:47,netral,gue liat ya udah ya
siregarbakda,Instagram,masih netral aja sih gw liatnya,2024-12-23 15:17:56,netral,netral aja sih gw liat
jamaliawidiastuti,Instagram,biar agak keras tapi niatnya baik kok,2024-12-23 15:58:53,positif,biar keras niat
tania59,Instagram,bisa2 jualan es teh jd insecure 😓,2024-12-23 15:43:30,negatif,jual es teh jd insecure
tambaempluk,Instagram,hmm no comment deh,2024-12-23 15:52:15,netral,hmm no comment deh
wagesudiati,Instagram,ni gus emg ada aja kelakuannya 😂,2024-12-23 15:00:44,positif,ni gus emg aja laku
rika56,Instagram,waduh ini sih udah kelewat batas,2024-12-23 15:53:51,negatif,sih udah lewat batas
elisalazuardi,Instagram,"ga lucu, malah nyakitin hati yg jualan",2024-12-23 15:49:15,negatif,ga lucu nyakitin hati yg jual
karimah80,Instagram,masih netral aja sih gw liatnya,2024-12-23 15:44:15,netral,netral aja sih gw liat
ksuryatmi,Instagram,hmm no comment deh,2024-12-23 15:00:38,netral,hmm no comment deh
bahuwiryamansur,Instagram,biasa aja sih,2024-12-23 15:42:13,netral,aja sih
amarpaung,Instagram,ceramah apaan malah ngehina,2024-12-23 15:34:11,negatif,ceramah ngehina
koko32,Instagram,"ga lucu, malah nyakitin hati yg jualan",2024-12-23 15:17:27,negatif,ga lucu nyakitin hati yg jual
cahyonowinarsih,Instagram,biasa aja sih,2024-12-23 15:13:09,netral,aja sih
yahyapurnawati,Instagram,biar agak keras tapi niatnya baik kok,2024-12-23 15:19:43,positif,biar keras niat
halimwardaya,Instagram,gus miftah harus minta maaf sih ini,2024-12-23 15:58:00,negatif,gus miftah maaf sih
ruyainah,Instagram,ni gus emg ada aja kelakuannya 😂,2024-12-23 15:44:41,positif,ni gus emg aja laku
anggriawandwi,Instagram,jujurly lucu banget sih ini 😭,2024-12-23 15:25:47,positif,jujurly lucu banget sih
wulannasyidah,Instagram,"ceramahnya tetep dapet kok, relax aja guys",2024-12-23 15:35:10,positif,ceramah tetep dapet relax aja guys
hani06,Instagram,masih netral aja sih gw liatnya,2024-12-23 15:04:06,netral,netral aja sih gw liat
putranarji,Instagram,gue liat ini ya udah lah ya,2024-12-23 15:03:46,netral,gue liat ya udah ya
jais69,Instagram,ceramah apaan malah ngehina,2024-12-23 15:01:28,negatif,ceramah ngehina
niyagaprakasa,Instagram,gue liat ini ya udah lah ya,2024-12-23 15:06:20,netral,gue liat ya udah ya
sadinanamaga,Instagram,"ga lucu, malah nyakitin hati yg jualan",2024-12-23 15:15:36,negatif,ga lucu nyakitin hati yg jual
aniwahyuni,Instagram,gus miftah harus minta maaf sih ini,2024-12-23 15:25:06,negatif,gus miftah maaf sih
rmarbun,Instagram,biar agak keras tapi niatnya baik kok,2024-12-23 15:09:07,positif,biar keras niat
haryantikayla,Instagram,ni gus emg ada aja kelakuannya 😂,2024-12-23 15:50:39,positif,ni gus emg aja laku
ikhsan93,Instagram,waduh ini sih udah kelewat batas,2024-12-23 15:22:56,negatif,sih udah lewat batas
handayanicakrawala,TikTok,biar agak keras tapi niatnya baik kok,2024-12-23 15:49:56,positif,biar keras niat
maulanacaraka,TikTok,ga sopan bgt ngomong gitu,2024-12-23 15:12:45,negatif,ga sopan bgt ngomong gitu
pratiwinabila,TikTok,bisa2 jualan es teh jd insecure 😓,2024-12-23 15:12:38,negatif,jual es teh jd insecure
cahyadi26,TikTok,gue liat ini ya udah lah ya,2024-12-23 15:55:03,netral,gue liat ya udah ya
nyanakurniawan,TikTok,"ga lucu, malah nyakitin hati yg jualan",2024-12-23 15:34:12,negatif,ga lucu nyakitin hati yg jual
msaragih,TikTok,biasa aja sih,2024-12-23 15:05:03,netral,aja sih
mutama,TikTok,jujurly lucu banget sih ini 😭,2024-12-23 15:29:24,positif,jujurly lucu banget sih
krahayu,TikTok,biasa aja sih,2024-12-23 15:55:52,netral,aja sih
uyainahmaida,TikTok,gue liat ini ya udah lah ya,2024-12-23 15:11:35,netral,gue liat ya udah ya
anastasiasuryatmi,TikTok,jujurly lucu banget sih ini 😭,2024-12-23 15:47:25,positif,jujurly lucu banget sih
gatra16,TikTok,"ga lucu, malah nyakitin hati yg jualan",2024-12-23 15:50:27,negatif,ga lucu nyakitin hati yg jual
caketnainggolan,TikTok,ni gus emg ada aja kelakuannya 😂,2024-12-23 15:38:38,positif,ni gus emg aja laku
margana56,TikTok,biar agak keras tapi niatnya baik kok,2024-12-23 15:43:28,positif,biar keras niat
jumadifirmansyah,TikTok,ga sopan bgt ngomong gitu,2024-12-23 15:20:23,negatif,ga sopan bgt ngomong gitu
irawanxanana,TikTok,gue liat ini ya udah lah ya,2024-12-23 15:33:18,netral,gue liat ya udah ya
panji69,TikTok,ni gus emg ada aja kelakuannya 😂,2024-12-23 15:58:03,positif,ni gus emg aja laku
gunartoulva,TikTok,tergantung yg nonton juga sih,2024-12-23 15:27:16,netral,gantung yg nonton sih
carubsamosir,TikTok,"ga lucu, malah nyakitin hati yg jualan",2024-12-23 15:51:05,negatif,ga lucu nyakitin hati yg jual
bakidin04,TikTok,biar agak keras tapi niatnya baik kok,2024-12-23 15:30:09,positif,biar keras niat
kalautama,TikTok,biar agak keras tapi niatnya baik kok,2024-12-23 15:50:06,positif,biar keras niat
halimprasetyo,TikTok,gue liat ini ya udah lah ya,2024-12-23 15:27:44,netral,gue liat ya udah ya
mayasariwirda,TikTok,masih netral aja sih gw liatnya,2024-12-23 15:42:35,netral,netral aja sih gw liat
gputra,TikTok,masih netral aja sih gw liatnya,2024-12-23 15:28:24,netral,netral aja sih gw liat
ardiantoivan,TikTok,waduh ini sih udah kelewat batas,2024-12-23 15:15:04,negatif,sih udah lewat batas
owacana,TikTok,hmm no comment deh,2024-12-23 15:41:05,netral,hmm no comment deh
nprayoga,TikTok,waduh ini sih udah kelewat batas,2024-12-23 15:30:10,negatif,sih udah lewat batas
aryanimahesa,TikTok,gus miftah harus minta maaf sih ini,2024-12-23 15:15:25,negatif,gus miftah maaf sih
ylaksita,TikTok,gw setuju sih ama omongannya gus,2024-12-23 15:00:23,positif,gw tuju sih ama omong gus
mwulandari,TikTok,hmm no comment deh,2024-12-23 15:54:28,netral,hmm no comment deh
gwahyuni,TikTok,jujurly lucu banget sih ini 😭,2024-12-23 15:03:23,positif,jujurly lucu banget sih
zelda79,TikTok,ni gus emg ada aja kelakuannya 😂,2024-12-23 15:50:22,positif,ni gus emg aja laku
mmangunsong,TikTok,gw setuju sih ama omongannya gus,2024-12-23 15:31:00,positif,gw tuju sih ama omong gus
vanesa84,TikTok,ga sopan bgt ngomong gitu,2024-12-23 15:31:43,negatif,ga sopan bgt ngomong gitu
kalimpurnawati,TikTok,gw setuju sih ama omongannya gus,2024-12-23 15:55:30,positif,gw tuju sih ama omong gus
safitriami,TikTok,gw setuju sih ama omongannya gus,2024-12-23 15:18:47,positif,gw tuju sih ama omong gus
kasiranmelani,TikTok,waduh ini sih udah kelewat batas,2024-12-23 15:35:26,negatif,sih udah lewat batas
tiara71,TikTok,ceramah apaan malah ngehina,2024-12-23 15:08:47,negatif,ceramah ngehina
darmana30,TikTok,ni gus emg ada aja kelakuannya 😂,2024-12-23 15:38:43,positif,ni gus emg aja laku
ssantoso,TikTok,"ga lucu, malah nyakitin hati yg jualan",2024-12-23 15:33:27,negatif,ga lucu nyakitin hati yg jual
oktavianidadap,TikTok,"bener juga sih, kadang netizen terlalu baper",2024-12-23 15:34:13,positif,bener sih kadang netizen baper
firmansyahharjasa,TikTok,gus miftah harus minta maaf sih ini,2024-12-23 15:50:09,negatif,gus miftah maaf sih
wpradipta,TikTok,gw setuju sih ama omongannya gus,2024-12-23 15:27:38,positif,gw tuju sih ama omong gus
kardisaefullah,TikTok,"ceramahnya tetep dapet kok, relax aja guys",2024-12-23 15:08:01,positif,ceramah tetep dapet relax aja guys
purwadisudiati,TikTok,"bener juga sih, kadang netizen terlalu baper",2024-12-23 15:05:53,positif,bener sih kadang netizen baper
nurul92,TikTok,jujurly lucu banget sih ini 😭,2024-12-23 15:28:43,positif,jujurly lucu banget sih
lalitamaryadi,TikTok,biasa aja sih,2024-12-23 15:01:39,netral,aja sih
pia97,TikTok,"ga lucu, malah nyakitin hati yg jualan",2024-12-23 15:23:52,negatif,ga lucu nyakitin hati yg jual
wijayajane,TikTok,gus miftah harus minta maaf sih ini,2024-12-23 15:01:25,negatif,gus miftah maaf sih
urajasa,TikTok,biasa aja sih,2024-12-23 15:52:46,netral,aja sih
uyainahqori,TikTok,masih netral aja sih gw liatnya,2024-12-23 15:28:29,netral,netral aja sih gw liat
jindra05,TikTok,waduh ini sih udah kelewat batas,2024-12-23 15:33:21,negatif,sih udah lewat batas
ameliamaryadi,TikTok,ga tau mau bilang apa,2024-12-23 15:26:19,netral,ga tau bilang
yusufpermata,TikTok,gw setuju sih ama omongannya gus,2024-12-23 15:01:13,positif,gw tuju sih ama omong gus
isafitri,TikTok,jujurly lucu banget sih ini 😭,2024-12-23 15:20:34,positif,jujurly lucu banget sih
maheswaratina,TikTok,ga tau mau bilang apa,2024-12-23 15:10:15,netral,ga tau bilang
sudiatisatya,TikTok,ceramah apaan malah ngehina,2024-12-23 15:33:57,negatif,ceramah ngehina
janet92,TikTok,bisa2 jualan es teh jd insecure 😓,2024-12-23 15:28:00,negatif,jual es teh jd insecure
bakijan58,TikTok,"bener juga sih, kadang netizen terlalu baper",2024-12-23 15:51:52,positif,bener sih kadang netizen baper
ihalim,TikTok,"ga lucu, malah nyakitin hati yg jualan",2024-12-23 15:48:01,negatif,ga lucu nyakitin hati yg jual
widya85,TikTok,biar agak keras tapi niatnya baik kok,2024-12-23 15:16:18,positif,biar keras niat
daryani23,TikTok,tergantung yg nonton juga sih,2024-12-23 15:25:43,netral,gantung yg nonton sih
marpaungnrima,TikTok,masih netral aja sih gw liatnya,2024-12-23 15:30:22,netral,netral aja sih gw liat
luluhrajasa,TikTok,ga tau mau bilang apa,2024-12-23 15:00:48,netral,ga tau bilang
abudiman,TikTok,ga sopan bgt ngomong gitu,2024-12-23 15:37:39,negatif,ga sopan bgt ngomong gitu
violetfarida,TikTok,"bener juga sih, kadang netizen terlalu baper",2024-12-23 15:27:05,positif,bener sih kadang netizen baper
harimurti52,TikTok,"ga lucu, malah nyakitin hati yg jualan",2024-12-23 15:40:56,negatif,ga lucu nyakitin hati yg jual
juli55,TikTok,hmm no comment deh,2024-12-23 15:00:54,netral,hmm no comment deh
ldabukke,TikTok,"ga lucu, malah nyakitin hati yg jualan",2024-12-23 15:06:09,negatif,ga lucu nyakitin hati yg jual
iputra,TikTok,gue liat ini ya udah lah ya,2024-12-23 15:19:37,netral,gue liat ya udah ya
nasyidahdaliono,TikTok,gue liat ini ya udah lah ya,2024-12-23 15:55:48,netral,gue liat ya udah ya
handriani,TikTok,jujurly lucu banget sih ini 😭,2024-12-23 15:12:00,positif,jujurly lucu banget sih
lazuardicornelia,TikTok,ga tau mau bilang apa,2024-12-23 15:18:34,netral,ga tau bilang
asmadisirait,TikTok,waduh ini sih udah kelewat batas,2024-12-23 15:17:24,negatif,sih udah lewat batas
nasyidahian,TikTok,ga sopan bgt ngomong gitu,2024-12-23 15:30:05,negatif,ga sopan bgt ngomong gitu
kadirprayoga,TikTok,ceramah apaan malah ngehina,2024-12-23 15:59:15,negatif,ceramah ngehina
uyainahkenari,TikTok,gus miftah harus minta maaf sih ini,2024-12-23 15:16:53,negatif,gus miftah maaf sih
nasyiahlidya,TikTok,biasa aja sih,2024-12-23 15:13:57,netral,aja sih
pangestujail,TikTok,jujurly lucu banget sih ini 😭,2024-12-23 15:31:34,positif,jujurly lucu banget sih
vsuwarno,TikTok,waduh ini sih udah kelewat batas,2024-12-23 15:11:24,negatif,sih udah lewat batas
permatakenes,TikTok,ni gus emg ada aja kelakuannya 😂,2024-12-23 15:25:24,positif,ni gus emg aja laku
putracakrajiya,TikTok,gus miftah harus minta maaf sih ini,2024-12-23 15:45:06,negatif,gus miftah maaf sih
timbul35,TikTok,ceramah apaan malah ngehina,2024-12-23 15:07:34,negatif,ceramah ngehina
hana09,TikTok,hmm no comment deh,2024-12-23 15:21:10,netral,hmm no comment deh
lembah70,TikTok,gue liat ini ya udah lah ya,2024-12-23 15:25:00,netral,gue liat ya udah ya
yosefhandayani,TikTok,ceramah apaan malah ngehina,2024-12-23 15:44:07,negatif,ceramah ngehina
kayla60,TikTok,"ceramahnya tetep dapet kok, relax aja guys",2024-12-23 15:38:15,positif,ceramah tetep dapet relax aja guys
uwaiseli,TikTok,bisa2 jualan es teh jd insecure 😓,2024-12-23 15:53:23,negatif,jual es teh jd insecure
siregardarimin,TikTok,biar agak keras tapi niatnya baik kok,2024-12-23 15:24:41,positif,biar keras niat
oktavianicayadi,TikTok,bisa2 jualan es teh jd insecure 😓,2024-12-23 15:58:16,negatif,jual es teh jd insecure
handayanihasna,TikTok,biasa aja sih,2024-12-23 15:25:12,netral,aja sih
lurhurpalastri,TikTok,ga sopan bgt ngomong gitu,2024-12-23 15:43:56,negatif,ga sopan bgt ngomong gitu
hasan46,TikTok,gw setuju sih ama omongannya gus,2024-12-23 15:00:31,positif,gw tuju sih ama omong gus
anggriawanrina,TikTok,ni gus emg ada aja kelakuannya 😂,2024-12-23 15:55:04,positif,ni gus emg aja laku
aryanimustofa,TikTok,hmm no comment deh,2024-12-23 15:07:13,netral,hmm no comment deh
balangga13,TikTok,masih netral aja sih gw liatnya,2024-12-23 15:38:51,netral,netral aja sih gw liat
karyanamaga,TikTok,ceramah apaan malah ngehina,2024-12-23 15:16:12,negatif,ceramah ngehina
cemeti20,TikTok,biasa aja sih,2024-12-23 15:04:18,netral,aja sih
endahsinaga,TikTok,jujurly lucu banget sih ini 😭,2024-12-23 15:26:30,positif,jujurly lucu banget sih
cmelani,TikTok,gw setuju sih ama omongannya gus,2024-12-23 15:14:49,positif,gw tuju sih ama omong gus
wsihotang,TikTok,gw setuju sih ama omongannya gus,2024-12-23 15:02:47,positif,gw tuju sih ama omong gus
luismarpaung,TikTok,gus miftah harus minta maaf sih ini,2024-12-23 15:30:34,negatif,gus miftah maaf sih
cnatsir,TikTok,ni gus emg ada aja kelakuannya 😂,2024-12-23 15:26:09,positif,ni gus emg aja laku
ganggraini,TikTok,waduh ini sih udah kelewat batas,2024-12-23 15:45:44,negatif,sih udah lewat batas
lmaryadi,TikTok,jujurly lucu banget sih ini 😭,2024-12-23 15:32:38,positif,jujurly lucu banget sih
qputra,TikTok,biasa aja sih,2024-12-23 15:16:24,netral,aja sih
nasyiahmaras,TikTok,bisa2 jualan es teh jd insecure 😓,2024-12-23 15:29:32,negatif,jual es teh jd insecure
pertiwiomar,TikTok,ceramah apaan malah ngehina,2024-12-23 15:01:57,negatif,ceramah ngehina
bakidin18,TikTok,tergantung yg nonton juga sih,2024-12-23 15:27:28,netral,gantung yg nonton sih
radityahasanah,TikTok,bisa2 jualan es teh jd insecure 😓,2024-12-23 15:51:07,negatif,jual es teh jd insecure
anggrainiyunita,TikTok,gus miftah harus minta maaf sih ini,2024-12-23 15:56:55,negatif,gus miftah maaf sih
edwardardianto,TikTok,ga tau mau bilang apa,2024-12-23 15:53:31,netral,ga tau bilang
uwaishana,TikTok,"ga lucu, malah nyakitin hati yg jualan",2024-12-23 15:42:07,negatif,ga lucu nyakitin hati yg jual
isirait,TikTok,jujurly lucu banget sih ini 😭,2024-12-23 15:09:57,positif,jujurly lucu banget sih
awidiastuti,TikTok,biasa aja sih,2024-12-23 15:47:30,netral,aja sih
lpurwanti,TikTok,"ceramahnya tetep dapet kok, relax aja guys",2024-12-23 15:40:16,positif,ceramah tetep dapet relax aja guys
rajataupik,TikTok,biar agak keras tapi niatnya baik kok,2024-12-23 15:50:34,positif,biar keras niat
pratiwigalar,TikTok,"ceramahnya tetep dapet kok, relax aja guys",2024-12-23 15:18:08,positif,ceramah tetep dapet relax aja guys
tsimbolon,TikTok,gw setuju sih ama omongannya gus,2024-12-23 15:41:22,positif,gw tuju sih ama omong gus
putrarendy,TikTok,ceramah apaan malah ngehina,2024-12-23 15:40:43,negatif,ceramah ngehina
gantar18,TikTok,jujurly lucu banget sih ini 😭,2024-12-23 15:53:45,positif,jujurly lucu banget sih
kuswoyozahra,TikTok,masih netral aja sih gw liatnya,2024-12-23 15:23:02,netral,netral aja sih gw liat
marsito54,TikTok,jujurly lucu banget sih ini 😭,2024-12-23 15:08:17,positif,jujurly lucu banget sih
hartananababan,TikTok,"ceramahnya tetep dapet kok, relax aja guys",2024-12-23 15:32:25,positif,ceramah tetep dapet relax aja guys
mayasaridadap,TikTok,hmm no comment deh,2024-12-23 15:33:18,netral,hmm no comment deh
bakiadi54,TikTok,jujurly lucu banget sih ini 😭,2024-12-23 15:19:05,positif,jujurly lucu banget sih
almira50,TikTok,gue liat ini ya udah lah ya,2024-12-23 15:21:01,netral,gue liat ya udah ya
lhariyah,TikTok,gus miftah harus minta maaf sih ini,2024-12-23 15:46:16,negatif,gus miftah maaf sih
lestarieka,TikTok,"ceramahnya tetep dapet kok, relax aja guys",2024-12-23 15:27:48,positif,ceramah tetep dapet relax aja guys
hwinarno,TikTok,ni gus emg ada aja kelakuannya 😂,2024-12-23 15:44:39,positif,ni gus emg aja laku
lnugroho,TikTok,biasa aja sih,2024-12-23 15:32:47,netral,aja sih
heru59,TikTok,biasa aja sih,2024-12-23 15:15:31,netral,aja sih
bsaefullah,TikTok,biar agak keras tapi niatnya baik kok,2024-12-23 15:36:47,positif,biar keras niat
namagafebi,TikTok,ga sopan bgt ngomong gitu,2024-12-23 15:01:07,negatif,ga sopan bgt ngomong gitu
lnajmudin,TikTok,ga tau mau bilang apa,2024-12-23 15:15:46,netral,ga tau bilang
drajat10,TikTok,ga sopan bgt ngomong gitu,2024-12-23 15:13:02,negatif,ga sopan bgt ngomong gitu
garahabibi,TikTok,"bener juga sih, kadang netizen terlalu baper",2024-12-23 15:44:26,positif,bener sih kadang netizen baper
lazuardidevi,TikTok,gw setuju sih ama omongannya gus,2024-12-23 15:56:22,positif,gw tuju sih ama omong gus
latika12,TikTok,waduh ini sih udah kelewat batas,2024-12-23 15:16:06,negatif,sih udah lewat batas
lukitawahyudin,TikTok,"ga lucu, malah nyakitin hati yg jualan",2024-12-23 15:22:02,negatif,ga lucu nyakitin hati yg jual
siti89,TikTok,bisa2 jualan es teh jd insecure 😓,2024-12-23 15:00:23,negatif,jual es teh jd insecure
mulyaniganep,TikTok,biar agak keras tapi niatnya baik kok,2024-12-23 15:33:10,positif,biar keras niat
ctarihoran,TikTok,biar agak keras tapi niatnya baik kok,2024-12-23 15:23:26,positif,biar keras niat
utamitami,TikTok,biasa aja sih,2024-12-23 15:28:56,netral,aja sih
kurniawanmitra,TikTok,ga tau mau bilang apa,2024-12-23 15:21:59,netral,ga tau bilang
jarwi95,TikTok,"ceramahnya tetep dapet kok, relax aja guys",2024-12-23 15:54:24,positif,ceramah tetep dapet relax aja guys
balapati39,TikTok,"ga lucu, malah nyakitin hati yg jualan",2024-12-23 15:20:11,negatif,ga lucu nyakitin hati yg jual
lpangestu,TikTok,waduh ini sih udah kelewat batas,2024-12-23 15:28:44,negatif,sih udah lewat batas
gabriellasusanti,TikTok,ceramah apaan malah ngehina,2024-12-23 15:21:43,negatif,ceramah ngehina
prastutiluthfi,TikTok,ga sopan bgt ngomong gitu,2024-12-23 15:01:06,negatif,ga sopan bgt ngomong gitu
rhidayat,TikTok,ga tau mau bilang apa,2024-12-23 15:57:06,netral,ga tau bilang
tri84,TikTok,hmm no comment deh,2024-12-23 15:53:24,netral,hmm no comment deh
sihotangcakrajiya,TikTok,waduh ini sih udah kelewat batas,2024-12-23 15:23:29,negatif,sih udah lewat batas
prima07,TikTok,bisa2 jualan es teh jd insecure 😓,2024-12-23 15:57:30,negatif,jual es teh jd insecure
garan15,TikTok,gus miftah harus minta maaf sih ini,2024-12-23 15:02:54,negatif,gus miftah maaf sih
yuliartijagaraga,TikTok,tergantung yg nonton juga sih,2024-12-23 15:26:48,netral,gantung yg nonton sih
vhartati,TikTok,waduh ini sih udah kelewat batas,2024-12-23 15:12:10,negatif,sih udah lewat batas
nababanani,TikTok,"ceramahnya tetep dapet kok, relax aja guys",2024-12-23 15:20:52,positif,ceramah tetep dapet relax aja guys
balamantri70,TikTok,biar agak keras tapi niatnya baik kok,2024-12-23 15:24:41,positif,biar keras niat
zbudiman,TikTok,jujurly lucu banget sih ini 😭,2024-12-23 15:48:36,positif,jujurly lucu banget sih
yogasalahudin,TikTok,hmm no comment deh,2024-12-23 15:24:09,netral,hmm no comment deh
zulfautama,TikTok,ga sopan bgt ngomong gitu,2024-12-23 15:12:54,negatif,ga sopan bgt ngomong gitu
suwarnoedward,TikTok,ga tau mau bilang apa,2024-12-23 15:01:24,netral,ga tau bilang
cager12,TikTok,waduh ini sih udah kelewat batas,2024-12-23 15:23:57,negatif,sih udah lewat batas
wibisonomumpuni,TikTok,ga sopan bgt ngomong gitu,2024-12-23 15:19:19,negatif,ga sopan bgt ngomong gitu
yusuf12,TikTok,"bener juga sih, kadang netizen terlalu baper",2024-12-23 15:07:00,positif,bener sih kadang netizen baper
xhutagalung,TikTok,"ga lucu, malah nyakitin hati yg jualan",2024-12-23 15:06:28,negatif,ga lucu nyakitin hati yg jual
htampubolon,TikTok,biasa aja sih,2024-12-23 15:35:13,netral,aja sih
asmianto96,TikTok,gw setuju sih ama omongannya gus,2024-12-23 15:35:27,positif,gw tuju sih ama omong gus
lutfan18,TikTok,ga sopan bgt ngomong gitu,2024-12-23 15:16:47,negatif,ga sopan bgt ngomong gitu
csitorus,TikTok,hmm no comment deh,2024-12-23 15:32:19,netral,hmm no comment deh
rahmimandasari,TikTok,gus miftah harus minta maaf sih ini,2024-12-23 15:57:17,negatif,gus miftah maaf sih
marbunjuli,TikTok,jujurly lucu banget sih ini 😭,2024-12-23 15:13:18,positif,jujurly lucu banget sih
nadiapradana,TikTok,gw setuju sih ama omongannya gus,2024-12-23 15:08:10,positif,gw tuju sih ama omong gus
wijayantisepti,TikTok,ceramah apaan malah ngehina,2024-12-23 15:17:09,negatif,ceramah ngehina
viman18,TikTok,ceramah apaan malah ngehina,2024-12-23 15:54:53,negatif,ceramah ngehina
fathonahtarihoran,TikTok,tergantung yg nonton juga sih,2024-12-23 15:02:47,netral,gantung yg nonton sih
rajasacaturangga,TikTok,"bener juga sih, kadang netizen terlalu baper",2024-12-23 15:40:38,positif,bener sih kadang netizen baper
pwacana,TikTok,gue liat ini ya udah lah ya,2024-12-23 15:22:03,netral,gue liat ya udah ya
dmaheswara,TikTok,gus miftah harus minta maaf sih ini,2024-12-23 15:49:07,negatif,gus miftah maaf sih
calista02,TikTok,ceramah apaan malah ngehina,2024-12-23 15:13:55,negatif,ceramah ngehina
handayanijarwadi,TikTok,tergantung yg nonton juga sih,2024-12-23 15:01:45,netral,gantung yg nonton sih
melanikiandra,TikTok,"ga lucu, malah nyakitin hati yg jualan",2024-12-23 15:12:26,negatif,ga lucu nyakitin hati yg jual
jakasaefullah,TikTok,gus miftah harus minta maaf sih ini,2024-12-23 15:43:22,negatif,gus miftah maaf sih
rangga40,TikTok,gus miftah harus minta maaf sih ini,2024-12-23 15:52:07,negatif,gus miftah maaf sih
firgantorofathonah,TikTok,biasa aja sih,2024-12-23 15:13:55,netral,aja sih
faridaprakosa,TikTok,masih netral aja sih gw liatnya,2024-12-23 15:50:12,netral,netral aja sih gw liat
lurhurgunawan,TikTok,bisa2 jualan es teh jd insecure 😓,2024-12-23 15:04:49,negatif,jual es teh jd insecure
queen56,TikTok,ni gus emg ada aja kelakuannya 😂,2024-12-23 15:04:36,positif,ni gus emg aja laku
asmunimardhiyah,TikTok,"ceramahnya tetep dapet kok, relax aja guys",2024-12-23 15:16:57,positif,ceramah tetep dapet relax aja guys
himawannababan,TikTok,hmm no comment deh,2024-12-23 15:48:58,netral,hmm no comment deh
prayitnahutasoit,TikTok,hmm no comment deh,2024-12-23 15:26:26,netral,hmm no comment deh
hramadan,TikTok,ceramah apaan malah ngehina,2024-12-23 15:53:15,negatif,ceramah ngehina
tsetiawan,TikTok,"bener juga sih, kadang netizen terlalu baper",2024-12-23 15:47:00,positif,bener sih kadang netizen baper
garang53,TikTok,"ceramahnya tetep dapet kok, relax aja guys",2024-12-23 15:06:28,positif,ceramah tetep dapet relax aja guys
nurul55,TikTok,gue liat ini ya udah lah ya,2024-12-23 15:33:00,netral,gue liat ya udah ya
kayla77,TikTok,ceramah apaan malah ngehina,2024-12-23 15:47:35,negatif,ceramah ngehina
lnasyiah,TikTok,bisa2 jualan es teh jd insecure 😓,2024-12-23 15:50:35,negatif,jual es teh jd insecure
putrakuncara,TikTok,tergantung yg nonton juga sih,2024-12-23 15:12:58,netral,gantung yg nonton sih
satyawinarsih,TikTok,ni gus emg ada aja kelakuannya 😂,2024-12-23 15:31:38,positif,ni gus emg aja laku
rini88,TikTok,jujurly lucu banget sih ini 😭,2024-12-23 15:04:39,positif,jujurly lucu banget sih
cemplunkpurwanti,TikTok,hmm no comment deh,2024-12-23 15:53:18,netral,hmm no comment deh
qwaskita,TikTok,biasa aja sih,2024-12-23 15:57:39,netral,aja sih
santosokairav,TikTok,ga sopan bgt ngomong gitu,2024-12-23 15:03:46,negatif,ga sopan bgt ngomong gitu
qdamanik,TikTok,ga tau mau bilang apa,2024-12-23 15:58:26,netral,ga tau bilang
yani91,TikTok,gus miftah harus minta maaf sih ini,2024-12-23 15:27:18,negatif,gus miftah maaf sih
hutagalungajimin,TikTok,bisa2 jualan es teh jd insecure 😓,2024-12-23 15:54:56,negatif,jual es teh jd insecure
nandriani,TikTok,"ceramahnya tetep dapet kok, relax aja guys",2024-12-23 15:20:49,positif,ceramah tetep dapet relax aja guys
ilsa69,TikTok,hmm no comment deh,2024-12-23 15:48:37,netral,hmm no comment deh
hutapeaelvin,TikTok,gue liat ini ya udah lah ya,2024-12-23 15:11:26,netral,gue liat ya udah ya
saefullahsamsul,TikTok,gus miftah harus minta maaf sih ini,2024-12-23 15:58:17,negatif,gus miftah maaf sih
cecepnashiruddin,TikTok,"bener juga sih, kadang netizen terlalu baper",2024-12-23 15:13:55,positif,bener sih kadang netizen baper
fujiatiabyasa,TikTok,gue liat ini ya udah lah ya,2024-12-23 15:03:34,netral,gue liat ya udah ya
queenhardiansyah,TikTok,bisa2 jualan es teh jd insecure 😓,2024-12-23 15:10:17,negatif,jual es teh jd insecure
iwaluyo,TikTok,gw setuju sih ama omongannya gus,2024-12-23 15:49:06,positif,gw tuju sih ama omong gus
ophelia33,TikTok,"ga lucu, malah nyakitin hati yg jualan",2024-12-23 15:09:39,negatif,ga lucu nyakitin hati yg jual
winarsiheluh,TikTok,"ga lucu, malah nyakitin hati yg jualan",2024-12-23 15:29:18,negatif,ga lucu nyakitin hati yg jual
firmansyaherik,TikTok,waduh ini sih udah kelewat batas,2024-12-23 15:54:47,negatif,sih udah lewat batas
xnatsir,TikTok,tergantung yg nonton juga sih,2024-12-23 15:28:44,netral,gantung yg nonton sih
dhasanah,TikTok,biasa aja sih,2024-12-23 15:18:44,netral,aja sih
purwanticaraka,TikTok,tergantung yg nonton juga sih,2024-12-23 15:20:27,netral,gantung yg nonton sih
znuraini,TikTok,"ga lucu, malah nyakitin hati yg jualan",2024-12-23 15:24:24,negatif,ga lucu nyakitin hati yg jual
laksmiwatihasan,TikTok,"bener juga sih, kadang netizen terlalu baper",2024-12-23 15:36:01,positif,bener sih kadang netizen baper
emangunsong,TikTok,tergantung yg nonton juga sih,2024-12-23 15:28:28,netral,gantung yg nonton sih
saktinainggolan,TikTok,ga sopan bgt ngomong gitu,2024-12-23 15:25:39,negatif,ga sopan bgt ngomong gitu
natsirjono,TikTok,biasa aja sih,2024-12-23 15:09:19,netral,aja sih
utamaoskar,TikTok,gue liat ini ya udah lah ya,2024-12-23 15:45:22,netral,gue liat ya udah ya
budimanartanto,TikTok,ni gus emg ada aja kelakuannya 😂,2024-12-23 15:41:21,positif,ni gus emg aja laku
ytamba,TikTok,jujurly lucu banget sih ini 😭,2024-12-23 15:38:42,positif,jujurly lucu banget sih
elvinkuswandari,TikTok,jujurly lucu banget sih ini 😭,2024-12-23 15:39:57,positif,jujurly lucu banget sih
siregarcandra,TikTok,ceramah apaan malah ngehina,2024-12-23 15:17:47,negatif,ceramah ngehina
chutapea,TikTok,ga sopan bgt ngomong gitu,2024-12-23 15:26:14,negatif,ga sopan bgt ngomong gitu
luwarbudiman,TikTok,bisa2 jualan es teh jd insecure 😓,2024-12-23 15:43:10,negatif,jual es teh jd insecure
uwaiskarsana,TikTok,tergantung yg nonton juga sih,2024-12-23 15:57:33,netral,gantung yg nonton sih
tampubolonlukman,TikTok,tergantung yg nonton juga sih,2024-12-23 15:58:00,netral,gantung yg nonton sih
kusumagunarto,TikTok,ceramah apaan malah ngehina,2024-12-23 15:56:56,negatif,ceramah ngehina
pputra,TikTok,bisa2 jualan es teh jd insecure 😓,2024-12-23 15:08:55,negatif,jual es teh jd insecure
atmajamayasari,TikTok,hmm no comment deh,2024-12-23 15:03:18,netral,hmm no comment deh
bagyapudjiastuti,TikTok,"ceramahnya tetep dapet kok, relax aja guys",2024-12-23 15:10:42,positif,ceramah tetep dapet relax aja guys
sabrinalatupono,TikTok,gus miftah harus minta maaf sih ini,2024-12-23 15:32:37,negatif,gus miftah maaf sih
zaenabhassanah,TikTok,waduh ini sih udah kelewat batas,2024-12-23 15:22:34,negatif,sih udah lewat batas
bsuartini,TikTok,bisa2 jualan es teh jd insecure 😓,2024-12-23 15:11:05,negatif,jual es teh jd insecure
pradiptaliman,TikTok,waduh ini sih udah kelewat batas,2024-12-23 15:03:50,negatif,sih udah lewat batas
maryadiharja,TikTok,"ga lucu, malah nyakitin hati yg jualan",2024-12-23 15:26:30,negatif,ga lucu nyakitin hati yg jual
psantoso,TikTok,ni gus emg ada aja kelakuannya 😂,2024-12-23 15:17:24,positif,ni gus emg aja laku
pudjiastutilanang,TikTok,ga sopan bgt ngomong gitu,2024-12-23 15:34:57,negatif,ga sopan bgt ngomong gitu
mayasarikarimah,TikTok,ceramah apaan malah ngehina,2024-12-23 15:17:23,negatif,ceramah ngehina
rnasyiah,TikTok,hmm no comment deh,2024-12-23 15:53:23,netral,hmm no comment deh
hidayantoganda,TikTok,ga sopan bgt ngomong gitu,2024-12-23 15:05:20,negatif,ga sopan bgt ngomong gitu
bakijanagustina,TikTok,gw setuju sih ama omongannya gus,2024-12-23 15:14:19,positif,gw tuju sih ama omong gus
hari14,TikTok,gw setuju sih ama omongannya gus,2024-12-23 15:06:53,positif,gw tuju sih ama omong gus
haryantojagaraga,TikTok,gue liat ini ya udah lah ya,2024-12-23 15:37:48,netral,gue liat ya udah ya
rahmawatilaras,TikTok,biar agak keras tapi niatnya baik kok,2024-12-23 15:44:47,positif,biar keras niat
utamihamzah,TikTok,"bener juga sih, kadang netizen terlalu baper",2024-12-23 15:44:18,positif,bener sih kadang netizen baper
usamahivan,TikTok,ga tau mau bilang apa,2024-12-23 15:22:36,netral,ga tau bilang
yprayoga,TikTok,gus miftah harus minta maaf sih ini,2024-12-23 15:26:11,negatif,gus miftah maaf sih
rajasawira,TikTok,gus miftah harus minta maaf sih ini,2024-12-23 15:52:13,negatif,gus miftah maaf sih
swahyudin,TikTok,"bener juga sih, kadang netizen terlalu baper",2024-12-23 15:01:30,positif,bener sih kadang netizen baper
vfirmansyah,TikTok,gw setuju sih ama omongannya gus,2024-12-23 15:03:56,positif,gw tuju sih ama omong gus
rusmanhutagalung,TikTok,tergantung yg nonton juga sih,2024-12-23 15:34:37,netral,gantung yg nonton sih
jgunarto,TikTok,hmm no comment deh,2024-12-23 15:09:59,netral,hmm no comment deh
zmaulana,TikTok,ga tau mau bilang apa,2024-12-23 15:09:41,netral,ga tau bilang
astutibanara,TikTok,jujurly lucu banget sih ini 😭,2024-12-23 15:33:12,positif,jujurly lucu banget sih
yunita73,TikTok,hmm no comment deh,2024-12-23 15:55:38,netral,hmm no comment deh
siregardono,TikTok,"bener juga sih, kadang netizen terlalu baper",2024-12-23 15:10:39,positif,bener sih kadang netizen baper
bpangestu,TikTok,gus miftah harus minta maaf sih ini,2024-12-23 15:53:10,negatif,gus miftah maaf sih
aris13,TikTok,tergantung yg nonton juga sih,2024-12-23 15:33:28,netral,gantung yg nonton sih
dasa41,TikTok,gw setuju sih ama omongannya gus,2024-12-23 15:27:03,positif,gw tuju sih ama omong gus
qprayoga,TikTok,hmm no comment deh,2024-12-23 15:56:54,netral,hmm no comment deh
bakiadipalastri,TikTok,ceramah apaan malah ngehina,2024-12-23 15:37:28,negatif,ceramah ngehina
maimunah34,TikTok,gue liat ini ya udah lah ya,2024-12-23 15:53:09,netral,gue liat ya udah ya
kayun86,TikTok,masih netral aja sih gw liatnya,2024-12-23 15:13:43,netral,netral aja sih gw liat
lailasihombing,TikTok,"ga lucu, malah nyakitin hati yg jualan",2024-12-23 15:01:26,negatif,ga lucu nyakitin hati yg jual
lnurdiyanti,TikTok,ni gus emg ada aja kelakuannya 😂,2024-12-23 15:46:05,positif,ni gus emg aja laku
saptonocindy,TikTok,ni gus emg ada aja kelakuannya 😂,2024-12-23 15:00:04,positif,ni gus emg aja laku
nanggraini,TikTok,waduh ini sih udah kelewat batas,2024-12-23 15:40:18,negatif,sih udah lewat batas
omar72,TikTok,jujurly lucu banget sih ini 😭,2024-12-23 15:29:34,positif,jujurly lucu banget sih
mfarida,TikTok,biasa aja sih,2024-12-23 15:20:36,netral,aja sih
wahyudinnova,TikTok,tergantung yg nonton juga sih,2024-12-23 15:39:28,netral,gantung yg nonton sih
aslijan19,TikTok,hmm no comment deh,2024-12-23 15:53:37,netral,hmm no comment deh
zelda27,TikTok,"bener juga sih, kadang netizen terlalu baper",2024-12-23 15:44:06,positif,bener sih kadang netizen baper
cagermaulana,TikTok,gue liat ini ya udah lah ya,2024-12-23 15:20:38,netral,gue liat ya udah ya
bakijan19,TikTok,hmm no comment deh,2024-12-23 15:52:07,netral,hmm no comment deh
makutanamaga,TikTok,ni gus emg ada aja kelakuannya 😂,2024-12-23 15:46:57,positif,ni gus emg aja laku
sihombingjaiman,TikTok,"ga lucu, malah nyakitin hati yg jualan",2024-12-23 15:31:44,negatif,ga lucu nyakitin hati yg jual
damanikkacung,TikTok,ga tau mau bilang apa,2024-12-23 15:01:15,netral,ga tau bilang
umihutagalung,TikTok,ga sopan bgt ngomong gitu,2024-12-23 15:30:11,negatif,ga sopan bgt ngomong gitu
makutasitumorang,TikTok,hmm no comment deh,2024-12-23 15:54:27,netral,hmm no comment deh
gambiradongoran,TikTok,gus miftah harus minta maaf sih ini,2024-12-23 15:14:24,negatif,gus miftah maaf sih
faridamumpuni,TikTok,"ga lucu, malah nyakitin hati yg jualan",2024-12-23 15:08:58,negatif,ga lucu nyakitin hati yg jual
lailasarizaenab,TikTok,ga sopan bgt ngomong gitu,2024-12-23 15:27:35,negatif,ga sopan bgt ngomong gitu
darmajijanuar,TikTok,hmm no comment deh,2024-12-23 15:19:11,netral,hmm no comment deh
putralulut,TikTok,tergantung yg nonton juga sih,2024-12-23 15:27:15,netral,gantung yg nonton sih
satya68,TikTok,biar agak keras tapi niatnya baik kok,2024-12-23 15:29:31,positif,biar keras niat
astutiakarsana,TikTok,masih netral aja sih gw liatnya,2024-12-23 15:03:18,netral,netral aja sih gw liat
saifulprakasa,TikTok,jujurly lucu banget sih ini 😭,2024-12-23 15:20:07,positif,jujurly lucu banget sih
pkuswoyo,TikTok,tergantung yg nonton juga sih,2024-12-23 15:04:31,netral,gantung yg nonton sih
taufikwidodo,TikTok,hmm no comment deh,2024-12-23 15:35:05,netral,hmm no comment deh
xsihotang,TikTok,ni gus emg ada aja kelakuannya 😂,2024-12-23 15:20:02,positif,ni gus emg aja laku
elma29,TikTok,"ga lucu, malah nyakitin hati yg jualan",2024-12-23 15:50:02,negatif,ga lucu nyakitin hati yg jual
ulva16,TikTok,"ceramahnya tetep dapet kok, relax aja guys",2024-12-23 15:52:19,positif,ceramah tetep dapet relax aja guys
tambaami,TikTok,hmm no comment deh,2024-12-23 15:03:33,netral,hmm no comment deh
kawayaharyanto,TikTok,ceramah apaan malah ngehina,2024-12-23 15:17:26,negatif,ceramah ngehina
bhassanah,TikTok,bisa2 jualan es teh jd insecure 😓,2024-12-23 15:17:11,negatif,jual es teh jd insecure
hafshahrahmawati,TikTok,biasa aja sih,2024-12-23 15:11:00,netral,aja sih
ami82,TikTok,ceramah apaan malah ngehina,2024-12-23 15:02:13,negatif,ceramah ngehina
ipratama,TikTok,masih netral aja sih gw liatnya,2024-12-23 15:20:23,netral,netral aja sih gw liat
pranowolanang,TikTok,"ceramahnya tetep dapet kok, relax aja guys",2024-12-23 15:44:33,positif,ceramah tetep dapet relax aja guys
dabukkekawaya,TikTok,bisa2 jualan es teh jd insecure 😓,2024-12-23 15:49:32,negatif,jual es teh jd insecure
emannajmudin,TikTok,masih netral aja sih gw liatnya,2024-12-23 15:26:02,netral,netral aja sih gw liat
nainggolanmaryanto,TikTok,bisa2 jualan es teh jd insecure 😓,2024-12-23 15:59:35,negatif,jual es teh jd insecure
marwata56,TikTok,ceramah apaan malah ngehina,2024-12-23 15:46:22,negatif,ceramah ngehina
maulanapranawa,TikTok,masih netral aja sih gw liatnya,2024-12-23 15:15:55,netral,netral aja sih gw liat
fathonahmelani,TikTok,biar agak keras tapi niatnya baik kok,2024-12-23 15:18:31,positif,biar keras niat
nalar60,TikTok,"ceramahnya tetep dapet kok, relax aja guys",2024-12-23 15:02:23,positif,ceramah tetep dapet relax aja guys
siska46,TikTok,biar agak keras tapi niatnya baik kok,2024-12-23 15:48:13,positif,biar keras niat
hidayatluthfi,TikTok,bisa2 jualan es teh jd insecure 😓,2024-12-23 15:37:56,negatif,jual es teh jd insecure
wacanareksa,TikTok,jujurly lucu banget sih ini 😭,2024-12-23 15:33:31,positif,jujurly lucu banget sih
eprakasa,TikTok,gue liat ini ya udah lah ya,2024-12-23 15:31:08,netral,gue liat ya udah ya
hmaryati,TikTok,gue liat ini ya udah lah ya,2024-12-23 15:36:04,netral,gue liat ya udah ya
lasmono45,TikTok,waduh ini sih udah kelewat batas,2024-12-23 15:38:43,negatif,sih udah lewat batas
pangestuuda,TikTok,"ceramahnya tetep dapet kok, relax aja guys",2024-12-23 15:11:08,positif,ceramah tetep dapet relax aja guys
anom44,TikTok,biasa aja sih,2024-12-23 15:01:56,netral,aja sih
malikahabibi,TikTok,gue liat ini ya udah lah ya,2024-12-23 15:24:36,netral,gue liat ya udah ya
nadinenapitupulu,TikTok,"bener juga sih, kadang netizen terlalu baper",2024-12-23 15:09:41,positif,bener sih kadang netizen baper
janet15,TikTok,"ceramahnya tetep dapet kok, relax aja guys",2024-12-23 15:56:07,positif,ceramah tetep dapet relax aja guys
padmasarihartaka,TikTok,"bener juga sih, kadang netizen terlalu baper",2024-12-23 15:27:12,positif,bener sih kadang netizen baper
cahyadiwibowo,TikTok,ceramah apaan malah ngehina,2024-12-23 15:34:43,negatif,ceramah ngehina
argono85,TikTok,tergantung yg nonton juga sih,2024-12-23 15:37:04,netral,gantung yg nonton sih
cakrawangsa18,TikTok,"ceramahnya tetep dapet kok, relax aja guys",2024-12-23 15:39:07,positif,ceramah tetep dapet relax aja guys
puput85,TikTok,"ceramahnya tetep dapet kok, relax aja guys",2024-12-23 15:34:22,positif,ceramah tetep dapet relax aja guys
marpaungnardi,TikTok,bisa2 jualan es teh jd insecure 😓,2024-12-23 15:20:17,negatif,jual es teh jd insecure
najwa73,TikTok,bisa2 jualan es teh jd insecure 😓,2024-12-23 15:53:36,negatif,jual es teh jd insecure
jayengkusumo,TikTok,gw setuju sih ama omongannya gus,2024-12-23 15:19:52,positif,gw tuju sih ama omong gus
maryadiusyi,TikTok,ga tau mau bilang apa,2024-12-23 15:11:29,netral,ga tau bilang
ekausada,TikTok,gw setuju sih ama omongannya gus,2024-12-23 15:21:01,positif,gw tuju sih ama omong gus
malikkuswoyo,TikTok,ceramah apaan malah ngehina,2024-12-23 15:37:23,negatif,ceramah ngehina
qsetiawan,TikTok,ceramah apaan malah ngehina,2024-12-23 15:46:44,negatif,ceramah ngehina
ohalim,TikTok,ga sopan bgt ngomong gitu,2024-12-23 15:14:25,negatif,ga sopan bgt ngomong gitu
ykuswoyo,TikTok,gw setuju sih ama omongannya gus,2024-12-23 15:48:23,positif,gw tuju sih ama omong gus
maryatiharto,TikTok,"ceramahnya tetep dapet kok, relax aja guys",2024-12-23 15:13:29,positif,ceramah tetep dapet relax aja guys
halimanggraini,TikTok,masih netral aja sih gw liatnya,2024-12-23 15:14:48,netral,netral aja sih gw liat
hardi44,TikTok,biar agak keras tapi niatnya baik kok,2024-12-23 15:50:05,positif,biar keras niat
rinariyanti,TikTok,masih netral aja sih gw liatnya,2024-12-23 15:25:07,netral,netral aja sih gw liat
harsantowidiastuti,TikTok,waduh ini sih udah kelewat batas,2024-12-23 15:31:00,negatif,sih udah lewat batas
tugimanwidodo,TikTok,bisa2 jualan es teh jd insecure 😓,2024-12-23 15:28:09,negatif,jual es teh jd insecure
marsudinurdiyanti,TikTok,waduh ini sih udah kelewat batas,2024-12-23 15:33:47,negatif,sih udah lewat batas
aaryani,TikTok,"bener juga sih, kadang netizen terlalu baper",2024-12-23 15:25:28,positif,bener sih kadang netizen baper
yulia93,TikTok,"ga lucu, malah nyakitin hati yg jualan",2024-12-23 15:22:30,negatif,ga lucu nyakitin hati yg jual
hartozulaika,TikTok,bisa2 jualan es teh jd insecure 😓,2024-12-23 15:17:12,negatif,jual es teh jd insecure
mumpunimandasari,TikTok,masih netral aja sih gw liatnya,2024-12-23 15:05:42,netral,netral aja sih gw liat
eminhakim,TikTok,masih netral aja sih gw liatnya,2024-12-23 15:37:58,netral,netral aja sih gw liat
sabri82,TikTok,ceramah apaan malah ngehina,2024-12-23 15:11:03,negatif,ceramah ngehina
devihidayanto,TikTok,"bener juga sih, kadang netizen terlalu baper",2024-12-23 15:04:58,positif,bener sih kadang netizen baper
zeldamansur,TikTok,biar agak keras tapi niatnya baik kok,2024-12-23 15:06:37,positif,biar keras niat
hlaksmiwati,TikTok,masih netral aja sih gw liatnya,2024-12-23 15:47:06,netral,netral aja sih gw liat
bsiregar,TikTok,"ceramahnya tetep dapet kok, relax aja guys",2024-12-23 15:30:27,positif,ceramah tetep dapet relax aja guys
susantipangestu,TikTok,"ga lucu, malah nyakitin hati yg jualan",2024-12-23 15:50:11,negatif,ga lucu nyakitin hati yg jual
silviawibisono,TikTok,gw setuju sih ama omongannya gus,2024-12-23 15:45:07,positif,gw tuju sih ama omong gus
wsinaga,TikTok,"bener juga sih, kadang netizen terlalu baper",2024-12-23 15:25:51,positif,bener sih kadang netizen baper
jutama,TikTok,jujurly lucu banget sih ini 😭,2024-12-23 15:40:13,positif,jujurly lucu banget sih
vhidayanto,TikTok,gw setuju sih ama omongannya gus,2024-12-23 15:59:52,positif,gw tuju sih ama omong gus
agnes78,TikTok,waduh ini sih udah kelewat batas,2024-12-23 15:09:14,negatif,sih udah lewat batas
uchitaanggraini,TikTok,biar agak keras tapi niatnya baik kok,2024-12-23 15:41:46,positif,biar keras niat
vinsen32,TikTok,gw setuju sih ama omongannya gus,2024-12-23 15:36:47,positif,gw tuju sih ama omong gus
pyuniar,TikTok,biar agak keras tapi niatnya baik kok,2024-12-23 15:07:36,positif,biar keras niat
unjani48,TikTok,"ceramahnya tetep dapet kok, relax aja guys",2024-12-23 15:37:11,positif,ceramah tetep dapet relax aja guys
nprabowo,TikTok,ga sopan bgt ngomong gitu,2024-12-23 15:35:21,negatif,ga sopan bgt ngomong gitu
xhandayani,TikTok,waduh ini sih udah kelewat batas,2024-12-23 15:45:41,negatif,sih udah lewat batas
puspitawage,TikTok,tergantung yg nonton juga sih,2024-12-23 15:49:26,netral,gantung yg nonton sih
hfirgantoro,TikTok,ga tau mau bilang apa,2024-12-23 15:33:20,netral,ga tau bilang
syahrini16,TikTok,tergantung yg nonton juga sih,2024-12-23 15:49:54,netral,gantung yg nonton sih
nasrullah73,TikTok,waduh ini sih udah kelewat batas,2024-12-23 15:37:10,negatif,sih udah lewat batas
gsihombing,TikTok,masih netral aja sih gw liatnya,2024-12-23 15:32:00,netral,netral aja sih gw liat
tastuti,TikTok,jujurly lucu banget sih ini 😭,2024-12-23 15:14:36,positif,jujurly lucu banget sih
usamahwarta,TikTok,waduh ini sih udah kelewat batas,2024-12-23 15:57:50,negatif,sih udah lewat batas
mahendrarahmi,TikTok,jujurly lucu banget sih ini 😭,2024-12-23 15:33:11,positif,jujurly lucu banget sih
kenari97,TikTok,gw setuju sih ama omongannya gus,2024-12-23 15:22:14,positif,gw tuju sih ama omong gus
wnashiruddin,TikTok,ceramah apaan malah ngehina,2024-12-23 15:01:52,negatif,ceramah ngehina
vhutapea,TikTok,biar agak keras tapi niatnya baik kok,2024-12-23 15:58:05,positif,biar keras niat
hardiansyahbaktiadi,TikTok,"ceramahnya tetep dapet kok, relax aja guys",2024-12-23 15:09:48,positif,ceramah tetep dapet relax aja guys
zsaputra,TikTok,ceramah apaan malah ngehina,2024-12-23 15:29:00,negatif,ceramah ngehina
nmaulana,TikTok,bisa2 jualan es teh jd insecure 😓,2024-12-23 15:16:25,negatif,jual es teh jd insecure
vsiregar,TikTok,waduh ini sih udah kelewat batas,2024-12-23 15:53:49,negatif,sih udah lewat batas
hariyahirsad,TikTok,"bener juga sih, kadang netizen terlalu baper",2024-12-23 15:48:20,positif,bener sih kadang netizen baper
tarihoransyahrini,TikTok,"bener juga sih, kadang netizen terlalu baper",2024-12-23 15:59:39,positif,bener sih kadang netizen baper
gangsar26,TikTok,ga sopan bgt ngomong gitu,2024-12-23 15:43:17,negatif,ga sopan bgt ngomong gitu
cinta28,TikTok,"bener juga sih, kadang netizen terlalu baper",2024-12-23 15:59:43,positif,bener sih kadang netizen baper
winarnojamil,TikTok,"bener juga sih, kadang netizen terlalu baper",2024-12-23 15:04:37,positif,bener sih kadang netizen baper
qfirmansyah,TikTok,masih netral aja sih gw liatnya,2024-12-23 15:53:46,netral,netral aja sih gw liat
oyulianti,TikTok,ga tau mau bilang apa,2024-12-23 15:42:42,netral,ga tau bilang
ajeng89,TikTok,waduh ini sih udah kelewat batas,2024-12-23 15:40:01,negatif,sih udah lewat batas
wacanakartika,TikTok,masih netral aja sih gw liatnya,2024-12-23 15:12:48,netral,netral aja sih gw liat
bancar45,TikTok,gue liat ini ya udah lah ya,2024-12-23 15:10:30,netral,gue liat ya udah ya
wsalahudin,TikTok,gw setuju sih ama omongannya gus,2024-12-23 15:06:13,positif,gw tuju sih ama omong gus
kusumahassanah,TikTok,"ceramahnya tetep dapet kok, relax aja guys",2024-12-23 15:42:41,positif,ceramah tetep dapet relax aja guys
fujiatikalim,TikTok,"bener juga sih, kadang netizen terlalu baper",2024-12-23 15:09:35,positif,bener sih kadang netizen baper
nyana24,TikTok,"ceramahnya tetep dapet kok, relax aja guys",2024-12-23 15:42:39,positif,ceramah tetep dapet relax aja guys
nasyiahmalik,TikTok,jujurly lucu banget sih ini 😭,2024-12-23 15:27:19,positif,jujurly lucu banget sih
dongoranharimurti,TikTok,waduh ini sih udah kelewat batas,2024-12-23 15:56:48,negatif,sih udah lewat batas
lalita09,TikTok,biasa aja sih,2024-12-23 15:18:58,netral,aja sih
nurainipardi,TikTok,biasa aja sih,2024-12-23 15:14:22,netral,aja sih
novawahyudin,TikTok,biasa aja sih,2024-12-23 15:11:43,netral,aja sih
jsaputra,TikTok,"ceramahnya tetep dapet kok, relax aja guys",2024-12-23 15:17:17,positif,ceramah tetep dapet relax aja guys
hasanahmujur,TikTok,waduh ini sih udah kelewat batas,2024-12-23 15:40:33,negatif,sih udah lewat batas
atmaja89,TikTok,ga sopan bgt ngomong gitu,2024-12-23 15:46:03,negatif,ga sopan bgt ngomong gitu
pradanatitin,TikTok,gue liat ini ya udah lah ya,2024-12-23 15:43:09,netral,gue liat ya udah ya
wkuswandari,TikTok,jujurly lucu banget sih ini 😭,2024-12-23 15:08:09,positif,jujurly lucu banget sih
empluk36,TikTok,ga sopan bgt ngomong gitu,2024-12-23 15:07:40,negatif,ga sopan bgt ngomong gitu
wahyunilantar,TikTok,bisa2 jualan es teh jd insecure 😓,2024-12-23 15:08:01,negatif,jual es teh jd insecure
jasmani83,TikTok,bisa2 jualan es teh jd insecure 😓,2024-12-23 15:27:46,negatif,jual es teh jd insecure
narpatidagel,TikTok,tergantung yg nonton juga sih,2024-12-23 15:08:22,netral,gantung yg nonton sih
tjailani,TikTok,"ceramahnya tetep dapet kok, relax aja guys",2024-12-23 15:32:30,positif,ceramah tetep dapet relax aja guys
hartananurdiyanti,TikTok,biasa aja sih,2024-12-23 15:16:15,netral,aja sih
rkuswandari,TikTok,biar agak keras tapi niatnya baik kok,2024-12-23 15:18:24,positif,biar keras niat
lili83,TikTok,ni gus emg ada aja kelakuannya 😂,2024-12-23 15:02:24,positif,ni gus emg aja laku
ulva15,TikTok,ceramah apaan malah ngehina,2024-12-23 15:44:57,negatif,ceramah ngehina
ardiantohendri,TikTok,jujurly lucu banget sih ini 😭,2024-12-23 15:00:26,positif,jujurly lucu banget sih
nugrohomujur,TikTok,gus miftah harus minta maaf sih ini,2024-12-23 15:42:25,negatif,gus miftah maaf sih
jpurwanti,TikTok,gus miftah harus minta maaf sih ini,2024-12-23 15:48:35,negatif,gus miftah maaf sih
gmayasari,TikTok,jujurly lucu banget sih ini 😭,2024-12-23 15:52:34,positif,jujurly lucu banget sih
gandi75,TikTok,"bener juga sih, kadang netizen terlalu baper",2024-12-23 15:24:37,positif,bener sih kadang netizen baper
nyana74,TikTok,biasa aja sih,2024-12-23 15:19:14,netral,aja sih
galak66,TikTok,jujurly lucu banget sih ini 😭,2024-12-23 15:18:31,positif,jujurly lucu banget sih
yoga26,TikTok,gus miftah harus minta maaf sih ini,2024-12-23 15:03:30,negatif,gus miftah maaf sih
mharyanti,TikTok,ceramah apaan malah ngehina,2024-12-23 15:12:30,negatif,ceramah ngehina
mahfudmustofa,TikTok,gw setuju sih ama omongannya gus,2024-12-23 15:27:19,positif,gw tuju sih ama omong gus
slamet12,TikTok,ceramah apaan malah ngehina,2024-12-23 15:05:23,negatif,ceramah ngehina
awahyudin,TikTok,bisa2 jualan es teh jd insecure 😓,2024-12-23 15:36:21,negatif,jual es teh jd insecure
hutagalungjinawi,TikTok,"ga lucu, malah nyakitin hati yg jualan",2024-12-23 15:39:08,negatif,ga lucu nyakitin hati yg jual
ardiantogadang,TikTok,gw setuju sih ama omongannya gus,2024-12-23 15:25:18,positif,gw tuju sih ama omong gus
lmandasari,TikTok,biar agak keras tapi niatnya baik kok,2024-12-23 15:45:12,positif,biar keras niat
zulkarnaindevi,TikTok,gus miftah harus minta maaf sih ini,2024-12-23 15:56:14,negatif,gus miftah maaf sih
usyidongoran,TikTok,"ceramahnya tetep dapet kok, relax aja guys",2024-12-23 15:00:46,positif,ceramah tetep dapet relax aja guys
nasyidahokta,TikTok,waduh ini sih udah kelewat batas,2024-12-23 15:09:43,negatif,sih udah lewat batas
napitupulujais,TikTok,gus miftah harus minta maaf sih ini,2024-12-23 15:42:26,negatif,gus miftah maaf sih
pandusuryono,TikTok,ni gus emg ada aja kelakuannya 😂,2024-12-23 15:41:20,positif,ni gus emg aja laku
mulyonosantoso,TikTok,gus miftah harus minta maaf sih ini,2024-12-23 15:02:21,negatif,gus miftah maaf sih
permatayulia,TikTok,ni gus emg ada aja kelakuannya 😂,2024-12-23 15:12:29,positif,ni gus emg aja laku
wsaptono,TikTok,ni gus emg ada aja kelakuannya 😂,2024-12-23 15:10:14,positif,ni gus emg aja laku
euwais,TikTok,masih netral aja sih gw liatnya,2024-12-23 15:41:54,netral,netral aja sih gw liat
rahmiwijaya,TikTok,masih netral aja sih gw liatnya,2024-12-23 15:20:33,netral,netral aja sih gw liat
kardi31,TikTok,"ga lucu, malah nyakitin hati yg jualan",2024-12-23 15:22:47,negatif,ga lucu nyakitin hati yg jual
cahyantojailani,TikTok,biasa aja sih,2024-12-23 15:36:47,netral,aja sih
kmardhiyah,TikTok,gue liat ini ya udah lah ya,2024-12-23 15:14:40,netral,gue liat ya udah ya
darmajiprabowo,TikTok,bisa2 jualan es teh jd insecure 😓,2024-12-23 15:36:55,negatif,jual es teh jd insecure
lamar80,TikTok,jujurly lucu banget sih ini 😭,2024-12-23 15:14:09,positif,jujurly lucu banget sih
uprasetya,TikTok,ni gus emg ada aja kelakuannya 😂,2024-12-23 15:41:04,positif,ni gus emg aja laku
mansurbelinda,TikTok,"bener juga sih, kadang netizen terlalu baper",2024-12-23 15:36:34,positif,bener sih kadang netizen baper
ksuryono,TikTok,gue liat ini ya udah lah ya,2024-12-23 15:12:02,netral,gue liat ya udah ya
lsuryatmi,TikTok,ceramah apaan malah ngehina,2024-12-23 15:13:34,negatif,ceramah ngehina
maras66,TikTok,"ga lucu, malah nyakitin hati yg jualan",2024-12-23 15:10:31,negatif,ga lucu nyakitin hati yg jual
marganasitompul,TikTok,gue liat ini ya udah lah ya,2024-12-23 15:36:07,netral,gue liat ya udah ya
leopranowo,TikTok,biar agak keras tapi niatnya baik kok,2024-12-23 15:50:34,positif,biar keras niat
firmansyahbakijan,TikTok,tergantung yg nonton juga sih,2024-12-23 15:02:13,netral,gantung yg nonton sih
janenasyidah,TikTok,gw setuju sih ama omongannya gus,2024-12-23 15:25:22,positif,gw tuju sih ama omong gus
fitriapradana,TikTok,"ga lucu, malah nyakitin hati yg jualan",2024-12-23 15:26:51,negatif,ga lucu nyakitin hati yg jual
cinta29,TikTok,"ceramahnya tetep dapet kok, relax aja guys",2024-12-23 15:22:27,positif,ceramah tetep dapet relax aja guys
firgantororespati,TikTok,ga tau mau bilang apa,2024-12-23 15:22:39,netral,ga tau bilang
indahnashiruddin,TikTok,masih netral aja sih gw liatnya,2024-12-23 15:49:48,netral,netral aja sih gw liat
cengkir32,TikTok,masih netral aja sih gw liatnya,2024-12-23 15:14:03,netral,netral aja sih gw liat
kamilausada,TikTok,"ceramahnya tetep dapet kok, relax aja guys",2024-12-23 15:46:29,positif,ceramah tetep dapet relax aja guys
grahmawati,TikTok,"bener juga sih, kadang netizen terlalu baper",2024-12-23 15:15:38,positif,bener sih kadang netizen baper
wulandarilaila,TikTok,ga tau mau bilang apa,2024-12-23 15:33:02,netral,ga tau bilang
balijan54,TikTok,bisa2 jualan es teh jd insecure 😓,2024-12-23 15:43:01,negatif,jual es teh jd insecure
xsitumorang,TikTok,biasa aja sih,2024-12-23 15:00:24,netral,aja sih
zulaikaestiawan,TikTok,masih netral aja sih gw liatnya,2024-12-23 15:31:18,netral,netral aja sih gw liat
gaman88,TikTok,ga sopan bgt ngomong gitu,2024-12-23 15:15:17,negatif,ga sopan bgt ngomong gitu
empluk61,TikTok,ceramah apaan malah ngehina,2024-12-23 15:31:26,negatif,ceramah ngehina
wmayasari,TikTok,masih netral aja sih gw liatnya,2024-12-23 15:05:21,netral,netral aja sih gw liat
hutapeapuspa,TikTok,ceramah apaan malah ngehina,2024-12-23 15:33:54,negatif,ceramah ngehina
cahyononamaga,TikTok,hmm no comment deh,2024-12-23 15:26:15,netral,hmm no comment deh
irawanlurhur,TikTok,biasa aja sih,2024-12-23 15:51:58,netral,aja sih
siregaroskar,TikTok,"ceramahnya tetep dapet kok, relax aja guys",2024-12-23 15:25:12,positif,ceramah tetep dapet relax aja guys
purwantoutami,TikTok,biar agak keras tapi niatnya baik kok,2024-12-23 15:47:36,positif,biar keras niat
prayitna49,TikTok,jujurly lucu banget sih ini 😭,2024-12-23 15:19:39,positif,jujurly lucu banget sih
galionopurwanti,TikTok,tergantung yg nonton juga sih,2024-12-23 15:47:53,netral,gantung yg nonton sih
rsalahudin,TikTok,"ceramahnya tetep dapet kok, relax aja guys",2024-12-23 15:01:30,positif,ceramah tetep dapet relax aja guys
ajimin73,TikTok,ni gus emg ada aja kelakuannya 😂,2024-12-23 15:04:17,positif,ni gus emg aja laku
kurniawandagel,TikTok,ceramah apaan malah ngehina,2024-12-23 15:39:09,negatif,ceramah ngehina
putraputri,TikTok,biasa aja sih,2024-12-23 15:01:01,netral,aja sih
tasnim08,TikTok,"ceramahnya tetep dapet kok, relax aja guys",2024-12-23 15:39:48,positif,ceramah tetep dapet relax aja guys
kuncara59,TikTok,bisa2 jualan es teh jd insecure 😓,2024-12-23 15:48:00,negatif,jual es teh jd insecure
gharyanti,TikTok,ga tau mau bilang apa,2024-12-23 15:02:42,netral,ga tau bilang
kamilahasanah,TikTok,gus miftah harus minta maaf sih ini,2024-12-23 15:17:44,negatif,gus miftah maaf sih
prasetya24,TikTok,ga sopan bgt ngomong gitu,2024-12-23 15:45:10,negatif,ga sopan bgt ngomong gitu
gamanisihotang,TikTok,"ga lucu, malah nyakitin hati yg jualan",2024-12-23 15:06:36,negatif,ga lucu nyakitin hati yg jual
opung79,TikTok,"ceramahnya tetep dapet kok, relax aja guys",2024-12-23 15:24:29,positif,ceramah tetep dapet relax aja guys
qmansur,TikTok,"ga lucu, malah nyakitin hati yg jualan",2024-12-23 15:07:57,negatif,ga lucu nyakitin hati yg jual
gnashiruddin,TikTok,ga tau mau bilang apa,2024-12-23 15:46:26,netral,ga tau bilang
widiastutisetya,TikTok,"ceramahnya tetep dapet kok, relax aja guys",2024-12-23 15:23:50,positif,ceramah tetep dapet relax aja guys
lanang71,TikTok,masih netral aja sih gw liatnya,2024-12-23 15:00:26,netral,netral aja sih gw liat
hutasoitabyasa,TikTok,bisa2 jualan es teh jd insecure 😓,2024-12-23 15:52:02,negatif,jual es teh jd insecure
saragihzaenab,TikTok,waduh ini sih udah kelewat batas,2024-12-23 15:00:16,negatif,sih udah lewat batas
astutibalangga,TikTok,gue liat ini ya udah lah ya,2024-12-23 15:40:20,netral,gue liat ya udah ya
purwa37,TikTok,masih netral aja sih gw liatnya,2024-12-23 15:35:41,netral,netral aja sih gw liat
sabri65,TikTok,ga sopan bgt ngomong gitu,2024-12-23 15:39:09,negatif,ga sopan bgt ngomong gitu
rahayumayasari,TikTok,gue liat ini ya udah lah ya,2024-12-23 15:25:56,netral,gue liat ya udah ya
moktaviani,TikTok,ni gus emg ada aja kelakuannya 😂,2024-12-23 15:00:39,positif,ni gus emg aja laku
setiawanwira,TikTok,hmm no comment deh,2024-12-23 15:12:24,netral,hmm no comment deh
panca03,TikTok,hmm no comment deh,2024-12-23 15:01:49,netral,hmm no comment deh
bella96,TikTok,hmm no comment deh,2024-12-23 15:42:34,netral,hmm no comment deh
kenziehassanah,TikTok,hmm no comment deh,2024-12-23 15:12:17,netral,hmm no comment deh
sarahfarida,TikTok,"bener juga sih, kadang netizen terlalu baper",2024-12-23 15:05:44,positif,bener sih kadang netizen baper
zusada,TikTok,gue liat ini ya udah lah ya,2024-12-23 15:29:24,netral,gue liat ya udah ya
pangestuhandayani,TikTok,gue liat ini ya udah lah ya,2024-12-23 15:07:28,netral,gue liat ya udah ya
cprasetya,TikTok,biar agak keras tapi niatnya baik kok,2024-12-23 15:13:33,positif,biar keras niat
kenzielailasari,TikTok,ga tau mau bilang apa,2024-12-23 15:49:04,netral,ga tau bilang
tirtayasasitompul,TikTok,"ga lucu, malah nyakitin hati yg jualan",2024-12-23 15:46:24,negatif,ga lucu nyakitin hati yg jual
prakosa58,TikTok,ga tau mau bilang apa,2024-12-23 15:12:34,netral,ga tau bilang
olgawaskita,TikTok,gue liat ini ya udah lah ya,2024-12-23 15:28:58,netral,gue liat ya udah ya
asmianto66,TikTok,ga sopan bgt ngomong gitu,2024-12-23 15:32:32,negatif,ga sopan bgt ngomong gitu
iswahyudiluis,TikTok,biasa aja sih,2024-12-23 15:13:48,netral,aja sih
cprabowo,TikTok,"ga lucu, malah nyakitin hati yg jualan",2024-12-23 15:42:38,negatif,ga lucu nyakitin hati yg jual
apermadi,TikTok,hmm no comment deh,2024-12-23 15:22:49,netral,hmm no comment deh
marbunmursita,TikTok,gus miftah harus minta maaf sih ini,2024-12-23 15:49:15,negatif,gus miftah maaf sih
mmayasari,TikTok,gue liat ini ya udah lah ya,2024-12-23 15:13:11,netral,gue liat ya udah ya
icha86,TikTok,biasa aja sih,2024-12-23 15:05:03,netral,aja sih
estiawan57,TikTok,bisa2 jualan es teh jd insecure 😓,2024-12-23 15:50:37,negatif,jual es teh jd insecure
kuswandarifitriani,TikTok,bisa2 jualan es teh jd insecure 😓,2024-12-23 15:00:27,negatif,jual es teh jd insecure
pardi41,TikTok,ga sopan bgt ngomong gitu,2024-12-23 15:54:34,negatif,ga sopan bgt ngomong gitu
bhabibi,TikTok,ceramah apaan malah ngehina,2024-12-23 15:34:28,negatif,ceramah ngehina
legawa32,TikTok,hmm no comment deh,2024-12-23 15:19:05,netral,hmm no comment deh
wacanaumaya,TikTok,jujurly lucu banget sih ini 😭,2024-12-23 15:18:11,positif,jujurly lucu banget sih
pranawa47,TikTok,hmm no comment deh,2024-12-23 15:47:10,netral,hmm no comment deh
azalea28,TikTok,bisa2 jualan es teh jd insecure 😓,2024-12-23 15:00:33,negatif,jual es teh jd insecure
oardianto,TikTok,waduh ini sih udah kelewat batas,2024-12-23 15:29:18,negatif,sih udah lewat batas
safinauwais,TikTok,gw setuju sih ama omongannya gus,2024-12-23 15:52:11,positif,gw tuju sih ama omong gus
purwantidarijan,TikTok,jujurly lucu banget sih ini 😭,2024-12-23 15:20:15,positif,jujurly lucu banget sih
agus51,TikTok,"ga lucu, malah nyakitin hati yg jualan",2024-12-23 15:42:59,negatif,ga lucu nyakitin hati yg jual
rizkiusada,TikTok,tergantung yg nonton juga sih,2024-12-23 15:41:56,netral,gantung yg nonton sih
agustinamaya,TikTok,ga sopan bgt ngomong gitu,2024-12-23 15:58:03,negatif,ga sopan bgt ngomong gitu
nagustina,TikTok,ga tau mau bilang apa,2024-12-23 15:47:35,netral,ga tau bilang
teguhmarpaung,TikTok,masih netral aja sih gw liatnya,2024-12-23 15:38:24,netral,netral aja sih gw liat
jayengpranowo,TikTok,hmm no comment deh,2024-12-23 15:11:18,netral,hmm no comment deh
jumariuwais,TikTok,ga tau mau bilang apa,2024-12-23 15:21:43,netral,ga tau bilang
lanang05,TikTok,"bener juga sih, kadang netizen terlalu baper",2024-12-23 15:09:36,positif,bener sih kadang netizen baper
yuninainggolan,TikTok,gue liat ini ya udah lah ya,2024-12-23 15:26:19,netral,gue liat ya udah ya
ira87,TikTok,ni gus emg ada aja kelakuannya 😂,2024-12-23 15:40:57,positif,ni gus emg aja laku
keisha22,TikTok,gue liat ini ya udah lah ya,2024-12-23 15:29:58,netral,gue liat ya udah ya
cakrabirawairawan,TikTok,masih netral aja sih gw liatnya,2024-12-23 15:01:31,netral,netral aja sih gw liat
cakrawangsawahyudin,TikTok,hmm no comment deh,2024-12-23 15:14:36,netral,hmm no comment deh
aryanibahuwirya,TikTok,hmm no comment deh,2024-12-23 15:32:47,netral,hmm no comment deh
susantiirnanto,TikTok,bisa2 jualan es teh jd insecure 😓,2024-12-23 15:31:57,negatif,jual es teh jd insecure
tampubolonharsana,TikTok,biasa aja sih,2024-12-23 15:12:54,netral,aja sih
makutalailasari,TikTok,ni gus emg ada aja kelakuannya 😂,2024-12-23 15:11:18,positif,ni gus emg aja laku
gamani48,TikTok,ceramah apaan malah ngehina,2024-12-23 15:41:19,negatif,ceramah ngehina
cemetinasyiah,TikTok,"ga lucu, malah nyakitin hati yg jualan",2024-12-23 15:21:20,negatif,ga lucu nyakitin hati yg jual
purwantikariman,TikTok,biasa aja sih,2024-12-23 15:46:23,netral,aja sih
titihastuti,TikTok,bisa2 jualan es teh jd insecure 😓,2024-12-23 15:25:37,negatif,jual es teh jd insecure
unjanilatupono,TikTok,gw setuju sih ama omongannya gus,2024-12-23 15:16:06,positif,gw tuju sih ama omong gus
qhassanah,TikTok,ceramah apaan malah ngehina,2024-12-23 15:05:34,negatif,ceramah ngehina
baktiono09,TikTok,ga tau mau bilang apa,2024-12-23 15:12:43,netral,ga tau bilang
tedisetiawan,TikTok,ni gus emg ada aja kelakuannya 😂,2024-12-23 15:24:09,positif,ni gus emg aja laku
hardiansyahkania,TikTok,"ga lucu, malah nyakitin hati yg jualan",2024-12-23 15:03:35,negatif,ga lucu nyakitin hati yg jual
ksaputra,TikTok,biar agak keras tapi niatnya baik kok,2024-12-23 15:34:20,positif,biar keras niat
empluksalahudin,TikTok,bisa2 jualan es teh jd insecure 😓,2024-12-23 15:02:19,negatif,jual es teh jd insecure
salimahwulandari,TikTok,ga sopan bgt ngomong gitu,2024-12-23 15:33:12,negatif,ga sopan bgt ngomong gitu
nabilaharyanti,TikTok,"ga lucu, malah nyakitin hati yg jualan",2024-12-23 15:58:58,negatif,ga lucu nyakitin hati yg jual
megantaralalita,TikTok,ga sopan bgt ngomong gitu,2024-12-23 15:40:45,negatif,ga sopan bgt ngomong gitu
purwantiliman,TikTok,biasa aja sih,2024-12-23 15:38:59,netral,aja sih
susantiputri,TikTok,ga sopan bgt ngomong gitu,2024-12-23 15:09:10,negatif,ga sopan bgt ngomong gitu
jailaniazalea,TikTok,jujurly lucu banget sih ini 😭,2024-12-23 15:49:38,positif,jujurly lucu banget sih
jelita69,TikTok,jujurly lucu banget sih ini 😭,2024-12-23 15:19:37,positif,jujurly lucu banget sih
suryatmiiriana,TikTok,ni gus emg ada aja kelakuannya 😂,2024-12-23 15:59:48,positif,ni gus emg aja laku
jharyanti,TikTok,ga tau mau bilang apa,2024-12-23 15:04:22,netral,ga tau bilang
najamrahimah,TikTok,"ga lucu, malah nyakitin hati yg jualan",2024-12-23 15:00:29,negatif,ga lucu nyakitin hati yg jual
sihotangheryanto,TikTok,gue liat ini ya udah lah ya,2024-12-23 15:49:13,netral,gue liat ya udah ya
rajasajono,TikTok,jujurly lucu banget sih ini 😭,2024-12-23 15:37:05,positif,jujurly lucu banget sih
znasyiah,TikTok,waduh ini sih udah kelewat batas,2024-12-23 15:04:29,negatif,sih udah lewat batas
cakrajiyaadriansyah,TikTok,biasa aja sih,2024-12-23 15:02:08,netral,aja sih
iriana22,TikTok,biar agak keras tapi niatnya baik kok,2024-12-23 15:28:56,positif,biar keras niat
vhastuti,TikTok,waduh ini sih udah kelewat batas,2024-12-23 15:30:22,negatif,sih udah lewat batas
prabowogandewa,TikTok,tergantung yg nonton juga sih,2024-12-23 15:40:21,netral,gantung yg nonton sih
ymaryadi,TikTok,ni gus emg ada aja kelakuannya 😂,2024-12-23 15:03:53,positif,ni gus emg aja laku
dalimawahyudin,TikTok,jujurly lucu banget sih ini 😭,2024-12-23 15:00:22,positif,jujurly lucu banget sih
galang81,TikTok,"ceramahnya tetep dapet kok, relax aja guys",2024-12-23 15:03:23,positif,ceramah tetep dapet relax aja guys
jamaliafirmansyah,TikTok,hmm no comment deh,2024-12-23 15:39:22,netral,hmm no comment deh
putri02,TikTok,ga tau mau bilang apa,2024-12-23 15:42:38,netral,ga tau bilang
oktorajata,TikTok,gue liat ini ya udah lah ya,2024-12-23 15:42:44,netral,gue liat ya udah ya
digdayakusmawati,TikTok,masih netral aja sih gw liatnya,2024-12-23 15:16:32,netral,netral aja sih gw liat
prastutiasman,TikTok,ni gus emg ada aja kelakuannya 😂,2024-12-23 15:30:07,positif,ni gus emg aja laku
anggriawandevi,TikTok,bisa2 jualan es teh jd insecure 😓,2024-12-23 15:32:02,negatif,jual es teh jd insecure
uyainahjanet,TikTok,masih netral aja sih gw liatnya,2024-12-23 15:49:45,netral,netral aja sih gw liat
mahendracatur,TikTok,ceramah apaan malah ngehina,2024-12-23 15:06:37,negatif,ceramah ngehina
parman90,TikTok,gw setuju sih ama omongannya gus,2024-12-23 15:51:09,positif,gw tuju sih ama omong gus
tasnim87,TikTok,masih netral aja sih gw liatnya,2024-12-23 15:23:41,netral,netral aja sih gw liat
vnababan,TikTok,ga sopan bgt ngomong gitu,2024-12-23 15:25:59,negatif,ga sopan bgt ngomong gitu
oskar82,TikTok,"ceramahnya tetep dapet kok, relax aja guys",2024-12-23 15:31:41,positif,ceramah tetep dapet relax aja guys
harimurti41,TikTok,ni gus emg ada aja kelakuannya 😂,2024-12-23 15:05:14,positif,ni gus emg aja laku
qoktaviani,TikTok,hmm no comment deh,2024-12-23 15:35:58,netral,hmm no comment deh
bakidinprasetya,TikTok,ni gus emg ada aja kelakuannya 😂,2024-12-23 15:33:25,positif,ni gus emg aja laku
wirdatarihoran,TikTok,gus miftah harus minta maaf sih ini,2024-12-23 15:37:51,negatif,gus miftah maaf sih
kawacafujiati,TikTok,"ga lucu, malah nyakitin hati yg jualan",2024-12-23 15:21:08,negatif,ga lucu nyakitin hati yg jual
gangsahastuti,TikTok,biar agak keras tapi niatnya baik kok,2024-12-23 15:22:25,positif,biar keras niat
amelialestari,TikTok,masih netral aja sih gw liatnya,2024-12-23 15:00:18,netral,netral aja sih gw liat
luisjailani,TikTok,tergantung yg nonton juga sih,2024-12-23 15:21:52,netral,gantung yg nonton sih
ipadmasari,TikTok,"ceramahnya tetep dapet kok, relax aja guys",2024-12-23 15:29:41,positif,ceramah tetep dapet relax aja guys
fhartati,TikTok,gw setuju sih ama omongannya gus,2024-12-23 15:54:25,positif,gw tuju sih ama omong gus
mnamaga,TikTok,gue liat ini ya udah lah ya,2024-12-23 15:55:26,netral,gue liat ya udah ya
balapati79,TikTok,masih netral aja sih gw liatnya,2024-12-23 15:14:54,netral,netral aja sih gw liat
anastasiapradipta,TikTok,"bener juga sih, kadang netizen terlalu baper",2024-12-23 15:26:15,positif,bener sih kadang netizen baper
prasetyahamzah,TikTok,"bener juga sih, kadang netizen terlalu baper",2024-12-23 15:20:14,positif,bener sih kadang netizen baper
ajimatmandala,TikTok,gue liat ini ya udah lah ya,2024-12-23 15:03:01,netral,gue liat ya udah ya
mustika25,TikTok,biar agak keras tapi niatnya baik kok,2024-12-23 15:14:12,positif,biar keras niat
cakrabuananashiruddin,TikTok,"ceramahnya tetep dapet kok, relax aja guys",2024-12-23 15:29:48,positif,ceramah tetep dapet relax aja guys
sakti03,TikTok,jujurly lucu banget sih ini 😭,2024-12-23 15:12:03,positif,jujurly lucu banget sih
erikwinarno,TikTok,gw setuju sih ama omongannya gus,2024-12-23 15:34:01,positif,gw tuju sih ama omong gus
haryantisuci,TikTok,gus miftah harus minta maaf sih ini,2024-12-23 15:55:43,negatif,gus miftah maaf sih
puspasariharjo,TikTok,ga tau mau bilang apa,2024-12-23 15:53:25,netral,ga tau bilang
najwa03,TikTok,biar agak keras tapi niatnya baik kok,2024-12-23 15:56:22,positif,biar keras niat
pertiwibanawa,TikTok,ga sopan bgt ngomong gitu,2024-12-23 15:14:07,negatif,ga sopan bgt ngomong gitu
tsiregar,TikTok,bisa2 jualan es teh jd insecure 😓,2024-12-23 15:10:43,negatif,jual es teh jd insecure
oskar47,TikTok,masih netral aja sih gw liatnya,2024-12-23 15:09:55,netral,netral aja sih gw liat
usyi91,TikTok,biar agak keras tapi niatnya baik kok,2024-12-23 15:18:05,positif,biar keras niat
pwidiastuti,TikTok,gus miftah harus minta maaf sih ini,2024-12-23 15:43:25,negatif,gus miftah maaf sih
cakrawangsawasita,TikTok,"ceramahnya tetep dapet kok, relax aja guys",2024-12-23 15:40:37,positif,ceramah tetep dapet relax aja guys
asmuni92,TikTok,waduh ini sih udah kelewat batas,2024-12-23 15:58:12,negatif,sih udah lewat batas
rjanuar,TikTok,waduh ini sih udah kelewat batas,2024-12-23 15:41:01,negatif,sih udah lewat batas
cahyonobudiman,TikTok,ceramah apaan malah ngehina,2024-12-23 15:13:42,negatif,ceramah ngehina
vero06,TikTok,biar agak keras tapi niatnya baik kok,2024-12-23 15:38:29,positif,biar keras niat
langgriawan,TikTok,"ceramahnya tetep dapet kok, relax aja guys",2024-12-23 15:37:32,positif,ceramah tetep dapet relax aja guys
galarwaluyo,TikTok,biasa aja sih,2024-12-23 15:53:38,netral,aja sih
catursaefullah,TikTok,biasa aja sih,2024-12-23 15:49:24,netral,aja sih
vanesa32,TikTok,ceramah apaan malah ngehina,2024-12-23 15:03:07,negatif,ceramah ngehina
simboloncitra,TikTok,ga sopan bgt ngomong gitu,2024-12-23 15:35:23,negatif,ga sopan bgt ngomong gitu
mahendramaryadi,TikTok,biar agak keras tapi niatnya baik kok,2024-12-23 15:41:36,positif,biar keras niat
zkusmawati,TikTok,"ceramahnya tetep dapet kok, relax aja guys",2024-12-23 15:14:34,positif,ceramah tetep dapet relax aja guys
yolandalutfan,TikTok,bisa2 jualan es teh jd insecure 😓,2024-12-23 15:41:26,negatif,jual es teh jd insecure
saefullahvera,TikTok,jujurly lucu banget sih ini 😭,2024-12-23 15:18:09,positif,jujurly lucu banget sih
adinatanainggolan,TikTok,masih netral aja sih gw liatnya,2024-12-23 15:00:09,netral,netral aja sih gw liat
darunanuraini,TikTok,jujurly lucu banget sih ini 😭,2024-12-23 15:11:16,positif,jujurly lucu banget sih
lhidayat,TikTok,masih netral aja sih gw liatnya,2024-12-23 15:35:26,netral,netral aja sih gw liat
puji25,TikTok,ni gus emg ada aja kelakuannya 😂,2024-12-23 15:04:20,positif,ni gus emg aja laku
kardianto,TikTok,jujurly lucu banget sih ini 😭,2024-12-23 15:11:19,positif,jujurly lucu banget sih
aisyah14,TikTok,ni gus emg ada aja kelakuannya 😂,2024-12-23 15:29:08,positif,ni gus emg aja laku
simbolonbagya,TikTok,jujurly lucu banget sih ini 😭,2024-12-23 15:03:59,positif,jujurly lucu banget sih
rahimahmariadi,TikTok,"bener juga sih, kadang netizen terlalu baper",2024-12-23 15:12:23,positif,bener sih kadang netizen baper
ssitorus,TikTok,jujurly lucu banget sih ini 😭,2024-12-23 15:52:30,positif,jujurly lucu banget sih
mwastuti,TikTok,masih netral aja sih gw liatnya,2024-12-23 15:59:43,netral,netral aja sih gw liat
yyulianti,TikTok,jujurly lucu banget sih ini 😭,2024-12-23 15:44:19,positif,jujurly lucu banget sih
qtamba,TikTok,ga tau mau bilang apa,2024-12-23 15:26:52,netral,ga tau bilang
haryantocayadi,TikTok,hmm no comment deh,2024-12-23 15:11:54,netral,hmm no comment deh
paris81,TikTok,"bener juga sih, kadang netizen terlalu baper",2024-12-23 15:43:34,positif,bener sih kadang netizen baper
karyadongoran,TikTok,gw setuju sih ama omongannya gus,2024-12-23 15:44:28,positif,gw tuju sih ama omong gus
gantar60,TikTok,ceramah apaan malah ngehina,2024-12-23 15:47:42,negatif,ceramah ngehina
prasetyopertiwi,TikTok,gue liat ini ya udah lah ya,2024-12-23 15:30:23,netral,gue liat ya udah ya
bahuraksa08,TikTok,ceramah apaan malah ngehina,2024-12-23 15:52:37,negatif,ceramah ngehina
karyausada,TikTok,biar agak keras tapi niatnya baik kok,2024-12-23 15:27:53,positif,biar keras niat
yusuf72,TikTok,"bener juga sih, kadang netizen terlalu baper",2024-12-23 15:20:46,positif,bener sih kadang netizen baper
johanpudjiastuti,TikTok,masih netral aja sih gw liatnya,2024-12-23 15:36:28,netral,netral aja sih gw liat
raina86,TikTok,gue liat ini ya udah lah ya,2024-12-23 15:11:49,netral,gue liat ya udah ya
dianawahyuni,TikTok,masih netral aja sih gw liatnya,2024-12-23 15:41:43,netral,netral aja sih gw liat
damunugroho,TikTok,"bener juga sih, kadang netizen terlalu baper",2024-12-23 15:12:53,positif,bener sih kadang netizen baper
kemaljanuar,TikTok,gue liat ini ya udah lah ya,2024-12-23 15:19:12,netral,gue liat ya udah ya
lalitaastuti,TikTok,"ga lucu, malah nyakitin hati yg jualan",2024-12-23 15:54:06,negatif,ga lucu nyakitin hati yg jual
darijan90,TikTok,hmm no comment deh,2024-12-23 15:12:38,netral,hmm no comment deh
septi06,TikTok,ni gus emg ada aja kelakuannya 😂,2024-12-23 15:11:12,positif,ni gus emg aja laku
zelayapurwanti,TikTok,jujurly lucu banget sih ini 😭,2024-12-23 15:19:25,positif,jujurly lucu banget sih
paiman17,TikTok,"ga lucu, malah nyakitin hati yg jualan",2024-12-23 15:07:43,negatif,ga lucu nyakitin hati yg jual
pertiwiwulan,TikTok,"ga lucu, malah nyakitin hati yg jualan",2024-12-23 15:13:45,negatif,ga lucu nyakitin hati yg jual
gwijaya,TikTok,biasa aja sih,2024-12-23 15:56:52,netral,aja sih
harjo52,TikTok,tergantung yg nonton juga sih,2024-12-23 15:59:00,netral,gantung yg nonton sih
laswiwulandari,TikTok,biasa aja sih,2024-12-23 15:29:54,netral,aja sih
saptonopranata,TikTok,bisa2 jualan es teh jd insecure 😓,2024-12-23 15:57:56,negatif,jual es teh jd insecure
pradanaembuh,TikTok,ni gus emg ada aja kelakuannya 😂,2024-12-23 15:43:12,positif,ni gus emg aja laku
uwasita,TikTok,waduh ini sih udah kelewat batas,2024-12-23 15:49:26,negatif,sih udah lewat batas
lmanullang,TikTok,tergantung yg nonton juga sih,2024-12-23 15:28:21,netral,gantung yg nonton sih
waluyodian,TikTok,"ceramahnya tetep dapet kok, relax aja guys",2024-12-23 15:05:00,positif,ceramah tetep dapet relax aja guys
ogunawan,TikTok,bisa2 jualan es teh jd insecure 😓,2024-12-23 15:34:06,negatif,jual es teh jd insecure
kaniwibowo,TikTok,jujurly lucu banget sih ini 😭,2024-12-23 15:16:32,positif,jujurly lucu banget sih
halimbakiman,TikTok,waduh ini sih udah kelewat batas,2024-12-23 15:44:50,negatif,sih udah lewat batas
irmaadriansyah,TikTok,ni gus emg ada aja kelakuannya 😂,2024-12-23 15:35:16,positif,ni gus emg aja laku
himawanpratiwi,TikTok,gue liat ini ya udah lah ya,2024-12-23 15:52:23,netral,gue liat ya udah ya
suartinibetania,TikTok,biar agak keras tapi niatnya baik kok,2024-12-23 15:14:01,positif,biar keras niat
safitriemas,TikTok,ga sopan bgt ngomong gitu,2024-12-23 15:34:15,negatif,ga sopan bgt ngomong gitu
uprasasta,TikTok,ga sopan bgt ngomong gitu,2024-12-23 15:53:25,negatif,ga sopan bgt ngomong gitu
violetzulkarnain,TikTok,gw setuju sih ama omongannya gus,2024-12-23 15:59:42,positif,gw tuju sih ama omong gus
rahmanhartati,TikTok,hmm no comment deh,2024-12-23 15:46:11,netral,hmm no comment deh
yunitabudiman,TikTok,"bener juga sih, kadang netizen terlalu baper",2024-12-23 15:32:48,positif,bener sih kadang netizen baper
piarajata,TikTok,ga tau mau bilang apa,2024-12-23 15:42:21,netral,ga tau bilang
hassanahaurora,TikTok,"bener juga sih, kadang netizen terlalu baper",2024-12-23 15:12:50,positif,bener sih kadang netizen baper
nasyidahatma,TikTok,masih netral aja sih gw liatnya,2024-12-23 15:04:08,netral,netral aja sih gw liat
unggulsamosir,TikTok,"bener juga sih, kadang netizen terlalu baper",2024-12-23 15:01:22,positif,bener sih kadang netizen baper
lestaricakrabirawa,TikTok,ceramah apaan malah ngehina,2024-12-23 15:28:05,negatif,ceramah ngehina
hardana33,TikTok,ga tau mau bilang apa,2024-12-23 15:03:44,netral,ga tau bilang
ysaptono,TikTok,biar agak keras tapi niatnya baik kok,2024-12-23 15:58:20,positif,biar keras niat
dimazpermata,TikTok,ceramah apaan malah ngehina,2024-12-23 15:58:46,negatif,ceramah ngehina
gambirawibisono,TikTok,hmm no comment deh,2024-12-23 15:32:34,netral,hmm no comment deh
hastutikenzie,TikTok,bisa2 jualan es teh jd insecure 😓,2024-12-23 15:44:39,negatif,jual es teh jd insecure
cyuliarti,TikTok,hmm no comment deh,2024-12-23 15:12:59,netral,hmm no comment deh
jagustina,TikTok,gue liat ini ya udah lah ya,2024-12-23 15:36:58,netral,gue liat ya udah ya
npranowo,TikTok,ceramah apaan malah ngehina,2024-12-23 15:39:17,negatif,ceramah ngehina
arta42,TikTok,waduh ini sih udah kelewat batas,2024-12-23 15:17:32,negatif,sih udah lewat batas
suwarnonasrullah,TikTok,tergantung yg nonton juga sih,2024-12-23 15:14:34,netral,gantung yg nonton sih
kamal08,TikTok,bisa2 jualan es teh jd insecure 😓,2024-12-23 15:30:10,negatif,jual es teh jd insecure
friyanti,TikTok,tergantung yg nonton juga sih,2024-12-23 15:44:40,netral,gantung yg nonton sih
ifa19,TikTok,gw setuju sih ama omongannya gus,2024-12-23 15:21:59,positif,gw tuju sih ama omong gus
syahrinianggriawan,TikTok,bisa2 jualan es teh jd insecure 😓,2024-12-23 15:16:23,negatif,jual es teh jd insecure
rsitumorang,TikTok,ga tau mau bilang apa,2024-12-23 15:53:41,netral,ga tau bilang
usadagambira,TikTok,bisa2 jualan es teh jd insecure 😓,2024-12-23 15:36:26,negatif,jual es teh jd insecure
rprayoga,TikTok,"ceramahnya tetep dapet kok, relax aja guys",2024-12-23 15:14:47,positif,ceramah tetep dapet relax aja guys
wahyudintari,TikTok,biasa aja sih,2024-12-23 15:10:11,netral,aja sih
hassanahjanet,TikTok,biar agak keras tapi niatnya baik kok,2024-12-23 15:01:22,positif,biar keras niat
betaniayuliarti,TikTok,gw setuju sih ama omongannya gus,2024-12-23 15:44:19,positif,gw tuju sih ama omong gus
ohardiansyah,TikTok,gue liat ini ya udah lah ya,2024-12-23 15:19:15,netral,gue liat ya udah ya
wasitaikhsan,TikTok,tergantung yg nonton juga sih,2024-12-23 15:31:12,netral,gantung yg nonton sih
ajimanusamah,TikTok,ga sopan bgt ngomong gitu,2024-12-23 15:50:57,negatif,ga sopan bgt ngomong gitu
kairav66,TikTok,gw setuju sih ama omongannya gus,2024-12-23 15:35:25,positif,gw tuju sih ama omong gus
tarihorandarmana,TikTok,biasa aja sih,2024-12-23 15:14:57,netral,aja sih
irma40,TikTok,gue liat ini ya udah lah ya,2024-12-23 15:30:39,netral,gue liat ya udah ya
danuja01,TikTok,tergantung yg nonton juga sih,2024-12-23 15:00:19,netral,gantung yg nonton sih
kenari69,TikTok,biar agak keras tapi niatnya baik kok,2024-12-23 15:11:24,positif,biar keras niat
maulanaprayitna,TikTok,biar agak keras tapi niatnya baik kok,2024-12-23 15:30:43,positif,biar keras niat
zizi91,TikTok,"ceramahnya tetep dapet kok, relax aja guys",2024-12-23 15:23:55,positif,ceramah tetep dapet relax aja guys
balapati48,TikTok,"ga lucu, malah nyakitin hati yg jualan",2024-12-23 15:18:21,negatif,ga lucu nyakitin hati yg jual
rusmanadriansyah,TikTok,waduh ini sih udah kelewat batas,2024-12-23 15:21:17,negatif,sih udah lewat batas
spradipta,TikTok,waduh ini sih udah kelewat batas,2024-12-23 15:45:34,negatif,sih udah lewat batas
yuliantirini,TikTok,gue liat ini ya udah lah ya,2024-12-23 15:03:14,netral,gue liat ya udah ya
hartatigarang,TikTok,waduh ini sih udah kelewat batas,2024-12-23 15:09:56,negatif,sih udah lewat batas
cengkir19,TikTok,biasa aja sih,2024-12-23 15:59:28,netral,aja sih
tmaryati,TikTok,ni gus emg ada aja kelakuannya 😂,2024-12-23 15:51:30,positif,ni gus emg aja laku
rudiastuti,TikTok,bisa2 jualan es teh jd insecure 😓,2024-12-23 15:16:01,negatif,jual es teh jd insecure
unjanihutapea,TikTok,jujurly lucu banget sih ini 😭,2024-12-23 15:48:02,positif,jujurly lucu banget sih
ysaefullah,TikTok,waduh ini sih udah kelewat batas,2024-12-23 15:46:10,negatif,sih udah lewat batas
kiandrasalahudin,TikTok,ga sopan bgt ngomong gitu,2024-12-23 15:00:41,negatif,ga sopan bgt ngomong gitu
narpatinasab,TikTok,"ga lucu, malah nyakitin hati yg jualan",2024-12-23 15:06:34,negatif,ga lucu nyakitin hati yg jual
jarwadiandriani,TikTok,ni gus emg ada aja kelakuannya 😂,2024-12-23 15:41:29,positif,ni gus emg aja laku
jrahmawati,TikTok,waduh ini sih udah kelewat batas,2024-12-23 15:15:18,negatif,sih udah lewat batas
padmasarinyana,TikTok,gue liat ini ya udah lah ya,2024-12-23 15:05:54,netral,gue liat ya udah ya
yagustina,TikTok,"bener juga sih, kadang netizen terlalu baper",2024-12-23 15:45:50,positif,bener sih kadang netizen baper
uwidiastuti,TikTok,"bener juga sih, kadang netizen terlalu baper",2024-12-23 15:31:37,positif,bener sih kadang netizen baper
mursinin70,TikTok,gue liat ini ya udah lah ya,2024-12-23 15:21:43,netral,gue liat ya udah ya
msimbolon,TikTok,biasa aja sih,2024-12-23 15:14:06,netral,aja sih
darman79,TikTok,gus miftah harus minta maaf sih ini,2024-12-23 15:23:40,negatif,gus miftah maaf sih
lintanghutasoit,TikTok,tergantung yg nonton juga sih,2024-12-23 15:03:29,netral,gantung yg nonton sih
nilam57,TikTok,tergantung yg nonton juga sih,2024-12-23 15:32:54,netral,gantung yg nonton sih
garan62,TikTok,gw setuju sih ama omongannya gus,2024-12-23 15:44:35,positif,gw tuju sih ama omong gus
klazuardi,TikTok,biar agak keras tapi niatnya baik kok,2024-12-23 15:02:09,positif,biar keras niat
ganggriawan,TikTok,biasa aja sih,2024-12-23 15:39:00,netral,aja sih
kmaryadi,TikTok,tergantung yg nonton juga sih,2024-12-23 15:55:26,netral,gantung yg nonton sih
latupononilam,TikTok,gw setuju sih ama omongannya gus,2024-12-23 15:33:02,positif,gw tuju sih ama omong gus
kamariapratama,TikTok,"bener juga sih, kadang netizen terlalu baper",2024-12-23 15:42:00,positif,bener sih kadang netizen baper
olailasari,TikTok,ceramah apaan malah ngehina,2024-12-23 15:16:12,negatif,ceramah ngehina
napitupulugaluh,TikTok,"ga lucu, malah nyakitin hati yg jualan",2024-12-23 15:44:58,negatif,ga lucu nyakitin hati yg jual
jumari91,TikTok,jujurly lucu banget sih ini 😭,2024-12-23 15:38:07,positif,jujurly lucu banget sih
halimwaskita,TikTok,biasa aja sih,2024-12-23 15:18:19,netral,aja sih
usyi09,TikTok,jujurly lucu banget sih ini 😭,2024-12-23 15:55:45,positif,jujurly lucu banget sih
mansurlatif,TikTok,ga tau mau bilang apa,2024-12-23 15:03:58,netral,ga tau bilang
riyantiestiawan,TikTok,biasa aja sih,2024-12-23 15:37:15,netral,aja sih
situmorangjaiman,TikTok,bisa2 jualan es teh jd insecure 😓,2024-12-23 15:29:46,negatif,jual es teh jd insecure
manullangkasiyah,TikTok,"ga lucu, malah nyakitin hati yg jualan",2024-12-23 15:55:24,negatif,ga lucu nyakitin hati yg jual
wibisonohilda,TikTok,ga tau mau bilang apa,2024-12-23 15:55:35,netral,ga tau bilang
samosirmahfud,TikTok,ga sopan bgt ngomong gitu,2024-12-23 15:58:28,negatif,ga sopan bgt ngomong gitu
adongoran,TikTok,ceramah apaan malah ngehina,2024-12-23 15:27:15,negatif,ceramah ngehina
qpratama,TikTok,biasa aja sih,2024-12-23 15:24:39,netral,aja sih
maryantomaryadi,TikTok,biasa aja sih,2024-12-23 15:41:58,netral,aja sih
anggrainipardi,TikTok,tergantung yg nonton juga sih,2024-12-23 15:58:57,netral,gantung yg nonton sih
mandasariprabowo,TikTok,tergantung yg nonton juga sih,2024-12-23 15:57:04,netral,gantung yg nonton sih
kmahendra,TikTok,"ceramahnya tetep dapet kok, relax aja guys",2024-12-23 15:19:15,positif,ceramah tetep dapet relax aja guys
lpradipta,TikTok,tergantung yg nonton juga sih,2024-12-23 15:54:09,netral,gantung yg nonton sih
fitrianisuryatmi,TikTok,ga tau mau bilang apa,2024-12-23 15:41:54,netral,ga tau bilang
lsihombing,TikTok,biasa aja sih,2024-12-23 15:27:42,netral,aja sih
kariman60,TikTok,waduh ini sih udah kelewat batas,2024-12-23 15:03:22,negatif,sih udah lewat batas
agusnarpati,TikTok,bisa2 jualan es teh jd insecure 😓,2024-12-23 15:52:24,negatif,jual es teh jd insecure
anom53,TikTok,gus miftah harus minta maaf sih ini,2024-12-23 15:17:39,negatif,gus miftah maaf sih
raharjamaulana,TikTok,ceramah apaan malah ngehina,2024-12-23 15:49:03,negatif,ceramah ngehina
anomsitompul,TikTok,"ceramahnya tetep dapet kok, relax aja guys",2024-12-23 15:26:50,positif,ceramah tetep dapet relax aja guys
caturangga87,TikTok,biasa aja sih,2024-12-23 15:07:31,netral,aja sih
cakrabuana04,TikTok,jujurly lucu banget sih ini 😭,2024-12-23 15:05:40,positif,jujurly lucu banget sih
alambanarahmawati,TikTok,"ceramahnya tetep dapet kok, relax aja guys",2024-12-23 15:46:07,positif,ceramah tetep dapet relax aja guys
owibisono,TikTok,gus miftah harus minta maaf sih ini,2024-12-23 15:39:22,negatif,gus miftah maaf sih
wthamrin,TikTok,jujurly lucu banget sih ini 😭,2024-12-23 15:45:01,positif,jujurly lucu banget sih
awacana,TikTok,hmm no comment deh,2024-12-23 15:53:08,netral,hmm no comment deh
permadimakuta,TikTok,hmm no comment deh,2024-12-23 15:58:33,netral,hmm no comment deh
rajasakalim,TikTok,gw setuju sih ama omongannya gus,2024-12-23 15:13:06,positif,gw tuju sih ama omong gus
hendriuyainah,TikTok,"ga lucu, malah nyakitin hati yg jualan",2024-12-23 15:39:38,negatif,ga lucu nyakitin hati yg jual
nadinewulandari,TikTok,tergantung yg nonton juga sih,2024-12-23 15:38:03,netral,gantung yg nonton sih
bakdamaheswara,TikTok,"ceramahnya tetep dapet kok, relax aja guys",2024-12-23 15:16:50,positif,ceramah tetep dapet relax aja guys
gandinashiruddin,TikTok,gw setuju sih ama omongannya gus,2024-12-23 15:57:50,positif,gw tuju sih ama omong gus
danang25,TikTok,ga sopan bgt ngomong gitu,2024-12-23 15:25:39,negatif,ga sopan bgt ngomong gitu
hutasoitsalwa,TikTok,"bener juga sih, kadang netizen terlalu baper",2024-12-23 15:25:07,positif,bener sih kadang netizen baper
gamblang23,TikTok,jujurly lucu banget sih ini 😭,2024-12-23 15:40:12,positif,jujurly lucu banget sih
usitumorang,TikTok,"bener juga sih, kadang netizen terlalu baper",2024-12-23 15:27:47,positif,bener sih kadang netizen baper
radika11,TikTok,tergantung yg nonton juga sih,2024-12-23 15:43:33,netral,gantung yg nonton sih
radit18,TikTok,bisa2 jualan es teh jd insecure 😓,2024-12-23 15:32:24,negatif,jual es teh jd insecure
slamet27,TikTok,biasa aja sih,2024-12-23 15:18:11,netral,aja sih
tpangestu,TikTok,gw setuju sih ama omongannya gus,2024-12-23 15:37:12,positif,gw tuju sih ama omong gus
raharjamanullang,TikTok,bisa2 jualan es teh jd insecure 😓,2024-12-23 15:47:18,negatif,jual es teh jd insecure
waluyosaadat,TikTok,ni gus emg ada aja kelakuannya 😂,2024-12-23 15:06:25,positif,ni gus emg aja laku
hutagalungdadap,TikTok,"ga lucu, malah nyakitin hati yg jualan",2024-12-23 15:13:35,negatif,ga lucu nyakitin hati yg jual
xkuswandari,TikTok,gw setuju sih ama omongannya gus,2024-12-23 15:39:01,positif,gw tuju sih ama omong gus
ysitumorang,TikTok,bisa2 jualan es teh jd insecure 😓,2024-12-23 15:16:12,negatif,jual es teh jd insecure
puspitaluis,TikTok,"bener juga sih, kadang netizen terlalu baper",2024-12-23 15:30:46,positif,bener sih kadang netizen baper
langgeng84,TikTok,"ceramahnya tetep dapet kok, relax aja guys",2024-12-23 15:27:32,positif,ceramah tetep dapet relax aja guys
caket78,TikTok,biar agak keras tapi niatnya baik kok,2024-12-23 15:13:32,positif,biar keras niat
kwacana,TikTok,bisa2 jualan es teh jd insecure 😓,2024-12-23 15:13:09,negatif,jual es teh jd insecure
intanhariyah,TikTok,"ga lucu, malah nyakitin hati yg jualan",2024-12-23 15:16:15,negatif,ga lucu nyakitin hati yg jual
knajmudin,TikTok,waduh ini sih udah kelewat batas,2024-12-23 15:00:20,negatif,sih udah lewat batas
zsihombing,TikTok,ga sopan bgt ngomong gitu,2024-12-23 15:06:50,negatif,ga sopan bgt ngomong gitu
kmayasari,TikTok,gw setuju sih ama omongannya gus,2024-12-23 15:13:23,positif,gw tuju sih ama omong gus
mardhiyahgamblang,TikTok,"ceramahnya tetep dapet kok, relax aja guys",2024-12-23 15:53:27,positif,ceramah tetep dapet relax aja guys
xwinarsih,TikTok,ga tau mau bilang apa,2024-12-23 15:02:03,netral,ga tau bilang
adepangestu,TikTok,bisa2 jualan es teh jd insecure 😓,2024-12-23 15:11:28,negatif,jual es teh jd insecure
dmanullang,TikTok,tergantung yg nonton juga sih,2024-12-23 15:21:18,netral,gantung yg nonton sih
pthamrin,TikTok,"ga lucu, malah nyakitin hati yg jualan",2024-12-23 15:10:25,negatif,ga lucu nyakitin hati yg jual
waluyo19,TikTok,jujurly lucu banget sih ini 😭,2024-12-23 15:16:21,positif,jujurly lucu banget sih
utamiwarsa,TikTok,ga tau mau bilang apa,2024-12-23 15:03:59,netral,ga tau bilang
januarsari,TikTok,ni gus emg ada aja kelakuannya 😂,2024-12-23 15:33:17,positif,ni gus emg aja laku
kariman96,TikTok,"ga lucu, malah nyakitin hati yg jualan",2024-12-23 15:07:30,negatif,ga lucu nyakitin hati yg jual
farah73,TikTok,gus miftah harus minta maaf sih ini,2024-12-23 15:34:52,negatif,gus miftah maaf sih
wasishandayani,TikTok,bisa2 jualan es teh jd insecure 😓,2024-12-23 15:31:52,negatif,jual es teh jd insecure
suwarnoolivia,TikTok,ni gus emg ada aja kelakuannya 😂,2024-12-23 15:52:40,positif,ni gus emg aja laku
suryonolili,TikTok,biar agak keras tapi niatnya baik kok,2024-12-23 15:58:41,positif,biar keras niat
zulfamardhiyah,TikTok,ga tau mau bilang apa,2024-12-23 15:28:02,netral,ga tau bilang
lazuardinugraha,TikTok,ga sopan bgt ngomong gitu,2024-12-23 15:39:43,negatif,ga sopan bgt ngomong gitu
onurdiyanti,TikTok,ga tau mau bilang apa,2024-12-23 15:30:21,netral,ga tau bilang
zamirahartati,TikTok,tergantung yg nonton juga sih,2024-12-23 15:04:09,netral,gantung yg nonton sih
galurgunawan,TikTok,"bener juga sih, kadang netizen terlalu baper",2024-12-23 15:47:53,positif,bener sih kadang netizen baper
galang15,TikTok,"ga lucu, malah nyakitin hati yg jualan",2024-12-23 15:43:48,negatif,ga lucu nyakitin hati yg jual
kramadan,TikTok,tergantung yg nonton juga sih,2024-12-23 15:56:49,netral,gantung yg nonton sih
patricia31,TikTok,gue liat ini ya udah lah ya,2024-12-23 15:32:14,netral,gue liat ya udah ya
balidin69,TikTok,ga tau mau bilang apa,2024-12-23 15:23:09,netral,ga tau bilang
lthamrin,TikTok,waduh ini sih udah kelewat batas,2024-12-23 15:46:16,negatif,sih udah lewat batas
reza37,TikTok,hmm no comment deh,2024-12-23 15:53:26,netral,hmm no comment deh
budi47,TikTok,tergantung yg nonton juga sih,2024-12-23 15:49:46,netral,gantung yg nonton sih
rafi24,TikTok,jujurly lucu banget sih ini 😭,2024-12-23 15:38:38,positif,jujurly lucu banget sih
lasmonomandasari,TikTok,gue liat ini ya udah lah ya,2024-12-23 15:40:07,netral,gue liat ya udah ya
rlatupono,TikTok,"bener juga sih, kadang netizen terlalu baper",2024-12-23 15:40:34,positif,bener sih kadang netizen baper
kayun30,TikTok,ga tau mau bilang apa,2024-12-23 15:08:50,netral,ga tau bilang
nilam03,TikTok,gw setuju sih ama omongannya gus,2024-12-23 15:46:09,positif,gw tuju sih ama omong gus
raihan11,TikTok,biasa aja sih,2024-12-23 15:07:56,netral,aja sih
riyantigamani,TikTok,"bener juga sih, kadang netizen terlalu baper",2024-12-23 15:59:08,positif,bener sih kadang netizen baper
samiahnasyiah,TikTok,"ceramahnya tetep dapet kok, relax aja guys",2024-12-23 15:33:05,positif,ceramah tetep dapet relax aja guys
melanikemba,TikTok,hmm no comment deh,2024-12-23 15:05:18,netral,hmm no comment deh
natsirlasmono,TikTok,bisa2 jualan es teh jd insecure 😓,2024-12-23 15:30:16,negatif,jual es teh jd insecure
gasti77,TikTok,gus miftah harus minta maaf sih ini,2024-12-23 15:25:08,negatif,gus miftah maaf sih
bsimanjuntak,TikTok,tergantung yg nonton juga sih,2024-12-23 15:02:49,netral,gantung yg nonton sih
zulkarnainputri,TikTok,bisa2 jualan es teh jd insecure 😓,2024-12-23 15:55:00,negatif,jual es teh jd insecure
dprakasa,TikTok,ni gus emg ada aja kelakuannya 😂,2024-12-23 15:25:09,positif,ni gus emg aja laku
budi60,TikTok,ceramah apaan malah ngehina,2024-12-23 15:27:38,negatif,ceramah ngehina
nurdiyantidadap,TikTok,waduh ini sih udah kelewat batas,2024-12-23 15:45:26,negatif,sih udah lewat batas
prasetyo05,TikTok,gue liat ini ya udah lah ya,2024-12-23 15:25:25,netral,gue liat ya udah ya
fpurwanti,TikTok,ga sopan bgt ngomong gitu,2024-12-23 15:25:36,negatif,ga sopan bgt ngomong gitu
kkuswandari,TikTok,"bener juga sih, kadang netizen terlalu baper",2024-12-23 15:36:02,positif,bener sih kadang netizen baper
wulandariilyas,TikTok,biasa aja sih,2024-12-23 15:08:47,netral,aja sih
kanda78,TikTok,ni gus emg ada aja kelakuannya 😂,2024-12-23 15:13:27,positif,ni gus emg aja laku
sihombingbagya,TikTok,gw setuju sih ama omongannya gus,2024-12-23 15:19:40,positif,gw tuju sih ama omong gus
setiawanmaria,TikTok,"ga lucu, malah nyakitin hati yg jualan",2024-12-23 15:03:12,negatif,ga lucu nyakitin hati yg jual
palastrisatya,TikTok,"ga lucu, malah nyakitin hati yg jualan",2024-12-23 15:31:34,negatif,ga lucu nyakitin hati yg jual
mwaluyo,TikTok,ga tau mau bilang apa,2024-12-23 15:39:51,netral,ga tau bilang
wastutikoko,TikTok,gus miftah harus minta maaf sih ini,2024-12-23 15:51:02,negatif,gus miftah maaf sih
sadina86,TikTok,biar agak keras tapi niatnya baik kok,2024-12-23 15:07:37,positif,biar keras niat
yhartati,TikTok,biasa aja sih,2024-12-23 15:12:14,netral,aja sih
harjaya35,TikTok,hmm no comment deh,2024-12-23 15:46:07,netral,hmm no comment deh
itarihoran,TikTok,gw setuju sih ama omongannya gus,2024-12-23 15:56:36,positif,gw tuju sih ama omong gus
lintangjanuar,TikTok,masih netral aja sih gw liatnya,2024-12-23 15:00:48,netral,netral aja sih gw liat
opalastri,TikTok,gw setuju sih ama omongannya gus,2024-12-23 15:18:20,positif,gw tuju sih ama omong gus
drajatpratiwi,TikTok,ceramah apaan malah ngehina,2024-12-23 15:09:13,negatif,ceramah ngehina
munisudiati,TikTok,biar agak keras tapi niatnya baik kok,2024-12-23 15:37:57,positif,biar keras niat
zelda58,TikTok,ceramah apaan malah ngehina,2024-12-23 15:41:30,negatif,ceramah ngehina
febihandayani,TikTok,biar agak keras tapi niatnya baik kok,2024-12-23 15:52:07,positif,biar keras niat
galangmandasari,TikTok,"ga lucu, malah nyakitin hati yg jualan",2024-12-23 15:20:26,negatif,ga lucu nyakitin hati yg jual
jatmikokusumo,TikTok,"ga lucu, malah nyakitin hati yg jualan",2024-12-23 15:32:45,negatif,ga lucu nyakitin hati yg jual
radikalazuardi,TikTok,biasa aja sih,2024-12-23 15:10:10,netral,aja sih
sihombingcatur,TikTok,biar agak keras tapi niatnya baik kok,2024-12-23 15:38:13,positif,biar keras niat
putri69,TikTok,gue liat ini ya udah lah ya,2024-12-23 15:36:08,netral,gue liat ya udah ya
martani82,TikTok,hmm no comment deh,2024-12-23 15:07:59,netral,hmm no comment deh
wijayanasim,TikTok,biar agak keras tapi niatnya baik kok,2024-12-23 15:38:58,positif,biar keras niat
mkuswandari,TikTok,"ga lucu, malah nyakitin hati yg jualan",2024-12-23 15:50:50,negatif,ga lucu nyakitin hati yg jual
zulaikajaka,TikTok,ga tau mau bilang apa,2024-12-23 15:55:45,netral,ga tau bilang
hkuswandari,TikTok,biar agak keras tapi niatnya baik kok,2024-12-23 15:01:57,positif,biar keras niat
kurniawanjane,TikTok,biar agak keras tapi niatnya baik kok,2024-12-23 15:26:15,positif,biar keras niat
mardhiyahdono,TikTok,ceramah apaan malah ngehina,2024-12-23 15:49:07,negatif,ceramah ngehina
luwarsuryono,TikTok,jujurly lucu banget sih ini 😭,2024-12-23 15:34:58,positif,jujurly lucu banget sih
maryatiifa,TikTok,ni gus emg ada aja kelakuannya 😂,2024-12-23 15:17:36,positif,ni gus emg aja laku
wardayamarpaung,TikTok,biar agak keras tapi niatnya baik kok,2024-12-23 15:17:57,positif,biar keras niat
dlaksita,TikTok,waduh ini sih udah kelewat batas,2024-12-23 15:09:24,negatif,sih udah lewat batas
cakrajiya06,TikTok,masih netral aja sih gw liatnya,2024-12-23 15:56:31,netral,netral aja sih gw liat
irsadpratiwi,TikTok,tergantung yg nonton juga sih,2024-12-23 15:03:50,netral,gantung yg nonton sih
onasyidah,TikTok,"ceramahnya tetep dapet kok, relax aja guys",2024-12-23 15:43:31,positif,ceramah tetep dapet relax aja guys
muhammadharyanti,TikTok,waduh ini sih udah kelewat batas,2024-12-23 15:36:41,negatif,sih udah lewat batas
candrautama,TikTok,gw setuju sih ama omongannya gus,2024-12-23 15:27:32,positif,gw tuju sih ama omong gus
radenmegantara,TikTok,hmm no comment deh,2024-12-23 15:55:02,netral,hmm no comment deh
osihombing,TikTok,ga tau mau bilang apa,2024-12-23 15:48:26,netral,ga tau bilang
veromahendra,TikTok,gw setuju sih ama omongannya gus,2024-12-23 15:26:47,positif,gw tuju sih ama omong gus
gawati36,TikTok,ni gus emg ada aja kelakuannya 😂,2024-12-23 15:33:11,positif,ni gus emg aja laku
firgantorolegawa,TikTok,biar agak keras tapi niatnya baik kok,2024-12-23 15:26:39,positif,biar keras niat
puspasaridewi,TikTok,gw setuju sih ama omongannya gus,2024-12-23 15:40:38,positif,gw tuju sih ama omong gus
santosoanom,TikTok,jujurly lucu banget sih ini 😭,2024-12-23 15:03:38,positif,jujurly lucu banget sih
cagakpratama,TikTok,biar agak keras tapi niatnya baik kok,2024-12-23 15:50:30,positif,biar keras niat
gentaanggraini,TikTok,"ceramahnya tetep dapet kok, relax aja guys",2024-12-23 15:50:09,positif,ceramah tetep dapet relax aja guys
samosirputu,TikTok,gw setuju sih ama omongannya gus,2024-12-23 15:12:55,positif,gw tuju sih ama omong gus
wasitayusuf,TikTok,"ceramahnya tetep dapet kok, relax aja guys",2024-12-23 15:20:22,positif,ceramah tetep dapet relax aja guys
laswimaryati,TikTok,jujurly lucu banget sih ini 😭,2024-12-23 15:46:55,positif,jujurly lucu banget sih
nputra,TikTok,gus miftah harus minta maaf sih ini,2024-12-23 15:08:06,negatif,gus miftah maaf sih
sitorusnaradi,TikTok,biar agak keras tapi niatnya baik kok,2024-12-23 15:00:30,positif,biar keras niat
wadiiswahyudi,TikTok,tergantung yg nonton juga sih,2024-12-23 15:15:36,netral,gantung yg nonton sih
raditya81,TikTok,ga tau mau bilang apa,2024-12-23 15:46:43,netral,ga tau bilang
rudi98,TikTok,"ceramahnya tetep dapet kok, relax aja guys",2024-12-23 15:58:07,positif,ceramah tetep dapet relax aja guys
garamarpaung,TikTok,"ceramahnya tetep dapet kok, relax aja guys",2024-12-23 15:12:55,positif,ceramah tetep dapet relax aja guys
dthamrin,TikTok,masih netral aja sih gw liatnya,2024-12-23 15:25:51,netral,netral aja sih gw liat
banawasaputra,TikTok,"ga lucu, malah nyakitin hati yg jualan",2024-12-23 15:18:25,negatif,ga lucu nyakitin hati yg jual
yuliantigatot,TikTok,gus miftah harus minta maaf sih ini,2024-12-23 15:13:13,negatif,gus miftah maaf sih
budiyantoteddy,TikTok,gw setuju sih ama omongannya gus,2024-12-23 15:39:46,positif,gw tuju sih ama omong gus
gsaputra,TikTok,ceramah apaan malah ngehina,2024-12-23 15:27:57,negatif,ceramah ngehina
iutama,TikTok,ga tau mau bilang apa,2024-12-23 15:59:40,netral,ga tau bilang
kuncarahariyah,TikTok,biasa aja sih,2024-12-23 15:40:56,netral,aja sih
jail68,TikTok,"ceramahnya tetep dapet kok, relax aja guys",2024-12-23 15:31:56,positif,ceramah tetep dapet relax aja guys
pradiptagaduh,TikTok,bisa2 jualan es teh jd insecure 😓,2024-12-23 15:14:57,negatif,jual es teh jd insecure
radit01,TikTok,hmm no comment deh,2024-12-23 15:02:50,netral,hmm no comment deh
ahariyah,TikTok,jujurly lucu banget sih ini 😭,2024-12-23 15:31:18,positif,jujurly lucu banget sih
xsimanjuntak,TikTok,masih netral aja sih gw liatnya,2024-12-23 15:22:39,netral,netral aja sih gw liat
prabowozelaya,TikTok,gus miftah harus minta maaf sih ini,2024-12-23 15:25:37,negatif,gus miftah maaf sih
pharyanto,TikTok,jujurly lucu banget sih ini 😭,2024-12-23 15:49:07,positif,jujurly lucu banget sih
purwa38,TikTok,ni gus emg ada aja kelakuannya 😂,2024-12-23 15:25:54,positif,ni gus emg aja laku
laswi58,TikTok,biasa aja sih,2024-12-23 15:44:31,netral,aja sih
atamba,TikTok,ga sopan bgt ngomong gitu,2024-12-23 15:34:38,negatif,ga sopan bgt ngomong gitu
ragustina,TikTok,jujurly lucu banget sih ini 😭,2024-12-23 15:24:32,positif,jujurly lucu banget sih
khalim,TikTok,gus miftah harus minta maaf sih ini,2024-12-23 15:03:04,negatif,gus miftah maaf sih
uhutagalung,TikTok,ceramah apaan malah ngehina,2024-12-23 15:41:13,negatif,ceramah ngehina
nashiruddinenteng,TikTok,gw setuju sih ama omongannya gus,2024-12-23 15:43:57,positif,gw tuju sih ama omong gus
maheswarajarwi,TikTok,biasa aja sih,2024-12-23 15:30:01,netral,aja sih
rwijayanti,TikTok,hmm no comment deh,2024-12-23 15:59:19,netral,hmm no comment deh
paiman24,TikTok,"ga lucu, malah nyakitin hati yg jualan",2024-12-23 15:35:14,negatif,ga lucu nyakitin hati yg jual
gjanuar,TikTok,masih netral aja sih gw liatnya,2024-12-23 15:17:02,netral,netral aja sih gw liat
btampubolon,TikTok,ceramah apaan malah ngehina,2024-12-23 15:59:15,negatif,ceramah ngehina
edi71,TikTok,ga sopan bgt ngomong gitu,2024-12-23 15:53:40,negatif,ga sopan bgt ngomong gitu
bagusnajmudin,TikTok,"bener juga sih, kadang netizen terlalu baper",2024-12-23 15:28:12,positif,bener sih kadang netizen baper
vsaptono,TikTok,jujurly lucu banget sih ini 😭,2024-12-23 15:46:02,positif,jujurly lucu banget sih
kasiyah56,TikTok,"ceramahnya tetep dapet kok, relax aja guys",2024-12-23 15:55:54,positif,ceramah tetep dapet relax aja guys
oktavianinugraha,TikTok,gw setuju sih ama omongannya gus,2024-12-23 15:31:41,positif,gw tuju sih ama omong gus
ramadangalur,TikTok,ceramah apaan malah ngehina,2024-12-23 15:37:13,negatif,ceramah ngehina
firgantorodarimin,TikTok,bisa2 jualan es teh jd insecure 😓,2024-12-23 15:24:56,negatif,jual es teh jd insecure
carubwacana,TikTok,"ceramahnya tetep dapet kok, relax aja guys",2024-12-23 15:44:59,positif,ceramah tetep dapet relax aja guys
ida68,TikTok,bisa2 jualan es teh jd insecure 😓,2024-12-23 15:43:06,negatif,jual es teh jd insecure
dkusumo,TikTok,biar agak keras tapi niatnya baik kok,2024-12-23 15:45:53,positif,biar keras niat
lkuswandari,TikTok,biasa aja sih,2024-12-23 15:31:18,netral,aja sih
alambanawaskita,TikTok,"ga lucu, malah nyakitin hati yg jualan",2024-12-23 15:44:43,negatif,ga lucu nyakitin hati yg jual
yardianto,TikTok,biar agak keras tapi niatnya baik kok,2024-12-23 15:46:24,positif,biar keras niat
johanwastuti,TikTok,masih netral aja sih gw liatnya,2024-12-23 15:58:02,netral,netral aja sih gw liat
haryantiganep,TikTok,ni gus emg ada aja kelakuannya 😂,2024-12-23 15:17:45,positif,ni gus emg aja laku
idariyanti,TikTok,tergantung yg nonton juga sih,2024-12-23 15:09:57,netral,gantung yg nonton sih
taufik96,TikTok,"bener juga sih, kadang netizen terlalu baper",2024-12-23 15:57:19,positif,bener sih kadang netizen baper
nnovitasari,TikTok,gus miftah harus minta maaf sih ini,2024-12-23 15:46:04,negatif,gus miftah maaf sih
manullanganggabaya,TikTok,ga sopan bgt ngomong gitu,2024-12-23 15:37:51,negatif,ga sopan bgt ngomong gitu
hastamaryadi,TikTok,ni gus emg ada aja kelakuannya 😂,2024-12-23 15:12:47,positif,ni gus emg aja laku
ydabukke,TikTok,masih netral aja sih gw liatnya,2024-12-23 15:32:20,netral,netral aja sih gw liat
qharyanti,TikTok,ni gus emg ada aja kelakuannya 😂,2024-12-23 15:48:30,positif,ni gus emg aja laku
jono06,TikTok,tergantung yg nonton juga sih,2024-12-23 15:55:06,netral,gantung yg nonton sih
jamalhardiansyah,TikTok,"bener juga sih, kadang netizen terlalu baper",2024-12-23 15:09:31,positif,bener sih kadang netizen baper
devimayasari,TikTok,masih netral aja sih gw liatnya,2024-12-23 15:26:33,netral,netral aja sih gw liat
vmaryadi,TikTok,"ga lucu, malah nyakitin hati yg jualan",2024-12-23 15:58:03,negatif,ga lucu nyakitin hati yg jual
cengkalnurdiyanti,TikTok,gue liat ini ya udah lah ya,2024-12-23 15:53:02,netral,gue liat ya udah ya
dnababan,TikTok,ni gus emg ada aja kelakuannya 😂,2024-12-23 15:34:12,positif,ni gus emg aja laku
usamahganda,TikTok,"ga lucu, malah nyakitin hati yg jualan",2024-12-23 15:49:16,negatif,ga lucu nyakitin hati yg jual
ooktaviani,TikTok,ni gus emg ada aja kelakuannya 😂,2024-12-23 15:43:23,positif,ni gus emg aja laku
anomaryani,TikTok,tergantung yg nonton juga sih,2024-12-23 15:21:43,netral,gantung yg nonton sih
winda20,TikTok,"ga lucu, malah nyakitin hati yg jualan",2024-12-23 15:31:50,negatif,ga lucu nyakitin hati yg jual
puspitamalika,TikTok,"bener juga sih, kadang netizen terlalu baper",2024-12-23 15:12:48,positif,bener sih kadang netizen baper
waskitacalista,TikTok,ga tau mau bilang apa,2024-12-23 15:09:52,netral,ga tau bilang
patriciausada,TikTok,ga sopan bgt ngomong gitu,2024-12-23 15:08:24,negatif,ga sopan bgt ngomong gitu
maryaticahyanto,TikTok,ceramah apaan malah ngehina,2024-12-23 15:56:02,negatif,ceramah ngehina
titi41,TikTok,gw setuju sih ama omongannya gus,2024-12-23 15:22:02,positif,gw tuju sih ama omong gus
bagas89,TikTok,tergantung yg nonton juga sih,2024-12-23 15:42:47,netral,gantung yg nonton sih
nasabmanullang,TikTok,"bener juga sih, kadang netizen terlalu baper",2024-12-23 15:19:11,positif,bener sih kadang netizen baper
bnasyidah,TikTok,waduh ini sih udah kelewat batas,2024-12-23 15:20:19,negatif,sih udah lewat batas
bahuwarna40,TikTok,biasa aja sih,2024-12-23 15:15:23,netral,aja sih
hutasoituli,TikTok,bisa2 jualan es teh jd insecure 😓,2024-12-23 15:29:10,negatif,jual es teh jd insecure
kenes94,TikTok,bisa2 jualan es teh jd insecure 😓,2024-12-23 15:42:57,negatif,jual es teh jd insecure
adriansyahestiono,TikTok,gw setuju sih ama omongannya gus,2024-12-23 15:20:13,positif,gw tuju sih ama omong gus
resturamadan,TikTok,ceramah apaan malah ngehina,2024-12-23 15:51:57,negatif,ceramah ngehina
cagak27,TikTok,bisa2 jualan es teh jd insecure 😓,2024-12-23 15:01:21,negatif,jual es teh jd insecure
xfarida,TikTok,ga sopan bgt ngomong gitu,2024-12-23 15:09:55,negatif,ga sopan bgt ngomong gitu
rizki07,TikTok,bisa2 jualan es teh jd insecure 😓,2024-12-23 15:52:16,negatif,jual es teh jd insecure
handayanikenes,TikTok,"bener juga sih, kadang netizen terlalu baper",2024-12-23 15:31:46,positif,bener sih kadang netizen baper
iriana53,TikTok,gus miftah harus minta maaf sih ini,2024-12-23 15:13:03,negatif,gus miftah maaf sih
wastutimutia,TikTok,ga sopan bgt ngomong gitu,2024-12-23 15:19:24,negatif,ga sopan bgt ngomong gitu
muhammad20,TikTok,biasa aja sih,2024-12-23 15:55:49,netral,aja sih
pujisamosir,TikTok,hmm no comment deh,2024-12-23 15:12:57,netral,hmm no comment deh
wahyudinirnanto,TikTok,gue liat ini ya udah lah ya,2024-12-23 15:02:01,netral,gue liat ya udah ya
dongoransaka,TikTok,biar agak keras tapi niatnya baik kok,2024-12-23 15:17:08,positif,biar keras niat
baktiadi63,TikTok,ceramah apaan malah ngehina,2024-12-23 15:50:51,negatif,ceramah ngehina
vinsen20,TikTok,biasa aja sih,2024-12-23 15:58:52,netral,aja sih
hwacana,TikTok,masih netral aja sih gw liatnya,2024-12-23 15:06:14,netral,netral aja sih gw liat
chelsea72,TikTok,ga sopan bgt ngomong gitu,2024-12-23 15:05:54,negatif,ga sopan bgt ngomong gitu
hendriusamah,TikTok,ni gus emg ada aja kelakuannya 😂,2024-12-23 15:41:56,positif,ni gus emg aja laku
satya02,TikTok,"ga lucu, malah nyakitin hati yg jualan",2024-12-23 15:37:53,negatif,ga lucu nyakitin hati yg jual
ihakim,TikTok,hmm no comment deh,2024-12-23 15:46:20,netral,hmm no comment deh
auyainah,TikTok,ceramah apaan malah ngehina,2024-12-23 15:02:32,negatif,ceramah ngehina
lanjarwibowo,TikTok,"bener juga sih, kadang netizen terlalu baper",2024-12-23 15:09:47,positif,bener sih kadang netizen baper
anasusanti,TikTok,hmm no comment deh,2024-12-23 15:13:48,netral,hmm no comment deh
natsirkala,TikTok,jujurly lucu banget sih ini 😭,2024-12-23 15:21:23,positif,jujurly lucu banget sih
prabowo84,TikTok,biar agak keras tapi niatnya baik kok,2024-12-23 15:21:10,positif,biar keras niat
hasna59,TikTok,hmm no comment deh,2024-12-23 15:21:54,netral,hmm no comment deh
astutimanah,TikTok,tergantung yg nonton juga sih,2024-12-23 15:57:27,netral,gantung yg nonton sih
luhunghalim,TikTok,waduh ini sih udah kelewat batas,2024-12-23 15:54:35,negatif,sih udah lewat batas
nataliamayasari,TikTok,ga sopan bgt ngomong gitu,2024-12-23 15:44:15,negatif,ga sopan bgt ngomong gitu
pranawa09,TikTok,"bener juga sih, kadang netizen terlalu baper",2024-12-23 15:14:09,positif,bener sih kadang netizen baper
najamtampubolon,TikTok,"bener juga sih, kadang netizen terlalu baper",2024-12-23 15:45:05,positif,bener sih kadang netizen baper
kusumoajimat,TikTok,waduh ini sih udah kelewat batas,2024-12-23 15:22:32,negatif,sih udah lewat batas
fpuspasari,TikTok,masih netral aja sih gw liatnya,2024-12-23 15:31:20,netral,netral aja sih gw liat
harjo42,TikTok,masih netral aja sih gw liatnya,2024-12-23 15:41:53,netral,netral aja sih gw liat
farhunnisa79,TikTok,biasa aja sih,2024-12-23 15:59:45,netral,aja sih
cemetiwastuti,TikTok,jujurly lucu banget sih ini 😭,2024-12-23 15:59:58,positif,jujurly lucu banget sih
nurul24,TikTok,ni gus emg ada aja kelakuannya 😂,2024-12-23 15:01:30,positif,ni gus emg aja laku
napitupuluwakiman,TikTok,jujurly lucu banget sih ini 😭,2024-12-23 15:54:41,positif,jujurly lucu banget sih
labuh08,TikTok,"ceramahnya tetep dapet kok, relax aja guys",2024-12-23 15:04:20,positif,ceramah tetep dapet relax aja guys
hhabibi,TikTok,gue liat ini ya udah lah ya,2024-12-23 15:31:01,netral,gue liat ya udah ya
opradana,TikTok,gw setuju sih ama omongannya gus,2024-12-23 15:18:56,positif,gw tuju sih ama omong gus
iswahyudimila,TikTok,"ga lucu, malah nyakitin hati yg jualan",2024-12-23 15:39:36,negatif,ga lucu nyakitin hati yg jual
hasanahdian,TikTok,hmm no comment deh,2024-12-23 15:39:33,netral,hmm no comment deh
janet93,TikTok,gus miftah harus minta maaf sih ini,2024-12-23 15:32:34,negatif,gus miftah maaf sih
purnawativera,TikTok,jujurly lucu banget sih ini 😭,2024-12-23 15:23:49,positif,jujurly lucu banget sih
gunawannajib,TikTok,bisa2 jualan es teh jd insecure 😓,2024-12-23 15:38:40,negatif,jual es teh jd insecure
wahyunizulaikha,TikTok,gus miftah harus minta maaf sih ini,2024-12-23 15:21:29,negatif,gus miftah maaf sih
halimbancar,TikTok,ga tau mau bilang apa,2024-12-23 15:41:52,netral,ga tau bilang
kembamaryati,TikTok,"bener juga sih, kadang netizen terlalu baper",2024-12-23 15:18:33,positif,bener sih kadang netizen baper
paramita26,TikTok,hmm no comment deh,2024-12-23 15:07:52,netral,hmm no comment deh
purnawatiunggul,TikTok,hmm no comment deh,2024-12-23 15:29:39,netral,hmm no comment deh
bagus50,TikTok,gue liat ini ya udah lah ya,2024-12-23 15:09:22,netral,gue liat ya udah ya
vprasasta,TikTok,ga tau mau bilang apa,2024-12-23 15:52:49,netral,ga tau bilang
gmulyani,TikTok,ga tau mau bilang apa,2024-12-23 15:23:25,netral,ga tau bilang
hardiansyahviman,TikTok,"ceramahnya tetep dapet kok, relax aja guys",2024-12-23 15:03:39,positif,ceramah tetep dapet relax aja guys
sinagarizki,TikTok,jujurly lucu banget sih ini 😭,2024-12-23 15:04:05,positif,jujurly lucu banget sih
hafshahpratama,TikTok,gw setuju sih ama omongannya gus,2024-12-23 15:40:58,positif,gw tuju sih ama omong gus
khartati,TikTok,gw setuju sih ama omongannya gus,2024-12-23 15:35:40,positif,gw tuju sih ama omong gus
patricia94,TikTok,waduh ini sih udah kelewat batas,2024-12-23 15:11:30,negatif,sih udah lewat batas
pangestulimar,TikTok,gue liat ini ya udah lah ya,2024-12-23 15:32:46,netral,gue liat ya udah ya
tarihoranaslijan,TikTok,bisa2 jualan es teh jd insecure 😓,2024-12-23 15:45:26,negatif,jual es teh jd insecure
permadigaran,TikTok,masih netral aja sih gw liatnya,2024-12-23 15:27:47,netral,netral aja sih gw liat
virmannarpati,TikTok,hmm no comment deh,2024-12-23 15:00:10,netral,hmm no comment deh
kania84,TikTok,waduh ini sih udah kelewat batas,2024-12-23 15:59:05,negatif,sih udah lewat batas
hafshahhariyah,TikTok,gus miftah harus minta maaf sih ini,2024-12-23 15:20:41,negatif,gus miftah maaf sih
najwawinarno,TikTok,biasa aja sih,2024-12-23 15:47:46,netral,aja sih
virmanharyanti,TikTok,"ceramahnya tetep dapet kok, relax aja guys",2024-12-23 15:32:37,positif,ceramah tetep dapet relax aja guys
ibranibudiyanto,TikTok,waduh ini sih udah kelewat batas,2024-12-23 15:37:52,negatif,sih udah lewat batas
zulaikaperkasa,TikTok,bisa2 jualan es teh jd insecure 😓,2024-12-23 15:22:15,negatif,jual es teh jd insecure
irawanrusman,TikTok,"ceramahnya tetep dapet kok, relax aja guys",2024-12-23 15:14:49,positif,ceramah tetep dapet relax aja guys
setyajanuar,TikTok,bisa2 jualan es teh jd insecure 😓,2024-12-23 15:14:59,negatif,jual es teh jd insecure
ulya78,TikTok,ni gus emg ada aja kelakuannya 😂,2024-12-23 15:51:27,positif,ni gus emg aja laku
widiastuticlara,TikTok,ga sopan bgt ngomong gitu,2024-12-23 15:31:20,negatif,ga sopan bgt ngomong gitu
ckuswoyo,TikTok,gw setuju sih ama omongannya gus,2024-12-23 15:50:41,positif,gw tuju sih ama omong gus
budiyantodarmana,TikTok,tergantung yg nonton juga sih,2024-12-23 15:54:16,netral,gantung yg nonton sih
calista41,TikTok,gus miftah harus minta maaf sih ini,2024-12-23 15:42:48,negatif,gus miftah maaf sih
salahudingatra,TikTok,biasa aja sih,2024-12-23 15:24:29,netral,aja sih
halim63,TikTok,ni gus emg ada aja kelakuannya 😂,2024-12-23 15:49:49,positif,ni gus emg aja laku
harto75,TikTok,"bener juga sih, kadang netizen terlalu baper",2024-12-23 15:07:43,positif,bener sih kadang netizen baper
ardiantoprabawa,TikTok,hmm no comment deh,2024-12-23 15:08:25,netral,hmm no comment deh
nainggolantaufan,TikTok,"bener juga sih, kadang netizen terlalu baper",2024-12-23 15:10:44,positif,bener sih kadang netizen baper
ramadancalista,TikTok,"ga lucu, malah nyakitin hati yg jualan",2024-12-23 15:10:47,negatif,ga lucu nyakitin hati yg jual
utamagadang,TikTok,masih netral aja sih gw liatnya,2024-12-23 15:08:04,netral,netral aja sih gw liat
hildapuspasari,TikTok,"bener juga sih, kadang netizen terlalu baper",2024-12-23 15:08:17,positif,bener sih kadang netizen baper
legausamah,TikTok,gue liat ini ya udah lah ya,2024-12-23 15:01:00,netral,gue liat ya udah ya
fmaulana,TikTok,tergantung yg nonton juga sih,2024-12-23 15:42:38,netral,gantung yg nonton sih
limar31,TikTok,hmm no comment deh,2024-12-23 15:10:41,netral,hmm no comment deh
labuhwaluyo,TikTok,biar agak keras tapi niatnya baik kok,2024-12-23 15:09:21,positif,biar keras niat
diana80,TikTok,ga tau mau bilang apa,2024-12-23 15:58:28,netral,ga tau bilang
asirwandawibowo,TikTok,ga sopan bgt ngomong gitu,2024-12-23 15:35:54,negatif,ga sopan bgt ngomong gitu
widyapratama,TikTok,"ceramahnya tetep dapet kok, relax aja guys",2024-12-23 15:23:51,positif,ceramah tetep dapet relax aja guys
omansirait,TikTok,masih netral aja sih gw liatnya,2024-12-23 15:20:30,netral,netral aja sih gw liat
msaefullah,TikTok,ni gus emg ada aja kelakuannya 😂,2024-12-23 15:31:21,positif,ni gus emg aja laku
anggriawannalar,TikTok,ceramah apaan malah ngehina,2024-12-23 15:04:48,negatif,ceramah ngehina
dono70,TikTok,ga sopan bgt ngomong gitu,2024-12-23 15:18:22,negatif,ga sopan bgt ngomong gitu
yolandakurnia,TikTok,hmm no comment deh,2024-12-23 15:31:09,netral,hmm no comment deh
ismail52,TikTok,"bener juga sih, kadang netizen terlalu baper",2024-12-23 15:08:40,positif,bener sih kadang netizen baper
rini41,TikTok,waduh ini sih udah kelewat batas,2024-12-23 15:52:49,negatif,sih udah lewat batas
gkurniawan,TikTok,"bener juga sih, kadang netizen terlalu baper",2024-12-23 15:01:53,positif,bener sih kadang netizen baper
kasimsantoso,TikTok,gus miftah harus minta maaf sih ini,2024-12-23 15:01:24,negatif,gus miftah maaf sih
gambira92,TikTok,gus miftah harus minta maaf sih ini,2024-12-23 15:41:37,negatif,gus miftah maaf sih
panduwahyudin,TikTok,masih netral aja sih gw liatnya,2024-12-23 15:32:42,netral,netral aja sih gw liat
gthamrin,TikTok,"bener juga sih, kadang netizen terlalu baper",2024-12-23 15:23:26,positif,bener sih kadang netizen baper
ibun45,TikTok,"ga lucu, malah nyakitin hati yg jualan",2024-12-23 15:48:26,negatif,ga lucu nyakitin hati yg jual
martakaramadan,TikTok,waduh ini sih udah kelewat batas,2024-12-23 15:01:56,negatif,sih udah lewat batas
shardiansyah,TikTok,jujurly lucu banget sih ini 😭,2024-12-23 15:29:58,positif,jujurly lucu banget sih
melanipuspa,TikTok,biasa aja sih,2024-12-23 15:52:35,netral,aja sih
indahsuryono,TikTok,bisa2 jualan es teh jd insecure 😓,2024-12-23 15:10:22,negatif,jual es teh jd insecure
emplukfirmansyah,TikTok,gw setuju sih ama omongannya gus,2024-12-23 15:10:49,positif,gw tuju sih ama omong gus
ihabibi,TikTok,gw setuju sih ama omongannya gus,2024-12-23 15:57:18,positif,gw tuju sih ama omong gus
gharyanto,TikTok,bisa2 jualan es teh jd insecure 😓,2024-12-23 15:25:23,negatif,jual es teh jd insecure
leo69,TikTok,waduh ini sih udah kelewat batas,2024-12-23 15:25:33,negatif,sih udah lewat batas
sinagagilang,TikTok,gus miftah harus minta maaf sih ini,2024-12-23 15:29:30,negatif,gus miftah maaf sih
kartika78,TikTok,jujurly lucu banget sih ini 😭,2024-12-23 15:56:12,positif,jujurly lucu banget sih
abyasa36,TikTok,biar agak keras tapi niatnya baik kok,2024-12-23 15:42:27,positif,biar keras niat
limansinaga,TikTok,"bener juga sih, kadang netizen terlalu baper",2024-12-23 15:22:32,positif,bener sih kadang netizen baper
zulkarnaindina,TikTok,jujurly lucu banget sih ini 😭,2024-12-23 15:11:29,positif,jujurly lucu banget sih
danumaulana,TikTok,"bener juga sih, kadang netizen terlalu baper",2024-12-23 15:21:59,positif,bener sih kadang netizen baper
gastuti,TikTok,gue liat ini ya udah lah ya,2024-12-23 15:19:02,netral,gue liat ya udah ya
maryaticitra,TikTok,ga sopan bgt ngomong gitu,2024-12-23 15:53:20,negatif,ga sopan bgt ngomong gitu
eminyuliarti,TikTok,gus miftah harus minta maaf sih ini,2024-12-23 15:50:30,negatif,gus miftah maaf sih
yuniardaliman,TikTok,tergantung yg nonton juga sih,2024-12-23 15:58:32,netral,gantung yg nonton sih
siregaroni,TikTok,gus miftah harus minta maaf sih ini,2024-12-23 15:41:58,negatif,gus miftah maaf sih
wardayamaryati,TikTok,waduh ini sih udah kelewat batas,2024-12-23 15:07:07,negatif,sih udah lewat batas
ophelia50,TikTok,tergantung yg nonton juga sih,2024-12-23 15:03:37,netral,gantung yg nonton sih
jsihotang,TikTok,"ga lucu, malah nyakitin hati yg jualan",2024-12-23 15:01:05,negatif,ga lucu nyakitin hati yg jual
jailanimahmud,TikTok,biasa aja sih,2024-12-23 15:13:19,netral,aja sih
fkusmawati,TikTok,"ga lucu, malah nyakitin hati yg jualan",2024-12-23 15:53:29,negatif,ga lucu nyakitin hati yg jual
halimahwawan,TikTok,bisa2 jualan es teh jd insecure 😓,2024-12-23 15:46:51,negatif,jual es teh jd insecure
damarsetiawan,TikTok,waduh ini sih udah kelewat batas,2024-12-23 15:04:39,negatif,sih udah lewat batas
nnatsir,TikTok,hmm no comment deh,2024-12-23 15:12:37,netral,hmm no comment deh
prasastakusuma,TikTok,gue liat ini ya udah lah ya,2024-12-23 15:25:40,netral,gue liat ya udah ya
hartatikalim,TikTok,ga sopan bgt ngomong gitu,2024-12-23 15:55:42,negatif,ga sopan bgt ngomong gitu
tari33,TikTok,"bener juga sih, kadang netizen terlalu baper",2024-12-23 15:49:23,positif,bener sih kadang netizen baper
wpuspita,TikTok,ceramah apaan malah ngehina,2024-12-23 15:18:22,negatif,ceramah ngehina
opan86,TikTok,ceramah apaan malah ngehina,2024-12-23 15:15:56,negatif,ceramah ngehina
saragihsiti,TikTok,waduh ini sih udah kelewat batas,2024-12-23 15:12:56,negatif,sih udah lewat batas
rajataharjo,TikTok,ga tau mau bilang apa,2024-12-23 15:06:18,netral,ga tau bilang
cagak03,TikTok,hmm no comment deh,2024-12-23 15:09:50,netral,hmm no comment deh
prasetyakartika,TikTok,ni gus emg ada aja kelakuannya 😂,2024-12-23 15:19:23,positif,ni gus emg aja laku
victoriahandayani,TikTok,ceramah apaan malah ngehina,2024-12-23 15:29:46,negatif,ceramah ngehina
laksitakarman,TikTok,bisa2 jualan es teh jd insecure 😓,2024-12-23 15:08:53,negatif,jual es teh jd insecure
nugrohoiriana,TikTok,ga sopan bgt ngomong gitu,2024-12-23 15:57:34,negatif,ga sopan bgt ngomong gitu
sadinasirait,TikTok,ni gus emg ada aja kelakuannya 😂,2024-12-23 15:10:18,positif,ni gus emg aja laku
perkasaiswahyudi,TikTok,bisa2 jualan es teh jd insecure 😓,2024-12-23 15:32:49,negatif,jual es teh jd insecure
csetiawan,TikTok,"ga lucu, malah nyakitin hati yg jualan",2024-12-23 15:03:34,negatif,ga lucu nyakitin hati yg jual
johanmegantara,TikTok,masih netral aja sih gw liatnya,2024-12-23 15:32:37,netral,netral aja sih gw liat
cinthia54,TikTok,hmm no comment deh,2024-12-23 15:51:12,netral,hmm no comment deh
hardanatamba,TikTok,ga sopan bgt ngomong gitu,2024-12-23 15:58:20,negatif,ga sopan bgt ngomong gitu
anggrainikunthara,TikTok,"ga lucu, malah nyakitin hati yg jualan",2024-12-23 15:17:14,negatif,ga lucu nyakitin hati yg jual
gunawankemba,TikTok,"bener juga sih, kadang netizen terlalu baper",2024-12-23 15:21:26,positif,bener sih kadang netizen baper
tira81,TikTok,tergantung yg nonton juga sih,2024-12-23 15:57:41,netral,gantung yg nonton sih
panca29,TikTok,waduh ini sih udah kelewat batas,2024-12-23 15:45:52,negatif,sih udah lewat batas
csuartini,TikTok,masih netral aja sih gw liatnya,2024-12-23 15:33:37,netral,netral aja sih gw liat
raihanwulandari,TikTok,bisa2 jualan es teh jd insecure 😓,2024-12-23 15:20:19,negatif,jual es teh jd insecure
eluh31,TikTok,gus miftah harus minta maaf sih ini,2024-12-23 15:32:31,negatif,gus miftah maaf sih
utamagatot,TikTok,bisa2 jualan es teh jd insecure 😓,2024-12-23 15:28:22,negatif,jual es teh jd insecure
banarawacana,TikTok,"ceramahnya tetep dapet kok, relax aja guys",2024-12-23 15:19:08,positif,ceramah tetep dapet relax aja guys
sjanuar,TikTok,ni gus emg ada aja kelakuannya 😂,2024-12-23 15:24:36,positif,ni gus emg aja laku
haryantioskar,TikTok,waduh ini sih udah kelewat batas,2024-12-23 15:42:02,negatif,sih udah lewat batas
xwibowo,TikTok,jujurly lucu banget sih ini 😭,2024-12-23 15:41:02,positif,jujurly lucu banget sih
eminwidiastuti,TikTok,biar agak keras tapi niatnya baik kok,2024-12-23 15:35:47,positif,biar keras niat
gantargunawan,TikTok,hmm no comment deh,2024-12-23 15:08:25,netral,hmm no comment deh
hwaluyo,TikTok,waduh ini sih udah kelewat batas,2024-12-23 15:25:34,negatif,sih udah lewat batas
hmayasari,TikTok,biasa aja sih,2024-12-23 15:01:17,netral,aja sih
luluh82,TikTok,ga sopan bgt ngomong gitu,2024-12-23 15:54:58,negatif,ga sopan bgt ngomong gitu
nilamsusanti,TikTok,biasa aja sih,2024-12-23 15:05:07,netral,aja sih
zprasasta,TikTok,ceramah apaan malah ngehina,2024-12-23 15:37:35,negatif,ceramah ngehina
hariyahcemani,TikTok,gue liat ini ya udah lah ya,2024-12-23 15:09:45,netral,gue liat ya udah ya
zulkarnainmaryadi,TikTok,"bener juga sih, kadang netizen terlalu baper",2024-12-23 15:06:37,positif,bener sih kadang netizen baper
ganda95,TikTok,"bener juga sih, kadang netizen terlalu baper",2024-12-23 15:37:20,positif,bener sih kadang netizen baper
dabukkefathonah,TikTok,gw setuju sih ama omongannya gus,2024-12-23 15:22:14,positif,gw tuju sih ama omong gus
siti39,TikTok,biasa aja sih,2024-12-23 15:56:51,netral,aja sih
mansurmaimunah,TikTok,jujurly lucu banget sih ini 😭,2024-12-23 15:49:14,positif,jujurly lucu banget sih
mitra44,TikTok,ceramah apaan malah ngehina,2024-12-23 15:54:56,negatif,ceramah ngehina
mandalakayla,TikTok,hmm no comment deh,2024-12-23 15:04:52,netral,hmm no comment deh
intandabukke,TikTok,gus miftah harus minta maaf sih ini,2024-12-23 15:08:35,negatif,gus miftah maaf sih
rini05,TikTok,gw setuju sih ama omongannya gus,2024-12-23 15:56:54,positif,gw tuju sih ama omong gus
kwaskita,TikTok,jujurly lucu banget sih ini 😭,2024-12-23 15:16:15,positif,jujurly lucu banget sih
xpadmasari,TikTok,"bener juga sih, kadang netizen terlalu baper",2024-12-23 15:38:45,positif,bener sih kadang netizen baper
ajiman30,TikTok,gue liat ini ya udah lah ya,2024-12-23 15:16:06,netral,gue liat ya udah ya
umulyani,TikTok,"ceramahnya tetep dapet kok, relax aja guys",2024-12-23 15:12:07,positif,ceramah tetep dapet relax aja guys
yusufjanuar,TikTok,waduh ini sih udah kelewat batas,2024-12-23 15:46:33,negatif,sih udah lewat batas
omar80,TikTok,"ceramahnya tetep dapet kok, relax aja guys",2024-12-23 15:06:44,positif,ceramah tetep dapet relax aja guys
bagassimanjuntak,TikTok,"ga lucu, malah nyakitin hati yg jualan",2024-12-23 15:27:21,negatif,ga lucu nyakitin hati yg jual
ajimansaragih,TikTok,jujurly lucu banget sih ini 😭,2024-12-23 15:35:27,positif,jujurly lucu banget sih
astutigarda,TikTok,masih netral aja sih gw liatnya,2024-12-23 15:23:27,netral,netral aja sih gw liat
maryadirafi,TikTok,biasa aja sih,2024-12-23 15:30:51,netral,aja sih
cahyanto51,TikTok,gue liat ini ya udah lah ya,2024-12-23 15:12:23,netral,gue liat ya udah ya
siregarartawan,TikTok,waduh ini sih udah kelewat batas,2024-12-23 15:34:56,negatif,sih udah lewat batas
gading62,TikTok,ni gus emg ada aja kelakuannya 😂,2024-12-23 15:20:51,positif,ni gus emg aja laku
galih63,TikTok,tergantung yg nonton juga sih,2024-12-23 15:35:17,netral,gantung yg nonton sih
julia38,TikTok,biar agak keras tapi niatnya baik kok,2024-12-23 15:40:54,positif,biar keras niat
limarnuraini,TikTok,gw setuju sih ama omongannya gus,2024-12-23 15:41:12,positif,gw tuju sih ama omong gus
galakpranowo,TikTok,ni gus emg ada aja kelakuannya 😂,2024-12-23 15:37:44,positif,ni gus emg aja laku
carlahartati,TikTok,ni gus emg ada aja kelakuannya 😂,2024-12-23 15:12:56,positif,ni gus emg aja laku
siraitmaryanto,TikTok,gue liat ini ya udah lah ya,2024-12-23 15:56:57,netral,gue liat ya udah ya
wzulaika,TikTok,gw setuju sih ama omongannya gus,2024-12-23 15:04:34,positif,gw tuju sih ama omong gus
yandriani,TikTok,"ceramahnya tetep dapet kok, relax aja guys",2024-12-23 15:56:49,positif,ceramah tetep dapet relax aja guys
rachelmardhiyah,TikTok,bisa2 jualan es teh jd insecure 😓,2024-12-23 15:23:20,negatif,jual es teh jd insecure
hardanahariyah,TikTok,"bener juga sih, kadang netizen terlalu baper",2024-12-23 15:11:37,positif,bener sih kadang netizen baper
namagasaiful,TikTok,hmm no comment deh,2024-12-23 15:14:17,netral,hmm no comment deh
ipratiwi,TikTok,hmm no comment deh,2024-12-23 15:51:45,netral,hmm no comment deh
empluksaptono,TikTok,biar agak keras tapi niatnya baik kok,2024-12-23 15:38:14,positif,biar keras niat
wibowocawuk,TikTok,jujurly lucu banget sih ini 😭,2024-12-23 15:23:45,positif,jujurly lucu banget sih
fitriaputra,TikTok,hmm no comment deh,2024-12-23 15:48:35,netral,hmm no comment deh
kania20,TikTok,gus miftah harus minta maaf sih ini,2024-12-23 15:57:30,negatif,gus miftah maaf sih
iuwais,TikTok,"ceramahnya tetep dapet kok, relax aja guys",2024-12-23 15:13:06,positif,ceramah tetep dapet relax aja guys
vinsen24,TikTok,hmm no comment deh,2024-12-23 15:13:22,netral,hmm no comment deh
banawasusanti,TikTok,bisa2 jualan es teh jd insecure 😓,2024-12-23 15:47:20,negatif,jual es teh jd insecure
gpermadi,TikTok,bisa2 jualan es teh jd insecure 😓,2024-12-23 15:27:26,negatif,jual es teh jd insecure
mardhiyahedward,TikTok,tergantung yg nonton juga sih,2024-12-23 15:01:32,netral,gantung yg nonton sih
rhakim,TikTok,ni gus emg ada aja kelakuannya 😂,2024-12-23 15:59:28,positif,ni gus emg aja laku
paimankurniawan,TikTok,ga tau mau bilang apa,2024-12-23 15:01:19,netral,ga tau bilang
olga81,TikTok,gw setuju sih ama omongannya gus,2024-12-23 15:58:21,positif,gw tuju sih ama omong gus
eluhsudiati,TikTok,"bener juga sih, kadang netizen terlalu baper",2024-12-23 15:36:18,positif,bener sih kadang netizen baper
martakawibowo,TikTok,"ceramahnya tetep dapet kok, relax aja guys",2024-12-23 15:35:36,positif,ceramah tetep dapet relax aja guys
jamalia47,TikTok,ceramah apaan malah ngehina,2024-12-23 15:44:55,negatif,ceramah ngehina
utamiraditya,TikTok,ga sopan bgt ngomong gitu,2024-12-23 15:25:07,negatif,ga sopan bgt ngomong gitu
mahendraajimat,TikTok,waduh ini sih udah kelewat batas,2024-12-23 15:16:27,negatif,sih udah lewat batas
janetkusmawati,TikTok,jujurly lucu banget sih ini 😭,2024-12-23 15:36:43,positif,jujurly lucu banget sih
purwadimustofa,TikTok,"bener juga sih, kadang netizen terlalu baper",2024-12-23 15:18:04,positif,bener sih kadang netizen baper
natalia56,TikTok,masih netral aja sih gw liatnya,2024-12-23 15:46:48,netral,netral aja sih gw liat
winarsihmichelle,TikTok,gus miftah harus minta maaf sih ini,2024-12-23 15:41:57,negatif,gus miftah maaf sih
wirdanovitasari,TikTok,jujurly lucu banget sih ini 😭,2024-12-23 15:06:39,positif,jujurly lucu banget sih
hsiregar,TikTok,tergantung yg nonton juga sih,2024-12-23 15:01:37,netral,gantung yg nonton sih
esitompul,TikTok,"ga lucu, malah nyakitin hati yg jualan",2024-12-23 15:08:36,negatif,ga lucu nyakitin hati yg jual
laraswidodo,TikTok,ga tau mau bilang apa,2024-12-23 15:06:51,netral,ga tau bilang
wisnu71,TikTok,gus miftah harus minta maaf sih ini,2024-12-23 15:44:35,negatif,gus miftah maaf sih
balidinagustina,TikTok,bisa2 jualan es teh jd insecure 😓,2024-12-23 15:09:56,negatif,jual es teh jd insecure
rahimahbagiya,TikTok,gus miftah harus minta maaf sih ini,2024-12-23 15:45:24,negatif,gus miftah maaf sih
pradanapadmi,TikTok,"ga lucu, malah nyakitin hati yg jualan",2024-12-23 15:57:59,negatif,ga lucu nyakitin hati yg jual
setya58,TikTok,biasa aja sih,2024-12-23 15:18:22,netral,aja sih
nasyiahzelaya,TikTok,ga tau mau bilang apa,2024-12-23 15:35:46,netral,ga tau bilang
bagiyapalastri,TikTok,biasa aja sih,2024-12-23 15:19:07,netral,aja sih
haryantoeli,TikTok,biasa aja sih,2024-12-23 15:48:08,netral,aja sih
rafid22,TikTok,ni gus emg ada aja kelakuannya 😂,2024-12-23 15:14:32,positif,ni gus emg aja laku
virmanpangestu,TikTok,bisa2 jualan es teh jd insecure 😓,2024-12-23 15:46:58,negatif,jual es teh jd insecure
prabawanamaga,TikTok,gus miftah harus minta maaf sih ini,2024-12-23 15:11:39,negatif,gus miftah maaf sih
bakiadihastuti,TikTok,tergantung yg nonton juga sih,2024-12-23 15:13:58,netral,gantung yg nonton sih
dongoranalmira,TikTok,ga sopan bgt ngomong gitu,2024-12-23 15:55:07,negatif,ga sopan bgt ngomong gitu
saktisiregar,TikTok,hmm no comment deh,2024-12-23 15:25:09,netral,hmm no comment deh
onilestari,TikTok,ga sopan bgt ngomong gitu,2024-12-23 15:25:30,negatif,ga sopan bgt ngomong gitu
rudinasyiah,TikTok,gus miftah harus minta maaf sih ini,2024-12-23 15:36:53,negatif,gus miftah maaf sih
dwi81,TikTok,biar agak keras tapi niatnya baik kok,2024-12-23 15:34:34,positif,biar keras niat
kamila54,TikTok,ga sopan bgt ngomong gitu,2024-12-23 15:56:41,negatif,ga sopan bgt ngomong gitu
ulaksita,TikTok,biasa aja sih,2024-12-23 15:59:14,netral,aja sih
manullangzulaikha,TikTok,bisa2 jualan es teh jd insecure 😓,2024-12-23 15:58:54,negatif,jual es teh jd insecure
plailasari,TikTok,ga sopan bgt ngomong gitu,2024-12-23 15:51:58,negatif,ga sopan bgt ngomong gitu
dirjatarihoran,TikTok,ga tau mau bilang apa,2024-12-23 15:27:05,netral,ga tau bilang
safitripurwadi,TikTok,masih netral aja sih gw liatnya,2024-12-23 15:25:41,netral,netral aja sih gw liat
febiprabowo,TikTok,tergantung yg nonton juga sih,2024-12-23 15:38:53,netral,gantung yg nonton sih
hesti89,TikTok,masih netral aja sih gw liatnya,2024-12-23 15:27:18,netral,netral aja sih gw liat
entengkuswandari,TikTok,"ga lucu, malah nyakitin hati yg jualan",2024-12-23 15:37:47,negatif,ga lucu nyakitin hati yg jual
gardamegantara,TikTok,ga sopan bgt ngomong gitu,2024-12-23 15:20:27,negatif,ga sopan bgt ngomong gitu
utamijail,TikTok,jujurly lucu banget sih ini 😭,2024-12-23 15:39:20,positif,jujurly lucu banget sih
budi24,TikTok,ga sopan bgt ngomong gitu,2024-12-23 15:45:54,negatif,ga sopan bgt ngomong gitu
januarpranawa,TikTok,bisa2 jualan es teh jd insecure 😓,2024-12-23 15:01:11,negatif,jual es teh jd insecure
zulkarnaingatra,TikTok,ga tau mau bilang apa,2024-12-23 15:20:40,netral,ga tau bilang
sihombingcakrawala,TikTok,ga tau mau bilang apa,2024-12-23 15:02:08,netral,ga tau bilang
jagaragautama,TikTok,masih netral aja sih gw liatnya,2024-12-23 15:18:31,netral,netral aja sih gw liat
dirjafujiati,TikTok,ni gus emg ada aja kelakuannya 😂,2024-12-23 15:16:11,positif,ni gus emg aja laku
dimasjailani,TikTok,masih netral aja sih gw liatnya,2024-12-23 15:25:04,netral,netral aja sih gw liat
lukmannarpati,TikTok,"bener juga sih, kadang netizen terlalu baper",2024-12-23 15:59:33,positif,bener sih kadang netizen baper
zulkarnainlaila,TikTok,ga tau mau bilang apa,2024-12-23 15:40:23,netral,ga tau bilang
sanggraini,TikTok,gus miftah harus minta maaf sih ini,2024-12-23 15:56:23,negatif,gus miftah maaf sih
namagatedi,TikTok,gue liat ini ya udah lah ya,2024-12-23 15:40:31,netral,gue liat ya udah ya
yuliartiluis,TikTok,ceramah apaan malah ngehina,2024-12-23 15:47:23,negatif,ceramah ngehina
harsantolaksita,TikTok,ga sopan bgt ngomong gitu,2024-12-23 15:00:40,negatif,ga sopan bgt ngomong gitu
napitupuludiah,TikTok,ceramah apaan malah ngehina,2024-12-23 15:47:23,negatif,ceramah ngehina
qorisuryono,TikTok,bisa2 jualan es teh jd insecure 😓,2024-12-23 15:41:35,negatif,jual es teh jd insecure
mursitawijaya,TikTok,tergantung yg nonton juga sih,2024-12-23 15:26:03,netral,gantung yg nonton sih
tarihoranenteng,TikTok,hmm no comment deh,2024-12-23 15:52:56,netral,hmm no comment deh
balamantrikusumo,TikTok,"ceramahnya tetep dapet kok, relax aja guys",2024-12-23 15:30:49,positif,ceramah tetep dapet relax aja guys
taswir79,TikTok,masih netral aja sih gw liatnya,2024-12-23 15:54:02,netral,netral aja sih gw liat
irmahartati,TikTok,biasa aja sih,2024-12-23 15:10:39,netral,aja sih
jnugroho,TikTok,"ga lucu, malah nyakitin hati yg jualan",2024-12-23 15:56:15,negatif,ga lucu nyakitin hati yg jual
xwahyudin,TikTok,biasa aja sih,2024-12-23 15:10:59,netral,aja sih
mansurbahuwarna,TikTok,gue liat ini ya udah lah ya,2024-12-23 15:19:55,netral,gue liat ya udah ya
unggul97,TikTok,biasa aja sih,2024-12-23 15:39:41,netral,aja sih
nasrullah27,TikTok,ceramah apaan malah ngehina,2024-12-23 15:10:36,negatif,ceramah ngehina
gada98,TikTok,waduh ini sih udah kelewat batas,2024-12-23 15:09:53,negatif,sih udah lewat batas
gaimanlestari,TikTok,ga sopan bgt ngomong gitu,2024-12-23 15:01:01,negatif,ga sopan bgt ngomong gitu
hestiprakasa,TikTok,tergantung yg nonton juga sih,2024-12-23 15:32:32,netral,gantung yg nonton sih
luis88,TikTok,ceramah apaan malah ngehina,2024-12-23 15:32:03,negatif,ceramah ngehina
bakiman87,TikTok,tergantung yg nonton juga sih,2024-12-23 15:54:14,netral,gantung yg nonton sih
emas87,TikTok,gue liat ini ya udah lah ya,2024-12-23 15:32:12,netral,gue liat ya udah ya
epradipta,TikTok,bisa2 jualan es teh jd insecure 😓,2024-12-23 15:33:35,negatif,jual es teh jd insecure
usinaga,TikTok,ga sopan bgt ngomong gitu,2024-12-23 15:29:02,negatif,ga sopan bgt ngomong gitu
uwaisvino,TikTok,ga tau mau bilang apa,2024-12-23 15:22:25,netral,ga tau bilang
usadaakarsana,TikTok,jujurly lucu banget sih ini 😭,2024-12-23 15:07:21,positif,jujurly lucu banget sih
cahyonoirawan,TikTok,"ceramahnya tetep dapet kok, relax aja guys",2024-12-23 15:41:14,positif,ceramah tetep dapet relax aja guys
waluyocapa,TikTok,waduh ini sih udah kelewat batas,2024-12-23 15:35:19,negatif,sih udah lewat batas
ulestari,TikTok,"ga lucu, malah nyakitin hati yg jualan",2024-12-23 15:09:25,negatif,ga lucu nyakitin hati yg jual
jefrinamaga,TikTok,biasa aja sih,2024-12-23 15:31:33,netral,aja sih
jhasanah,TikTok,"bener juga sih, kadang netizen terlalu baper",2024-12-23 15:23:39,positif,bener sih kadang netizen baper
ofirgantoro,TikTok,bisa2 jualan es teh jd insecure 😓,2024-12-23 15:04:42,negatif,jual es teh jd insecure
keisharajata,TikTok,"bener juga sih, kadang netizen terlalu baper",2024-12-23 15:27:07,positif,bener sih kadang netizen baper
yharyanto,TikTok,ceramah apaan malah ngehina,2024-12-23 15:12:25,negatif,ceramah ngehina
mandalabakijan,TikTok,ni gus emg ada aja kelakuannya 😂,2024-12-23 15:21:32,positif,ni gus emg aja laku
purnawatibagas,TikTok,bisa2 jualan es teh jd insecure 😓,2024-12-23 15:01:45,negatif,jual es teh jd insecure
faridasalsabila,TikTok,"ga lucu, malah nyakitin hati yg jualan",2024-12-23 15:25:15,negatif,ga lucu nyakitin hati yg jual
keisha79,TikTok,biasa aja sih,2024-12-23 15:06:58,netral,aja sih
jailaniwasis,TikTok,tergantung yg nonton juga sih,2024-12-23 15:34:28,netral,gantung yg nonton sih
asmianto64,TikTok,"ga lucu, malah nyakitin hati yg jualan",2024-12-23 15:54:47,negatif,ga lucu nyakitin hati yg jual
prasetya61,TikTok,tergantung yg nonton juga sih,2024-12-23 15:43:38,netral,gantung yg nonton sih
lusada,TikTok,"bener juga sih, kadang netizen terlalu baper",2024-12-23 15:56:38,positif,bener sih kadang netizen baper
mpuspasari,TikTok,ni gus emg ada aja kelakuannya 😂,2024-12-23 15:26:12,positif,ni gus emg aja laku
budimanvanya,TikTok,biasa aja sih,2024-12-23 15:40:22,netral,aja sih
alaksita,TikTok,"ga lucu, malah nyakitin hati yg jualan",2024-12-23 15:10:07,negatif,ga lucu nyakitin hati yg jual
criyanti,TikTok,ni gus emg ada aja kelakuannya 😂,2024-12-23 15:40:56,positif,ni gus emg aja laku
cwibowo,TikTok,ni gus emg ada aja kelakuannya 😂,2024-12-23 15:13:34,positif,ni gus emg aja laku
xhabibi,TikTok,jujurly lucu banget sih ini 😭,2024-12-23 15:56:51,positif,jujurly lucu banget sih
praba44,TikTok,gue liat ini ya udah lah ya,2024-12-23 15:49:35,netral,gue liat ya udah ya
ceceppalastri,TikTok,bisa2 jualan es teh jd insecure 😓,2024-12-23 15:47:54,negatif,jual es teh jd insecure
riyanticawisadi,TikTok,biar agak keras tapi niatnya baik kok,2024-12-23 15:41:36,positif,biar keras niat
saputraciaobella,TikTok,ni gus emg ada aja kelakuannya 😂,2024-12-23 15:13:36,positif,ni gus emg aja laku
wijayantihendri,TikTok,jujurly lucu banget sih ini 😭,2024-12-23 15:51:38,positif,jujurly lucu banget sih
ganepprakasa,TikTok,"ceramahnya tetep dapet kok, relax aja guys",2024-12-23 15:07:43,positif,ceramah tetep dapet relax aja guys
ihalimah,TikTok,ceramah apaan malah ngehina,2024-12-23 15:20:25,negatif,ceramah ngehina
ifarajasa,TikTok,biar agak keras tapi niatnya baik kok,2024-12-23 15:20:46,positif,biar keras niat
tania97,TikTok,masih netral aja sih gw liatnya,2024-12-23 15:18:17,netral,netral aja sih gw liat
haryantinalar,TikTok,masih netral aja sih gw liatnya,2024-12-23 15:07:13,netral,netral aja sih gw liat
lukitapuspita,TikTok,"ga lucu, malah nyakitin hati yg jualan",2024-12-23 15:05:35,negatif,ga lucu nyakitin hati yg jual
kajen29,TikTok,"bener juga sih, kadang netizen terlalu baper",2024-12-23 15:45:30,positif,bener sih kadang netizen baper
kanda30,TikTok,gus miftah harus minta maaf sih ini,2024-12-23 15:28:07,negatif,gus miftah maaf sih
wirdawaskita,TikTok,gus miftah harus minta maaf sih ini,2024-12-23 15:04:40,negatif,gus miftah maaf sih
najib15,TikTok,masih netral aja sih gw liatnya,2024-12-23 15:36:25,netral,netral aja sih gw liat
eharyanto,TikTok,ga sopan bgt ngomong gitu,2024-12-23 15:23:37,negatif,ga sopan bgt ngomong gitu
agnes69,TikTok,hmm no comment deh,2024-12-23 15:24:09,netral,hmm no comment deh
hardiansyahcarla,TikTok,gue liat ini ya udah lah ya,2024-12-23 15:22:10,netral,gue liat ya udah ya
fmaryati,TikTok,jujurly lucu banget sih ini 😭,2024-12-23 15:15:00,positif,jujurly lucu banget sih
bellafarida,TikTok,hmm no comment deh,2024-12-23 15:50:10,netral,hmm no comment deh
herupradipta,TikTok,"ceramahnya tetep dapet kok, relax aja guys",2024-12-23 15:20:34,positif,ceramah tetep dapet relax aja guys
ilyasrahimah,TikTok,jujurly lucu banget sih ini 😭,2024-12-23 15:53:59,positif,jujurly lucu banget sih
tarihoranimam,TikTok,"bener juga sih, kadang netizen terlalu baper",2024-12-23 15:08:38,positif,bener sih kadang netizen baper
doktaviani,TikTok,ceramah apaan malah ngehina,2024-12-23 15:16:02,negatif,ceramah ngehina
lhakim,TikTok,hmm no comment deh,2024-12-23 15:21:05,netral,hmm no comment deh
sarah69,TikTok,gw setuju sih ama omongannya gus,2024-12-23 15:44:17,positif,gw tuju sih ama omong gus
vicky34,TikTok,"ga lucu, malah nyakitin hati yg jualan",2024-12-23 15:09:26,negatif,ga lucu nyakitin hati yg jual
lukitasiregar,TikTok,hmm no comment deh,2024-12-23 15:29:33,netral,hmm no comment deh
keisha78,TikTok,tergantung yg nonton juga sih,2024-12-23 15:08:55,netral,gantung yg nonton sih
yusufsiregar,TikTok,biar agak keras tapi niatnya baik kok,2024-12-23 15:22:53,positif,biar keras niat
rosman08,TikTok,biasa aja sih,2024-12-23 15:20:37,netral,aja sih
adriansyahmartani,TikTok,hmm no comment deh,2024-12-23 15:54:17,netral,hmm no comment deh
ardiantodarmanto,TikTok,ceramah apaan malah ngehina,2024-12-23 15:45:56,negatif,ceramah ngehina
mahendradacin,TikTok,tergantung yg nonton juga sih,2024-12-23 15:15:42,netral,gantung yg nonton sih
namagagamblang,TikTok,waduh ini sih udah kelewat batas,2024-12-23 15:19:34,negatif,sih udah lewat batas
kayla80,TikTok,biasa aja sih,2024-12-23 15:20:01,netral,aja sih
puspapangestu,TikTok,jujurly lucu banget sih ini 😭,2024-12-23 15:21:46,positif,jujurly lucu banget sih
sakuranasyidah,TikTok,gw setuju sih ama omongannya gus,2024-12-23 15:39:53,positif,gw tuju sih ama omong gus
darmanto43,TikTok,waduh ini sih udah kelewat batas,2024-12-23 15:13:49,negatif,sih udah lewat batas
zulfa66,TikTok,gw setuju sih ama omongannya gus,2024-12-23 15:52:01,positif,gw tuju sih ama omong gus
sinagapaiman,TikTok,hmm no comment deh,2024-12-23 15:27:46,netral,hmm no comment deh
ratnathamrin,TikTok,hmm no comment deh,2024-12-23 15:50:41,netral,hmm no comment deh
dgunarto,TikTok,ga sopan bgt ngomong gitu,2024-12-23 15:17:27,negatif,ga sopan bgt ngomong gitu
salimah31,TikTok,bisa2 jualan es teh jd insecure 😓,2024-12-23 15:18:27,negatif,jual es teh jd insecure
omar22,TikTok,biasa aja sih,2024-12-23 15:10:20,netral,aja sih
daru64,TikTok,gue liat ini ya udah lah ya,2024-12-23 15:40:09,netral,gue liat ya udah ya
viktorpuspita,TikTok,gue liat ini ya udah lah ya,2024-12-23 15:21:29,netral,gue liat ya udah ya
wardi25,TikTok,gue liat ini ya udah lah ya,2024-12-23 15:42:21,netral,gue liat ya udah ya
cakrawala13,TikTok,masih netral aja sih gw liatnya,2024-12-23 15:57:10,netral,netral aja sih gw liat
yessi44,TikTok,bisa2 jualan es teh jd insecure 😓,2024-12-23 15:06:53,negatif,jual es teh jd insecure
ratna78,TikTok,hmm no comment deh,2024-12-23 15:23:36,netral,hmm no comment deh
karya87,TikTok,ga sopan bgt ngomong gitu,2024-12-23 15:47:07,negatif,ga sopan bgt ngomong gitu
rahayuhamima,TikTok,bisa2 jualan es teh jd insecure 😓,2024-12-23 15:00:56,negatif,jual es teh jd insecure
devi56,TikTok,masih netral aja sih gw liatnya,2024-12-23 15:49:08,netral,netral aja sih gw liat
ifirgantoro,TikTok,"ceramahnya tetep dapet kok, relax aja guys",2024-12-23 15:17:02,positif,ceramah tetep dapet relax aja guys
irwannatsir,TikTok,ga tau mau bilang apa,2024-12-23 15:44:06,netral,ga tau bilang
bala97,TikTok,gue liat ini ya udah lah ya,2024-12-23 15:39:18,netral,gue liat ya udah ya
simanjuntakgandi,TikTok,biar agak keras tapi niatnya baik kok,2024-12-23 15:19:26,positif,biar keras niat
iardianto,TikTok,"ceramahnya tetep dapet kok, relax aja guys",2024-12-23 15:07:16,positif,ceramah tetep dapet relax aja guys
hesti14,TikTok,gw setuju sih ama omongannya gus,2024-12-23 15:38:27,positif,gw tuju sih ama omong gus
permatagina,TikTok,gue liat ini ya udah lah ya,2024-12-23 15:27:33,netral,gue liat ya udah ya
raden80,TikTok,gw setuju sih ama omongannya gus,2024-12-23 15:10:33,positif,gw tuju sih ama omong gus
najmudinlidya,TikTok,"bener juga sih, kadang netizen terlalu baper",2024-12-23 15:03:08,positif,bener sih kadang netizen baper
tugiman75,TikTok,"ga lucu, malah nyakitin hati yg jualan",2024-12-23 15:44:09,negatif,ga lucu nyakitin hati yg jual
warsasalahudin,TikTok,gus miftah harus minta maaf sih ini,2024-12-23 15:26:30,negatif,gus miftah maaf sih
kusmawatiputu,TikTok,waduh ini sih udah kelewat batas,2024-12-23 15:12:12,negatif,sih udah lewat batas
situmorangtira,TikTok,ni gus emg ada aja kelakuannya 😂,2024-12-23 15:19:34,positif,ni gus emg aja laku
victoriatarihoran,TikTok,ga sopan bgt ngomong gitu,2024-12-23 15:50:39,negatif,ga sopan bgt ngomong gitu
vino59,TikTok,bisa2 jualan es teh jd insecure 😓,2024-12-23 15:10:58,negatif,jual es teh jd insecure
tari35,TikTok,tergantung yg nonton juga sih,2024-12-23 15:52:51,netral,gantung yg nonton sih
lestarisoleh,TikTok,ceramah apaan malah ngehina,2024-12-23 15:53:52,negatif,ceramah ngehina
luthfisiregar,TikTok,ga sopan bgt ngomong gitu,2024-12-23 15:31:02,negatif,ga sopan bgt ngomong gitu
zsihotang,TikTok,"bener juga sih, kadang netizen terlalu baper",2024-12-23 15:56:02,positif,bener sih kadang netizen baper
ukuswoyo,TikTok,gus miftah harus minta maaf sih ini,2024-12-23 15:36:56,negatif,gus miftah maaf sih
owijayanti,TikTok,gue liat ini ya udah lah ya,2024-12-23 15:12:12,netral,gue liat ya udah ya
galuh12,TikTok,"bener juga sih, kadang netizen terlalu baper",2024-12-23 15:54:01,positif,bener sih kadang netizen baper
mustikakuswandari,TikTok,gue liat ini ya udah lah ya,2024-12-23 15:00:43,netral,gue liat ya udah ya
faridalaila,TikTok,ceramah apaan malah ngehina,2024-12-23 15:48:53,negatif,ceramah ngehina
halimahkoko,TikTok,ni gus emg ada aja kelakuannya 😂,2024-12-23 15:20:33,positif,ni gus emg aja laku
cahyo13,TikTok,masih netral aja sih gw liatnya,2024-12-23 15:14:51,netral,netral aja sih gw liat
putripradana,TikTok,ga sopan bgt ngomong gitu,2024-12-23 15:16:02,negatif,ga sopan bgt ngomong gitu
brahayu,TikTok,gue liat ini ya udah lah ya,2024-12-23 15:54:18,netral,gue liat ya udah ya
ikusmawati,TikTok,bisa2 jualan es teh jd insecure 😓,2024-12-23 15:22:10,negatif,jual es teh jd insecure
labuhastuti,TikTok,jujurly lucu banget sih ini 😭,2024-12-23 15:28:14,positif,jujurly lucu banget sih
ajeng50,TikTok,biar agak keras tapi niatnya baik kok,2024-12-23 15:32:24,positif,biar keras niat
hyuliarti,TikTok,bisa2 jualan es teh jd insecure 😓,2024-12-23 15:50:29,negatif,jual es teh jd insecure
harimurtiardianto,TikTok,gw setuju sih ama omongannya gus,2024-12-23 15:11:47,positif,gw tuju sih ama omong gus
vpratama,TikTok,waduh ini sih udah kelewat batas,2024-12-23 15:45:34,negatif,sih udah lewat batas
virman39,TikTok,biar agak keras tapi niatnya baik kok,2024-12-23 15:32:58,positif,biar keras niat
lriyanti,TikTok,ga sopan bgt ngomong gitu,2024-12-23 15:53:19,negatif,ga sopan bgt ngomong gitu
surya89,TikTok,waduh ini sih udah kelewat batas,2024-12-23 15:18:02,negatif,sih udah lewat batas
arajata,TikTok,waduh ini sih udah kelewat batas,2024-12-23 15:10:43,negatif,sih udah lewat batas
tomi26,TikTok,"bener juga sih, kadang netizen terlalu baper",2024-12-23 15:51:12,positif,bener sih kadang netizen baper
radenhakim,TikTok,gue liat ini ya udah lah ya,2024-12-23 15:13:21,netral,gue liat ya udah ya
aris27,TikTok,jujurly lucu banget sih ini 😭,2024-12-23 15:23:55,positif,jujurly lucu banget sih
ginawaskita,TikTok,masih netral aja sih gw liatnya,2024-12-23 15:47:31,netral,netral aja sih gw liat
mutia41,TikTok,gue liat ini ya udah lah ya,2024-12-23 15:39:43,netral,gue liat ya udah ya
xwibisono,TikTok,bisa2 jualan es teh jd insecure 😓,2024-12-23 15:05:57,negatif,jual es teh jd insecure
malikamarbun,TikTok,ni gus emg ada aja kelakuannya 😂,2024-12-23 15:50:38,positif,ni gus emg aja laku
maryadipraba,TikTok,waduh ini sih udah kelewat batas,2024-12-23 15:51:07,negatif,sih udah lewat batas
anamaga,TikTok,biasa aja sih,2024-12-23 15:57:51,netral,aja sih
padmasariajiman,TikTok,hmm no comment deh,2024-12-23 15:13:55,netral,hmm no comment deh
kiandrasaefullah,TikTok,"ga lucu, malah nyakitin hati yg jualan",2024-12-23 15:32:38,negatif,ga lucu nyakitin hati yg jual
hakimsiska,TikTok,waduh ini sih udah kelewat batas,2024-12-23 15:34:23,negatif,sih udah lewat batas
balamantri32,TikTok,"bener juga sih, kadang netizen terlalu baper",2024-12-23 15:35:04,positif,bener sih kadang netizen baper
wibisonochelsea,TikTok,waduh ini sih udah kelewat batas,2024-12-23 15:47:29,negatif,sih udah lewat batas
gabriellasitorus,TikTok,biasa aja sih,2024-12-23 15:19:06,netral,aja sih
prasetyaumaya,TikTok,tergantung yg nonton juga sih,2024-12-23 15:46:59,netral,gantung yg nonton sih
mutia79,TikTok,ga tau mau bilang apa,2024-12-23 15:43:57,netral,ga tau bilang
cawisonopangestu,TikTok,ceramah apaan malah ngehina,2024-12-23 15:14:17,negatif,ceramah ngehina
maryaticaturangga,TikTok,masih netral aja sih gw liatnya,2024-12-23 15:56:13,netral,netral aja sih gw liat
jnasyiah,TikTok,biasa aja sih,2024-12-23 15:15:52,netral,aja sih
alambanabudiyanto,TikTok,"ga lucu, malah nyakitin hati yg jualan",2024-12-23 15:47:33,negatif,ga lucu nyakitin hati yg jual
bwidodo,TikTok,waduh ini sih udah kelewat batas,2024-12-23 15:28:46,negatif,sih udah lewat batas
simanjuntakgalang,TikTok,bisa2 jualan es teh jd insecure 😓,2024-12-23 15:29:11,negatif,jual es teh jd insecure
galarwahyudin,TikTok,ga tau mau bilang apa,2024-12-23 15:34:34,netral,ga tau bilang
hfujiati,TikTok,waduh ini sih udah kelewat batas,2024-12-23 15:50:13,negatif,sih udah lewat batas
vegaaryani,TikTok,gw setuju sih ama omongannya gus,2024-12-23 15:13:47,positif,gw tuju sih ama omong gus
prakasamaria,TikTok,masih netral aja sih gw liatnya,2024-12-23 15:08:53,netral,netral aja sih gw liat
budimandiah,TikTok,"ga lucu, malah nyakitin hati yg jualan",2024-12-23 15:09:42,negatif,ga lucu nyakitin hati yg jual
langgengwahyuni,TikTok,gue liat ini ya udah lah ya,2024-12-23 15:59:50,netral,gue liat ya udah ya
bkuswandari,TikTok,tergantung yg nonton juga sih,2024-12-23 15:46:29,netral,gantung yg nonton sih
galih91,TikTok,"ceramahnya tetep dapet kok, relax aja guys",2024-12-23 15:40:13,positif,ceramah tetep dapet relax aja guys
harjaya32,TikTok,biar agak keras tapi niatnya baik kok,2024-12-23 15:11:02,positif,biar keras niat
mangunsongzaenab,TikTok,ga tau mau bilang apa,2024-12-23 15:22:37,netral,ga tau bilang
aurora16,TikTok,"bener juga sih, kadang netizen terlalu baper",2024-12-23 15:08:37,positif,bener sih kadang netizen baper
mursitasiregar,TikTok,"ceramahnya tetep dapet kok, relax aja guys",2024-12-23 15:23:33,positif,ceramah tetep dapet relax aja guys
asirwada88,TikTok,tergantung yg nonton juga sih,2024-12-23 15:14:11,netral,gantung yg nonton sih
fujiatijagapati,TikTok,"bener juga sih, kadang netizen terlalu baper",2024-12-23 15:42:55,positif,bener sih kadang netizen baper
banawa21,TikTok,bisa2 jualan es teh jd insecure 😓,2024-12-23 15:52:56,negatif,jual es teh jd insecure
andrianisalsabila,TikTok,tergantung yg nonton juga sih,2024-12-23 15:40:04,netral,gantung yg nonton sih
iusamah,TikTok,"ga lucu, malah nyakitin hati yg jualan",2024-12-23 15:42:09,negatif,ga lucu nyakitin hati yg jual
tasdik09,TikTok,biar agak keras tapi niatnya baik kok,2024-12-23 15:12:35,positif,biar keras niat
maheswaradaliman,TikTok,biasa aja sih,2024-12-23 15:57:51,netral,aja sih
praba12,TikTok,gw setuju sih ama omongannya gus,2024-12-23 15:44:03,positif,gw tuju sih ama omong gus
prayogadina,TikTok,hmm no comment deh,2024-12-23 15:33:14,netral,hmm no comment deh
lanjar15,TikTok,ga tau mau bilang apa,2024-12-23 15:20:54,netral,ga tau bilang
utamisabrina,TikTok,ni gus emg ada aja kelakuannya 😂,2024-12-23 15:32:20,positif,ni gus emg aja laku
galurhartati,TikTok,jujurly lucu banget sih ini 😭,2024-12-23 15:04:41,positif,jujurly lucu banget sih
novihutasoit,TikTok,gue liat ini ya udah lah ya,2024-12-23 15:09:37,netral,gue liat ya udah ya
cintasitompul,TikTok,"bener juga sih, kadang netizen terlalu baper",2024-12-23 15:35:45,positif,bener sih kadang netizen baper
rajasarika,TikTok,gue liat ini ya udah lah ya,2024-12-23 15:16:52,netral,gue liat ya udah ya
mardhiyahvera,TikTok,ceramah apaan malah ngehina,2024-12-23 15:15:43,negatif,ceramah ngehina
chandraiswahyudi,TikTok,"ceramahnya tetep dapet kok, relax aja guys",2024-12-23 15:18:42,positif,ceramah tetep dapet relax aja guys
kwahyudin,TikTok,gue liat ini ya udah lah ya,2024-12-23 15:53:59,netral,gue liat ya udah ya
saefullahgaluh,TikTok,gue liat ini ya udah lah ya,2024-12-23 15:04:55,netral,gue liat ya udah ya
titimaulana,TikTok,"ga lucu, malah nyakitin hati yg jualan",2024-12-23 15:23:47,negatif,ga lucu nyakitin hati yg jual
dhalim,TikTok,gw setuju sih ama omongannya gus,2024-12-23 15:35:49,positif,gw tuju sih ama omong gus
umaya02,TikTok,ceramah apaan malah ngehina,2024-12-23 15:22:36,negatif,ceramah ngehina
karimanprasetyo,TikTok,ni gus emg ada aja kelakuannya 😂,2024-12-23 15:36:37,positif,ni gus emg aja laku
widodoibrahim,TikTok,gue liat ini ya udah lah ya,2024-12-23 15:39:20,netral,gue liat ya udah ya
karimanmahendra,TikTok,gus miftah harus minta maaf sih ini,2024-12-23 15:50:11,negatif,gus miftah maaf sih
saiful97,TikTok,"bener juga sih, kadang netizen terlalu baper",2024-12-23 15:23:36,positif,bener sih kadang netizen baper
drahimah,TikTok,ni gus emg ada aja kelakuannya 😂,2024-12-23 15:54:28,positif,ni gus emg aja laku
maryadimaya,TikTok,gus miftah harus minta maaf sih ini,2024-12-23 15:41:01,negatif,gus miftah maaf sih
tfujiati,TikTok,gw setuju sih ama omongannya gus,2024-12-23 15:18:04,positif,gw tuju sih ama omong gus
samiah16,TikTok,"ga lucu, malah nyakitin hati yg jualan",2024-12-23 15:09:10,negatif,ga lucu nyakitin hati yg jual
parmanhassanah,TikTok,jujurly lucu banget sih ini 😭,2024-12-23 15:41:20,positif,jujurly lucu banget sih
pardi77,TikTok,tergantung yg nonton juga sih,2024-12-23 15:28:22,netral,gantung yg nonton sih
vdabukke,TikTok,waduh ini sih udah kelewat batas,2024-12-23 15:37:13,negatif,sih udah lewat batas
sadriansyah,TikTok,waduh ini sih udah kelewat batas,2024-12-23 15:25:40,negatif,sih udah lewat batas
rendy05,TikTok,biasa aja sih,2024-12-23 15:54:34,netral,aja sih
ymansur,TikTok,ga tau mau bilang apa,2024-12-23 15:06:58,netral,ga tau bilang
isitorus,TikTok,"ceramahnya tetep dapet kok, relax aja guys",2024-12-23 15:26:23,positif,ceramah tetep dapet relax aja guys
kamaria81,TikTok,hmm no comment deh,2024-12-23 15:25:55,netral,hmm no comment deh
knovitasari,TikTok,"ga lucu, malah nyakitin hati yg jualan",2024-12-23 15:00:51,negatif,ga lucu nyakitin hati yg jual
simonpadmasari,TikTok,gue liat ini ya udah lah ya,2024-12-23 15:11:15,netral,gue liat ya udah ya
rdamanik,TikTok,"ceramahnya tetep dapet kok, relax aja guys",2024-12-23 15:57:07,positif,ceramah tetep dapet relax aja guys
gadangpradipta,TikTok,gus miftah harus minta maaf sih ini,2024-12-23 15:05:59,negatif,gus miftah maaf sih
endrapadmasari,TikTok,ga tau mau bilang apa,2024-12-23 15:49:25,netral,ga tau bilang
lintang24,TikTok,"ga lucu, malah nyakitin hati yg jualan",2024-12-23 15:53:52,negatif,ga lucu nyakitin hati yg jual
usyinugroho,TikTok,bisa2 jualan es teh jd insecure 😓,2024-12-23 15:03:13,negatif,jual es teh jd insecure
karmanrahayu,TikTok,ga tau mau bilang apa,2024-12-23 15:57:21,netral,ga tau bilang
anamarpaung,TikTok,biar agak keras tapi niatnya baik kok,2024-12-23 15:24:21,positif,biar keras niat
manullangdewi,TikTok,gus miftah harus minta maaf sih ini,2024-12-23 15:05:28,negatif,gus miftah maaf sih
luluh25,TikTok,ga tau mau bilang apa,2024-12-23 15:36:34,netral,ga tau bilang
lasmonopermadi,TikTok,ga tau mau bilang apa,2024-12-23 15:44:39,netral,ga tau bilang
gandewa24,TikTok,ga tau mau bilang apa,2024-12-23 15:07:43,netral,ga tau bilang
narji24,TikTok,gue liat ini ya udah lah ya,2024-12-23 15:38:12,netral,gue liat ya udah ya
fitrialaksita,TikTok,masih netral aja sih gw liatnya,2024-12-23 15:11:29,netral,netral aja sih gw liat
lailamulyani,TikTok,gus miftah harus minta maaf sih ini,2024-12-23 15:52:51,negatif,gus miftah maaf sih
ekayulianti,TikTok,ni gus emg ada aja kelakuannya 😂,2024-12-23 15:07:03,positif,ni gus emg aja laku
perkasa59,TikTok,jujurly lucu banget sih ini 😭,2024-12-23 15:47:23,positif,jujurly lucu banget sih
gaiman86,TikTok,biasa aja sih,2024-12-23 15:00:43,netral,aja sih
milasitumorang,TikTok,biasa aja sih,2024-12-23 15:32:35,netral,aja sih
prasetyasalwa,TikTok,"ga lucu, malah nyakitin hati yg jualan",2024-12-23 15:13:00,negatif,ga lucu nyakitin hati yg jual
wadimayasari,TikTok,jujurly lucu banget sih ini 😭,2024-12-23 15:51:20,positif,jujurly lucu banget sih
galangpradana,TikTok,waduh ini sih udah kelewat batas,2024-12-23 15:36:23,negatif,sih udah lewat batas
hariyahrosman,TikTok,bisa2 jualan es teh jd insecure 😓,2024-12-23 15:31:31,negatif,jual es teh jd insecure
simanjuntakvanesa,TikTok,bisa2 jualan es teh jd insecure 😓,2024-12-23 15:30:06,negatif,jual es teh jd insecure
dyulianti,TikTok,biar agak keras tapi niatnya baik kok,2024-12-23 15:10:50,positif,biar keras niat
suryamelani,TikTok,"bener juga sih, kadang netizen terlalu baper",2024-12-23 15:08:16,positif,bener sih kadang netizen baper
darmansiregar,TikTok,biasa aja sih,2024-12-23 15:54:19,netral,aja sih
sudiatimelinda,TikTok,ni gus emg ada aja kelakuannya 😂,2024-12-23 15:18:36,positif,ni gus emg aja laku
xwinarno,TikTok,biasa aja sih,2024-12-23 15:07:30,netral,aja sih
cengkalyulianti,TikTok,"ceramahnya tetep dapet kok, relax aja guys",2024-12-23 15:44:20,positif,ceramah tetep dapet relax aja guys
skurniawan,TikTok,hmm no comment deh,2024-12-23 15:59:41,netral,hmm no comment deh
jagaraga41,TikTok,biar agak keras tapi niatnya baik kok,2024-12-23 15:38:04,positif,biar keras niat
wahyuhassanah,TikTok,biasa aja sih,2024-12-23 15:52:53,netral,aja sih
adityapratiwi,TikTok,ceramah apaan malah ngehina,2024-12-23 15:06:12,negatif,ceramah ngehina
fsihombing,TikTok,jujurly lucu banget sih ini 😭,2024-12-23 15:17:22,positif,jujurly lucu banget sih
eko53,TikTok,ni gus emg ada aja kelakuannya 😂,2024-12-23 15:46:31,positif,ni gus emg aja laku
rahmawatighaliyati,TikTok,ga sopan bgt ngomong gitu,2024-12-23 15:14:40,negatif,ga sopan bgt ngomong gitu
nardiwahyuni,TikTok,gue liat ini ya udah lah ya,2024-12-23 15:10:45,netral,gue liat ya udah ya
nashiruddinzulaikha,TikTok,hmm no comment deh,2024-12-23 15:41:55,netral,hmm no comment deh
thutasoit,TikTok,ni gus emg ada aja kelakuannya 😂,2024-12-23 15:37:23,positif,ni gus emg aja laku
gsimbolon,TikTok,bisa2 jualan es teh jd insecure 😓,2024-12-23 15:45:00,negatif,jual es teh jd insecure
hastutiwardi,TikTok,"ga lucu, malah nyakitin hati yg jualan",2024-12-23 15:36:09,negatif,ga lucu nyakitin hati yg jual
mursita83,TikTok,waduh ini sih udah kelewat batas,2024-12-23 15:48:26,negatif,sih udah lewat batas
karsanasudiati,TikTok,"bener juga sih, kadang netizen terlalu baper",2024-12-23 15:42:36,positif,bener sih kadang netizen baper
xthamrin,TikTok,ni gus emg ada aja kelakuannya 😂,2024-12-23 15:59:01,positif,ni gus emg aja laku
nasab60,TikTok,gus miftah harus minta maaf sih ini,2024-12-23 15:38:15,negatif,gus miftah maaf sih
megantarakasiran,TikTok,hmm no comment deh,2024-12-23 15:24:51,netral,hmm no comment deh
nilamwibisono,TikTok,ceramah apaan malah ngehina,2024-12-23 15:31:17,negatif,ceramah ngehina
yuliantijais,TikTok,"ga lucu, malah nyakitin hati yg jualan",2024-12-23 15:29:13,negatif,ga lucu nyakitin hati yg jual
rinasinaga,TikTok,"ga lucu, malah nyakitin hati yg jualan",2024-12-23 15:48:53,negatif,ga lucu nyakitin hati yg jual
adenashiruddin,TikTok,"ga lucu, malah nyakitin hati yg jualan",2024-12-23 15:37:41,negatif,ga lucu nyakitin hati yg jual
umaya34,TikTok,ceramah apaan malah ngehina,2024-12-23 15:12:36,negatif,ceramah ngehina
cinthia99,TikTok,hmm no comment deh,2024-12-23 15:01:07,netral,hmm no comment deh
onababan,TikTok,ga tau mau bilang apa,2024-12-23 15:56:05,netral,ga tau bilang
lantarfujiati,TikTok,hmm no comment deh,2024-12-23 15:21:41,netral,hmm no comment deh
prasetyomariadi,TikTok,ga tau mau bilang apa,2024-12-23 15:26:21,netral,ga tau bilang
uyainahperkasa,TikTok,masih netral aja sih gw liatnya,2024-12-23 15:38:06,netral,netral aja sih gw liat
cakrabuana95,TikTok,jujurly lucu banget sih ini 😭,2024-12-23 15:37:39,positif,jujurly lucu banget sih
gzulaika,TikTok,ni gus emg ada aja kelakuannya 😂,2024-12-23 15:47:10,positif,ni gus emg aja laku
wnurdiyanti,TikTok,hmm no comment deh,2024-12-23 15:45:43,netral,hmm no comment deh
hardiansyahjasmani,TikTok,"bener juga sih, kadang netizen terlalu baper",2024-12-23 15:18:33,positif,bener sih kadang netizen baper
winarsihmursinin,TikTok,ga tau mau bilang apa,2024-12-23 15:36:17,netral,ga tau bilang
gilang83,TikTok,hmm no comment deh,2024-12-23 15:26:28,netral,hmm no comment deh
iwahyuni,TikTok,tergantung yg nonton juga sih,2024-12-23 15:43:06,netral,gantung yg nonton sih
martakajanuar,TikTok,"ga lucu, malah nyakitin hati yg jualan",2024-12-23 15:52:44,negatif,ga lucu nyakitin hati yg jual
hendri46,TikTok,"ceramahnya tetep dapet kok, relax aja guys",2024-12-23 15:35:25,positif,ceramah tetep dapet relax aja guys
tsalahudin,TikTok,ceramah apaan malah ngehina,2024-12-23 15:49:47,negatif,ceramah ngehina
parmansiregar,TikTok,"ceramahnya tetep dapet kok, relax aja guys",2024-12-23 15:01:27,positif,ceramah tetep dapet relax aja guys
tkusumo,TikTok,"ga lucu, malah nyakitin hati yg jualan",2024-12-23 15:34:51,negatif,ga lucu nyakitin hati yg jual
mulyanilidya,TikTok,bisa2 jualan es teh jd insecure 😓,2024-12-23 15:20:45,negatif,jual es teh jd insecure
osafitri,TikTok,ga tau mau bilang apa,2024-12-23 15:04:22,netral,ga tau bilang
panca13,TikTok,hmm no comment deh,2024-12-23 15:11:09,netral,hmm no comment deh
balijan09,TikTok,"bener juga sih, kadang netizen terlalu baper",2024-12-23 15:00:14,positif,bener sih kadang netizen baper
napitupulucemani,TikTok,gw setuju sih ama omongannya gus,2024-12-23 15:34:16,positif,gw tuju sih ama omong gus
ramadanalambana,TikTok,ceramah apaan malah ngehina,2024-12-23 15:33:53,negatif,ceramah ngehina
yulianasuryono,TikTok,bisa2 jualan es teh jd insecure 😓,2024-12-23 15:03:22,negatif,jual es teh jd insecure
edison87,TikTok,ni gus emg ada aja kelakuannya 😂,2024-12-23 15:49:25,positif,ni gus emg aja laku
habibiwadi,TikTok,gw setuju sih ama omongannya gus,2024-12-23 15:03:17,positif,gw tuju sih ama omong gus
pradanagilda,TikTok,"bener juga sih, kadang netizen terlalu baper",2024-12-23 15:36:04,positif,bener sih kadang netizen baper
damuzulkarnain,TikTok,jujurly lucu banget sih ini 😭,2024-12-23 15:18:37,positif,jujurly lucu banget sih
jhutagalung,TikTok,"bener juga sih, kadang netizen terlalu baper",2024-12-23 15:52:50,positif,bener sih kadang netizen baper
carla75,TikTok,biasa aja sih,2024-12-23 15:23:20,netral,aja sih
mardhiyahajimin,TikTok,"ga lucu, malah nyakitin hati yg jualan",2024-12-23 15:05:20,negatif,ga lucu nyakitin hati yg jual
elmalatupono,TikTok,jujurly lucu banget sih ini 😭,2024-12-23 15:00:34,positif,jujurly lucu banget sih
kusmawatiwage,TikTok,tergantung yg nonton juga sih,2024-12-23 15:02:09,netral,gantung yg nonton sih
garaprasetya,TikTok,"ceramahnya tetep dapet kok, relax aja guys",2024-12-23 15:07:08,positif,ceramah tetep dapet relax aja guys
candriani,TikTok,"ga lucu, malah nyakitin hati yg jualan",2024-12-23 15:45:38,negatif,ga lucu nyakitin hati yg jual
zulaikanalar,TikTok,biar agak keras tapi niatnya baik kok,2024-12-23 15:40:40,positif,biar keras niat
adriansyahyani,TikTok,biasa aja sih,2024-12-23 15:48:22,netral,aja sih
intan07,TikTok,biar agak keras tapi niatnya baik kok,2024-12-23 15:25:43,positif,biar keras niat
dipayuniar,TikTok,biar agak keras tapi niatnya baik kok,2024-12-23 15:49:55,positif,biar keras niat
sihombinggandewa,TikTok,"bener juga sih, kadang netizen terlalu baper",2024-12-23 15:59:51,positif,bener sih kadang netizen baper
ejathamrin,TikTok,biar agak keras tapi niatnya baik kok,2024-12-23 15:04:37,positif,biar keras niat
novi03,TikTok,ni gus emg ada aja kelakuannya 😂,2024-12-23 15:53:16,positif,ni gus emg aja laku
dandriani,TikTok,gw setuju sih ama omongannya gus,2024-12-23 15:04:37,positif,gw tuju sih ama omong gus
salahudinadiarja,TikTok,ga sopan bgt ngomong gitu,2024-12-23 15:18:23,negatif,ga sopan bgt ngomong gitu
reza26,TikTok,tergantung yg nonton juga sih,2024-12-23 15:19:09,netral,gantung yg nonton sih
abyasa13,TikTok,jujurly lucu banget sih ini 😭,2024-12-23 15:12:56,positif,jujurly lucu banget sih
harsaya35,TikTok,jujurly lucu banget sih ini 😭,2024-12-23 15:29:24,positif,jujurly lucu banget sih
kgunarto,TikTok,"ga lucu, malah nyakitin hati yg jualan",2024-12-23 15:11:49,negatif,ga lucu nyakitin hati yg jual
faizahgunarto,TikTok,gue liat ini ya udah lah ya,2024-12-23 15:44:45,netral,gue liat ya udah ya
qmarbun,TikTok,ga sopan bgt ngomong gitu,2024-12-23 15:19:41,negatif,ga sopan bgt ngomong gitu
situmorangnrima,TikTok,jujurly lucu banget sih ini 😭,2024-12-23 15:33:04,positif,jujurly lucu banget sih
rrahimah,TikTok,ga sopan bgt ngomong gitu,2024-12-23 15:08:38,negatif,ga sopan bgt ngomong gitu
bwahyudin,TikTok,ga sopan bgt ngomong gitu,2024-12-23 15:21:53,negatif,ga sopan bgt ngomong gitu
cmustofa,TikTok,ni gus emg ada aja kelakuannya 😂,2024-12-23 15:54:17,positif,ni gus emg aja laku
najibwidodo,TikTok,gus miftah harus minta maaf sih ini,2024-12-23 15:13:02,negatif,gus miftah maaf sih
damumustofa,TikTok,bisa2 jualan es teh jd insecure 😓,2024-12-23 15:49:15,negatif,jual es teh jd insecure
wastutiindra,TikTok,masih netral aja sih gw liatnya,2024-12-23 15:53:42,netral,netral aja sih gw liat
kurniawanmutia,TikTok,biar agak keras tapi niatnya baik kok,2024-12-23 15:55:48,positif,biar keras niat
hari02,TikTok,"ga lucu, malah nyakitin hati yg jualan",2024-12-23 15:28:36,negatif,ga lucu nyakitin hati yg jual
mustofaluthfi,TikTok,gus miftah harus minta maaf sih ini,2024-12-23 15:42:01,negatif,gus miftah maaf sih
sinagaibun,TikTok,ga tau mau bilang apa,2024-12-23 15:26:12,netral,ga tau bilang
candraardianto,TikTok,ga sopan bgt ngomong gitu,2024-12-23 15:24:42,negatif,ga sopan bgt ngomong gitu
mangunsongharjasa,TikTok,gw setuju sih ama omongannya gus,2024-12-23 15:44:44,positif,gw tuju sih ama omong gus
mandalaida,TikTok,ni gus emg ada aja kelakuannya 😂,2024-12-23 15:23:59,positif,ni gus emg aja laku
nalaragustina,TikTok,ni gus emg ada aja kelakuannya 😂,2024-12-23 15:47:22,positif,ni gus emg aja laku
aisyah96,TikTok,masih netral aja sih gw liatnya,2024-12-23 15:17:22,netral,netral aja sih gw liat
emarpaung,TikTok,ni gus emg ada aja kelakuannya 😂,2024-12-23 15:11:39,positif,ni gus emg aja laku
tasnim60,TikTok,ga sopan bgt ngomong gitu,2024-12-23 15:51:15,negatif,ga sopan bgt ngomong gitu
yuniarhilda,TikTok,ga sopan bgt ngomong gitu,2024-12-23 15:17:36,negatif,ga sopan bgt ngomong gitu
bmanullang,TikTok,waduh ini sih udah kelewat batas,2024-12-23 15:03:42,negatif,sih udah lewat batas
nasyiahdaru,TikTok,masih netral aja sih gw liatnya,2024-12-23 15:33:00,netral,netral aja sih gw liat
uwijaya,TikTok,"bener juga sih, kadang netizen terlalu baper",2024-12-23 15:03:18,positif,bener sih kadang netizen baper
lidyaprastuti,TikTok,"ceramahnya tetep dapet kok, relax aja guys",2024-12-23 15:16:48,positif,ceramah tetep dapet relax aja guys
ridwan59,TikTok,waduh ini sih udah kelewat batas,2024-12-23 15:45:03,negatif,sih udah lewat batas
waluyogaiman,TikTok,"bener juga sih, kadang netizen terlalu baper",2024-12-23 15:37:36,positif,bener sih kadang netizen baper
maryatiwarsa,TikTok,gus miftah harus minta maaf sih ini,2024-12-23 15:43:29,negatif,gus miftah maaf sih
zulaikha16,TikTok,gus miftah harus minta maaf sih ini,2024-12-23 15:46:25,negatif,gus miftah maaf sih
harjasa83,TikTok,ni gus emg ada aja kelakuannya 😂,2024-12-23 15:10:35,positif,ni gus emg aja laku
zulaikha55,TikTok,"bener juga sih, kadang netizen terlalu baper",2024-12-23 15:28:23,positif,bener sih kadang netizen baper
vprasetyo,TikTok,gue liat ini ya udah lah ya,2024-12-23 15:30:26,netral,gue liat ya udah ya
zprasetya,TikTok,biar agak keras tapi niatnya baik kok,2024-12-23 15:39:56,positif,biar keras niat
ttarihoran,TikTok,waduh ini sih udah kelewat batas,2024-12-23 15:14:30,negatif,sih udah lewat batas
qnatsir,TikTok,gw setuju sih ama omongannya gus,2024-12-23 15:28:31,positif,gw tuju sih ama omong gus
prakasaatmaja,TikTok,waduh ini sih udah kelewat batas,2024-12-23 15:31:27,negatif,sih udah lewat batas
jumaripurwanti,TikTok,waduh ini sih udah kelewat batas,2024-12-23 15:02:57,negatif,sih udah lewat batas
pranawanovitasari,TikTok,"ga lucu, malah nyakitin hati yg jualan",2024-12-23 15:05:37,negatif,ga lucu nyakitin hati yg jual
kurnialaksita,TikTok,ga sopan bgt ngomong gitu,2024-12-23 15:12:30,negatif,ga sopan bgt ngomong gitu
prasetyasuryatmi,TikTok,waduh ini sih udah kelewat batas,2024-12-23 15:03:36,negatif,sih udah lewat batas
ginaharyanti,TikTok,ga tau mau bilang apa,2024-12-23 15:34:56,netral,ga tau bilang
yuliantisaadat,TikTok,gw setuju sih ama omongannya gus,2024-12-23 15:50:37,positif,gw tuju sih ama omong gus
artawanmarbun,TikTok,gw setuju sih ama omongannya gus,2024-12-23 15:28:33,positif,gw tuju sih ama omong gus
uchita36,TikTok,biar agak keras tapi niatnya baik kok,2024-12-23 15:52:13,positif,biar keras niat
akarsana81,TikTok,jujurly lucu banget sih ini 😭,2024-12-23 15:44:53,positif,jujurly lucu banget sih
gandajanuar,TikTok,ga tau mau bilang apa,2024-12-23 15:49:09,netral,ga tau bilang
eli27,TikTok,ga sopan bgt ngomong gitu,2024-12-23 15:31:38,negatif,ga sopan bgt ngomong gitu
maryatiputi,TikTok,gus miftah harus minta maaf sih ini,2024-12-23 15:19:54,negatif,gus miftah maaf sih
kasiranmangunsong,TikTok,"bener juga sih, kadang netizen terlalu baper",2024-12-23 15:41:40,positif,bener sih kadang netizen baper
mustofa15,TikTok,"ceramahnya tetep dapet kok, relax aja guys",2024-12-23 15:34:44,positif,ceramah tetep dapet relax aja guys
saputracengkal,TikTok,biasa aja sih,2024-12-23 15:01:57,netral,aja sih
cengkir06,TikTok,ga tau mau bilang apa,2024-12-23 15:41:22,netral,ga tau bilang
chelsealestari,TikTok,ni gus emg ada aja kelakuannya 😂,2024-12-23 15:51:04,positif,ni gus emg aja laku
prabawa49,TikTok,gus miftah harus minta maaf sih ini,2024-12-23 15:17:13,negatif,gus miftah maaf sih
prayogakusuma,TikTok,waduh ini sih udah kelewat batas,2024-12-23 15:04:39,negatif,sih udah lewat batas
mahesa83,TikTok,biar agak keras tapi niatnya baik kok,2024-12-23 15:21:20,positif,biar keras niat
qori38,TikTok,waduh ini sih udah kelewat batas,2024-12-23 15:20:03,negatif,sih udah lewat batas
ywibisono,TikTok,ceramah apaan malah ngehina,2024-12-23 15:37:09,negatif,ceramah ngehina
banawawibisono,TikTok,"ceramahnya tetep dapet kok, relax aja guys",2024-12-23 15:00:11,positif,ceramah tetep dapet relax aja guys
prayogogunawan,TikTok,"ceramahnya tetep dapet kok, relax aja guys",2024-12-23 15:42:26,positif,ceramah tetep dapet relax aja guys
galur72,TikTok,gue liat ini ya udah lah ya,2024-12-23 15:28:33,netral,gue liat ya udah ya
tari51,TikTok,waduh ini sih udah kelewat batas,2024-12-23 15:26:07,negatif,sih udah lewat batas
rajatakarma,TikTok,waduh ini sih udah kelewat batas,2024-12-23 15:19:16,negatif,sih udah lewat batas
wisnulaksita,TikTok,jujurly lucu banget sih ini 😭,2024-12-23 15:56:24,positif,jujurly lucu banget sih
januarcakrabuana,TikTok,masih netral aja sih gw liatnya,2024-12-23 15:55:02,netral,netral aja sih gw liat
unjaniprabowo,TikTok,gw setuju sih ama omongannya gus,2024-12-23 15:34:49,positif,gw tuju sih ama omong gus
ztamba,TikTok,hmm no comment deh,2024-12-23 15:58:22,netral,hmm no comment deh
nprastuti,TikTok,gw setuju sih ama omongannya gus,2024-12-23 15:40:16,positif,gw tuju sih ama omong gus
sinagadaru,TikTok,ni gus emg ada aja kelakuannya 😂,2024-12-23 15:11:38,positif,ni gus emg aja laku
gilda68,TikTok,"ga lucu, malah nyakitin hati yg jualan",2024-12-23 15:45:48,negatif,ga lucu nyakitin hati yg jual
ksihombing,TikTok,"bener juga sih, kadang netizen terlalu baper",2024-12-23 15:10:31,positif,bener sih kadang netizen baper
anaprakasa,TikTok,bisa2 jualan es teh jd insecure 😓,2024-12-23 15:04:15,negatif,jual es teh jd insecure
inovitasari,TikTok,ga sopan bgt ngomong gitu,2024-12-23 15:36:04,negatif,ga sopan bgt ngomong gitu
eliuyainah,TikTok,tergantung yg nonton juga sih,2024-12-23 15:08:19,netral,gantung yg nonton sih
lili72,TikTok,ceramah apaan malah ngehina,2024-12-23 15:31:37,negatif,ceramah ngehina
yahya93,TikTok,ga tau mau bilang apa,2024-12-23 15:46:34,netral,ga tau bilang
habibimurti,TikTok,ga sopan bgt ngomong gitu,2024-12-23 15:37:51,negatif,ga sopan bgt ngomong gitu
ulailasari,TikTok,"bener juga sih, kadang netizen terlalu baper",2024-12-23 15:55:11,positif,bener sih kadang netizen baper
rachel81,TikTok,bisa2 jualan es teh jd insecure 😓,2024-12-23 15:00:46,negatif,jual es teh jd insecure
xsitompul,TikTok,"ga lucu, malah nyakitin hati yg jualan",2024-12-23 15:35:11,negatif,ga lucu nyakitin hati yg jual
lpurnawati,TikTok,ga sopan bgt ngomong gitu,2024-12-23 15:40:26,negatif,ga sopan bgt ngomong gitu
embuh05,TikTok,jujurly lucu banget sih ini 😭,2024-12-23 15:50:10,positif,jujurly lucu banget sih
reza72,TikTok,ga sopan bgt ngomong gitu,2024-12-23 15:54:56,negatif,ga sopan bgt ngomong gitu
asmadihartati,TikTok,biar agak keras tapi niatnya baik kok,2024-12-23 15:35:57,positif,biar keras niat
restuardianto,TikTok,biar agak keras tapi niatnya baik kok,2024-12-23 15:46:48,positif,biar keras niat
iprasetyo,TikTok,"bener juga sih, kadang netizen terlalu baper",2024-12-23 15:54:41,positif,bener sih kadang netizen baper
panjisitorus,TikTok,ni gus emg ada aja kelakuannya 😂,2024-12-23 15:34:15,positif,ni gus emg aja laku
lmaheswara,TikTok,"ga lucu, malah nyakitin hati yg jualan",2024-12-23 15:03:33,negatif,ga lucu nyakitin hati yg jual
sitompulridwan,TikTok,"bener juga sih, kadang netizen terlalu baper",2024-12-23 15:16:31,positif,bener sih kadang netizen baper
kajen57,TikTok,"bener juga sih, kadang netizen terlalu baper",2024-12-23 15:48:34,positif,bener sih kadang netizen baper
warta56,TikTok,ceramah apaan malah ngehina,2024-12-23 15:16:08,negatif,ceramah ngehina
anashiruddin,TikTok,gue liat ini ya udah lah ya,2024-12-23 15:03:48,netral,gue liat ya udah ya
malik36,TikTok,hmm no comment deh,2024-12-23 15:49:42,netral,hmm no comment deh
lalitarahimah,TikTok,gus miftah harus minta maaf sih ini,2024-12-23 15:58:38,negatif,gus miftah maaf sih
julirahmawati,TikTok,ni gus emg ada aja kelakuannya 😂,2024-12-23 15:51:50,positif,ni gus emg aja laku
bakiman34,TikTok,ga tau mau bilang apa,2024-12-23 15:27:30,netral,ga tau bilang
kenziesinaga,TikTok,bisa2 jualan es teh jd insecure 😓,2024-12-23 15:10:26,negatif,jual es teh jd insecure
luhung08,TikTok,gw setuju sih ama omongannya gus,2024-12-23 15:52:41,positif,gw tuju sih ama omong gus
ranggadabukke,TikTok,"ga lucu, malah nyakitin hati yg jualan",2024-12-23 15:57:29,negatif,ga lucu nyakitin hati yg jual
nova17,TikTok,"ceramahnya tetep dapet kok, relax aja guys",2024-12-23 15:53:13,positif,ceramah tetep dapet relax aja guys
suryatmibalapati,TikTok,bisa2 jualan es teh jd insecure 😓,2024-12-23 15:25:57,negatif,jual es teh jd insecure
sihotangluluh,TikTok,biasa aja sih,2024-12-23 15:25:05,netral,aja sih
adamanik,TikTok,"bener juga sih, kadang netizen terlalu baper",2024-12-23 15:02:55,positif,bener sih kadang netizen baper
marwatadongoran,TikTok,ceramah apaan malah ngehina,2024-12-23 15:36:17,negatif,ceramah ngehina
lamar28,TikTok,ga sopan bgt ngomong gitu,2024-12-23 15:55:04,negatif,ga sopan bgt ngomong gitu
akarsana51,TikTok,"ga lucu, malah nyakitin hati yg jualan",2024-12-23 15:51:14,negatif,ga lucu nyakitin hati yg jual
kusumoreza,TikTok,masih netral aja sih gw liatnya,2024-12-23 15:12:10,netral,netral aja sih gw liat
narjirahayu,TikTok,hmm no comment deh,2024-12-23 15:55:04,netral,hmm no comment deh
tampubolonismail,TikTok,biasa aja sih,2024-12-23 15:58:40,netral,aja sih
nlaksita,TikTok,"ceramahnya tetep dapet kok, relax aja guys",2024-12-23 15:11:39,positif,ceramah tetep dapet relax aja guys
tarihoranfitria,TikTok,"ceramahnya tetep dapet kok, relax aja guys",2024-12-23 15:37:29,positif,ceramah tetep dapet relax aja guys
fathonah19,TikTok,gus miftah harus minta maaf sih ini,2024-12-23 15:31:39,negatif,gus miftah maaf sih
puspa78,TikTok,masih netral aja sih gw liatnya,2024-12-23 15:25:18,netral,netral aja sih gw liat
uchita87,TikTok,ceramah apaan malah ngehina,2024-12-23 15:46:46,negatif,ceramah ngehina
jwahyudin,TikTok,waduh ini sih udah kelewat batas,2024-12-23 15:49:29,negatif,sih udah lewat batas
hardiwacana,TikTok,gw setuju sih ama omongannya gus,2024-12-23 15:55:34,positif,gw tuju sih ama omong gus
wirdahardiansyah,TikTok,ni gus emg ada aja kelakuannya 😂,2024-12-23 15:15:17,positif,ni gus emg aja laku
omarbun,TikTok,"bener juga sih, kadang netizen terlalu baper",2024-12-23 15:29:15,positif,bener sih kadang netizen baper
sihombingrendy,TikTok,tergantung yg nonton juga sih,2024-12-23 15:48:10,netral,gantung yg nonton sih
ozy67,TikTok,"ga lucu, malah nyakitin hati yg jualan",2024-12-23 15:18:50,negatif,ga lucu nyakitin hati yg jual
ghandayani,TikTok,jujurly lucu banget sih ini 😭,2024-12-23 15:14:09,positif,jujurly lucu banget sih
anggabayakusmawati,TikTok,ga tau mau bilang apa,2024-12-23 15:59:07,netral,ga tau bilang
maryatirudi,TikTok,biasa aja sih,2024-12-23 15:48:40,netral,aja sih
ipudjiastuti,TikTok,biasa aja sih,2024-12-23 15:49:41,netral,aja sih
gangsar49,TikTok,waduh ini sih udah kelewat batas,2024-12-23 15:28:07,negatif,sih udah lewat batas
caturanggawidodo,TikTok,gus miftah harus minta maaf sih ini,2024-12-23 15:53:42,negatif,gus miftah maaf sih
gadingpratama,TikTok,waduh ini sih udah kelewat batas,2024-12-23 15:29:42,negatif,sih udah lewat batas
natalialestari,TikTok,tergantung yg nonton juga sih,2024-12-23 15:40:06,netral,gantung yg nonton sih
malikasihombing,TikTok,jujurly lucu banget sih ini 😭,2024-12-23 15:37:46,positif,jujurly lucu banget sih
karma04,TikTok,gus miftah harus minta maaf sih ini,2024-12-23 15:52:27,negatif,gus miftah maaf sih
dacinpermata,TikTok,masih netral aja sih gw liatnya,2024-12-23 15:15:56,netral,netral aja sih gw liat
eutami,TikTok,hmm no comment deh,2024-12-23 15:59:11,netral,hmm no comment deh
ira90,TikTok,bisa2 jualan es teh jd insecure 😓,2024-12-23 15:23:55,negatif,jual es teh jd insecure
azulaika,TikTok,tergantung yg nonton juga sih,2024-12-23 15:46:11,netral,gantung yg nonton sih
sitorusprakosa,TikTok,hmm no comment deh,2024-12-23 15:07:33,netral,hmm no comment deh
vmustofa,TikTok,ga tau mau bilang apa,2024-12-23 15:32:28,netral,ga tau bilang
ridwan22,TikTok,ga sopan bgt ngomong gitu,2024-12-23 15:28:12,negatif,ga sopan bgt ngomong gitu
suartiniraharja,TikTok,masih netral aja sih gw liatnya,2024-12-23 15:47:28,netral,netral aja sih gw liat
rprasetya,TikTok,ga sopan bgt ngomong gitu,2024-12-23 15:56:45,negatif,ga sopan bgt ngomong gitu
pranawa97,TikTok,jujurly lucu banget sih ini 😭,2024-12-23 15:10:30,positif,jujurly lucu banget sih
endah36,TikTok,bisa2 jualan es teh jd insecure 😓,2024-12-23 15:18:25,negatif,jual es teh jd insecure
nasab13,TikTok,waduh ini sih udah kelewat batas,2024-12-23 15:58:43,negatif,sih udah lewat batas
ianwastuti,TikTok,jujurly lucu banget sih ini 😭,2024-12-23 15:51:00,positif,jujurly lucu banget sih
usadacahya,TikTok,waduh ini sih udah kelewat batas,2024-12-23 15:05:20,negatif,sih udah lewat batas
susanticiaobella,TikTok,tergantung yg nonton juga sih,2024-12-23 15:58:13,netral,gantung yg nonton sih
damanikiriana,TikTok,gue liat ini ya udah lah ya,2024-12-23 15:05:31,netral,gue liat ya udah ya
asalahudin,TikTok,tergantung yg nonton juga sih,2024-12-23 15:06:41,netral,gantung yg nonton sih
nashiruddinmala,TikTok,biar agak keras tapi niatnya baik kok,2024-12-23 15:07:58,positif,biar keras niat
lsuartini,TikTok,ceramah apaan malah ngehina,2024-12-23 15:55:07,negatif,ceramah ngehina
thamrinyuliana,TikTok,tergantung yg nonton juga sih,2024-12-23 15:34:58,netral,gantung yg nonton sih
dongorandarmaji,TikTok,ni gus emg ada aja kelakuannya 😂,2024-12-23 15:50:20,positif,ni gus emg aja laku
nadine36,TikTok,masih netral aja sih gw liatnya,2024-12-23 15:03:46,netral,netral aja sih gw liat
indra08,TikTok,biar agak keras tapi niatnya baik kok,2024-12-23 15:32:15,positif,biar keras niat
kanda93,TikTok,ga tau mau bilang apa,2024-12-23 15:06:46,netral,ga tau bilang
anggrainifarhunnisa,TikTok,ceramah apaan malah ngehina,2024-12-23 15:12:07,negatif,ceramah ngehina
prasetyofitriani,TikTok,biasa aja sih,2024-12-23 15:04:11,netral,aja sih
yyuliarti,TikTok,gw setuju sih ama omongannya gus,2024-12-23 15:19:50,positif,gw tuju sih ama omong gus
wahyudinlala,TikTok,biasa aja sih,2024-12-23 15:27:19,netral,aja sih
hardiansyahfaizah,TikTok,"ceramahnya tetep dapet kok, relax aja guys",2024-12-23 15:48:06,positif,ceramah tetep dapet relax aja guys
adhiarja01,TikTok,hmm no comment deh,2024-12-23 15:01:27,netral,hmm no comment deh
wasitaamalia,TikTok,"ceramahnya tetep dapet kok, relax aja guys",2024-12-23 15:35:58,positif,ceramah tetep dapet relax aja guys
manullangintan,TikTok,hmm no comment deh,2024-12-23 15:09:36,netral,hmm no comment deh
prasetyasetiawan,TikTok,hmm no comment deh,2024-12-23 15:57:26,netral,hmm no comment deh
aisyahfarida,TikTok,jujurly lucu banget sih ini 😭,2024-12-23 15:56:32,positif,jujurly lucu banget sih
opheliawibowo,TikTok,tergantung yg nonton juga sih,2024-12-23 15:59:47,netral,gantung yg nonton sih
mariakuswoyo,TikTok,masih netral aja sih gw liatnya,2024-12-23 15:51:31,netral,netral aja sih gw liat
mandasarihalim,TikTok,ga sopan bgt ngomong gitu,2024-12-23 15:19:26,negatif,ga sopan bgt ngomong gitu
mustofaghaliyati,TikTok,hmm no comment deh,2024-12-23 15:48:11,netral,hmm no comment deh
zfirmansyah,TikTok,jujurly lucu banget sih ini 😭,2024-12-23 15:16:48,positif,jujurly lucu banget sih
jarwadi19,TikTok,gus miftah harus minta maaf sih ini,2024-12-23 15:18:14,negatif,gus miftah maaf sih
pranata36,TikTok,masih netral aja sih gw liatnya,2024-12-23 15:17:47,netral,netral aja sih gw liat
hnamaga,TikTok,"ga lucu, malah nyakitin hati yg jualan",2024-12-23 15:50:21,negatif,ga lucu nyakitin hati yg jual
uwinarno,TikTok,gus miftah harus minta maaf sih ini,2024-12-23 15:35:11,negatif,gus miftah maaf sih
jpurnawati,TikTok,waduh ini sih udah kelewat batas,2024-12-23 15:28:39,negatif,sih udah lewat batas
ivanyuliarti,TikTok,masih netral aja sih gw liatnya,2024-12-23 15:01:34,netral,netral aja sih gw liat
yancemaryadi,TikTok,ceramah apaan malah ngehina,2024-12-23 15:49:54,negatif,ceramah ngehina
hartatiega,TikTok,ceramah apaan malah ngehina,2024-12-23 15:52:31,negatif,ceramah ngehina
siraitdasa,TikTok,biar agak keras tapi niatnya baik kok,2024-12-23 15:07:52,positif,biar keras niat
laksmiwatikarna,TikTok,hmm no comment deh,2024-12-23 15:53:21,netral,hmm no comment deh
anggriawanwidya,TikTok,"ceramahnya tetep dapet kok, relax aja guys",2024-12-23 15:33:04,positif,ceramah tetep dapet relax aja guys
ryuliarti,TikTok,ga sopan bgt ngomong gitu,2024-12-23 15:06:23,negatif,ga sopan bgt ngomong gitu
novitasarivanya,TikTok,bisa2 jualan es teh jd insecure 😓,2024-12-23 15:21:25,negatif,jual es teh jd insecure
heru15,TikTok,bisa2 jualan es teh jd insecure 😓,2024-12-23 15:21:16,negatif,jual es teh jd insecure
ahalim,TikTok,"ceramahnya tetep dapet kok, relax aja guys",2024-12-23 15:01:49,positif,ceramah tetep dapet relax aja guys
tasnimhastuti,TikTok,"ga lucu, malah nyakitin hati yg jualan",2024-12-23 15:49:49,negatif,ga lucu nyakitin hati yg jual
prasetyomahesa,TikTok,waduh ini sih udah kelewat batas,2024-12-23 15:15:09,negatif,sih udah lewat batas
ganjaransuwarno,TikTok,hmm no comment deh,2024-12-23 15:20:55,netral,hmm no comment deh
darmannamaga,TikTok,ceramah apaan malah ngehina,2024-12-23 15:42:46,negatif,ceramah ngehina
halimahhadi,TikTok,hmm no comment deh,2024-12-23 15:41:22,netral,hmm no comment deh
rudidabukke,TikTok,ga sopan bgt ngomong gitu,2024-12-23 15:28:43,negatif,ga sopan bgt ngomong gitu
cakrajiya21,TikTok,ceramah apaan malah ngehina,2024-12-23 15:09:44,negatif,ceramah ngehina
fsitumorang,TikTok,gue liat ini ya udah lah ya,2024-12-23 15:17:31,netral,gue liat ya udah ya
vwibowo,TikTok,jujurly lucu banget sih ini 😭,2024-12-23 15:46:52,positif,jujurly lucu banget sih
samosirdarmanto,TikTok,ni gus emg ada aja kelakuannya 😂,2024-12-23 15:55:39,positif,ni gus emg aja laku
mulyanitirtayasa,TikTok,biasa aja sih,2024-12-23 15:20:20,netral,aja sih
ilsa13,TikTok,masih netral aja sih gw liatnya,2024-12-23 15:48:14,netral,netral aja sih gw liat
kagustina,TikTok,masih netral aja sih gw liatnya,2024-12-23 15:23:06,netral,netral aja sih gw liat
karna84,TikTok,ni gus emg ada aja kelakuannya 😂,2024-12-23 15:19:35,positif,ni gus emg aja laku
karsana05,TikTok,ceramah apaan malah ngehina,2024-12-23 15:03:35,negatif,ceramah ngehina
wijayadanuja,TikTok,ceramah apaan malah ngehina,2024-12-23 15:13:20,negatif,ceramah ngehina
santosohana,TikTok,ga tau mau bilang apa,2024-12-23 15:54:46,netral,ga tau bilang
winda13,TikTok,gw setuju sih ama omongannya gus,2024-12-23 15:32:33,positif,gw tuju sih ama omong gus
daniswara86,TikTok,gus miftah harus minta maaf sih ini,2024-12-23 15:38:39,negatif,gus miftah maaf sih
bakiantoprakasa,TikTok,ceramah apaan malah ngehina,2024-12-23 15:21:06,negatif,ceramah ngehina
mursitamayasari,TikTok,gw setuju sih ama omongannya gus,2024-12-23 15:56:27,positif,gw tuju sih ama omong gus
prasetyamursita,TikTok,"bener juga sih, kadang netizen terlalu baper",2024-12-23 15:35:23,positif,bener sih kadang netizen baper
hasta41,TikTok,biar agak keras tapi niatnya baik kok,2024-12-23 15:56:22,positif,biar keras niat
endahprabowo,TikTok,gw setuju sih ama omongannya gus,2024-12-23 15:39:29,positif,gw tuju sih ama omong gus
thutagalung,TikTok,gus miftah harus minta maaf sih ini,2024-12-23 15:21:32,negatif,gus miftah maaf sih
febi80,TikTok,jujurly lucu banget sih ini 😭,2024-12-23 15:07:18,positif,jujurly lucu banget sih
kpradana,TikTok,gue liat ini ya udah lah ya,2024-12-23 15:11:10,netral,gue liat ya udah ya
dnajmudin,TikTok,bisa2 jualan es teh jd insecure 😓,2024-12-23 15:18:36,negatif,jual es teh jd insecure
capa44,TikTok,hmm no comment deh,2024-12-23 15:50:25,netral,hmm no comment deh
prastutimarsudi,TikTok,"ceramahnya tetep dapet kok, relax aja guys",2024-12-23 15:36:30,positif,ceramah tetep dapet relax aja guys
rmahendra,TikTok,ni gus emg ada aja kelakuannya 😂,2024-12-23 15:20:34,positif,ni gus emg aja laku
najibmaheswara,TikTok,biar agak keras tapi niatnya baik kok,2024-12-23 15:46:14,positif,biar keras niat
nabila22,TikTok,ni gus emg ada aja kelakuannya 😂,2024-12-23 15:26:49,positif,ni gus emg aja laku
hadi24,TikTok,ga sopan bgt ngomong gitu,2024-12-23 15:04:17,negatif,ga sopan bgt ngomong gitu
melinda10,TikTok,bisa2 jualan es teh jd insecure 😓,2024-12-23 15:27:05,negatif,jual es teh jd insecure
nmardhiyah,TikTok,gue liat ini ya udah lah ya,2024-12-23 15:25:06,netral,gue liat ya udah ya
rinahidayanto,TikTok,waduh ini sih udah kelewat batas,2024-12-23 15:12:05,negatif,sih udah lewat batas
vimandabukke,TikTok,masih netral aja sih gw liatnya,2024-12-23 15:17:02,netral,netral aja sih gw liat
fputra,TikTok,ga sopan bgt ngomong gitu,2024-12-23 15:29:41,negatif,ga sopan bgt ngomong gitu
luwaryulianti,TikTok,"bener juga sih, kadang netizen terlalu baper",2024-12-23 15:31:41,positif,bener sih kadang netizen baper
lintang42,TikTok,ga sopan bgt ngomong gitu,2024-12-23 15:22:02,negatif,ga sopan bgt ngomong gitu
wardaya03,TikTok,ceramah apaan malah ngehina,2024-12-23 15:05:29,negatif,ceramah ngehina
vinopermadi,TikTok,biasa aja sih,2024-12-23 15:05:26,netral,aja sih
setyaharyanti,TikTok,masih netral aja sih gw liatnya,2024-12-23 15:33:45,netral,netral aja sih gw liat
deviwastuti,TikTok,ceramah apaan malah ngehina,2024-12-23 15:25:51,negatif,ceramah ngehina
shaniamegantara,TikTok,ga tau mau bilang apa,2024-12-23 15:00:41,netral,ga tau bilang
lailasarisamsul,TikTok,jujurly lucu banget sih ini 😭,2024-12-23 15:20:48,positif,jujurly lucu banget sih
cemplunk51,TikTok,ceramah apaan malah ngehina,2024-12-23 15:42:11,negatif,ceramah ngehina
tina00,TikTok,ga sopan bgt ngomong gitu,2024-12-23 15:18:53,negatif,ga sopan bgt ngomong gitu
rahmawatiimam,TikTok,gw setuju sih ama omongannya gus,2024-12-23 15:05:51,positif,gw tuju sih ama omong gus
vanyapuspita,TikTok,gus miftah harus minta maaf sih ini,2024-12-23 15:02:03,negatif,gus miftah maaf sih
daryanifarida,TikTok,"ceramahnya tetep dapet kok, relax aja guys",2024-12-23 15:08:05,positif,ceramah tetep dapet relax aja guys
habibiuchita,TikTok,tergantung yg nonton juga sih,2024-12-23 15:40:30,netral,gantung yg nonton sih
sihombingtomi,TikTok,biasa aja sih,2024-12-23 15:23:56,netral,aja sih
wlestari,TikTok,ga tau mau bilang apa,2024-12-23 15:51:27,netral,ga tau bilang
janetmansur,TikTok,masih netral aja sih gw liatnya,2024-12-23 15:20:23,netral,netral aja sih gw liat
wahyudinkasiran,TikTok,hmm no comment deh,2024-12-23 15:13:04,netral,hmm no comment deh
maryadilukita,TikTok,ga sopan bgt ngomong gitu,2024-12-23 15:30:42,negatif,ga sopan bgt ngomong gitu
pratamagalar,TikTok,ga sopan bgt ngomong gitu,2024-12-23 15:21:55,negatif,ga sopan bgt ngomong gitu
spermata,TikTok,hmm no comment deh,2024-12-23 15:32:37,netral,hmm no comment deh
rikawaluyo,TikTok,ga tau mau bilang apa,2024-12-23 15:15:25,netral,ga tau bilang
oliva11,TikTok,ga tau mau bilang apa,2024-12-23 15:28:20,netral,ga tau bilang
latuponoyahya,TikTok,masih netral aja sih gw liatnya,2024-12-23 15:05:48,netral,netral aja sih gw liat
puspabudiman,TikTok,biar agak keras tapi niatnya baik kok,2024-12-23 15:29:57,positif,biar keras niat
zulaikaoskar,TikTok,bisa2 jualan es teh jd insecure 😓,2024-12-23 15:40:29,negatif,jual es teh jd insecure
laksmiwatilaswi,TikTok,"ceramahnya tetep dapet kok, relax aja guys",2024-12-23 15:37:18,positif,ceramah tetep dapet relax aja guys
cakrabirawajanuar,TikTok,"ga lucu, malah nyakitin hati yg jualan",2024-12-23 15:50:12,negatif,ga lucu nyakitin hati yg jual
nugrohoira,TikTok,ga tau mau bilang apa,2024-12-23 15:14:33,netral,ga tau bilang
hardiansyahgarda,TikTok,ceramah apaan malah ngehina,2024-12-23 15:49:39,negatif,ceramah ngehina
dabukkecagak,TikTok,gus miftah harus minta maaf sih ini,2024-12-23 15:01:03,negatif,gus miftah maaf sih
rafiyulianti,TikTok,gue liat ini ya udah lah ya,2024-12-23 15:54:10,netral,gue liat ya udah ya
ardiantodrajat,TikTok,biar agak keras tapi niatnya baik kok,2024-12-23 15:45:21,positif,biar keras niat
hartana72,TikTok,hmm no comment deh,2024-12-23 15:59:24,netral,hmm no comment deh
ivan20,TikTok,bisa2 jualan es teh jd insecure 😓,2024-12-23 15:44:33,negatif,jual es teh jd insecure
sitompulcinthia,TikTok,gus miftah harus minta maaf sih ini,2024-12-23 15:50:38,negatif,gus miftah maaf sih
buyainah,TikTok,hmm no comment deh,2024-12-23 15:45:01,netral,hmm no comment deh
smaulana,TikTok,"bener juga sih, kadang netizen terlalu baper",2024-12-23 15:39:00,positif,bener sih kadang netizen baper
jumadi02,TikTok,waduh ini sih udah kelewat batas,2024-12-23 15:09:17,negatif,sih udah lewat batas
mursitarahmawati,TikTok,hmm no comment deh,2024-12-23 15:27:04,netral,hmm no comment deh
yuyainah,TikTok,tergantung yg nonton juga sih,2024-12-23 15:07:27,netral,gantung yg nonton sih
agustinacaket,TikTok,bisa2 jualan es teh jd insecure 😓,2024-12-23 15:15:31,negatif,jual es teh jd insecure
jayadipranowo,TikTok,biasa aja sih,2024-12-23 15:23:11,netral,aja sih
agus93,TikTok,gue liat ini ya udah lah ya,2024-12-23 15:03:35,netral,gue liat ya udah ya
anggrainidarmanto,TikTok,ceramah apaan malah ngehina,2024-12-23 15:27:05,negatif,ceramah ngehina
sitompuldanang,TikTok,ga tau mau bilang apa,2024-12-23 15:28:00,netral,ga tau bilang
santosowulan,TikTok,gus miftah harus minta maaf sih ini,2024-12-23 15:17:56,negatif,gus miftah maaf sih
kasiyahwinarno,TikTok,ni gus emg ada aja kelakuannya 😂,2024-12-23 15:00:04,positif,ni gus emg aja laku
hakimmartana,TikTok,gw setuju sih ama omongannya gus,2024-12-23 15:18:04,positif,gw tuju sih ama omong gus
suryatmigada,TikTok,gus miftah harus minta maaf sih ini,2024-12-23 15:13:48,negatif,gus miftah maaf sih
respatilestari,TikTok,biar agak keras tapi niatnya baik kok,2024-12-23 15:49:27,positif,biar keras niat
ira41,TikTok,bisa2 jualan es teh jd insecure 😓,2024-12-23 15:24:31,negatif,jual es teh jd insecure
jjanuar,TikTok,ceramah apaan malah ngehina,2024-12-23 15:31:25,negatif,ceramah ngehina
martaka15,TikTok,ga tau mau bilang apa,2024-12-23 15:59:42,netral,ga tau bilang
wkurniawan,TikTok,biasa aja sih,2024-12-23 15:35:17,netral,aja sih
tasdiksimbolon,TikTok,hmm no comment deh,2024-12-23 15:05:05,netral,hmm no comment deh
hamzahsuryatmi,TikTok,biasa aja sih,2024-12-23 15:13:51,netral,aja sih
hidayatmaimunah,TikTok,ga sopan bgt ngomong gitu,2024-12-23 15:59:09,negatif,ga sopan bgt ngomong gitu
luthfianggraini,TikTok,biasa aja sih,2024-12-23 15:37:04,netral,aja sih
darsirahhastuti,TikTok,bisa2 jualan es teh jd insecure 😓,2024-12-23 15:35:24,negatif,jual es teh jd insecure
kunthara14,TikTok,"ceramahnya tetep dapet kok, relax aja guys",2024-12-23 15:51:29,positif,ceramah tetep dapet relax aja guys
kani64,TikTok,gw setuju sih ama omongannya gus,2024-12-23 15:41:41,positif,gw tuju sih ama omong gus
sharyanti,TikTok,gue liat ini ya udah lah ya,2024-12-23 15:13:17,netral,gue liat ya udah ya
putrisimbolon,TikTok,ga tau mau bilang apa,2024-12-23 15:00:07,netral,ga tau bilang
sarimulyani,TikTok,tergantung yg nonton juga sih,2024-12-23 15:12:09,netral,gantung yg nonton sih
asimbolon,TikTok,ceramah apaan malah ngehina,2024-12-23 15:06:42,negatif,ceramah ngehina
betaniapratiwi,TikTok,ni gus emg ada aja kelakuannya 😂,2024-12-23 15:45:59,positif,ni gus emg aja laku
kurniawansaadat,TikTok,biasa aja sih,2024-12-23 15:19:58,netral,aja sih
anajmudin,TikTok,gus miftah harus minta maaf sih ini,2024-12-23 15:43:56,negatif,gus miftah maaf sih
baguspradipta,TikTok,gue liat ini ya udah lah ya,2024-12-23 15:16:14,netral,gue liat ya udah ya
wprakasa,TikTok,masih netral aja sih gw liatnya,2024-12-23 15:59:45,netral,netral aja sih gw liat
maman84,TikTok,"ceramahnya tetep dapet kok, relax aja guys",2024-12-23 15:29:58,positif,ceramah tetep dapet relax aja guys
usyi36,TikTok,tergantung yg nonton juga sih,2024-12-23 15:09:42,netral,gantung yg nonton sih
thamrinteddy,TikTok,ceramah apaan malah ngehina,2024-12-23 15:48:45,negatif,ceramah ngehina
olivahidayat,TikTok,waduh ini sih udah kelewat batas,2024-12-23 15:25:42,negatif,sih udah lewat batas
palastrirespati,TikTok,ga sopan bgt ngomong gitu,2024-12-23 15:43:36,negatif,ga sopan bgt ngomong gitu
kusamah,TikTok,ni gus emg ada aja kelakuannya 😂,2024-12-23 15:51:01,positif,ni gus emg aja laku
marbunusyi,TikTok,ga tau mau bilang apa,2024-12-23 15:33:13,netral,ga tau bilang
prabowoedward,TikTok,gw setuju sih ama omongannya gus,2024-12-23 15:50:10,positif,gw tuju sih ama omong gus
prasetyopangestu,TikTok,waduh ini sih udah kelewat batas,2024-12-23 15:16:55,negatif,sih udah lewat batas
dadi94,TikTok,bisa2 jualan es teh jd insecure 😓,2024-12-23 15:34:08,negatif,jual es teh jd insecure
amaliapratama,TikTok,bisa2 jualan es teh jd insecure 😓,2024-12-23 15:54:09,negatif,jual es teh jd insecure
sarah61,TikTok,tergantung yg nonton juga sih,2024-12-23 15:29:18,netral,gantung yg nonton sih
lurhurdongoran,TikTok,ga tau mau bilang apa,2024-12-23 15:43:49,netral,ga tau bilang
halimzulkarnain,TikTok,ga sopan bgt ngomong gitu,2024-12-23 15:11:08,negatif,ga sopan bgt ngomong gitu
pradiptacandrakanta,TikTok,tergantung yg nonton juga sih,2024-12-23 15:04:47,netral,gantung yg nonton sih
siskaprasetyo,TikTok,gw setuju sih ama omongannya gus,2024-12-23 15:39:56,positif,gw tuju sih ama omong gus
sucipertiwi,TikTok,bisa2 jualan es teh jd insecure 😓,2024-12-23 15:21:34,negatif,jual es teh jd insecure
solehsaputra,TikTok,gue liat ini ya udah lah ya,2024-12-23 15:34:40,netral,gue liat ya udah ya
galur38,TikTok,"ga lucu, malah nyakitin hati yg jualan",2024-12-23 15:45:05,negatif,ga lucu nyakitin hati yg jual
elvinasaptono,TikTok,gw setuju sih ama omongannya gus,2024-12-23 15:42:32,positif,gw tuju sih ama omong gus
chutagalung,TikTok,biar agak keras tapi niatnya baik kok,2024-12-23 15:15:50,positif,biar keras niat
hasnanashiruddin,TikTok,hmm no comment deh,2024-12-23 15:25:36,netral,hmm no comment deh
fuwais,TikTok,tergantung yg nonton juga sih,2024-12-23 15:53:14,netral,gantung yg nonton sih
vickymandasari,TikTok,waduh ini sih udah kelewat batas,2024-12-23 15:28:03,negatif,sih udah lewat batas
bakiantoanggriawan,TikTok,ga sopan bgt ngomong gitu,2024-12-23 15:08:39,negatif,ga sopan bgt ngomong gitu
kuswoyoviolet,TikTok,waduh ini sih udah kelewat batas,2024-12-23 15:24:44,negatif,sih udah lewat batas
prabowonarji,TikTok,gue liat ini ya udah lah ya,2024-12-23 15:13:00,netral,gue liat ya udah ya
maryantorahmawati,TikTok,"ceramahnya tetep dapet kok, relax aja guys",2024-12-23 15:22:05,positif,ceramah tetep dapet relax aja guys
siraittirtayasa,TikTok,hmm no comment deh,2024-12-23 15:46:11,netral,hmm no comment deh
prasetyoalika,TikTok,gus miftah harus minta maaf sih ini,2024-12-23 15:42:56,negatif,gus miftah maaf sih
sihotangarta,TikTok,hmm no comment deh,2024-12-23 15:19:36,netral,hmm no comment deh
ilailasari,TikTok,tergantung yg nonton juga sih,2024-12-23 15:48:19,netral,gantung yg nonton sih
nugraha87,TikTok,hmm no comment deh,2024-12-23 15:19:20,netral,hmm no comment deh
prasetyauwais,TikTok,"ceramahnya tetep dapet kok, relax aja guys",2024-12-23 15:32:26,positif,ceramah tetep dapet relax aja guys
januarwani,TikTok,ga tau mau bilang apa,2024-12-23 15:46:43,netral,ga tau bilang
putraikhsan,TikTok,waduh ini sih udah kelewat batas,2024-12-23 15:59:26,negatif,sih udah lewat batas
panjihasanah,TikTok,waduh ini sih udah kelewat batas,2024-12-23 15:26:54,negatif,sih udah lewat batas
gandaaryani,TikTok,ceramah apaan malah ngehina,2024-12-23 15:36:50,negatif,ceramah ngehina
kiandrasinaga,TikTok,"ga lucu, malah nyakitin hati yg jualan",2024-12-23 15:06:49,negatif,ga lucu nyakitin hati yg jual
danang69,TikTok,ga tau mau bilang apa,2024-12-23 15:13:01,netral,ga tau bilang
prasetyogaliono,TikTok,gw setuju sih ama omongannya gus,2024-12-23 15:29:02,positif,gw tuju sih ama omong gus
tambakeisha,TikTok,"ga lucu, malah nyakitin hati yg jualan",2024-12-23 15:22:31,negatif,ga lucu nyakitin hati yg jual
mustofagandi,TikTok,jujurly lucu banget sih ini 😭,2024-12-23 15:13:37,positif,jujurly lucu banget sih
riyantidina,TikTok,ni gus emg ada aja kelakuannya 😂,2024-12-23 15:26:29,positif,ni gus emg aja laku
dinda30,TikTok,"ceramahnya tetep dapet kok, relax aja guys",2024-12-23 15:17:59,positif,ceramah tetep dapet relax aja guys
iswahyudiian,TikTok,gue liat ini ya udah lah ya,2024-12-23 15:01:15,netral,gue liat ya udah ya
maheswaraelvin,TikTok,hmm no comment deh,2024-12-23 15:31:48,netral,hmm no comment deh
tarihoraneli,TikTok,tergantung yg nonton juga sih,2024-12-23 15:40:55,netral,gantung yg nonton sih
ellis67,TikTok,jujurly lucu banget sih ini 😭,2024-12-23 15:46:05,positif,jujurly lucu banget sih
damaniklidya,TikTok,masih netral aja sih gw liatnya,2024-12-23 15:52:19,netral,netral aja sih gw liat
nugraha20,TikTok,ceramah apaan malah ngehina,2024-12-23 15:24:48,negatif,ceramah ngehina
padmi14,TikTok,masih netral aja sih gw liatnya,2024-12-23 15:00:01,netral,netral aja sih gw liat
saefullahmuhammad,TikTok,"bener juga sih, kadang netizen terlalu baper",2024-12-23 15:49:32,positif,bener sih kadang netizen baper
vpurwanti,TikTok,hmm no comment deh,2024-12-23 15:46:40,netral,hmm no comment deh
emaryadi,TikTok,ga tau mau bilang apa,2024-12-23 15:32:41,netral,ga tau bilang
ihutapea,TikTok,"ceramahnya tetep dapet kok, relax aja guys",2024-12-23 15:56:13,positif,ceramah tetep dapet relax aja guys
rahmawatigadang,TikTok,waduh ini sih udah kelewat batas,2024-12-23 15:11:41,negatif,sih udah lewat batas
luthfipadmasari,TikTok,ni gus emg ada aja kelakuannya 😂,2024-12-23 15:27:40,positif,ni gus emg aja laku
cahyonozulkarnain,TikTok,masih netral aja sih gw liatnya,2024-12-23 15:22:02,netral,netral aja sih gw liat
wage03,TikTok,ceramah apaan malah ngehina,2024-12-23 15:28:15,negatif,ceramah ngehina
zharyanti,TikTok,gus miftah harus minta maaf sih ini,2024-12-23 15:00:59,negatif,gus miftah maaf sih
yessitamba,TikTok,"bener juga sih, kadang netizen terlalu baper",2024-12-23 15:16:48,positif,bener sih kadang netizen baper
siregarayu,TikTok,gw setuju sih ama omongannya gus,2024-12-23 15:07:59,positif,gw tuju sih ama omong gus
vfujiati,TikTok,gue liat ini ya udah lah ya,2024-12-23 15:50:13,netral,gue liat ya udah ya
karjariyanti,TikTok,biar agak keras tapi niatnya baik kok,2024-12-23 15:56:13,positif,biar keras niat
melanilukita,TikTok,"ceramahnya tetep dapet kok, relax aja guys",2024-12-23 15:34:45,positif,ceramah tetep dapet relax aja guys
rmaryati,TikTok,"bener juga sih, kadang netizen terlalu baper",2024-12-23 15:33:19,positif,bener sih kadang netizen baper
irfansitumorang,TikTok,waduh ini sih udah kelewat batas,2024-12-23 15:19:39,negatif,sih udah lewat batas
hartonapitupulu,TikTok,bisa2 jualan es teh jd insecure 😓,2024-12-23 15:08:44,negatif,jual es teh jd insecure
dongoranwarji,TikTok,"bener juga sih, kadang netizen terlalu baper",2024-12-23 15:46:40,positif,bener sih kadang netizen baper
mulyono16,TikTok,jujurly lucu banget sih ini 😭,2024-12-23 15:12:14,positif,jujurly lucu banget sih
rainasinaga,TikTok,waduh ini sih udah kelewat batas,2024-12-23 15:19:26,negatif,sih udah lewat batas
cornelia61,TikTok,jujurly lucu banget sih ini 😭,2024-12-23 15:15:47,positif,jujurly lucu banget sih
kembahalimah,TikTok,gw setuju sih ama omongannya gus,2024-12-23 15:07:28,positif,gw tuju sih ama omong gus
viswahyudi,TikTok,masih netral aja sih gw liatnya,2024-12-23 15:48:48,netral,netral aja sih gw liat
hardananajmudin,TikTok,jujurly lucu banget sih ini 😭,2024-12-23 15:38:07,positif,jujurly lucu banget sih
unurdiyanti,TikTok,masih netral aja sih gw liatnya,2024-12-23 15:26:14,netral,netral aja sih gw liat
zulkarnainlalita,TikTok,jujurly lucu banget sih ini 😭,2024-12-23 15:27:00,positif,jujurly lucu banget sih
onarpati,TikTok,"ga lucu, malah nyakitin hati yg jualan",2024-12-23 15:17:05,negatif,ga lucu nyakitin hati yg jual
caturanggajailani,TikTok,gue liat ini ya udah lah ya,2024-12-23 15:53:32,netral,gue liat ya udah ya
wulan74,TikTok,jujurly lucu banget sih ini 😭,2024-12-23 15:02:59,positif,jujurly lucu banget sih
budiyantotaufan,TikTok,biar agak keras tapi niatnya baik kok,2024-12-23 15:04:11,positif,biar keras niat
siregarjarwi,TikTok,bisa2 jualan es teh jd insecure 😓,2024-12-23 15:57:04,negatif,jual es teh jd insecure
rahman73,TikTok,ni gus emg ada aja kelakuannya 😂,2024-12-23 15:03:44,positif,ni gus emg aja laku
nsamosir,TikTok,ni gus emg ada aja kelakuannya 😂,2024-12-23 15:53:19,positif,ni gus emg aja laku
sabrina12,TikTok,hmm no comment deh,2024-12-23 15:23:59,netral,hmm no comment deh
hasimsuryono,TikTok,gus miftah harus minta maaf sih ini,2024-12-23 15:33:15,negatif,gus miftah maaf sih
gramadan,TikTok,waduh ini sih udah kelewat batas,2024-12-23 15:39:39,negatif,sih udah lewat batas
estiawan61,TikTok,waduh ini sih udah kelewat batas,2024-12-23 15:40:31,negatif,sih udah lewat batas
kamilalazuardi,TikTok,"ceramahnya tetep dapet kok, relax aja guys",2024-12-23 15:23:24,positif,ceramah tetep dapet relax aja guys
rahayusihombing,TikTok,biasa aja sih,2024-12-23 15:03:12,netral,aja sih
ptamba,TikTok,tergantung yg nonton juga sih,2024-12-23 15:38:48,netral,gantung yg nonton sih
hardisitumorang,TikTok,ni gus emg ada aja kelakuannya 😂,2024-12-23 15:12:59,positif,ni gus emg aja laku
lestaridiana,TikTok,ga tau mau bilang apa,2024-12-23 15:00:09,netral,ga tau bilang
nugrohoviman,TikTok,hmm no comment deh,2024-12-23 15:51:34,netral,hmm no comment deh
agustinapurwa,TikTok,tergantung yg nonton juga sih,2024-12-23 15:51:47,netral,gantung yg nonton sih
uwaisjamal,TikTok,gus miftah harus minta maaf sih ini,2024-12-23 15:05:52,negatif,gus miftah maaf sih
praba90,TikTok,ga tau mau bilang apa,2024-12-23 15:49:59,netral,ga tau bilang
siregargawati,TikTok,gw setuju sih ama omongannya gus,2024-12-23 15:34:31,positif,gw tuju sih ama omong gus
lprabowo,TikTok,"ceramahnya tetep dapet kok, relax aja guys",2024-12-23 15:46:52,positif,ceramah tetep dapet relax aja guys
rahmi21,TikTok,gus miftah harus minta maaf sih ini,2024-12-23 15:39:32,negatif,gus miftah maaf sih
widyayolanda,TikTok,ceramah apaan malah ngehina,2024-12-23 15:59:09,negatif,ceramah ngehina
damusihombing,TikTok,gw setuju sih ama omongannya gus,2024-12-23 15:21:25,positif,gw tuju sih ama omong gus
cornelianashiruddin,TikTok,gw setuju sih ama omongannya gus,2024-12-23 15:48:34,positif,gw tuju sih ama omong gus
bhalim,TikTok,waduh ini sih udah kelewat batas,2024-12-23 15:39:57,negatif,sih udah lewat batas
najamsimanjuntak,TikTok,gus miftah harus minta maaf sih ini,2024-12-23 15:45:32,negatif,gus miftah maaf sih
cinthia94,TikTok,ceramah apaan malah ngehina,2024-12-23 15:08:43,negatif,ceramah ngehina
damanikopan,TikTok,hmm no comment deh,2024-12-23 15:17:07,netral,hmm no comment deh
rahmi01,TikTok,biasa aja sih,2024-12-23 15:46:14,netral,aja sih
tasdikhutagalung,TikTok,masih netral aja sih gw liatnya,2024-12-23 15:21:25,netral,netral aja sih gw liat
hafshahardianto,TikTok,tergantung yg nonton juga sih,2024-12-23 15:23:53,netral,gantung yg nonton sih
anggabaya79,TikTok,gw setuju sih ama omongannya gus,2024-12-23 15:36:38,positif,gw tuju sih ama omong gus
qpranowo,TikTok,tergantung yg nonton juga sih,2024-12-23 15:04:44,netral,gantung yg nonton sih
karma78,TikTok,"ceramahnya tetep dapet kok, relax aja guys",2024-12-23 15:59:31,positif,ceramah tetep dapet relax aja guys
cagerhandayani,TikTok,biasa aja sih,2024-12-23 15:02:55,netral,aja sih
vivirahayu,TikTok,ceramah apaan malah ngehina,2024-12-23 15:41:51,negatif,ceramah ngehina
bnurdiyanti,TikTok,bisa2 jualan es teh jd insecure 😓,2024-12-23 15:25:13,negatif,jual es teh jd insecure
aisyahwijayanti,TikTok,"bener juga sih, kadang netizen terlalu baper",2024-12-23 15:59:01,positif,bener sih kadang netizen baper
aharyanti,TikTok,gw setuju sih ama omongannya gus,2024-12-23 15:05:31,positif,gw tuju sih ama omong gus
daliono85,TikTok,bisa2 jualan es teh jd insecure 😓,2024-12-23 15:38:18,negatif,jual es teh jd insecure
fharyanto,TikTok,ga tau mau bilang apa,2024-12-23 15:22:47,netral,ga tau bilang
anasyiah,TikTok,ga tau mau bilang apa,2024-12-23 15:20:16,netral,ga tau bilang
sitompulgarang,TikTok,tergantung yg nonton juga sih,2024-12-23 15:32:27,netral,gantung yg nonton sih
xoktaviani,TikTok,gw setuju sih ama omongannya gus,2024-12-23 15:34:27,positif,gw tuju sih ama omong gus
budiyantorahmat,TikTok,biasa aja sih,2024-12-23 15:33:19,netral,aja sih
tsafitri,TikTok,gus miftah harus minta maaf sih ini,2024-12-23 15:19:00,negatif,gus miftah maaf sih
gaiman54,TikTok,ceramah apaan malah ngehina,2024-12-23 15:24:28,negatif,ceramah ngehina
candra37,TikTok,jujurly lucu banget sih ini 😭,2024-12-23 15:04:58,positif,jujurly lucu banget sih
umi62,TikTok,"bener juga sih, kadang netizen terlalu baper",2024-12-23 15:21:28,positif,bener sih kadang netizen baper
teguhwahyudin,TikTok,gue liat ini ya udah lah ya,2024-12-23 15:23:20,netral,gue liat ya udah ya
gpangestu,TikTok,ga tau mau bilang apa,2024-12-23 15:15:40,netral,ga tau bilang
ade01,TikTok,gw setuju sih ama omongannya gus,2024-12-23 15:21:01,positif,gw tuju sih ama omong gus
mustofaokta,TikTok,ceramah apaan malah ngehina,2024-12-23 15:12:54,negatif,ceramah ngehina
prakasabaktianto,TikTok,gus miftah harus minta maaf sih ini,2024-12-23 15:15:46,negatif,gus miftah maaf sih
umarnainggolan,TikTok,gue liat ini ya udah lah ya,2024-12-23 15:31:40,netral,gue liat ya udah ya
zastuti,TikTok,tergantung yg nonton juga sih,2024-12-23 15:50:24,netral,gantung yg nonton sih
aisyah84,TikTok,"ceramahnya tetep dapet kok, relax aja guys",2024-12-23 15:03:33,positif,ceramah tetep dapet relax aja guys
teguhnamaga,TikTok,ga sopan bgt ngomong gitu,2024-12-23 15:01:53,negatif,ga sopan bgt ngomong gitu
kiandra60,TikTok,"bener juga sih, kadang netizen terlalu baper",2024-12-23 15:44:44,positif,bener sih kadang netizen baper
ianhasanah,TikTok,biasa aja sih,2024-12-23 15:40:51,netral,aja sih
gamanimelani,TikTok,ni gus emg ada aja kelakuannya 😂,2024-12-23 15:05:10,positif,ni gus emg aja laku
elon78,TikTok,tergantung yg nonton juga sih,2024-12-23 15:21:41,netral,gantung yg nonton sih
nkurniawan,TikTok,tergantung yg nonton juga sih,2024-12-23 15:30:06,netral,gantung yg nonton sih
pratamaani,TikTok,biar agak keras tapi niatnya baik kok,2024-12-23 15:03:44,positif,biar keras niat
hutagalungnabila,TikTok,biar agak keras tapi niatnya baik kok,2024-12-23 15:31:32,positif,biar keras niat
endah72,TikTok,gue liat ini ya udah lah ya,2024-12-23 15:16:03,netral,gue liat ya udah ya
rmansur,TikTok,biar agak keras tapi niatnya baik kok,2024-12-23 15:44:27,positif,biar keras niat
yolandadwi,TikTok,waduh ini sih udah kelewat batas,2024-12-23 15:22:16,negatif,sih udah lewat batas
lintangsihombing,TikTok,tergantung yg nonton juga sih,2024-12-23 15:36:36,netral,gantung yg nonton sih
ewidodo,TikTok,ni gus emg ada aja kelakuannya 😂,2024-12-23 15:17:00,positif,ni gus emg aja laku
abyasafirgantoro,TikTok,gue liat ini ya udah lah ya,2024-12-23 15:20:55,netral,gue liat ya udah ya
kamaria75,TikTok,gue liat ini ya udah lah ya,2024-12-23 15:07:37,netral,gue liat ya udah ya
mmanullang,TikTok,gw setuju sih ama omongannya gus,2024-12-23 15:39:11,positif,gw tuju sih ama omong gus
palastriyono,TikTok,hmm no comment deh,2024-12-23 15:04:47,netral,hmm no comment deh
rpadmasari,TikTok,biasa aja sih,2024-12-23 15:27:56,netral,aja sih
pwasita,TikTok,ga tau mau bilang apa,2024-12-23 15:55:51,netral,ga tau bilang
paiman79,TikTok,masih netral aja sih gw liatnya,2024-12-23 15:24:52,netral,netral aja sih gw liat
prayitnarahmawati,TikTok,ni gus emg ada aja kelakuannya 😂,2024-12-23 15:12:25,positif,ni gus emg aja laku
halimkairav,TikTok,bisa2 jualan es teh jd insecure 😓,2024-12-23 15:04:10,negatif,jual es teh jd insecure
lazuardicemeti,TikTok,"bener juga sih, kadang netizen terlalu baper",2024-12-23 15:38:16,positif,bener sih kadang netizen baper
yulia72,TikTok,gus miftah harus minta maaf sih ini,2024-12-23 15:36:45,negatif,gus miftah maaf sih
tsantoso,TikTok,hmm no comment deh,2024-12-23 15:38:31,netral,hmm no comment deh
carakahutasoit,TikTok,ga tau mau bilang apa,2024-12-23 15:52:44,netral,ga tau bilang
wahyudinheryanto,TikTok,biasa aja sih,2024-12-23 15:37:36,netral,aja sih
mursininhartati,TikTok,ni gus emg ada aja kelakuannya 😂,2024-12-23 15:59:52,positif,ni gus emg aja laku
nasim50,TikTok,ceramah apaan malah ngehina,2024-12-23 15:26:49,negatif,ceramah ngehina
shania14,TikTok,ga tau mau bilang apa,2024-12-23 15:49:42,netral,ga tau bilang
irasamosir,TikTok,tergantung yg nonton juga sih,2024-12-23 15:31:43,netral,gantung yg nonton sih
widiastutimumpuni,TikTok,waduh ini sih udah kelewat batas,2024-12-23 15:58:23,negatif,sih udah lewat batas
restu16,TikTok,masih netral aja sih gw liatnya,2024-12-23 15:56:54,netral,netral aja sih gw liat
fitriaramadan,TikTok,jujurly lucu banget sih ini 😭,2024-12-23 15:46:47,positif,jujurly lucu banget sih
balapatimelani,TikTok,"bener juga sih, kadang netizen terlalu baper",2024-12-23 15:22:14,positif,bener sih kadang netizen baper
hidayatzelda,TikTok,gus miftah harus minta maaf sih ini,2024-12-23 15:34:56,negatif,gus miftah maaf sih
yuniarreksa,TikTok,"bener juga sih, kadang netizen terlalu baper",2024-12-23 15:50:08,positif,bener sih kadang netizen baper
uwaisvicky,TikTok,gus miftah harus minta maaf sih ini,2024-12-23 15:37:36,negatif,gus miftah maaf sih
prakosafujiati,TikTok,biasa aja sih,2024-12-23 15:35:19,netral,aja sih
saptononovi,TikTok,bisa2 jualan es teh jd insecure 😓,2024-12-23 15:11:17,negatif,jual es teh jd insecure
ipuspita,TikTok,"bener juga sih, kadang netizen terlalu baper",2024-12-23 15:12:23,positif,bener sih kadang netizen baper
padmasarioliva,TikTok,"ga lucu, malah nyakitin hati yg jualan",2024-12-23 15:21:47,negatif,ga lucu nyakitin hati yg jual
najamwidiastuti,TikTok,gus miftah harus minta maaf sih ini,2024-12-23 15:08:49,negatif,gus miftah maaf sih
mahendratri,TikTok,bisa2 jualan es teh jd insecure 😓,2024-12-23 15:58:20,negatif,jual es teh jd insecure
sihombingdartono,TikTok,gus miftah harus minta maaf sih ini,2024-12-23 15:39:46,negatif,gus miftah maaf sih
rprastuti,TikTok,ga tau mau bilang apa,2024-12-23 15:39:32,netral,ga tau bilang
enteng13,TikTok,ga sopan bgt ngomong gitu,2024-12-23 15:44:48,negatif,ga sopan bgt ngomong gitu
niyaga25,TikTok,gue liat ini ya udah lah ya,2024-12-23 15:57:12,netral,gue liat ya udah ya
khabibi,TikTok,tergantung yg nonton juga sih,2024-12-23 15:37:47,netral,gantung yg nonton sih
ratna09,TikTok,gue liat ini ya udah lah ya,2024-12-23 15:36:07,netral,gue liat ya udah ya
tugimanpalastri,TikTok,ga tau mau bilang apa,2024-12-23 15:20:21,netral,ga tau bilang
hasanahindah,TikTok,tergantung yg nonton juga sih,2024-12-23 15:00:21,netral,gantung yg nonton sih
vsusanti,TikTok,ga tau mau bilang apa,2024-12-23 15:16:40,netral,ga tau bilang
yuniarqueen,TikTok,"bener juga sih, kadang netizen terlalu baper",2024-12-23 15:08:13,positif,bener sih kadang netizen baper
michelle99,TikTok,ga sopan bgt ngomong gitu,2024-12-23 15:27:15,negatif,ga sopan bgt ngomong gitu
thamrinbagus,TikTok,biasa aja sih,2024-12-23 15:31:23,netral,aja sih
elisasudiati,TikTok,"ceramahnya tetep dapet kok, relax aja guys",2024-12-23 15:31:51,positif,ceramah tetep dapet relax aja guys
saptonobahuraksa,TikTok,jujurly lucu banget sih ini 😭,2024-12-23 15:52:26,positif,jujurly lucu banget sih
purnawatiyuliana,TikTok,"ga lucu, malah nyakitin hati yg jualan",2024-12-23 15:41:04,negatif,ga lucu nyakitin hati yg jual
kani94,TikTok,ni gus emg ada aja kelakuannya 😂,2024-12-23 15:42:52,positif,ni gus emg aja laku
winarsihumaya,TikTok,"bener juga sih, kadang netizen terlalu baper",2024-12-23 15:09:46,positif,bener sih kadang netizen baper
maryantoirawan,TikTok,gw setuju sih ama omongannya gus,2024-12-23 15:03:11,positif,gw tuju sih ama omong gus
wani65,TikTok,biasa aja sih,2024-12-23 15:03:20,netral,aja sih
candraprakasa,TikTok,biar agak keras tapi niatnya baik kok,2024-12-23 15:22:41,positif,biar keras niat
marasdabukke,TikTok,gus miftah harus minta maaf sih ini,2024-12-23 15:14:38,negatif,gus miftah maaf sih
hutapeajagapati,TikTok,ga tau mau bilang apa,2024-12-23 15:15:52,netral,ga tau bilang
kuswandariemin,TikTok,tergantung yg nonton juga sih,2024-12-23 15:17:39,netral,gantung yg nonton sih
teddywaluyo,TikTok,gw setuju sih ama omongannya gus,2024-12-23 15:19:16,positif,gw tuju sih ama omong gus
warsakusumo,TikTok,biasa aja sih,2024-12-23 15:58:50,netral,aja sih
makaradamanik,TikTok,ga sopan bgt ngomong gitu,2024-12-23 15:23:54,negatif,ga sopan bgt ngomong gitu
citrahartati,TikTok,gw setuju sih ama omongannya gus,2024-12-23 15:28:27,positif,gw tuju sih ama omong gus
jessicadamanik,TikTok,biar agak keras tapi niatnya baik kok,2024-12-23 15:36:57,positif,biar keras niat
vino36,TikTok,gue liat ini ya udah lah ya,2024-12-23 15:33:41,netral,gue liat ya udah ya
wibisonopranawa,TikTok,ceramah apaan malah ngehina,2024-12-23 15:19:20,negatif,ceramah ngehina
ami49,TikTok,"ceramahnya tetep dapet kok, relax aja guys",2024-12-23 15:49:31,positif,ceramah tetep dapet relax aja guys
ivan19,TikTok,"bener juga sih, kadang netizen terlalu baper",2024-12-23 15:39:29,positif,bener sih kadang netizen baper
bagyafarida,TikTok,gus miftah harus minta maaf sih ini,2024-12-23 15:54:26,negatif,gus miftah maaf sih
rahimahyuni,TikTok,ga tau mau bilang apa,2024-12-23 15:31:56,netral,ga tau bilang
bsinaga,TikTok,biar agak keras tapi niatnya baik kok,2024-12-23 15:48:32,positif,biar keras niat
cyulianti,TikTok,biasa aja sih,2024-12-23 15:58:38,netral,aja sih
nababanarta,TikTok,gus miftah harus minta maaf sih ini,2024-12-23 15:37:44,negatif,gus miftah maaf sih
martaka52,TikTok,"ceramahnya tetep dapet kok, relax aja guys",2024-12-23 15:18:53,positif,ceramah tetep dapet relax aja guys
praboworidwan,TikTok,hmm no comment deh,2024-12-23 15:29:47,netral,hmm no comment deh
tri80,TikTok,ga sopan bgt ngomong gitu,2024-12-23 15:08:08,negatif,ga sopan bgt ngomong gitu
saefullahpatricia,TikTok,biasa aja sih,2024-12-23 15:08:34,netral,aja sih
hastutikarja,TikTok,jujurly lucu banget sih ini 😭,2024-12-23 15:38:50,positif,jujurly lucu banget sih
taswirharyanto,TikTok,tergantung yg nonton juga sih,2024-12-23 15:10:41,netral,gantung yg nonton sih
limar60,TikTok,ni gus emg ada aja kelakuannya 😂,2024-12-23 15:44:18,positif,ni gus emg aja laku
utamiadiarja,TikTok,gus miftah harus minta maaf sih ini,2024-12-23 15:20:07,negatif,gus miftah maaf sih
agustinakala,TikTok,jujurly lucu banget sih ini 😭,2024-12-23 15:58:55,positif,jujurly lucu banget sih
damanikdartono,TikTok,ga tau mau bilang apa,2024-12-23 15:37:14,netral,ga tau bilang
glaksmiwati,TikTok,masih netral aja sih gw liatnya,2024-12-23 15:29:03,netral,netral aja sih gw liat
balamantribudiman,TikTok,ga sopan bgt ngomong gitu,2024-12-23 15:43:38,negatif,ga sopan bgt ngomong gitu
imelani,TikTok,jujurly lucu banget sih ini 😭,2024-12-23 15:14:42,positif,jujurly lucu banget sih
suartinitomi,TikTok,"bener juga sih, kadang netizen terlalu baper",2024-12-23 15:07:44,positif,bener sih kadang netizen baper
jais73,TikTok,ga tau mau bilang apa,2024-12-23 15:04:50,netral,ga tau bilang
joko01,TikTok,ga tau mau bilang apa,2024-12-23 15:24:03,netral,ga tau bilang
rama52,TikTok,"bener juga sih, kadang netizen terlalu baper",2024-12-23 15:16:01,positif,bener sih kadang netizen baper
virman47,TikTok,gw setuju sih ama omongannya gus,2024-12-23 15:59:29,positif,gw tuju sih ama omong gus
bambang38,TikTok,"ga lucu, malah nyakitin hati yg jualan",2024-12-23 15:46:35,negatif,ga lucu nyakitin hati yg jual
irazulaika,TikTok,gus miftah harus minta maaf sih ini,2024-12-23 15:52:53,negatif,gus miftah maaf sih
dewiprabowo,TikTok,ni gus emg ada aja kelakuannya 😂,2024-12-23 15:12:15,positif,ni gus emg aja laku
simanjuntakedi,TikTok,gus miftah harus minta maaf sih ini,2024-12-23 15:27:03,negatif,gus miftah maaf sih
karen99,TikTok,"ceramahnya tetep dapet kok, relax aja guys",2024-12-23 15:25:06,positif,ceramah tetep dapet relax aja guys
qprakasa,TikTok,gw setuju sih ama omongannya gus,2024-12-23 15:21:25,positif,gw tuju sih ama omong gus
wijayantiwidya,TikTok,"ceramahnya tetep dapet kok, relax aja guys",2024-12-23 15:15:06,positif,ceramah tetep dapet relax aja guys
hairyanto16,TikTok,hmm no comment deh,2024-12-23 15:05:35,netral,hmm no comment deh
nasrullah45,TikTok,ga tau mau bilang apa,2024-12-23 15:17:26,netral,ga tau bilang
rahman95,TikTok,"ceramahnya tetep dapet kok, relax aja guys",2024-12-23 15:01:45,positif,ceramah tetep dapet relax aja guys
kurniawaskita,TikTok,gus miftah harus minta maaf sih ini,2024-12-23 15:27:17,negatif,gus miftah maaf sih
lazuardigatra,TikTok,gw setuju sih ama omongannya gus,2024-12-23 15:45:33,positif,gw tuju sih ama omong gus
habibimichelle,TikTok,ceramah apaan malah ngehina,2024-12-23 15:02:00,negatif,ceramah ngehina
fujiatilembah,TikTok,gus miftah harus minta maaf sih ini,2024-12-23 15:30:23,negatif,gus miftah maaf sih
praboworestu,TikTok,gue liat ini ya udah lah ya,2024-12-23 15:15:18,netral,gue liat ya udah ya
lanjar27,TikTok,tergantung yg nonton juga sih,2024-12-23 15:36:17,netral,gantung yg nonton sih
qmandala,TikTok,ceramah apaan malah ngehina,2024-12-23 15:53:03,negatif,ceramah ngehina
lanang72,TikTok,jujurly lucu banget sih ini 😭,2024-12-23 15:52:32,positif,jujurly lucu banget sih
jumarihariyah,TikTok,"ceramahnya tetep dapet kok, relax aja guys",2024-12-23 15:31:52,positif,ceramah tetep dapet relax aja guys
zulkarnaingenta,TikTok,ceramah apaan malah ngehina,2024-12-23 15:12:24,negatif,ceramah ngehina
snashiruddin,TikTok,tergantung yg nonton juga sih,2024-12-23 15:45:31,netral,gantung yg nonton sih
salahudinlasmanto,TikTok,jujurly lucu banget sih ini 😭,2024-12-23 15:54:41,positif,jujurly lucu banget sih
marsitoiswahyudi,TikTok,ceramah apaan malah ngehina,2024-12-23 15:22:11,negatif,ceramah ngehina
nasyidahina,TikTok,"bener juga sih, kadang netizen terlalu baper",2024-12-23 15:43:57,positif,bener sih kadang netizen baper
lananghartati,TikTok,jujurly lucu banget sih ini 😭,2024-12-23 15:49:19,positif,jujurly lucu banget sih
bahuwarnasiregar,TikTok,gus miftah harus minta maaf sih ini,2024-12-23 15:32:19,negatif,gus miftah maaf sih
wardaya02,TikTok,"bener juga sih, kadang netizen terlalu baper",2024-12-23 15:24:00,positif,bener sih kadang netizen baper
tasdiklestari,TikTok,ga tau mau bilang apa,2024-12-23 15:00:27,netral,ga tau bilang
dimas66,TikTok,hmm no comment deh,2024-12-23 15:06:44,netral,hmm no comment deh
snovitasari,TikTok,"ga lucu, malah nyakitin hati yg jualan",2024-12-23 15:40:38,negatif,ga lucu nyakitin hati yg jual
garangharyanto,TikTok,waduh ini sih udah kelewat batas,2024-12-23 15:48:37,negatif,sih udah lewat batas
galuhlazuardi,TikTok,hmm no comment deh,2024-12-23 15:16:23,netral,hmm no comment deh
gawatilaksmiwati,TikTok,"ga lucu, malah nyakitin hati yg jualan",2024-12-23 15:23:05,negatif,ga lucu nyakitin hati yg jual
salimah68,TikTok,biar agak keras tapi niatnya baik kok,2024-12-23 15:31:25,positif,biar keras niat
nwulandari,TikTok,ni gus emg ada aja kelakuannya 😂,2024-12-23 15:43:12,positif,ni gus emg aja laku
eardianto,TikTok,waduh ini sih udah kelewat batas,2024-12-23 15:13:03,negatif,sih udah lewat batas
martana08,TikTok,ceramah apaan malah ngehina,2024-12-23 15:01:12,negatif,ceramah ngehina
hasanahkarta,TikTok,"ga lucu, malah nyakitin hati yg jualan",2024-12-23 15:32:39,negatif,ga lucu nyakitin hati yg jual
msiregar,TikTok,bisa2 jualan es teh jd insecure 😓,2024-12-23 15:03:06,negatif,jual es teh jd insecure
manah98,TikTok,ni gus emg ada aja kelakuannya 😂,2024-12-23 15:24:07,positif,ni gus emg aja laku
nurainiismail,TikTok,ceramah apaan malah ngehina,2024-12-23 15:48:36,negatif,ceramah ngehina
pradanapurwa,TikTok,ceramah apaan malah ngehina,2024-12-23 15:02:31,negatif,ceramah ngehina
mustofatri,TikTok,ni gus emg ada aja kelakuannya 😂,2024-12-23 15:18:08,positif,ni gus emg aja laku
permadikardi,TikTok,ga sopan bgt ngomong gitu,2024-12-23 15:09:02,negatif,ga sopan bgt ngomong gitu
vega09,TikTok,gus miftah harus minta maaf sih ini,2024-12-23 15:23:14,negatif,gus miftah maaf sih
prayogamaulana,TikTok,biasa aja sih,2024-12-23 15:38:23,netral,aja sih
uyainahindra,TikTok,biar agak keras tapi niatnya baik kok,2024-12-23 15:22:15,positif,biar keras niat
pujisetiawan,TikTok,ceramah apaan malah ngehina,2024-12-23 15:51:00,negatif,ceramah ngehina
maheswaramursinin,TikTok,masih netral aja sih gw liatnya,2024-12-23 15:43:07,netral,netral aja sih gw liat
padmayolanda,TikTok,gw setuju sih ama omongannya gus,2024-12-23 15:16:04,positif,gw tuju sih ama omong gus
ahidayanto,TikTok,"bener juga sih, kadang netizen terlalu baper",2024-12-23 15:09:12,positif,bener sih kadang netizen baper
dwi61,TikTok,tergantung yg nonton juga sih,2024-12-23 15:04:48,netral,gantung yg nonton sih
pandu99,TikTok,biasa aja sih,2024-12-23 15:25:59,netral,aja sih
tampubolonwinda,TikTok,gue liat ini ya udah lah ya,2024-12-23 15:56:30,netral,gue liat ya udah ya
manah14,TikTok,"bener juga sih, kadang netizen terlalu baper",2024-12-23 15:21:21,positif,bener sih kadang netizen baper
septi21,TikTok,"bener juga sih, kadang netizen terlalu baper",2024-12-23 15:25:32,positif,bener sih kadang netizen baper
unjanimaulana,TikTok,"bener juga sih, kadang netizen terlalu baper",2024-12-23 15:11:39,positif,bener sih kadang netizen baper
hartatimartani,TikTok,bisa2 jualan es teh jd insecure 😓,2024-12-23 15:50:55,negatif,jual es teh jd insecure
maliksaputra,TikTok,bisa2 jualan es teh jd insecure 😓,2024-12-23 15:06:54,negatif,jual es teh jd insecure
joko25,TikTok,"bener juga sih, kadang netizen terlalu baper",2024-12-23 15:28:15,positif,bener sih kadang netizen baper
fujiatidwi,TikTok,ni gus emg ada aja kelakuannya 😂,2024-12-23 15:16:50,positif,ni gus emg aja laku
wastutikairav,TikTok,"ceramahnya tetep dapet kok, relax aja guys",2024-12-23 15:15:47,positif,ceramah tetep dapet relax aja guys
julia28,TikTok,biar agak keras tapi niatnya baik kok,2024-12-23 15:05:01,positif,biar keras niat
harjo93,TikTok,"ga lucu, malah nyakitin hati yg jualan",2024-12-23 15:11:47,negatif,ga lucu nyakitin hati yg jual
jaballaksmiwati,TikTok,bisa2 jualan es teh jd insecure 😓,2024-12-23 15:33:38,negatif,jual es teh jd insecure
asmuni30,TikTok,"bener juga sih, kadang netizen terlalu baper",2024-12-23 15:06:11,positif,bener sih kadang netizen baper
yuliana48,TikTok,gus miftah harus minta maaf sih ini,2024-12-23 15:57:47,negatif,gus miftah maaf sih
xananahidayanto,TikTok,gw setuju sih ama omongannya gus,2024-12-23 15:33:28,positif,gw tuju sih ama omong gus
purwanticalista,TikTok,tergantung yg nonton juga sih,2024-12-23 15:30:27,netral,gantung yg nonton sih
maulanajefri,TikTok,hmm no comment deh,2024-12-23 15:29:07,netral,hmm no comment deh
koktaviani,TikTok,masih netral aja sih gw liatnya,2024-12-23 15:47:50,netral,netral aja sih gw liat
wasitakairav,TikTok,waduh ini sih udah kelewat batas,2024-12-23 15:11:30,negatif,sih udah lewat batas
anastasia00,TikTok,"bener juga sih, kadang netizen terlalu baper",2024-12-23 15:32:02,positif,bener sih kadang netizen baper
irmahidayanto,TikTok,biasa aja sih,2024-12-23 15:41:38,netral,aja sih
ususanti,TikTok,hmm no comment deh,2024-12-23 15:59:13,netral,hmm no comment deh
rahayumaryati,TikTok,ceramah apaan malah ngehina,2024-12-23 15:59:27,negatif,ceramah ngehina
hidayantoozy,TikTok,waduh ini sih udah kelewat batas,2024-12-23 15:31:27,negatif,sih udah lewat batas
firmansyahzahra,TikTok,gw setuju sih ama omongannya gus,2024-12-23 15:48:15,positif,gw tuju sih ama omong gus
zyuniar,TikTok,biar agak keras tapi niatnya baik kok,2024-12-23 15:35:34,positif,biar keras niat
carlahalimah,TikTok,ga sopan bgt ngomong gitu,2024-12-23 15:59:54,negatif,ga sopan bgt ngomong gitu
gildatamba,TikTok,ga sopan bgt ngomong gitu,2024-12-23 15:26:26,negatif,ga sopan bgt ngomong gitu
jatihardiansyah,TikTok,masih netral aja sih gw liatnya,2024-12-23 15:55:24,netral,netral aja sih gw liat
harimurti42,TikTok,"ga lucu, malah nyakitin hati yg jualan",2024-12-23 15:47:06,negatif,ga lucu nyakitin hati yg jual
kuswandarititi,TikTok,hmm no comment deh,2024-12-23 15:26:45,netral,hmm no comment deh
harjo01,TikTok,hmm no comment deh,2024-12-23 15:01:05,netral,hmm no comment deh
bandriani,TikTok,ga sopan bgt ngomong gitu,2024-12-23 15:48:43,negatif,ga sopan bgt ngomong gitu
gsirait,TikTok,hmm no comment deh,2024-12-23 15:57:04,netral,hmm no comment deh
lhutapea,TikTok,ga sopan bgt ngomong gitu,2024-12-23 15:32:46,negatif,ga sopan bgt ngomong gitu
crajata,TikTok,masih netral aja sih gw liatnya,2024-12-23 15:20:15,netral,netral aja sih gw liat
xramadan,TikTok,gw setuju sih ama omongannya gus,2024-12-23 15:51:53,positif,gw tuju sih ama omong gus
eminthamrin,TikTok,jujurly lucu banget sih ini 😭,2024-12-23 15:26:14,positif,jujurly lucu banget sih
intan33,TikTok,"ceramahnya tetep dapet kok, relax aja guys",2024-12-23 15:48:08,positif,ceramah tetep dapet relax aja guys
jailanisatya,TikTok,"ceramahnya tetep dapet kok, relax aja guys",2024-12-23 15:00:44,positif,ceramah tetep dapet relax aja guys
pranatasiregar,TikTok,biasa aja sih,2024-12-23 15:26:35,netral,aja sih
budiyantocawuk,TikTok,tergantung yg nonton juga sih,2024-12-23 15:36:05,netral,gantung yg nonton sih
nurulpangestu,TikTok,ga sopan bgt ngomong gitu,2024-12-23 15:20:49,negatif,ga sopan bgt ngomong gitu
tusada,TikTok,jujurly lucu banget sih ini 😭,2024-12-23 15:50:45,positif,jujurly lucu banget sih
bakiantokuswoyo,TikTok,ga tau mau bilang apa,2024-12-23 15:37:24,netral,ga tau bilang
puput04,TikTok,tergantung yg nonton juga sih,2024-12-23 15:55:27,netral,gantung yg nonton sih
zulkarnainnarji,TikTok,ni gus emg ada aja kelakuannya 😂,2024-12-23 15:28:35,positif,ni gus emg aja laku
ratihirawan,TikTok,gue liat ini ya udah lah ya,2024-12-23 15:38:13,netral,gue liat ya udah ya
pandu24,TikTok,ga sopan bgt ngomong gitu,2024-12-23 15:40:21,negatif,ga sopan bgt ngomong gitu
knurdiyanti,TikTok,masih netral aja sih gw liatnya,2024-12-23 15:41:08,netral,netral aja sih gw liat
ramadannilam,TikTok,gue liat ini ya udah lah ya,2024-12-23 15:58:05,netral,gue liat ya udah ya
danangsimanjuntak,TikTok,"ga lucu, malah nyakitin hati yg jualan",2024-12-23 15:48:36,negatif,ga lucu nyakitin hati yg jual
lanjar35,TikTok,gw setuju sih ama omongannya gus,2024-12-23 15:40:50,positif,gw tuju sih ama omong gus
pratamarini,TikTok,biasa aja sih,2024-12-23 15:37:07,netral,aja sih
prabowomandasari,TikTok,"ga lucu, malah nyakitin hati yg jualan",2024-12-23 15:46:30,negatif,ga lucu nyakitin hati yg jual
utamijoko,TikTok,jujurly lucu banget sih ini 😭,2024-12-23 15:08:25,positif,jujurly lucu banget sih
kasiran56,TikTok,"ceramahnya tetep dapet kok, relax aja guys",2024-12-23 15:43:50,positif,ceramah tetep dapet relax aja guys
ajimin02,TikTok,tergantung yg nonton juga sih,2024-12-23 15:29:02,netral,gantung yg nonton sih
najmudinjohan,TikTok,waduh ini sih udah kelewat batas,2024-12-23 15:36:45,negatif,sih udah lewat batas
wastutimaria,TikTok,biar agak keras tapi niatnya baik kok,2024-12-23 15:44:36,positif,biar keras niat
fujiatiyani,TikTok,jujurly lucu banget sih ini 😭,2024-12-23 15:02:26,positif,jujurly lucu banget sih
purwantiluis,TikTok,ni gus emg ada aja kelakuannya 😂,2024-12-23 15:04:15,positif,ni gus emg aja laku
setya95,TikTok,tergantung yg nonton juga sih,2024-12-23 15:32:42,netral,gantung yg nonton sih
ibun64,TikTok,biar agak keras tapi niatnya baik kok,2024-12-23 15:44:34,positif,biar keras niat
wibisonoajimin,TikTok,waduh ini sih udah kelewat batas,2024-12-23 15:54:41,negatif,sih udah lewat batas
cakrajiya58,TikTok,waduh ini sih udah kelewat batas,2024-12-23 15:07:34,negatif,sih udah lewat batas
hutapealantar,TikTok,ceramah apaan malah ngehina,2024-12-23 15:35:40,negatif,ceramah ngehina
gnarpati,TikTok,ga sopan bgt ngomong gitu,2024-12-23 15:30:54,negatif,ga sopan bgt ngomong gitu
galangprabowo,TikTok,"ceramahnya tetep dapet kok, relax aja guys",2024-12-23 15:09:59,positif,ceramah tetep dapet relax aja guys
anomramadan,TikTok,jujurly lucu banget sih ini 😭,2024-12-23 15:12:23,positif,jujurly lucu banget sih
gara71,TikTok,ga sopan bgt ngomong gitu,2024-12-23 15:09:24,negatif,ga sopan bgt ngomong gitu
rnamaga,TikTok,tergantung yg nonton juga sih,2024-12-23 15:14:22,netral,gantung yg nonton sih
ardiantolantar,TikTok,"ga lucu, malah nyakitin hati yg jualan",2024-12-23 15:33:55,negatif,ga lucu nyakitin hati yg jual
purnawatiifa,TikTok,gw setuju sih ama omongannya gus,2024-12-23 15:26:08,positif,gw tuju sih ama omong gus
indra65,TikTok,masih netral aja sih gw liatnya,2024-12-23 15:24:39,netral,netral aja sih gw liat
gatot83,TikTok,ga tau mau bilang apa,2024-12-23 15:08:50,netral,ga tau bilang
putimaulana,TikTok,gw setuju sih ama omongannya gus,2024-12-23 15:06:53,positif,gw tuju sih ama omong gus
gwidodo,TikTok,hmm no comment deh,2024-12-23 15:47:48,netral,hmm no comment deh
nadriansyah,TikTok,tergantung yg nonton juga sih,2024-12-23 15:32:38,netral,gantung yg nonton sih
caket06,TikTok,"bener juga sih, kadang netizen terlalu baper",2024-12-23 15:06:33,positif,bener sih kadang netizen baper
mustofashania,TikTok,gue liat ini ya udah lah ya,2024-12-23 15:00:51,netral,gue liat ya udah ya
aslijanlaksmiwati,TikTok,"bener juga sih, kadang netizen terlalu baper",2024-12-23 15:12:25,positif,bener sih kadang netizen baper
rezaprakasa,TikTok,gw setuju sih ama omongannya gus,2024-12-23 15:33:23,positif,gw tuju sih ama omong gus
vera04,TikTok,"bener juga sih, kadang netizen terlalu baper",2024-12-23 15:43:33,positif,bener sih kadang netizen baper
yuniarharsaya,TikTok,ni gus emg ada aja kelakuannya 😂,2024-12-23 15:52:54,positif,ni gus emg aja laku
manullangrendy,TikTok,ga sopan bgt ngomong gitu,2024-12-23 15:41:57,negatif,ga sopan bgt ngomong gitu
daliminwibowo,TikTok,ceramah apaan malah ngehina,2024-12-23 15:19:37,negatif,ceramah ngehina
rahmawatidigdaya,TikTok,waduh ini sih udah kelewat batas,2024-12-23 15:27:55,negatif,sih udah lewat batas
putama,TikTok,tergantung yg nonton juga sih,2024-12-23 15:52:54,netral,gantung yg nonton sih
januarsamiah,TikTok,ga sopan bgt ngomong gitu,2024-12-23 15:48:08,negatif,ga sopan bgt ngomong gitu
ciaobella94,TikTok,gue liat ini ya udah lah ya,2024-12-23 15:59:36,netral,gue liat ya udah ya
xanana72,TikTok,ga tau mau bilang apa,2024-12-23 15:37:45,netral,ga tau bilang
laksanasuwarno,TikTok,ceramah apaan malah ngehina,2024-12-23 15:23:57,negatif,ceramah ngehina
hasta27,TikTok,ni gus emg ada aja kelakuannya 😂,2024-12-23 15:06:20,positif,ni gus emg aja laku
febipermata,TikTok,ga tau mau bilang apa,2024-12-23 15:18:02,netral,ga tau bilang
wwacana,TikTok,gus miftah harus minta maaf sih ini,2024-12-23 15:46:50,negatif,gus miftah maaf sih
darijan27,TikTok,ga tau mau bilang apa,2024-12-23 15:00:45,netral,ga tau bilang
balidin05,TikTok,bisa2 jualan es teh jd insecure 😓,2024-12-23 15:12:38,negatif,jual es teh jd insecure
ilyas72,TikTok,"ceramahnya tetep dapet kok, relax aja guys",2024-12-23 15:31:13,positif,ceramah tetep dapet relax aja guys
haniriyanti,TikTok,gue liat ini ya udah lah ya,2024-12-23 15:13:21,netral,gue liat ya udah ya
ajiminnasyidah,TikTok,ga tau mau bilang apa,2024-12-23 15:56:32,netral,ga tau bilang
thardiansyah,TikTok,jujurly lucu banget sih ini 😭,2024-12-23 15:09:48,positif,jujurly lucu banget sih
salahudinmaria,TikTok,bisa2 jualan es teh jd insecure 😓,2024-12-23 15:49:14,negatif,jual es teh jd insecure
kala25,TikTok,masih netral aja sih gw liatnya,2024-12-23 15:42:31,netral,netral aja sih gw liat
hutapeaeko,TikTok,biasa aja sih,2024-12-23 15:03:53,netral,aja sih
dimasadriansyah,TikTok,"ga lucu, malah nyakitin hati yg jualan",2024-12-23 15:04:06,negatif,ga lucu nyakitin hati yg jual
primahabibi,TikTok,biasa aja sih,2024-12-23 15:13:28,netral,aja sih
laraswinarno,TikTok,gue liat ini ya udah lah ya,2024-12-23 15:02:37,netral,gue liat ya udah ya
bakiadi60,TikTok,gus miftah harus minta maaf sih ini,2024-12-23 15:39:26,negatif,gus miftah maaf sih
napitupuluprayoga,TikTok,ga tau mau bilang apa,2024-12-23 15:12:34,netral,ga tau bilang
mustofawibowo,TikTok,hmm no comment deh,2024-12-23 15:07:30,netral,hmm no comment deh
emplukhidayat,TikTok,hmm no comment deh,2024-12-23 15:39:41,netral,hmm no comment deh
whakim,TikTok,gw setuju sih ama omongannya gus,2024-12-23 15:49:36,positif,gw tuju sih ama omong gus
luthfi08,TikTok,biar agak keras tapi niatnya baik kok,2024-12-23 15:25:51,positif,biar keras niat
betania00,TikTok,bisa2 jualan es teh jd insecure 😓,2024-12-23 15:45:37,negatif,jual es teh jd insecure
damarjailani,TikTok,gw setuju sih ama omongannya gus,2024-12-23 15:26:07,positif,gw tuju sih ama omong gus
oliva40,TikTok,biasa aja sih,2024-12-23 15:41:25,netral,aja sih
kusumoluwes,TikTok,tergantung yg nonton juga sih,2024-12-23 15:28:30,netral,gantung yg nonton sih
irwan14,TikTok,gw setuju sih ama omongannya gus,2024-12-23 15:30:32,positif,gw tuju sih ama omong gus
rsimanjuntak,TikTok,bisa2 jualan es teh jd insecure 😓,2024-12-23 15:44:07,negatif,jual es teh jd insecure
violet95,TikTok,hmm no comment deh,2024-12-23 15:39:57,netral,hmm no comment deh
suryonoismail,TikTok,"ceramahnya tetep dapet kok, relax aja guys",2024-12-23 15:50:25,positif,ceramah tetep dapet relax aja guys
kaylahidayat,TikTok,gue liat ini ya udah lah ya,2024-12-23 15:07:10,netral,gue liat ya udah ya
lmelani,TikTok,hmm no comment deh,2024-12-23 15:11:19,netral,hmm no comment deh
garang33,TikTok,hmm no comment deh,2024-12-23 15:03:11,netral,hmm no comment deh
lala14,TikTok,bisa2 jualan es teh jd insecure 😓,2024-12-23 15:05:25,negatif,jual es teh jd insecure
edipermadi,TikTok,hmm no comment deh,2024-12-23 15:28:05,netral,hmm no comment deh
gwastuti,TikTok,gus miftah harus minta maaf sih ini,2024-12-23 15:40:07,negatif,gus miftah maaf sih
ida54,TikTok,ni gus emg ada aja kelakuannya 😂,2024-12-23 15:39:06,positif,ni gus emg aja laku
tambagalak,TikTok,gue liat ini ya udah lah ya,2024-12-23 15:48:38,netral,gue liat ya udah ya
frajasa,TikTok,tergantung yg nonton juga sih,2024-12-23 15:02:15,netral,gantung yg nonton sih
malikprastuti,TikTok,ga tau mau bilang apa,2024-12-23 15:03:48,netral,ga tau bilang
kambaliharyanti,TikTok,gw setuju sih ama omongannya gus,2024-12-23 15:55:13,positif,gw tuju sih ama omong gus
tasdikfarida,TikTok,ni gus emg ada aja kelakuannya 😂,2024-12-23 15:33:44,positif,ni gus emg aja laku
nrima73,TikTok,ga tau mau bilang apa,2024-12-23 15:05:10,netral,ga tau bilang
bagiya29,TikTok,waduh ini sih udah kelewat batas,2024-12-23 15:29:21,negatif,sih udah lewat batas
najwa35,TikTok,hmm no comment deh,2024-12-23 15:13:50,netral,hmm no comment deh
jayaprasetya,TikTok,ceramah apaan malah ngehina,2024-12-23 15:29:25,negatif,ceramah ngehina
damaniktalia,TikTok,gus miftah harus minta maaf sih ini,2024-12-23 15:00:00,negatif,gus miftah maaf sih
martanamegantara,TikTok,jujurly lucu banget sih ini 😭,2024-12-23 15:10:35,positif,jujurly lucu banget sih
rajatagawati,TikTok,"ga lucu, malah nyakitin hati yg jualan",2024-12-23 15:32:48,negatif,ga lucu nyakitin hati yg jual
kusumopia,TikTok,biasa aja sih,2024-12-23 15:51:26,netral,aja sih
bajragin76,TikTok,"ceramahnya tetep dapet kok, relax aja guys",2024-12-23 15:02:55,positif,ceramah tetep dapet relax aja guys
endahputra,TikTok,"bener juga sih, kadang netizen terlalu baper",2024-12-23 15:45:59,positif,bener sih kadang netizen baper
ella01,TikTok,tergantung yg nonton juga sih,2024-12-23 15:21:06,netral,gantung yg nonton sih
cakrajiyasitorus,TikTok,"ga lucu, malah nyakitin hati yg jualan",2024-12-23 15:56:27,negatif,ga lucu nyakitin hati yg jual
hartakautami,TikTok,ni gus emg ada aja kelakuannya 😂,2024-12-23 15:24:37,positif,ni gus emg aja laku
simanjuntakbagus,TikTok,bisa2 jualan es teh jd insecure 😓,2024-12-23 15:34:27,negatif,jual es teh jd insecure
triyanti,TikTok,gw setuju sih ama omongannya gus,2024-12-23 15:35:24,positif,gw tuju sih ama omong gus
timbulpuspita,TikTok,gue liat ini ya udah lah ya,2024-12-23 15:33:10,netral,gue liat ya udah ya
pdabukke,TikTok,"ceramahnya tetep dapet kok, relax aja guys",2024-12-23 15:18:20,positif,ceramah tetep dapet relax aja guys
hartakafirgantoro,TikTok,bisa2 jualan es teh jd insecure 😓,2024-12-23 15:24:21,negatif,jual es teh jd insecure
ejamelani,TikTok,bisa2 jualan es teh jd insecure 😓,2024-12-23 15:29:04,negatif,jual es teh jd insecure
faizahusamah,TikTok,biar agak keras tapi niatnya baik kok,2024-12-23 15:30:58,positif,biar keras niat
tyulianti,TikTok,ceramah apaan malah ngehina,2024-12-23 15:59:11,negatif,ceramah ngehina
yuliartifitria,TikTok,gw setuju sih ama omongannya gus,2024-12-23 15:44:37,positif,gw tuju sih ama omong gus
mgunarto,TikTok,gw setuju sih ama omongannya gus,2024-12-23 15:09:21,positif,gw tuju sih ama omong gus
awibowo,TikTok,gus miftah harus minta maaf sih ini,2024-12-23 15:10:43,negatif,gus miftah maaf sih
nasrullahsihombing,TikTok,biasa aja sih,2024-12-23 15:32:15,netral,aja sih
mustofadartono,TikTok,ni gus emg ada aja kelakuannya 😂,2024-12-23 15:03:02,positif,ni gus emg aja laku
janet64,TikTok,"ga lucu, malah nyakitin hati yg jualan",2024-12-23 15:09:37,negatif,ga lucu nyakitin hati yg jual
dongoranmarsudi,TikTok,gw setuju sih ama omongannya gus,2024-12-23 15:11:39,positif,gw tuju sih ama omong gus
wardaya30,TikTok,tergantung yg nonton juga sih,2024-12-23 15:53:42,netral,gantung yg nonton sih
rzulkarnain,TikTok,ga sopan bgt ngomong gitu,2024-12-23 15:59:26,negatif,ga sopan bgt ngomong gitu
zulaikhanainggolan,TikTok,bisa2 jualan es teh jd insecure 😓,2024-12-23 15:40:58,negatif,jual es teh jd insecure
jasmani21,TikTok,jujurly lucu banget sih ini 😭,2024-12-23 15:52:52,positif,jujurly lucu banget sih
lala04,TikTok,ga tau mau bilang apa,2024-12-23 15:13:45,netral,ga tau bilang
wagefirmansyah,TikTok,hmm no comment deh,2024-12-23 15:36:30,netral,hmm no comment deh
kamalnababan,TikTok,hmm no comment deh,2024-12-23 15:14:07,netral,hmm no comment deh
luwesmaheswara,TikTok,bisa2 jualan es teh jd insecure 😓,2024-12-23 15:35:45,negatif,jual es teh jd insecure
dabukkewarsita,TikTok,gw setuju sih ama omongannya gus,2024-12-23 15:02:10,positif,gw tuju sih ama omong gus
oiswahyudi,TikTok,gw setuju sih ama omongannya gus,2024-12-23 15:59:42,positif,gw tuju sih ama omong gus
nababanmurti,TikTok,jujurly lucu banget sih ini 😭,2024-12-23 15:30:09,positif,jujurly lucu banget sih
hrahmawati,TikTok,gus miftah harus minta maaf sih ini,2024-12-23 15:21:23,negatif,gus miftah maaf sih
marbunciaobella,TikTok,ni gus emg ada aja kelakuannya 😂,2024-12-23 15:49:48,positif,ni gus emg aja laku
halimmegantara,TikTok,"ga lucu, malah nyakitin hati yg jualan",2024-12-23 15:00:53,negatif,ga lucu nyakitin hati yg jual
gunartonajib,TikTok,"ceramahnya tetep dapet kok, relax aja guys",2024-12-23 15:03:12,positif,ceramah tetep dapet relax aja guys
tirta59,TikTok,tergantung yg nonton juga sih,2024-12-23 15:36:16,netral,gantung yg nonton sih
jmangunsong,TikTok,jujurly lucu banget sih ini 😭,2024-12-23 15:27:23,positif,jujurly lucu banget sih
bagasmaheswara,TikTok,gus miftah harus minta maaf sih ini,2024-12-23 15:23:22,negatif,gus miftah maaf sih
jumari20,TikTok,waduh ini sih udah kelewat batas,2024-12-23 15:44:45,negatif,sih udah lewat batas
evafarida,TikTok,gue liat ini ya udah lah ya,2024-12-23 15:52:10,netral,gue liat ya udah ya
dwijayanti,TikTok,"ceramahnya tetep dapet kok, relax aja guys",2024-12-23 15:30:02,positif,ceramah tetep dapet relax aja guys
jono83,TikTok,"ceramahnya tetep dapet kok, relax aja guys",2024-12-23 15:21:24,positif,ceramah tetep dapet relax aja guys
ikin29,TikTok,ga sopan bgt ngomong gitu,2024-12-23 15:34:26,negatif,ga sopan bgt ngomong gitu
lharyanti,TikTok,ceramah apaan malah ngehina,2024-12-23 15:44:31,negatif,ceramah ngehina
kartika32,TikTok,"bener juga sih, kadang netizen terlalu baper",2024-12-23 15:23:10,positif,bener sih kadang netizen baper
baktiadi86,TikTok,bisa2 jualan es teh jd insecure 😓,2024-12-23 15:10:54,negatif,jual es teh jd insecure
milasaefullah,TikTok,waduh ini sih udah kelewat batas,2024-12-23 15:46:22,negatif,sih udah lewat batas
halimamansur,TikTok,"bener juga sih, kadang netizen terlalu baper",2024-12-23 15:02:43,positif,bener sih kadang netizen baper
wira23,TikTok,gus miftah harus minta maaf sih ini,2024-12-23 15:24:54,negatif,gus miftah maaf sih
balamantri56,TikTok,masih netral aja sih gw liatnya,2024-12-23 15:27:38,netral,netral aja sih gw liat
jayeng95,TikTok,"ceramahnya tetep dapet kok, relax aja guys",2024-12-23 15:32:07,positif,ceramah tetep dapet relax aja guys
ranggasiregar,TikTok,gue liat ini ya udah lah ya,2024-12-23 15:51:17,netral,gue liat ya udah ya
indah11,TikTok,ni gus emg ada aja kelakuannya 😂,2024-12-23 15:38:19,positif,ni gus emg aja laku
cnainggolan,TikTok,hmm no comment deh,2024-12-23 15:33:41,netral,hmm no comment deh
indra60,TikTok,biar agak keras tapi niatnya baik kok,2024-12-23 15:41:07,positif,biar keras niat
eman44,TikTok,gue liat ini ya udah lah ya,2024-12-23 15:29:57,netral,gue liat ya udah ya
pujinugroho,TikTok,gus miftah harus minta maaf sih ini,2024-12-23 15:33:25,negatif,gus miftah maaf sih
pratamaeva,TikTok,ni gus emg ada aja kelakuannya 😂,2024-12-23 15:57:01,positif,ni gus emg aja laku
warsitasitumorang,TikTok,biar agak keras tapi niatnya baik kok,2024-12-23 15:53:24,positif,biar keras niat
kemalusamah,TikTok,biasa aja sih,2024-12-23 15:48:10,netral,aja sih
eluh57,TikTok,bisa2 jualan es teh jd insecure 😓,2024-12-23 15:55:20,negatif,jual es teh jd insecure
praba54,TikTok,tergantung yg nonton juga sih,2024-12-23 15:41:32,netral,gantung yg nonton sih
danujahidayat,TikTok,biar agak keras tapi niatnya baik kok,2024-12-23 15:32:27,positif,biar keras niat
anggrainidigdaya,TikTok,"ceramahnya tetep dapet kok, relax aja guys",2024-12-23 15:11:16,positif,ceramah tetep dapet relax aja guys
xpermata,TikTok,gus miftah harus minta maaf sih ini,2024-12-23 15:08:05,negatif,gus miftah maaf sih
janet28,TikTok,"ga lucu, malah nyakitin hati yg jualan",2024-12-23 15:45:46,negatif,ga lucu nyakitin hati yg jual
alambanasiregar,TikTok,waduh ini sih udah kelewat batas,2024-12-23 15:10:53,negatif,sih udah lewat batas
tambaibrani,TikTok,ceramah apaan malah ngehina,2024-12-23 15:50:31,negatif,ceramah ngehina
ghaliyatisaputra,TikTok,waduh ini sih udah kelewat batas,2024-12-23 15:12:56,negatif,sih udah lewat batas
samsulkusmawati,TikTok,"ga lucu, malah nyakitin hati yg jualan",2024-12-23 15:49:09,negatif,ga lucu nyakitin hati yg jual
bagasnababan,TikTok,"ceramahnya tetep dapet kok, relax aja guys",2024-12-23 15:50:21,positif,ceramah tetep dapet relax aja guys
wadi88,TikTok,biasa aja sih,2024-12-23 15:44:34,netral,aja sih
hardiansyahcinthia,TikTok,jujurly lucu banget sih ini 😭,2024-12-23 15:45:50,positif,jujurly lucu banget sih
jamilnatsir,TikTok,hmm no comment deh,2024-12-23 15:53:11,netral,hmm no comment deh
siregarjanet,TikTok,gus miftah harus minta maaf sih ini,2024-12-23 15:04:45,negatif,gus miftah maaf sih
pranoworangga,TikTok,hmm no comment deh,2024-12-23 15:40:14,netral,hmm no comment deh
handayanilatika,TikTok,"bener juga sih, kadang netizen terlalu baper",2024-12-23 15:51:41,positif,bener sih kadang netizen baper
zelda41,TikTok,"ga lucu, malah nyakitin hati yg jualan",2024-12-23 15:46:41,negatif,ga lucu nyakitin hati yg jual
cagak49,TikTok,masih netral aja sih gw liatnya,2024-12-23 15:23:06,netral,netral aja sih gw liat
candrasuryatmi,TikTok,waduh ini sih udah kelewat batas,2024-12-23 15:58:24,negatif,sih udah lewat batas
banawi55,TikTok,"ga lucu, malah nyakitin hati yg jualan",2024-12-23 15:54:50,negatif,ga lucu nyakitin hati yg jual
laksmiwatidaruna,TikTok,jujurly lucu banget sih ini 😭,2024-12-23 15:09:29,positif,jujurly lucu banget sih
kusmawatilukman,TikTok,biar agak keras tapi niatnya baik kok,2024-12-23 15:04:11,positif,biar keras niat
almirairawan,TikTok,gus miftah harus minta maaf sih ini,2024-12-23 15:12:11,negatif,gus miftah maaf sih
gangsar90,TikTok,waduh ini sih udah kelewat batas,2024-12-23 15:59:07,negatif,sih udah lewat batas
bhidayanto,TikTok,biar agak keras tapi niatnya baik kok,2024-12-23 15:36:24,positif,biar keras niat
gsiregar,TikTok,biasa aja sih,2024-12-23 15:08:41,netral,aja sih
phutagalung,TikTok,biar agak keras tapi niatnya baik kok,2024-12-23 15:49:42,positif,biar keras niat
vanesamangunsong,TikTok,ga tau mau bilang apa,2024-12-23 15:43:24,netral,ga tau bilang
anilatupono,TikTok,gue liat ini ya udah lah ya,2024-12-23 15:53:47,netral,gue liat ya udah ya
dnamaga,TikTok,hmm no comment deh,2024-12-23 15:27:23,netral,hmm no comment deh
budisaptono,TikTok,tergantung yg nonton juga sih,2024-12-23 15:45:04,netral,gantung yg nonton sih
prayitna13,TikTok,gus miftah harus minta maaf sih ini,2024-12-23 15:06:13,negatif,gus miftah maaf sih
gsusanti,TikTok,ceramah apaan malah ngehina,2024-12-23 15:52:42,negatif,ceramah ngehina
wawan30,TikTok,hmm no comment deh,2024-12-23 15:18:44,netral,hmm no comment deh
limarzulaika,TikTok,jujurly lucu banget sih ini 😭,2024-12-23 15:44:45,positif,jujurly lucu banget sih
jasminsiregar,TikTok,bisa2 jualan es teh jd insecure 😓,2024-12-23 15:11:45,negatif,jual es teh jd insecure
laksitayani,TikTok,tergantung yg nonton juga sih,2024-12-23 15:31:04,netral,gantung yg nonton sih
wsafitri,TikTok,waduh ini sih udah kelewat batas,2024-12-23 15:18:40,negatif,sih udah lewat batas
gpradipta,TikTok,bisa2 jualan es teh jd insecure 😓,2024-12-23 15:46:51,negatif,jual es teh jd insecure
talia30,TikTok,ni gus emg ada aja kelakuannya 😂,2024-12-23 15:54:32,positif,ni gus emg aja laku
btarihoran,TikTok,masih netral aja sih gw liatnya,2024-12-23 15:10:12,netral,netral aja sih gw liat
dimazlatupono,TikTok,gue liat ini ya udah lah ya,2024-12-23 15:35:37,netral,gue liat ya udah ya
iswahyudiarta,TikTok,ceramah apaan malah ngehina,2024-12-23 15:24:39,negatif,ceramah ngehina
rajataartawan,TikTok,"ga lucu, malah nyakitin hati yg jualan",2024-12-23 15:45:13,negatif,ga lucu nyakitin hati yg jual
agustinaabyasa,TikTok,"ceramahnya tetep dapet kok, relax aja guys",2024-12-23 15:05:47,positif,ceramah tetep dapet relax aja guys
banawa05,TikTok,gue liat ini ya udah lah ya,2024-12-23 15:52:42,netral,gue liat ya udah ya
maryatidinda,TikTok,gue liat ini ya udah lah ya,2024-12-23 15:55:06,netral,gue liat ya udah ya
utamadadap,TikTok,jujurly lucu banget sih ini 😭,2024-12-23 15:13:21,positif,jujurly lucu banget sih
karimah77,TikTok,biar agak keras tapi niatnya baik kok,2024-12-23 15:45:46,positif,biar keras niat
raihanadriansyah,TikTok,"ceramahnya tetep dapet kok, relax aja guys",2024-12-23 15:57:16,positif,ceramah tetep dapet relax aja guys
narpatihendri,TikTok,gus miftah harus minta maaf sih ini,2024-12-23 15:45:37,negatif,gus miftah maaf sih
nurdiyantigenta,TikTok,gw setuju sih ama omongannya gus,2024-12-23 15:27:43,positif,gw tuju sih ama omong gus
oni15,TikTok,"ga lucu, malah nyakitin hati yg jualan",2024-12-23 15:15:48,negatif,ga lucu nyakitin hati yg jual
saefullahcawisadi,TikTok,biasa aja sih,2024-12-23 15:53:02,netral,aja sih
ppurwanti,TikTok,hmm no comment deh,2024-12-23 15:54:52,netral,hmm no comment deh
asmuni39,TikTok,"bener juga sih, kadang netizen terlalu baper",2024-12-23 15:32:19,positif,bener sih kadang netizen baper
halimumaya,TikTok,hmm no comment deh,2024-12-23 15:01:05,netral,hmm no comment deh
hakimcahyo,TikTok,ceramah apaan malah ngehina,2024-12-23 15:31:16,negatif,ceramah ngehina
gadangmayasari,TikTok,ceramah apaan malah ngehina,2024-12-23 15:07:57,negatif,ceramah ngehina
wijayantikawaya,TikTok,gue liat ini ya udah lah ya,2024-12-23 15:08:14,netral,gue liat ya udah ya
liman05,TikTok,"bener juga sih, kadang netizen terlalu baper",2024-12-23 15:51:29,positif,bener sih kadang netizen baper
wadi02,TikTok,biasa aja sih,2024-12-23 15:19:54,netral,aja sih
panji02,TikTok,ni gus emg ada aja kelakuannya 😂,2024-12-23 15:27:14,positif,ni gus emg aja laku
martani03,TikTok,masih netral aja sih gw liatnya,2024-12-23 15:05:25,netral,netral aja sih gw liat
gamaniwibowo,TikTok,ga tau mau bilang apa,2024-12-23 15:16:35,netral,ga tau bilang
tarihoranmakara,TikTok,gw setuju sih ama omongannya gus,2024-12-23 15:25:58,positif,gw tuju sih ama omong gus
maidahastuti,TikTok,ga sopan bgt ngomong gitu,2024-12-23 15:23:49,negatif,ga sopan bgt ngomong gitu
salman00,TikTok,"ga lucu, malah nyakitin hati yg jualan",2024-12-23 15:49:05,negatif,ga lucu nyakitin hati yg jual
saputrajelita,TikTok,ceramah apaan malah ngehina,2024-12-23 15:43:01,negatif,ceramah ngehina
latuponopadmi,TikTok,ceramah apaan malah ngehina,2024-12-23 15:05:02,negatif,ceramah ngehina
lamarwastuti,TikTok,ga sopan bgt ngomong gitu,2024-12-23 15:25:19,negatif,ga sopan bgt ngomong gitu
kusmawatititi,TikTok,ga sopan bgt ngomong gitu,2024-12-23 15:37:05,negatif,ga sopan bgt ngomong gitu
lembaharyani,TikTok,ceramah apaan malah ngehina,2024-12-23 15:49:54,negatif,ceramah ngehina
lestarieja,TikTok,biar agak keras tapi niatnya baik kok,2024-12-23 15:56:48,positif,biar keras niat
prasetyacindy,TikTok,ga tau mau bilang apa,2024-12-23 15:24:39,netral,ga tau bilang
budiyantoihsan,TikTok,gus miftah harus minta maaf sih ini,2024-12-23 15:56:33,negatif,gus miftah maaf sih
wibisonotimbul,TikTok,"ceramahnya tetep dapet kok, relax aja guys",2024-12-23 15:50:32,positif,ceramah tetep dapet relax aja guys
pradiptatira,TikTok,ga tau mau bilang apa,2024-12-23 15:23:42,netral,ga tau bilang
harjo26,TikTok,gue liat ini ya udah lah ya,2024-12-23 15:23:14,netral,gue liat ya udah ya
umaulana,TikTok,biasa aja sih,2024-12-23 15:14:23,netral,aja sih
uriyanti,TikTok,biar agak keras tapi niatnya baik kok,2024-12-23 15:00:01,positif,biar keras niat
estionofarida,TikTok,hmm no comment deh,2024-12-23 15:38:12,netral,hmm no comment deh
ifarida,TikTok,masih netral aja sih gw liatnya,2024-12-23 15:52:06,netral,netral aja sih gw liat
maheswarasadina,TikTok,tergantung yg nonton juga sih,2024-12-23 15:10:21,netral,gantung yg nonton sih
mjanuar,TikTok,ga sopan bgt ngomong gitu,2024-12-23 15:03:28,negatif,ga sopan bgt ngomong gitu
akuswoyo,TikTok,tergantung yg nonton juga sih,2024-12-23 15:05:26,netral,gantung yg nonton sih
kasim13,TikTok,bisa2 jualan es teh jd insecure 😓,2024-12-23 15:40:40,negatif,jual es teh jd insecure
wsitompul,TikTok,hmm no comment deh,2024-12-23 15:14:06,netral,hmm no comment deh
ksamosir,TikTok,waduh ini sih udah kelewat batas,2024-12-23 15:12:12,negatif,sih udah lewat batas
uyainahakarsana,TikTok,ceramah apaan malah ngehina,2024-12-23 15:50:55,negatif,ceramah ngehina
yolandaagnes,TikTok,gw setuju sih ama omongannya gus,2024-12-23 15:04:05,positif,gw tuju sih ama omong gus
manullangyuni,TikTok,ceramah apaan malah ngehina,2024-12-23 15:55:30,negatif,ceramah ngehina
jarwasihotang,TikTok,hmm no comment deh,2024-12-23 15:44:22,netral,hmm no comment deh
bnuraini,TikTok,ni gus emg ada aja kelakuannya 😂,2024-12-23 15:33:08,positif,ni gus emg aja laku
oktawijayanti,TikTok,ni gus emg ada aja kelakuannya 😂,2024-12-23 15:16:37,positif,ni gus emg aja laku
bagustina,TikTok,bisa2 jualan es teh jd insecure 😓,2024-12-23 15:46:47,negatif,jual es teh jd insecure
fkuswoyo,TikTok,biasa aja sih,2024-12-23 15:26:35,netral,aja sih
tsamosir,TikTok,gus miftah harus minta maaf sih ini,2024-12-23 15:16:39,negatif,gus miftah maaf sih
hariyahkiandra,TikTok,waduh ini sih udah kelewat batas,2024-12-23 15:06:05,negatif,sih udah lewat batas
pandu85,TikTok,ceramah apaan malah ngehina,2024-12-23 15:16:00,negatif,ceramah ngehina
tnashiruddin,TikTok,hmm no comment deh,2024-12-23 15:52:28,netral,hmm no comment deh
mayasarijamal,TikTok,"bener juga sih, kadang netizen terlalu baper",2024-12-23 15:39:33,positif,bener sih kadang netizen baper
jasmani33,TikTok,jujurly lucu banget sih ini 😭,2024-12-23 15:43:09,positif,jujurly lucu banget sih
wahyuniatmaja,TikTok,tergantung yg nonton juga sih,2024-12-23 15:24:50,netral,gantung yg nonton sih
bhasanah,TikTok,gw setuju sih ama omongannya gus,2024-12-23 15:30:47,positif,gw tuju sih ama omong gus
mahmudardianto,TikTok,ceramah apaan malah ngehina,2024-12-23 15:22:32,negatif,ceramah ngehina
yolandaarsipatra,TikTok,hmm no comment deh,2024-12-23 15:21:36,netral,hmm no comment deh
ardiantogabriella,TikTok,ni gus emg ada aja kelakuannya 😂,2024-12-23 15:05:09,positif,ni gus emg aja laku
wasitamaryadi,TikTok,ga tau mau bilang apa,2024-12-23 15:51:03,netral,ga tau bilang
novitasariaurora,TikTok,bisa2 jualan es teh jd insecure 😓,2024-12-23 15:43:38,negatif,jual es teh jd insecure
wwibisono,TikTok,ceramah apaan malah ngehina,2024-12-23 15:30:13,negatif,ceramah ngehina
habibidirja,TikTok,"ga lucu, malah nyakitin hati yg jualan",2024-12-23 15:46:41,negatif,ga lucu nyakitin hati yg jual
anggrainilantar,TikTok,"ceramahnya tetep dapet kok, relax aja guys",2024-12-23 15:08:11,positif,ceramah tetep dapet relax aja guys
gdamanik,TikTok,biar agak keras tapi niatnya baik kok,2024-12-23 15:55:15,positif,biar keras niat
malikaprastuti,TikTok,gus miftah harus minta maaf sih ini,2024-12-23 15:42:25,negatif,gus miftah maaf sih
nrimafujiati,TikTok,masih netral aja sih gw liatnya,2024-12-23 15:46:50,netral,netral aja sih gw liat
catur00,TikTok,"ceramahnya tetep dapet kok, relax aja guys",2024-12-23 15:04:31,positif,ceramah tetep dapet relax aja guys
sitompulhasta,TikTok,ni gus emg ada aja kelakuannya 😂,2024-12-23 15:45:30,positif,ni gus emg aja laku
eputra,TikTok,biasa aja sih,2024-12-23 15:16:15,netral,aja sih
hsafitri,TikTok,gw setuju sih ama omongannya gus,2024-12-23 15:15:40,positif,gw tuju sih ama omong gus
harsaya08,TikTok,"ceramahnya tetep dapet kok, relax aja guys",2024-12-23 15:38:24,positif,ceramah tetep dapet relax aja guys
gandagunawan,TikTok,ceramah apaan malah ngehina,2024-12-23 15:56:30,negatif,ceramah ngehina
cgunawan,TikTok,tergantung yg nonton juga sih,2024-12-23 15:46:19,netral,gantung yg nonton sih
violetgunarto,TikTok,jujurly lucu banget sih ini 😭,2024-12-23 15:53:57,positif,jujurly lucu banget sih
mardhiyahyono,TikTok,biar agak keras tapi niatnya baik kok,2024-12-23 15:59:48,positif,biar keras niat
dagellatupono,TikTok,"ceramahnya tetep dapet kok, relax aja guys",2024-12-23 15:30:52,positif,ceramah tetep dapet relax aja guys
wmarbun,TikTok,masih netral aja sih gw liatnya,2024-12-23 15:33:18,netral,netral aja sih gw liat
ibrahim29,TikTok,"bener juga sih, kadang netizen terlalu baper",2024-12-23 15:46:37,positif,bener sih kadang netizen baper
budiyantoartawan,TikTok,ga sopan bgt ngomong gitu,2024-12-23 15:29:04,negatif,ga sopan bgt ngomong gitu
aprabowo,TikTok,jujurly lucu banget sih ini 😭,2024-12-23 15:36:57,positif,jujurly lucu banget sih
halimahkarja,TikTok,jujurly lucu banget sih ini 😭,2024-12-23 15:03:16,positif,jujurly lucu banget sih
tnatsir,TikTok,gw setuju sih ama omongannya gus,2024-12-23 15:33:53,positif,gw tuju sih ama omong gus
kambali21,TikTok,gue liat ini ya udah lah ya,2024-12-23 15:34:54,netral,gue liat ya udah ya
widiastutiyani,TikTok,gw setuju sih ama omongannya gus,2024-12-23 15:49:45,positif,gw tuju sih ama omong gus
vsinaga,TikTok,gus miftah harus minta maaf sih ini,2024-12-23 15:44:18,negatif,gus miftah maaf sih
marbunkasiran,TikTok,biasa aja sih,2024-12-23 15:00:21,netral,aja sih
shaniamaryati,TikTok,"ceramahnya tetep dapet kok, relax aja guys",2024-12-23 15:29:38,positif,ceramah tetep dapet relax aja guys
astutiamong,TikTok,ceramah apaan malah ngehina,2024-12-23 15:45:34,negatif,ceramah ngehina
fmansur,TikTok,gus miftah harus minta maaf sih ini,2024-12-23 15:58:14,negatif,gus miftah maaf sih
darimin04,TikTok,biar agak keras tapi niatnya baik kok,2024-12-23 15:37:08,positif,biar keras niat
pprabowo,TikTok,ceramah apaan malah ngehina,2024-12-23 15:10:44,negatif,ceramah ngehina
winarnolasmono,TikTok,ni gus emg ada aja kelakuannya 😂,2024-12-23 15:09:09,positif,ni gus emg aja laku
oman38,TikTok,biasa aja sih,2024-12-23 15:46:33,netral,aja sih
kusumamandala,TikTok,"bener juga sih, kadang netizen terlalu baper",2024-12-23 15:24:42,positif,bener sih kadang netizen baper
najib82,TikTok,"ga lucu, malah nyakitin hati yg jualan",2024-12-23 15:57:42,negatif,ga lucu nyakitin hati yg jual
rachel21,TikTok,tergantung yg nonton juga sih,2024-12-23 15:37:40,netral,gantung yg nonton sih
hutasoitcakrabirawa,TikTok,hmm no comment deh,2024-12-23 15:04:34,netral,hmm no comment deh
gildasitompul,TikTok,waduh ini sih udah kelewat batas,2024-12-23 15:36:22,negatif,sih udah lewat batas
opungramadan,TikTok,biasa aja sih,2024-12-23 15:04:17,netral,aja sih
simanjuntakrangga,TikTok,hmm no comment deh,2024-12-23 15:39:12,netral,hmm no comment deh
bgunarto,TikTok,biar agak keras tapi niatnya baik kok,2024-12-23 15:29:04,positif,biar keras niat
luthfi34,TikTok,"bener juga sih, kadang netizen terlalu baper",2024-12-23 15:12:42,positif,bener sih kadang netizen baper
riyantieja,TikTok,gw setuju sih ama omongannya gus,2024-12-23 15:39:01,positif,gw tuju sih ama omong gus
unjanipudjiastuti,TikTok,biasa aja sih,2024-12-23 15:10:28,netral,aja sih
orahimah,TikTok,biar agak keras tapi niatnya baik kok,2024-12-23 15:16:39,positif,biar keras niat
vega38,TikTok,"ga lucu, malah nyakitin hati yg jualan",2024-12-23 15:51:01,negatif,ga lucu nyakitin hati yg jual
ghardiansyah,TikTok,"ceramahnya tetep dapet kok, relax aja guys",2024-12-23 15:50:46,positif,ceramah tetep dapet relax aja guys
hasim81,TikTok,hmm no comment deh,2024-12-23 15:43:59,netral,hmm no comment deh
sakura80,TikTok,"ceramahnya tetep dapet kok, relax aja guys",2024-12-23 15:30:14,positif,ceramah tetep dapet relax aja guys
daruna31,TikTok,bisa2 jualan es teh jd insecure 😓,2024-12-23 15:54:11,negatif,jual es teh jd insecure
ichahasanah,TikTok,"bener juga sih, kadang netizen terlalu baper",2024-12-23 15:52:15,positif,bener sih kadang netizen baper
tamilaksita,TikTok,ga tau mau bilang apa,2024-12-23 15:38:59,netral,ga tau bilang
wdabukke,TikTok,biar agak keras tapi niatnya baik kok,2024-12-23 15:37:18,positif,biar keras niat
amiwijaya,TikTok,hmm no comment deh,2024-12-23 15:47:57,netral,hmm no comment deh
hastahabibi,TikTok,"ceramahnya tetep dapet kok, relax aja guys",2024-12-23 15:56:27,positif,ceramah tetep dapet relax aja guys
lamarsalahudin,TikTok,bisa2 jualan es teh jd insecure 😓,2024-12-23 15:54:06,negatif,jual es teh jd insecure
ani05,TikTok,gus miftah harus minta maaf sih ini,2024-12-23 15:03:06,negatif,gus miftah maaf sih
jessicasimanjuntak,TikTok,masih netral aja sih gw liatnya,2024-12-23 15:45:38,netral,netral aja sih gw liat
yuniarkenari,TikTok,ceramah apaan malah ngehina,2024-12-23 15:54:34,negatif,ceramah ngehina
tedisuryatmi,TikTok,gus miftah harus minta maaf sih ini,2024-12-23 15:59:25,negatif,gus miftah maaf sih
padmasariwidya,TikTok,ceramah apaan malah ngehina,2024-12-23 15:49:00,negatif,ceramah ngehina
lkurniawan,TikTok,hmm no comment deh,2024-12-23 15:54:27,netral,hmm no comment deh
adeanggraini,TikTok,"bener juga sih, kadang netizen terlalu baper",2024-12-23 15:24:30,positif,bener sih kadang netizen baper
ardiantokania,TikTok,hmm no comment deh,2024-12-23 15:41:01,netral,hmm no comment deh
asirwada64,TikTok,biar agak keras tapi niatnya baik kok,2024-12-23 15:33:27,positif,biar keras niat
purnawatiyance,TikTok,gus miftah harus minta maaf sih ini,2024-12-23 15:54:48,negatif,gus miftah maaf sih
qsalahudin,TikTok,tergantung yg nonton juga sih,2024-12-23 15:03:58,netral,gantung yg nonton sih
npurwanti,TikTok,gue liat ini ya udah lah ya,2024-12-23 15:59:08,netral,gue liat ya udah ya
margana68,TikTok,gue liat ini ya udah lah ya,2024-12-23 15:21:47,netral,gue liat ya udah ya
suwarnovanya,TikTok,"ga lucu, malah nyakitin hati yg jualan",2024-12-23 15:28:12,negatif,ga lucu nyakitin hati yg jual
nnapitupulu,TikTok,"ceramahnya tetep dapet kok, relax aja guys",2024-12-23 15:20:03,positif,ceramah tetep dapet relax aja guys
syahrinisitompul,TikTok,tergantung yg nonton juga sih,2024-12-23 15:18:02,netral,gantung yg nonton sih
hidayatemil,TikTok,ga sopan bgt ngomong gitu,2024-12-23 15:26:36,negatif,ga sopan bgt ngomong gitu
zhariyah,TikTok,"bener juga sih, kadang netizen terlalu baper",2024-12-23 15:24:01,positif,bener sih kadang netizen baper
cengkalhandayani,TikTok,jujurly lucu banget sih ini 😭,2024-12-23 15:28:58,positif,jujurly lucu banget sih
banarabudiyanto,TikTok,tergantung yg nonton juga sih,2024-12-23 15:48:45,netral,gantung yg nonton sih
rajasawani,TikTok,gw setuju sih ama omongannya gus,2024-12-23 15:29:19,positif,gw tuju sih ama omong gus
tinasetiawan,TikTok,biasa aja sih,2024-12-23 15:35:37,netral,aja sih
purnawatidaliono,TikTok,"ga lucu, malah nyakitin hati yg jualan",2024-12-23 15:44:48,negatif,ga lucu nyakitin hati yg jual
vmaryati,TikTok,"bener juga sih, kadang netizen terlalu baper",2024-12-23 15:53:10,positif,bener sih kadang netizen baper
opheliahakim,TikTok,waduh ini sih udah kelewat batas,2024-12-23 15:17:47,negatif,sih udah lewat batas
hyulianti,TikTok,ceramah apaan malah ngehina,2024-12-23 15:42:53,negatif,ceramah ngehina
hutapeasiti,TikTok,biar agak keras tapi niatnya baik kok,2024-12-23 15:00:50,positif,biar keras niat
vtampubolon,TikTok,ceramah apaan malah ngehina,2024-12-23 15:08:04,negatif,ceramah ngehina
ariswacana,TikTok,biar agak keras tapi niatnya baik kok,2024-12-23 15:20:50,positif,biar keras niat
uwacana,TikTok,ga sopan bgt ngomong gitu,2024-12-23 15:46:18,negatif,ga sopan bgt ngomong gitu
waskitajayadi,TikTok,"ga lucu, malah nyakitin hati yg jualan",2024-12-23 15:40:51,negatif,ga lucu nyakitin hati yg jual
pratiwiami,TikTok,ni gus emg ada aja kelakuannya 😂,2024-12-23 15:42:23,positif,ni gus emg aja laku
wfarida,TikTok,gus miftah harus minta maaf sih ini,2024-12-23 15:15:17,negatif,gus miftah maaf sih
kanisitompul,TikTok,gus miftah harus minta maaf sih ini,2024-12-23 15:03:54,negatif,gus miftah maaf sih
prabanamaga,TikTok,waduh ini sih udah kelewat batas,2024-12-23 15:24:06,negatif,sih udah lewat batas
itamba,TikTok,gue liat ini ya udah lah ya,2024-12-23 15:31:42,netral,gue liat ya udah ya
wulandarijamalia,TikTok,gue liat ini ya udah lah ya,2024-12-23 15:58:57,netral,gue liat ya udah ya
hasanahartanto,TikTok,"ga lucu, malah nyakitin hati yg jualan",2024-12-23 15:15:45,negatif,ga lucu nyakitin hati yg jual
daniswara94,TikTok,ni gus emg ada aja kelakuannya 😂,2024-12-23 15:01:01,positif,ni gus emg aja laku
marsudiutama,TikTok,"bener juga sih, kadang netizen terlalu baper",2024-12-23 15:46:47,positif,bener sih kadang netizen baper
kartikanasyidah,TikTok,gus miftah harus minta maaf sih ini,2024-12-23 15:47:39,negatif,gus miftah maaf sih
ifahalim,TikTok,"ceramahnya tetep dapet kok, relax aja guys",2024-12-23 15:24:06,positif,ceramah tetep dapet relax aja guys
kayun64,TikTok,"ceramahnya tetep dapet kok, relax aja guys",2024-12-23 15:53:24,positif,ceramah tetep dapet relax aja guys
prasastajarwi,TikTok,biasa aja sih,2024-12-23 15:43:11,netral,aja sih
ajiman34,TikTok,waduh ini sih udah kelewat batas,2024-12-23 15:20:09,negatif,sih udah lewat batas
baktiono40,TikTok,gus miftah harus minta maaf sih ini,2024-12-23 15:13:48,negatif,gus miftah maaf sih
harsanto99,TikTok,ga sopan bgt ngomong gitu,2024-12-23 15:04:52,negatif,ga sopan bgt ngomong gitu
yuniarshania,TikTok,gw setuju sih ama omongannya gus,2024-12-23 15:44:11,positif,gw tuju sih ama omong gus
oktavianiabyasa,TikTok,ga sopan bgt ngomong gitu,2024-12-23 15:45:59,negatif,ga sopan bgt ngomong gitu
yolandaratih,TikTok,jujurly lucu banget sih ini 😭,2024-12-23 15:28:36,positif,jujurly lucu banget sih
bellautama,TikTok,"bener juga sih, kadang netizen terlalu baper",2024-12-23 15:10:02,positif,bener sih kadang netizen baper
setiawanharto,TikTok,"ceramahnya tetep dapet kok, relax aja guys",2024-12-23 15:52:29,positif,ceramah tetep dapet relax aja guys
wira45,TikTok,tergantung yg nonton juga sih,2024-12-23 15:25:59,netral,gantung yg nonton sih
mahmud41,TikTok,ceramah apaan malah ngehina,2024-12-23 15:29:12,negatif,ceramah ngehina
ajimat15,TikTok,ceramah apaan malah ngehina,2024-12-23 15:59:05,negatif,ceramah ngehina
januaricha,TikTok,gue liat ini ya udah lah ya,2024-12-23 15:10:10,netral,gue liat ya udah ya
mahendrajamil,TikTok,waduh ini sih udah kelewat batas,2024-12-23 15:35:17,negatif,sih udah lewat batas
teguhpratiwi,TikTok,gw setuju sih ama omongannya gus,2024-12-23 15:03:23,positif,gw tuju sih ama omong gus
bmayasari,TikTok,ni gus emg ada aja kelakuannya 😂,2024-12-23 15:05:18,positif,ni gus emg aja laku
agustinareza,TikTok,waduh ini sih udah kelewat batas,2024-12-23 15:37:39,negatif,sih udah lewat batas
faridairnanto,TikTok,ga sopan bgt ngomong gitu,2024-12-23 15:59:34,negatif,ga sopan bgt ngomong gitu
iwibowo,TikTok,"ceramahnya tetep dapet kok, relax aja guys",2024-12-23 15:40:15,positif,ceramah tetep dapet relax aja guys
makarafarida,TikTok,gw setuju sih ama omongannya gus,2024-12-23 15:57:31,positif,gw tuju sih ama omong gus
fnurdiyanti,TikTok,"bener juga sih, kadang netizen terlalu baper",2024-12-23 15:30:15,positif,bener sih kadang netizen baper
hutasoitjaya,TikTok,ga sopan bgt ngomong gitu,2024-12-23 15:35:56,negatif,ga sopan bgt ngomong gitu
anggrainiian,TikTok,hmm no comment deh,2024-12-23 15:57:37,netral,hmm no comment deh
aswani80,TikTok,tergantung yg nonton juga sih,2024-12-23 15:04:08,netral,gantung yg nonton sih
ilyaspuspita,TikTok,"ceramahnya tetep dapet kok, relax aja guys",2024-12-23 15:50:41,positif,ceramah tetep dapet relax aja guys
megantarairfan,TikTok,"ga lucu, malah nyakitin hati yg jualan",2024-12-23 15:21:10,negatif,ga lucu nyakitin hati yg jual
susantilalita,TikTok,bisa2 jualan es teh jd insecure 😓,2024-12-23 15:06:43,negatif,jual es teh jd insecure
utamailsa,TikTok,"bener juga sih, kadang netizen terlalu baper",2024-12-23 15:52:18,positif,bener sih kadang netizen baper
hadi33,TikTok,"ceramahnya tetep dapet kok, relax aja guys",2024-12-23 15:18:13,positif,ceramah tetep dapet relax aja guys
pgunawan,TikTok,ga tau mau bilang apa,2024-12-23 15:58:02,netral,ga tau bilang
fprasetya,TikTok,ceramah apaan malah ngehina,2024-12-23 15:06:47,negatif,ceramah ngehina
natsirgatot,TikTok,ga sopan bgt ngomong gitu,2024-12-23 15:12:13,negatif,ga sopan bgt ngomong gitu
hamzah91,TikTok,"bener juga sih, kadang netizen terlalu baper",2024-12-23 15:19:29,positif,bener sih kadang netizen baper
artawan79,TikTok,tergantung yg nonton juga sih,2024-12-23 15:02:40,netral,gantung yg nonton sih
kenarilatupono,TikTok,masih netral aja sih gw liatnya,2024-12-23 15:31:46,netral,netral aja sih gw liat
pratamaikin,TikTok,biar agak keras tapi niatnya baik kok,2024-12-23 15:35:10,positif,biar keras niat
cintapratiwi,TikTok,ga sopan bgt ngomong gitu,2024-12-23 15:24:43,negatif,ga sopan bgt ngomong gitu
yutama,TikTok,"bener juga sih, kadang netizen terlalu baper",2024-12-23 15:14:33,positif,bener sih kadang netizen baper
langgeng02,TikTok,bisa2 jualan es teh jd insecure 😓,2024-12-23 15:05:15,negatif,jual es teh jd insecure
siraitrahmi,TikTok,ga tau mau bilang apa,2024-12-23 15:37:53,netral,ga tau bilang
hasanahfarah,TikTok,tergantung yg nonton juga sih,2024-12-23 15:27:17,netral,gantung yg nonton sih
wwidodo,TikTok,hmm no comment deh,2024-12-23 15:41:31,netral,hmm no comment deh
capa17,TikTok,ga sopan bgt ngomong gitu,2024-12-23 15:43:11,negatif,ga sopan bgt ngomong gitu
pprasetyo,TikTok,biasa aja sih,2024-12-23 15:16:46,netral,aja sih
budimanvirman,TikTok,"bener juga sih, kadang netizen terlalu baper",2024-12-23 15:11:32,positif,bener sih kadang netizen baper
kani84,TikTok,ceramah apaan malah ngehina,2024-12-23 15:47:24,negatif,ceramah ngehina
anggriawanniyaga,TikTok,gw setuju sih ama omongannya gus,2024-12-23 15:50:43,positif,gw tuju sih ama omong gus
irawanrina,TikTok,biasa aja sih,2024-12-23 15:55:06,netral,aja sih
vsudiati,TikTok,ga tau mau bilang apa,2024-12-23 15:11:16,netral,ga tau bilang
hutasoitmaria,TikTok,ga sopan bgt ngomong gitu,2024-12-23 15:47:29,negatif,ga sopan bgt ngomong gitu
kania98,TikTok,gue liat ini ya udah lah ya,2024-12-23 15:26:01,netral,gue liat ya udah ya
hadimangunsong,TikTok,biasa aja sih,2024-12-23 15:27:28,netral,aja sih
cemplunkharyanto,TikTok,ni gus emg ada aja kelakuannya 😂,2024-12-23 15:39:58,positif,ni gus emg aja laku
cahyadi49,TikTok,masih netral aja sih gw liatnya,2024-12-23 15:05:47,netral,netral aja sih gw liat
hakimharsana,TikTok,gus miftah harus minta maaf sih ini,2024-12-23 15:13:57,negatif,gus miftah maaf sih
kandamandala,TikTok,"bener juga sih, kadang netizen terlalu baper",2024-12-23 15:21:50,positif,bener sih kadang netizen baper
yono28,TikTok,tergantung yg nonton juga sih,2024-12-23 15:00:46,netral,gantung yg nonton sih
luwar92,TikTok,hmm no comment deh,2024-12-23 15:53:59,netral,hmm no comment deh
mahdi86,TikTok,biasa aja sih,2024-12-23 15:20:29,netral,aja sih
endranarpati,TikTok,biasa aja sih,2024-12-23 15:35:23,netral,aja sih
edison18,TikTok,jujurly lucu banget sih ini 😭,2024-12-23 15:00:11,positif,jujurly lucu banget sih
rini32,TikTok,gue liat ini ya udah lah ya,2024-12-23 15:47:47,netral,gue liat ya udah ya
epangestu,TikTok,waduh ini sih udah kelewat batas,2024-12-23 15:01:31,negatif,sih udah lewat batas
nova77,TikTok,"ceramahnya tetep dapet kok, relax aja guys",2024-12-23 15:06:44,positif,ceramah tetep dapet relax aja guys
riyantiprayitna,TikTok,waduh ini sih udah kelewat batas,2024-12-23 15:07:58,negatif,sih udah lewat batas
sihombingluhung,TikTok,gw setuju sih ama omongannya gus,2024-12-23 15:35:30,positif,gw tuju sih ama omong gus
sitiwijayanti,TikTok,gue liat ini ya udah lah ya,2024-12-23 15:18:20,netral,gue liat ya udah ya
himawan64,TikTok,tergantung yg nonton juga sih,2024-12-23 15:36:22,netral,gantung yg nonton sih
kamidin48,TikTok,biasa aja sih,2024-12-23 15:54:55,netral,aja sih
rizki22,TikTok,ga tau mau bilang apa,2024-12-23 15:06:34,netral,ga tau bilang
suwarnojatmiko,TikTok,ga tau mau bilang apa,2024-12-23 15:02:36,netral,ga tau bilang
simon09,TikTok,jujurly lucu banget sih ini 😭,2024-12-23 15:16:07,positif,jujurly lucu banget sih
winarnotitin,TikTok,ni gus emg ada aja kelakuannya 😂,2024-12-23 15:51:26,positif,ni gus emg aja laku
manullangnyana,TikTok,ceramah apaan malah ngehina,2024-12-23 15:13:17,negatif,ceramah ngehina
ellispadmasari,TikTok,jujurly lucu banget sih ini 😭,2024-12-23 15:14:35,positif,jujurly lucu banget sih
mustofamurti,TikTok,biar agak keras tapi niatnya baik kok,2024-12-23 15:00:46,positif,biar keras niat
hasnauyainah,TikTok,"ga lucu, malah nyakitin hati yg jualan",2024-12-23 15:41:13,negatif,ga lucu nyakitin hati yg jual
widododamu,TikTok,ga tau mau bilang apa,2024-12-23 15:06:24,netral,ga tau bilang
hasanahmustika,TikTok,ga sopan bgt ngomong gitu,2024-12-23 15:35:57,negatif,ga sopan bgt ngomong gitu
mursita30,TikTok,biasa aja sih,2024-12-23 15:57:45,netral,aja sih
fmarbun,TikTok,bisa2 jualan es teh jd insecure 😓,2024-12-23 15:59:21,negatif,jual es teh jd insecure
spertiwi,TikTok,ni gus emg ada aja kelakuannya 😂,2024-12-23 15:45:02,positif,ni gus emg aja laku
gadang71,TikTok,waduh ini sih udah kelewat batas,2024-12-23 15:05:15,negatif,sih udah lewat batas
suwarnopandu,TikTok,biar agak keras tapi niatnya baik kok,2024-12-23 15:35:46,positif,biar keras niat
yhariyah,TikTok,biar agak keras tapi niatnya baik kok,2024-12-23 15:53:03,positif,biar keras niat
kairavsihombing,TikTok,ni gus emg ada aja kelakuannya 😂,2024-12-23 15:43:50,positif,ni gus emg aja laku
lulutnasyidah,TikTok,ga tau mau bilang apa,2024-12-23 15:58:51,netral,ga tau bilang
dhariyah,TikTok,biar agak keras tapi niatnya baik kok,2024-12-23 15:53:07,positif,biar keras niat
mangunsongbudi,TikTok,hmm no comment deh,2024-12-23 15:53:12,netral,hmm no comment deh
yuliantisimon,TikTok,ga tau mau bilang apa,2024-12-23 15:19:47,netral,ga tau bilang
whardiansyah,TikTok,"ceramahnya tetep dapet kok, relax aja guys",2024-12-23 15:13:46,positif,ceramah tetep dapet relax aja guys
vinokusumo,TikTok,jujurly lucu banget sih ini 😭,2024-12-23 15:44:53,positif,jujurly lucu banget sih
sihotangjaga,TikTok,ga tau mau bilang apa,2024-12-23 15:36:24,netral,ga tau bilang
marsudi85,TikTok,"bener juga sih, kadang netizen terlalu baper",2024-12-23 15:41:48,positif,bener sih kadang netizen baper
siraitluwes,TikTok,biar agak keras tapi niatnya baik kok,2024-12-23 15:02:13,positif,biar keras niat
waluyoluthfi,TikTok,ga sopan bgt ngomong gitu,2024-12-23 15:24:20,negatif,ga sopan bgt ngomong gitu
nasyidahsatya,TikTok,biasa aja sih,2024-12-23 15:12:25,netral,aja sih
jabal01,TikTok,masih netral aja sih gw liatnya,2024-12-23 15:02:03,netral,netral aja sih gw liat
ratna32,TikTok,ni gus emg ada aja kelakuannya 😂,2024-12-23 15:50:58,positif,ni gus emg aja laku
cemaniwahyuni,TikTok,hmm no comment deh,2024-12-23 15:13:47,netral,hmm no comment deh
gandewausamah,TikTok,biar agak keras tapi niatnya baik kok,2024-12-23 15:17:25,positif,biar keras niat
nwaskita,TikTok,biar agak keras tapi niatnya baik kok,2024-12-23 15:55:01,positif,biar keras niat
taswir82,TikTok,biasa aja sih,2024-12-23 15:55:39,netral,aja sih
xuyainah,TikTok,masih netral aja sih gw liatnya,2024-12-23 15:05:56,netral,netral aja sih gw liat
ajiono62,TikTok,biasa aja sih,2024-12-23 15:13:47,netral,aja sih
bwahyuni,TikTok,biar agak keras tapi niatnya baik kok,2024-12-23 15:19:01,positif,biar keras niat
wasis67,TikTok,"ceramahnya tetep dapet kok, relax aja guys",2024-12-23 15:34:47,positif,ceramah tetep dapet relax aja guys
wawannashiruddin,TikTok,biar agak keras tapi niatnya baik kok,2024-12-23 15:36:38,positif,biar keras niat
irmamaulana,TikTok,gw setuju sih ama omongannya gus,2024-12-23 15:15:29,positif,gw tuju sih ama omong gus
ujailani,TikTok,ni gus emg ada aja kelakuannya 😂,2024-12-23 15:29:49,positif,ni gus emg aja laku
jelita72,TikTok,gue liat ini ya udah lah ya,2024-12-23 15:58:45,netral,gue liat ya udah ya
nurdiyantiilyas,TikTok,"ceramahnya tetep dapet kok, relax aja guys",2024-12-23 15:35:47,positif,ceramah tetep dapet relax aja guys
jane72,TikTok,gue liat ini ya udah lah ya,2024-12-23 15:29:01,netral,gue liat ya udah ya
galuhnashiruddin,TikTok,gue liat ini ya udah lah ya,2024-12-23 15:40:41,netral,gue liat ya udah ya
jumadimardhiyah,TikTok,jujurly lucu banget sih ini 😭,2024-12-23 15:12:13,positif,jujurly lucu banget sih
castuti,TikTok,biasa aja sih,2024-12-23 15:29:54,netral,aja sih
bnajmudin,TikTok,gw setuju sih ama omongannya gus,2024-12-23 15:43:48,positif,gw tuju sih ama omong gus
nashiruddinmahfud,TikTok,ga tau mau bilang apa,2024-12-23 15:54:54,netral,ga tau bilang
irsad76,TikTok,bisa2 jualan es teh jd insecure 😓,2024-12-23 15:29:37,negatif,jual es teh jd insecure
dalimansusanti,TikTok,biar agak keras tapi niatnya baik kok,2024-12-23 15:22:52,positif,biar keras niat
puspasariibun,TikTok,gw setuju sih ama omongannya gus,2024-12-23 15:09:06,positif,gw tuju sih ama omong gus
slamet34,TikTok,masih netral aja sih gw liatnya,2024-12-23 15:13:47,netral,netral aja sih gw liat
emong78,TikTok,biar agak keras tapi niatnya baik kok,2024-12-23 15:06:33,positif,biar keras niat
putrakamal,TikTok,jujurly lucu banget sih ini 😭,2024-12-23 15:11:49,positif,jujurly lucu banget sih
rikaharyanti,TikTok,hmm no comment deh,2024-12-23 15:07:48,netral,hmm no comment deh
susantilaswi,TikTok,ga sopan bgt ngomong gitu,2024-12-23 15:15:50,negatif,ga sopan bgt ngomong gitu
myuliarti,TikTok,ga sopan bgt ngomong gitu,2024-12-23 15:39:02,negatif,ga sopan bgt ngomong gitu
tnasyidah,TikTok,waduh ini sih udah kelewat batas,2024-12-23 15:46:32,negatif,sih udah lewat batas
najwa17,TikTok,ga tau mau bilang apa,2024-12-23 15:16:23,netral,ga tau bilang
uchita60,TikTok,"ceramahnya tetep dapet kok, relax aja guys",2024-12-23 15:02:32,positif,ceramah tetep dapet relax aja guys
bakiman02,TikTok,biasa aja sih,2024-12-23 15:44:22,netral,aja sih
cecepnurdiyanti,TikTok,gue liat ini ya udah lah ya,2024-12-23 15:11:28,netral,gue liat ya udah ya
jaimanprasasta,TikTok,masih netral aja sih gw liatnya,2024-12-23 15:16:43,netral,netral aja sih gw liat
darsirah28,TikTok,jujurly lucu banget sih ini 😭,2024-12-23 15:47:18,positif,jujurly lucu banget sih
jefriirawan,TikTok,bisa2 jualan es teh jd insecure 😓,2024-12-23 15:15:45,negatif,jual es teh jd insecure
tiaragunarto,TikTok,hmm no comment deh,2024-12-23 15:53:08,netral,hmm no comment deh
uchita78,TikTok,ni gus emg ada aja kelakuannya 😂,2024-12-23 15:36:09,positif,ni gus emg aja laku
panca92,TikTok,ceramah apaan malah ngehina,2024-12-23 15:53:06,negatif,ceramah ngehina
mputra,TikTok,hmm no comment deh,2024-12-23 15:53:52,netral,hmm no comment deh
pangestuuyainah,TikTok,gus miftah harus minta maaf sih ini,2024-12-23 15:58:35,negatif,gus miftah maaf sih
wulandarikenzie,TikTok,gue liat ini ya udah lah ya,2024-12-23 15:32:47,netral,gue liat ya udah ya
uwaluyo,TikTok,masih netral aja sih gw liatnya,2024-12-23 15:29:38,netral,netral aja sih gw liat
taswir72,TikTok,jujurly lucu banget sih ini 😭,2024-12-23 15:29:28,positif,jujurly lucu banget sih
rhalim,TikTok,"ceramahnya tetep dapet kok, relax aja guys",2024-12-23 15:35:58,positif,ceramah tetep dapet relax aja guys
rajataikhsan,TikTok,ga sopan bgt ngomong gitu,2024-12-23 15:04:53,negatif,ga sopan bgt ngomong gitu
natsireja,TikTok,gue liat ini ya udah lah ya,2024-12-23 15:47:26,netral,gue liat ya udah ya
asmansihombing,TikTok,gus miftah harus minta maaf sih ini,2024-12-23 15:35:54,negatif,gus miftah maaf sih
ulya41,TikTok,ni gus emg ada aja kelakuannya 😂,2024-12-23 15:21:39,positif,ni gus emg aja laku
saragihnalar,TikTok,ga tau mau bilang apa,2024-12-23 15:22:01,netral,ga tau bilang
fitria33,TikTok,"bener juga sih, kadang netizen terlalu baper",2024-12-23 15:13:51,positif,bener sih kadang netizen baper
umarutama,TikTok,masih netral aja sih gw liatnya,2024-12-23 15:17:00,netral,netral aja sih gw liat
nabilamelani,TikTok,"bener juga sih, kadang netizen terlalu baper",2024-12-23 15:46:08,positif,bener sih kadang netizen baper
apertiwi,TikTok,hmm no comment deh,2024-12-23 15:41:51,netral,hmm no comment deh
luisrahimah,TikTok,bisa2 jualan es teh jd insecure 😓,2024-12-23 15:07:19,negatif,jual es teh jd insecure
rsitompul,TikTok,biasa aja sih,2024-12-23 15:51:24,netral,aja sih
febi08,TikTok,tergantung yg nonton juga sih,2024-12-23 15:42:46,netral,gantung yg nonton sih
amaliakuswoyo,TikTok,tergantung yg nonton juga sih,2024-12-23 15:14:59,netral,gantung yg nonton sih
kuswoyomargana,TikTok,gus miftah harus minta maaf sih ini,2024-12-23 15:58:35,negatif,gus miftah maaf sih
amahendra,TikTok,gus miftah harus minta maaf sih ini,2024-12-23 15:24:31,negatif,gus miftah maaf sih
ratihrajata,TikTok,hmm no comment deh,2024-12-23 15:40:58,netral,hmm no comment deh
nmaheswara,TikTok,gw setuju sih ama omongannya gus,2024-12-23 15:55:50,positif,gw tuju sih ama omong gus
karta59,TikTok,masih netral aja sih gw liatnya,2024-12-23 15:09:23,netral,netral aja sih gw liat
luluh23,TikTok,"ga lucu, malah nyakitin hati yg jualan",2024-12-23 15:09:22,negatif,ga lucu nyakitin hati yg jual
dpermata,TikTok,"ga lucu, malah nyakitin hati yg jualan",2024-12-23 15:44:34,negatif,ga lucu nyakitin hati yg jual
permadikarma,TikTok,waduh ini sih udah kelewat batas,2024-12-23 15:11:37,negatif,sih udah lewat batas
kemalsantoso,TikTok,ceramah apaan malah ngehina,2024-12-23 15:34:40,negatif,ceramah ngehina
nrimasudiati,TikTok,waduh ini sih udah kelewat batas,2024-12-23 15:02:29,negatif,sih udah lewat batas
prasetyowidya,TikTok,biasa aja sih,2024-12-23 15:50:25,netral,aja sih
malikhidayanto,TikTok,ni gus emg ada aja kelakuannya 😂,2024-12-23 15:00:52,positif,ni gus emg aja laku
kasiyah22,TikTok,hmm no comment deh,2024-12-23 15:43:54,netral,hmm no comment deh
utamigaduh,TikTok,biar agak keras tapi niatnya baik kok,2024-12-23 15:39:38,positif,biar keras niat
jayeng30,TikTok,masih netral aja sih gw liatnya,2024-12-23 15:06:10,netral,netral aja sih gw liat
hendri44,TikTok,gw setuju sih ama omongannya gus,2024-12-23 15:29:04,positif,gw tuju sih ama omong gus
hamzahgunarto,TikTok,gue liat ini ya udah lah ya,2024-12-23 15:27:52,netral,gue liat ya udah ya
ojailani,TikTok,biasa aja sih,2024-12-23 15:33:28,netral,aja sih
simbolonsiska,TikTok,gus miftah harus minta maaf sih ini,2024-12-23 15:33:41,negatif,gus miftah maaf sih
indra15,TikTok,ga sopan bgt ngomong gitu,2024-12-23 15:09:04,negatif,ga sopan bgt ngomong gitu
kaniasafitri,TikTok,gus miftah harus minta maaf sih ini,2024-12-23 15:18:20,negatif,gus miftah maaf sih
zlaksmiwati,TikTok,jujurly lucu banget sih ini 😭,2024-12-23 15:57:34,positif,jujurly lucu banget sih
arsipatra92,TikTok,ga sopan bgt ngomong gitu,2024-12-23 15:20:48,negatif,ga sopan bgt ngomong gitu
warsita70,TikTok,hmm no comment deh,2024-12-23 15:45:57,netral,hmm no comment deh
yuliantieka,TikTok,"ceramahnya tetep dapet kok, relax aja guys",2024-12-23 15:02:57,positif,ceramah tetep dapet relax aja guys
iriana27,TikTok,ni gus emg ada aja kelakuannya 😂,2024-12-23 15:34:16,positif,ni gus emg aja laku
belinda30,TikTok,biasa aja sih,2024-12-23 15:07:40,netral,aja sih
jagapati32,TikTok,gw setuju sih ama omongannya gus,2024-12-23 15:56:28,positif,gw tuju sih ama omong gus
karta81,TikTok,ni gus emg ada aja kelakuannya 😂,2024-12-23 15:30:19,positif,ni gus emg aja laku
asmanwaluyo,TikTok,gw setuju sih ama omongannya gus,2024-12-23 15:33:52,positif,gw tuju sih ama omong gus
idasitompul,TikTok,ga sopan bgt ngomong gitu,2024-12-23 15:57:34,negatif,ga sopan bgt ngomong gitu
zulaikha68,TikTok,ceramah apaan malah ngehina,2024-12-23 15:43:59,negatif,ceramah ngehina
ediprabowo,TikTok,gus miftah harus minta maaf sih ini,2024-12-23 15:46:50,negatif,gus miftah maaf sih
ghaliyati00,TikTok,"ceramahnya tetep dapet kok, relax aja guys",2024-12-23 15:04:25,positif,ceramah tetep dapet relax aja guys
ganjaranhartati,TikTok,"ceramahnya tetep dapet kok, relax aja guys",2024-12-23 15:49:52,positif,ceramah tetep dapet relax aja guys
kamidinbudiyanto,TikTok,biar agak keras tapi niatnya baik kok,2024-12-23 15:25:34,positif,biar keras niat
padmasarijarwa,TikTok,"ga lucu, malah nyakitin hati yg jualan",2024-12-23 15:23:59,negatif,ga lucu nyakitin hati yg jual
heryantonuraini,TikTok,jujurly lucu banget sih ini 😭,2024-12-23 15:15:03,positif,jujurly lucu banget sih
saadat47,TikTok,"ga lucu, malah nyakitin hati yg jualan",2024-12-23 15:46:48,negatif,ga lucu nyakitin hati yg jual
keishahandayani,TikTok,ni gus emg ada aja kelakuannya 😂,2024-12-23 15:45:37,positif,ni gus emg aja laku
purwadi63,TikTok,biasa aja sih,2024-12-23 15:55:47,netral,aja sih
galionoprasetya,TikTok,masih netral aja sih gw liatnya,2024-12-23 15:00:06,netral,netral aja sih gw liat
farah44,TikTok,ga sopan bgt ngomong gitu,2024-12-23 15:29:57,negatif,ga sopan bgt ngomong gitu
wakimanpalastri,TikTok,ceramah apaan malah ngehina,2024-12-23 15:10:01,negatif,ceramah ngehina
nalar90,TikTok,ceramah apaan malah ngehina,2024-12-23 15:57:22,negatif,ceramah ngehina
uoktaviani,TikTok,gw setuju sih ama omongannya gus,2024-12-23 15:22:58,positif,gw tuju sih ama omong gus
hhartati,TikTok,ga sopan bgt ngomong gitu,2024-12-23 15:32:47,negatif,ga sopan bgt ngomong gitu
zdamanik,TikTok,waduh ini sih udah kelewat batas,2024-12-23 15:42:28,negatif,sih udah lewat batas
otamba,TikTok,ceramah apaan malah ngehina,2024-12-23 15:19:19,negatif,ceramah ngehina
aurora49,TikTok,gue liat ini ya udah lah ya,2024-12-23 15:26:31,netral,gue liat ya udah ya
bakijanthamrin,TikTok,"bener juga sih, kadang netizen terlalu baper",2024-12-23 15:46:09,positif,bener sih kadang netizen baper
nadineprabowo,TikTok,"ga lucu, malah nyakitin hati yg jualan",2024-12-23 15:56:32,negatif,ga lucu nyakitin hati yg jual
laksitakasusra,TikTok,"ceramahnya tetep dapet kok, relax aja guys",2024-12-23 15:56:45,positif,ceramah tetep dapet relax aja guys
hpangestu,TikTok,waduh ini sih udah kelewat batas,2024-12-23 15:59:01,negatif,sih udah lewat batas
tarihoranagnes,TikTok,hmm no comment deh,2024-12-23 15:14:12,netral,hmm no comment deh
panjisimanjuntak,TikTok,ceramah apaan malah ngehina,2024-12-23 15:43:23,negatif,ceramah ngehina
danang06,TikTok,ga tau mau bilang apa,2024-12-23 15:12:32,netral,ga tau bilang
gada44,TikTok,ceramah apaan malah ngehina,2024-12-23 15:01:28,negatif,ceramah ngehina
megantaraira,TikTok,ceramah apaan malah ngehina,2024-12-23 15:09:58,negatif,ceramah ngehina
usamahkani,TikTok,"ceramahnya tetep dapet kok, relax aja guys",2024-12-23 15:38:13,positif,ceramah tetep dapet relax aja guys
esaptono,TikTok,gue liat ini ya udah lah ya,2024-12-23 15:36:14,netral,gue liat ya udah ya
xprasasta,TikTok,gw setuju sih ama omongannya gus,2024-12-23 15:38:42,positif,gw tuju sih ama omong gus
anggabaya95,TikTok,bisa2 jualan es teh jd insecure 😓,2024-12-23 15:26:17,negatif,jual es teh jd insecure
tantri55,TikTok,ga sopan bgt ngomong gitu,2024-12-23 15:38:17,negatif,ga sopan bgt ngomong gitu
jpranowo,TikTok,gue liat ini ya udah lah ya,2024-12-23 15:52:04,netral,gue liat ya udah ya
syahrini79,TikTok,"ga lucu, malah nyakitin hati yg jualan",2024-12-23 15:46:41,negatif,ga lucu nyakitin hati yg jual
mahfud59,TikTok,waduh ini sih udah kelewat batas,2024-12-23 15:12:30,negatif,sih udah lewat batas
malika88,TikTok,biar agak keras tapi niatnya baik kok,2024-12-23 15:48:18,positif,biar keras niat
zhasanah,TikTok,ceramah apaan malah ngehina,2024-12-23 15:06:07,negatif,ceramah ngehina
sitompulbagas,TikTok,masih netral aja sih gw liatnya,2024-12-23 15:29:03,netral,netral aja sih gw liat
limanputra,TikTok,hmm no comment deh,2024-12-23 15:12:07,netral,hmm no comment deh
samiahpurnawati,TikTok,tergantung yg nonton juga sih,2024-12-23 15:27:59,netral,gantung yg nonton sih
nsiregar,TikTok,"bener juga sih, kadang netizen terlalu baper",2024-12-23 15:57:14,positif,bener sih kadang netizen baper
tmandasari,TikTok,gw setuju sih ama omongannya gus,2024-12-23 15:52:03,positif,gw tuju sih ama omong gus
ivan86,TikTok,gw setuju sih ama omongannya gus,2024-12-23 15:31:32,positif,gw tuju sih ama omong gus
prima59,TikTok,hmm no comment deh,2024-12-23 15:59:13,netral,hmm no comment deh
ramautama,TikTok,ceramah apaan malah ngehina,2024-12-23 15:14:14,negatif,ceramah ngehina
haryantoendra,TikTok,"bener juga sih, kadang netizen terlalu baper",2024-12-23 15:29:20,positif,bener sih kadang netizen baper
cagerwaluyo,TikTok,gue liat ini ya udah lah ya,2024-12-23 15:17:13,netral,gue liat ya udah ya
irfanputra,TikTok,ni gus emg ada aja kelakuannya 😂,2024-12-23 15:06:01,positif,ni gus emg aja laku
latuponokasiyah,TikTok,masih netral aja sih gw liatnya,2024-12-23 15:53:44,netral,netral aja sih gw liat
harjasimbolon,TikTok,ceramah apaan malah ngehina,2024-12-23 15:37:08,negatif,ceramah ngehina
wijayantisalwa,TikTok,masih netral aja sih gw liatnya,2024-12-23 15:02:08,netral,netral aja sih gw liat
mardhiyahcici,TikTok,hmm no comment deh,2024-12-23 15:52:45,netral,hmm no comment deh
kardimulyani,TikTok,jujurly lucu banget sih ini 😭,2024-12-23 15:09:39,positif,jujurly lucu banget sih
vero60,TikTok,ceramah apaan malah ngehina,2024-12-23 15:12:08,negatif,ceramah ngehina
lestarijatmiko,TikTok,waduh ini sih udah kelewat batas,2024-12-23 15:36:00,negatif,sih udah lewat batas
laksanasalahudin,TikTok,biasa aja sih,2024-12-23 15:31:10,netral,aja sih
galih72,TikTok,ga tau mau bilang apa,2024-12-23 15:20:37,netral,ga tau bilang
salman83,TikTok,gue liat ini ya udah lah ya,2024-12-23 15:00:29,netral,gue liat ya udah ya
cengkir31,TikTok,masih netral aja sih gw liatnya,2024-12-23 15:07:25,netral,netral aja sih gw liat
yuliantiradit,TikTok,hmm no comment deh,2024-12-23 15:29:11,netral,hmm no comment deh
dyolanda,TikTok,biar agak keras tapi niatnya baik kok,2024-12-23 15:39:31,positif,biar keras niat
patriciaardianto,TikTok,ceramah apaan malah ngehina,2024-12-23 15:00:14,negatif,ceramah ngehina
hakimwarta,TikTok,waduh ini sih udah kelewat batas,2024-12-23 15:46:05,negatif,sih udah lewat batas
qfujiati,TikTok,ceramah apaan malah ngehina,2024-12-23 15:05:25,negatif,ceramah ngehina
darimin76,TikTok,"ga lucu, malah nyakitin hati yg jualan",2024-12-23 15:02:02,negatif,ga lucu nyakitin hati yg jual
cpuspasari,TikTok,gw setuju sih ama omongannya gus,2024-12-23 15:55:23,positif,gw tuju sih ama omong gus
candrakanta86,TikTok,"ceramahnya tetep dapet kok, relax aja guys",2024-12-23 15:00:08,positif,ceramah tetep dapet relax aja guys
cawisonolaksmiwati,TikTok,ceramah apaan malah ngehina,2024-12-23 15:44:10,negatif,ceramah ngehina
ridwanmanullang,TikTok,"bener juga sih, kadang netizen terlalu baper",2024-12-23 15:46:58,positif,bener sih kadang netizen baper
uchita40,TikTok,gus miftah harus minta maaf sih ini,2024-12-23 15:24:49,negatif,gus miftah maaf sih
garangutama,TikTok,biasa aja sih,2024-12-23 15:13:51,netral,aja sih
limar47,TikTok,ga sopan bgt ngomong gitu,2024-12-23 15:55:34,negatif,ga sopan bgt ngomong gitu
ousada,TikTok,tergantung yg nonton juga sih,2024-12-23 15:05:34,netral,gantung yg nonton sih
umimulyani,TikTok,jujurly lucu banget sih ini 😭,2024-12-23 15:09:15,positif,jujurly lucu banget sih
yolandatira,TikTok,masih netral aja sih gw liatnya,2024-12-23 15:56:02,netral,netral aja sih gw liat
belinda36,TikTok,waduh ini sih udah kelewat batas,2024-12-23 15:41:03,negatif,sih udah lewat batas
jpradipta,TikTok,biar agak keras tapi niatnya baik kok,2024-12-23 15:22:11,positif,biar keras niat
mursita68,TikTok,gue liat ini ya udah lah ya,2024-12-23 15:15:08,netral,gue liat ya udah ya
legawa75,TikTok,tergantung yg nonton juga sih,2024-12-23 15:26:10,netral,gantung yg nonton sih
hardijailani,TikTok,masih netral aja sih gw liatnya,2024-12-23 15:03:06,netral,netral aja sih gw liat
hakimdalima,TikTok,ga sopan bgt ngomong gitu,2024-12-23 15:48:53,negatif,ga sopan bgt ngomong gitu
asmannasyiah,TikTok,gw setuju sih ama omongannya gus,2024-12-23 15:01:00,positif,gw tuju sih ama omong gus
tarihorancalista,TikTok,bisa2 jualan es teh jd insecure 😓,2024-12-23 15:22:18,negatif,jual es teh jd insecure
karsa65,TikTok,masih netral aja sih gw liatnya,2024-12-23 15:01:15,netral,netral aja sih gw liat
kezia01,TikTok,tergantung yg nonton juga sih,2024-12-23 15:52:43,netral,gantung yg nonton sih
odongoran,TikTok,hmm no comment deh,2024-12-23 15:39:12,netral,hmm no comment deh
nasrullahsitumorang,TikTok,gue liat ini ya udah lah ya,2024-12-23 15:29:18,netral,gue liat ya udah ya
harto79,TikTok,gus miftah harus minta maaf sih ini,2024-12-23 15:52:41,negatif,gus miftah maaf sih
qsitorus,TikTok,ni gus emg ada aja kelakuannya 😂,2024-12-23 15:16:10,positif,ni gus emg aja laku
verozulkarnain,TikTok,gus miftah harus minta maaf sih ini,2024-12-23 15:22:12,negatif,gus miftah maaf sih
caturanggabudiyanto,TikTok,bisa2 jualan es teh jd insecure 😓,2024-12-23 15:03:53,negatif,jual es teh jd insecure
mumpunisimanjuntak,TikTok,gue liat ini ya udah lah ya,2024-12-23 15:17:19,netral,gue liat ya udah ya
rama19,TikTok,ni gus emg ada aja kelakuannya 😂,2024-12-23 15:03:05,positif,ni gus emg aja laku
salimah94,TikTok,biasa aja sih,2024-12-23 15:19:08,netral,aja sih
kurniawanlili,TikTok,"ceramahnya tetep dapet kok, relax aja guys",2024-12-23 15:17:47,positif,ceramah tetep dapet relax aja guys
hafshah92,TikTok,gw setuju sih ama omongannya gus,2024-12-23 15:07:03,positif,gw tuju sih ama omong gus
asmadi34,TikTok,tergantung yg nonton juga sih,2024-12-23 15:59:17,netral,gantung yg nonton sih
inuraini,TikTok,biar agak keras tapi niatnya baik kok,2024-12-23 15:27:42,positif,biar keras niat
eli46,TikTok,ceramah apaan malah ngehina,2024-12-23 15:17:09,negatif,ceramah ngehina
jasmin37,TikTok,hmm no comment deh,2024-12-23 15:54:33,netral,hmm no comment deh
zsiregar,TikTok,"ceramahnya tetep dapet kok, relax aja guys",2024-12-23 15:32:23,positif,ceramah tetep dapet relax aja guys
utamauwais,TikTok,"ceramahnya tetep dapet kok, relax aja guys",2024-12-23 15:55:19,positif,ceramah tetep dapet relax aja guys
taufan40,TikTok,"ceramahnya tetep dapet kok, relax aja guys",2024-12-23 15:12:25,positif,ceramah tetep dapet relax aja guys
siskautami,TikTok,bisa2 jualan es teh jd insecure 😓,2024-12-23 15:11:02,negatif,jual es teh jd insecure
mujur55,TikTok,ni gus emg ada aja kelakuannya 😂,2024-12-23 15:11:53,positif,ni gus emg aja laku
amustofa,TikTok,biasa aja sih,2024-12-23 15:58:23,netral,aja sih
fwidiastuti,TikTok,"bener juga sih, kadang netizen terlalu baper",2024-12-23 15:31:35,positif,bener sih kadang netizen baper
oyolanda,TikTok,gue liat ini ya udah lah ya,2024-12-23 15:47:25,netral,gue liat ya udah ya
limar38,TikTok,ga sopan bgt ngomong gitu,2024-12-23 15:17:33,negatif,ga sopan bgt ngomong gitu
najmudinyance,TikTok,ni gus emg ada aja kelakuannya 😂,2024-12-23 15:18:39,positif,ni gus emg aja laku
chastuti,TikTok,jujurly lucu banget sih ini 😭,2024-12-23 15:55:58,positif,jujurly lucu banget sih
aisyahhutasoit,TikTok,ceramah apaan malah ngehina,2024-12-23 15:14:10,negatif,ceramah ngehina
heru10,TikTok,ga tau mau bilang apa,2024-12-23 15:25:13,netral,ga tau bilang
nugrohoraden,TikTok,gue liat ini ya udah lah ya,2024-12-23 15:21:46,netral,gue liat ya udah ya
anastasia03,TikTok,jujurly lucu banget sih ini 😭,2024-12-23 15:10:37,positif,jujurly lucu banget sih
pudjiastutiega,TikTok,"bener juga sih, kadang netizen terlalu baper",2024-12-23 15:28:29,positif,bener sih kadang netizen baper
gnapitupulu,TikTok,gus miftah harus minta maaf sih ini,2024-12-23 15:48:05,negatif,gus miftah maaf sih
novitasarimaria,TikTok,"ga lucu, malah nyakitin hati yg jualan",2024-12-23 15:26:59,negatif,ga lucu nyakitin hati yg jual
gsuryono,TikTok,ga sopan bgt ngomong gitu,2024-12-23 15:48:52,negatif,ga sopan bgt ngomong gitu
chelsea22,TikTok,"ga lucu, malah nyakitin hati yg jualan",2024-12-23 15:39:12,negatif,ga lucu nyakitin hati yg jual
gatot44,TikTok,jujurly lucu banget sih ini 😭,2024-12-23 15:19:19,positif,jujurly lucu banget sih
ibrahim63,TikTok,waduh ini sih udah kelewat batas,2024-12-23 15:08:47,negatif,sih udah lewat batas
saptonobanawa,TikTok,biasa aja sih,2024-12-23 15:40:47,netral,aja sih
xananaandriani,TikTok,biar agak keras tapi niatnya baik kok,2024-12-23 15:38:32,positif,biar keras niat
yuniarhesti,TikTok,waduh ini sih udah kelewat batas,2024-12-23 15:43:07,negatif,sih udah lewat batas
baktiantokurniawan,TikTok,biasa aja sih,2024-12-23 15:38:12,netral,aja sih
uhandayani,TikTok,biar agak keras tapi niatnya baik kok,2024-12-23 15:17:10,positif,biar keras niat
gmarbun,TikTok,jujurly lucu banget sih ini 😭,2024-12-23 15:02:24,positif,jujurly lucu banget sih
daruna27,TikTok,gus miftah harus minta maaf sih ini,2024-12-23 15:27:35,negatif,gus miftah maaf sih
mariadiutami,TikTok,gue liat ini ya udah lah ya,2024-12-23 15:14:40,netral,gue liat ya udah ya
sabri21,TikTok,masih netral aja sih gw liatnya,2024-12-23 15:51:39,netral,netral aja sih gw liat
handayanianom,TikTok,jujurly lucu banget sih ini 😭,2024-12-23 15:50:30,positif,jujurly lucu banget sih
ajionosuryatmi,TikTok,ga tau mau bilang apa,2024-12-23 15:34:28,netral,ga tau bilang
tantriprayoga,TikTok,"bener juga sih, kadang netizen terlalu baper",2024-12-23 15:03:00,positif,bener sih kadang netizen baper
siregaribrani,TikTok,gw setuju sih ama omongannya gus,2024-12-23 15:17:42,positif,gw tuju sih ama omong gus
sakti09,TikTok,"ga lucu, malah nyakitin hati yg jualan",2024-12-23 15:39:00,negatif,ga lucu nyakitin hati yg jual
hamima01,TikTok,"ceramahnya tetep dapet kok, relax aja guys",2024-12-23 15:57:12,positif,ceramah tetep dapet relax aja guys
prasastarahmi,TikTok,masih netral aja sih gw liatnya,2024-12-23 15:03:59,netral,netral aja sih gw liat
safitriilsa,TikTok,ga tau mau bilang apa,2024-12-23 15:35:02,netral,ga tau bilang
jagapatisantoso,TikTok,masih netral aja sih gw liatnya,2024-12-23 15:55:08,netral,netral aja sih gw liat
nababanyuliana,TikTok,bisa2 jualan es teh jd insecure 😓,2024-12-23 15:36:23,negatif,jual es teh jd insecure
rahayu16,TikTok,jujurly lucu banget sih ini 😭,2024-12-23 15:19:32,positif,jujurly lucu banget sih
faridamila,TikTok,"bener juga sih, kadang netizen terlalu baper",2024-12-23 15:48:02,positif,bener sih kadang netizen baper
dabukkeega,TikTok,"ga lucu, malah nyakitin hati yg jualan",2024-12-23 15:10:21,negatif,ga lucu nyakitin hati yg jual
sari97,TikTok,biasa aja sih,2024-12-23 15:21:43,netral,aja sih
mulyanibakiadi,TikTok,ceramah apaan malah ngehina,2024-12-23 15:40:11,negatif,ceramah ngehina
kusmawatidipa,TikTok,biar agak keras tapi niatnya baik kok,2024-12-23 15:36:28,positif,biar keras niat
bakdaoktaviani,TikTok,ga sopan bgt ngomong gitu,2024-12-23 15:11:30,negatif,ga sopan bgt ngomong gitu
lsafitri,TikTok,ceramah apaan malah ngehina,2024-12-23 15:55:51,negatif,ceramah ngehina
adinataanggraini,TikTok,gw setuju sih ama omongannya gus,2024-12-23 15:55:59,positif,gw tuju sih ama omong gus
nababanluluh,TikTok,biasa aja sih,2024-12-23 15:04:42,netral,aja sih
maras14,TikTok,jujurly lucu banget sih ini 😭,2024-12-23 15:46:11,positif,jujurly lucu banget sih
duwais,TikTok,ga sopan bgt ngomong gitu,2024-12-23 15:53:13,negatif,ga sopan bgt ngomong gitu
jpertiwi,TikTok,"ga lucu, malah nyakitin hati yg jualan",2024-12-23 15:36:28,negatif,ga lucu nyakitin hati yg jual
prasastaheryanto,TikTok,biar agak keras tapi niatnya baik kok,2024-12-23 15:32:42,positif,biar keras niat
yusuf70,TikTok,hmm no comment deh,2024-12-23 15:31:41,netral,hmm no comment deh
pranata43,TikTok,"bener juga sih, kadang netizen terlalu baper",2024-12-23 15:14:15,positif,bener sih kadang netizen baper
ivansitumorang,TikTok,"ga lucu, malah nyakitin hati yg jualan",2024-12-23 15:50:11,negatif,ga lucu nyakitin hati yg jual
lestariasman,TikTok,masih netral aja sih gw liatnya,2024-12-23 15:31:45,netral,netral aja sih gw liat
oliva31,TikTok,gw setuju sih ama omongannya gus,2024-12-23 15:47:43,positif,gw tuju sih ama omong gus
elmahalim,TikTok,"ga lucu, malah nyakitin hati yg jualan",2024-12-23 15:48:44,negatif,ga lucu nyakitin hati yg jual
gatra77,TikTok,ceramah apaan malah ngehina,2024-12-23 15:00:14,negatif,ceramah ngehina
megantarasilvia,TikTok,waduh ini sih udah kelewat batas,2024-12-23 15:20:50,negatif,sih udah lewat batas
ywasita,TikTok,biar agak keras tapi niatnya baik kok,2024-12-23 15:55:17,positif,biar keras niat
dimasmandasari,TikTok,hmm no comment deh,2024-12-23 15:19:51,netral,hmm no comment deh
novitasarigading,TikTok,"ga lucu, malah nyakitin hati yg jualan",2024-12-23 15:08:34,negatif,ga lucu nyakitin hati yg jual
gwibisono,TikTok,ni gus emg ada aja kelakuannya 😂,2024-12-23 15:30:18,positif,ni gus emg aja laku
baktipradana,TikTok,ni gus emg ada aja kelakuannya 😂,2024-12-23 15:29:21,positif,ni gus emg aja laku
mahdiramadan,TikTok,waduh ini sih udah kelewat batas,2024-12-23 15:42:12,negatif,sih udah lewat batas
nnashiruddin,TikTok,jujurly lucu banget sih ini 😭,2024-12-23 15:00:50,positif,jujurly lucu banget sih
bwaluyo,TikTok,tergantung yg nonton juga sih,2024-12-23 15:28:41,netral,gantung yg nonton sih
candra18,TikTok,"ga lucu, malah nyakitin hati yg jualan",2024-12-23 15:42:03,negatif,ga lucu nyakitin hati yg jual
fitria02,TikTok,ceramah apaan malah ngehina,2024-12-23 15:01:26,negatif,ceramah ngehina
hasnapertiwi,TikTok,gw setuju sih ama omongannya gus,2024-12-23 15:38:00,positif,gw tuju sih ama omong gus
zulaikaelvina,TikTok,"ceramahnya tetep dapet kok, relax aja guys",2024-12-23 15:43:00,positif,ceramah tetep dapet relax aja guys
susantisaadat,TikTok,tergantung yg nonton juga sih,2024-12-23 15:45:20,netral,gantung yg nonton sih
rajataxanana,TikTok,waduh ini sih udah kelewat batas,2024-12-23 15:21:52,negatif,sih udah lewat batas
kacung23,TikTok,gue liat ini ya udah lah ya,2024-12-23 15:35:55,netral,gue liat ya udah ya
narpatiasman,TikTok,ni gus emg ada aja kelakuannya 😂,2024-12-23 15:16:20,positif,ni gus emg aja laku
aanggriawan,TikTok,biasa aja sih,2024-12-23 15:03:53,netral,aja sih
waluyosuryono,TikTok,bisa2 jualan es teh jd insecure 😓,2024-12-23 15:44:20,negatif,jual es teh jd insecure
wharyanti,TikTok,ga tau mau bilang apa,2024-12-23 15:10:18,netral,ga tau bilang
habibicahya,TikTok,ni gus emg ada aja kelakuannya 😂,2024-12-23 15:25:27,positif,ni gus emg aja laku
kuswandariniyaga,TikTok,gue liat ini ya udah lah ya,2024-12-23 15:02:49,netral,gue liat ya udah ya
fitria53,TikTok,waduh ini sih udah kelewat batas,2024-12-23 15:26:56,negatif,sih udah lewat batas
eluhpurwanti,TikTok,gw setuju sih ama omongannya gus,2024-12-23 15:41:37,positif,gw tuju sih ama omong gus
purwadipangestu,TikTok,biar agak keras tapi niatnya baik kok,2024-12-23 15:38:51,positif,biar keras niat
iwijaya,TikTok,tergantung yg nonton juga sih,2024-12-23 15:41:26,netral,gantung yg nonton sih
padmasariprabu,TikTok,"ga lucu, malah nyakitin hati yg jualan",2024-12-23 15:15:29,negatif,ga lucu nyakitin hati yg jual
simanjuntakgamani,TikTok,masih netral aja sih gw liatnya,2024-12-23 15:59:42,netral,netral aja sih gw liat
bakdautama,TikTok,"bener juga sih, kadang netizen terlalu baper",2024-12-23 15:50:02,positif,bener sih kadang netizen baper
kusmawatihasna,TikTok,"bener juga sih, kadang netizen terlalu baper",2024-12-23 15:42:35,positif,bener sih kadang netizen baper
nurainiyuni,TikTok,gue liat ini ya udah lah ya,2024-12-23 15:05:31,netral,gue liat ya udah ya
haryantoutama,TikTok,ceramah apaan malah ngehina,2024-12-23 15:23:26,negatif,ceramah ngehina
riniprasetya,TikTok,biasa aja sih,2024-12-23 15:58:08,netral,aja sih
xadriansyah,TikTok,jujurly lucu banget sih ini 😭,2024-12-23 15:29:54,positif,jujurly lucu banget sih
karmatamba,TikTok,ceramah apaan malah ngehina,2024-12-23 15:41:52,negatif,ceramah ngehina
novitasaricawisadi,TikTok,tergantung yg nonton juga sih,2024-12-23 15:51:00,netral,gantung yg nonton sih
lutami,TikTok,ga sopan bgt ngomong gitu,2024-12-23 15:44:27,negatif,ga sopan bgt ngomong gitu
kawayajailani,TikTok,"ceramahnya tetep dapet kok, relax aja guys",2024-12-23 15:24:37,positif,ceramah tetep dapet relax aja guys
cakrabirawa88,TikTok,gus miftah harus minta maaf sih ini,2024-12-23 15:56:32,negatif,gus miftah maaf sih
yhidayanto,TikTok,ceramah apaan malah ngehina,2024-12-23 15:38:50,negatif,ceramah ngehina
tinahutasoit,TikTok,gus miftah harus minta maaf sih ini,2024-12-23 15:54:10,negatif,gus miftah maaf sih
kuswandariaris,TikTok,ceramah apaan malah ngehina,2024-12-23 15:43:50,negatif,ceramah ngehina
prakasadipa,TikTok,ni gus emg ada aja kelakuannya 😂,2024-12-23 15:59:06,positif,ni gus emg aja laku
nasyiahvera,TikTok,biar agak keras tapi niatnya baik kok,2024-12-23 15:03:43,positif,biar keras niat
xjanuar,TikTok,"ga lucu, malah nyakitin hati yg jualan",2024-12-23 15:07:16,negatif,ga lucu nyakitin hati yg jual
ssitompul,TikTok,waduh ini sih udah kelewat batas,2024-12-23 15:11:00,negatif,sih udah lewat batas
napitupulurendy,TikTok,hmm no comment deh,2024-12-23 15:30:52,netral,hmm no comment deh
radensafitri,TikTok,gue liat ini ya udah lah ya,2024-12-23 15:46:15,netral,gue liat ya udah ya
saragihkemal,TikTok,biasa aja sih,2024-12-23 15:28:50,netral,aja sih
radentampubolon,TikTok,ceramah apaan malah ngehina,2024-12-23 15:35:03,negatif,ceramah ngehina
opung05,TikTok,"ga lucu, malah nyakitin hati yg jualan",2024-12-23 15:12:07,negatif,ga lucu nyakitin hati yg jual
estiawan38,TikTok,"ga lucu, malah nyakitin hati yg jualan",2024-12-23 15:25:47,negatif,ga lucu nyakitin hati yg jual
jono37,TikTok,masih netral aja sih gw liatnya,2024-12-23 15:15:20,netral,netral aja sih gw liat
shakilamaulana,TikTok,biar agak keras tapi niatnya baik kok,2024-12-23 15:57:08,positif,biar keras niat
hestiriyanti,TikTok,hmm no comment deh,2024-12-23 15:24:31,netral,hmm no comment deh
tambaasirwada,TikTok,masih netral aja sih gw liatnya,2024-12-23 15:38:14,netral,netral aja sih gw liat
wulandariamalia,TikTok,biasa aja sih,2024-12-23 15:23:58,netral,aja sih
oktavianiraisa,TikTok,jujurly lucu banget sih ini 😭,2024-12-23 15:43:30,positif,jujurly lucu banget sih
sari90,TikTok,gus miftah harus minta maaf sih ini,2024-12-23 15:07:24,negatif,gus miftah maaf sih
xyulianti,TikTok,gue liat ini ya udah lah ya,2024-12-23 15:36:07,netral,gue liat ya udah ya
cpradana,TikTok,jujurly lucu banget sih ini 😭,2024-12-23 15:11:25,positif,jujurly lucu banget sih
bambangnamaga,TikTok,biasa aja sih,2024-12-23 15:21:30,netral,aja sih
eko37,TikTok,hmm no comment deh,2024-12-23 15:59:31,netral,hmm no comment deh
woktaviani,TikTok,"ga lucu, malah nyakitin hati yg jualan",2024-12-23 15:01:28,negatif,ga lucu nyakitin hati yg jual
wmustofa,TikTok,ga sopan bgt ngomong gitu,2024-12-23 15:08:43,negatif,ga sopan bgt ngomong gitu
wijayajamil,TikTok,waduh ini sih udah kelewat batas,2024-12-23 15:21:35,negatif,sih udah lewat batas
jagaraga04,TikTok,bisa2 jualan es teh jd insecure 😓,2024-12-23 15:27:54,negatif,jual es teh jd insecure
luis07,TikTok,tergantung yg nonton juga sih,2024-12-23 15:33:52,netral,gantung yg nonton sih
lamar78,TikTok,"ga lucu, malah nyakitin hati yg jualan",2024-12-23 15:53:09,negatif,ga lucu nyakitin hati yg jual
rmulyani,TikTok,gus miftah harus minta maaf sih ini,2024-12-23 15:50:23,negatif,gus miftah maaf sih
galuruwais,TikTok,"bener juga sih, kadang netizen terlalu baper",2024-12-23 15:03:30,positif,bener sih kadang netizen baper
raharjasitumorang,TikTok,bisa2 jualan es teh jd insecure 😓,2024-12-23 15:54:14,negatif,jual es teh jd insecure
mrahayu,TikTok,ni gus emg ada aja kelakuannya 😂,2024-12-23 15:07:06,positif,ni gus emg aja laku
wagejailani,TikTok,biar agak keras tapi niatnya baik kok,2024-12-23 15:01:34,positif,biar keras niat
dabukkeganep,TikTok,masih netral aja sih gw liatnya,2024-12-23 15:41:02,netral,netral aja sih gw liat
karmasusanti,TikTok,hmm no comment deh,2024-12-23 15:21:08,netral,hmm no comment deh
arta45,TikTok,bisa2 jualan es teh jd insecure 😓,2024-12-23 15:59:25,negatif,jual es teh jd insecure
perkasa26,TikTok,biasa aja sih,2024-12-23 15:35:36,netral,aja sih
raisahariyah,TikTok,"ga lucu, malah nyakitin hati yg jualan",2024-12-23 15:48:14,negatif,ga lucu nyakitin hati yg jual
garang07,TikTok,ga sopan bgt ngomong gitu,2024-12-23 15:04:40,negatif,ga sopan bgt ngomong gitu
zaenab22,TikTok,gue liat ini ya udah lah ya,2024-12-23 15:33:11,netral,gue liat ya udah ya
lsamosir,TikTok,gw setuju sih ama omongannya gus,2024-12-23 15:01:17,positif,gw tuju sih ama omong gus
widodoian,TikTok,bisa2 jualan es teh jd insecure 😓,2024-12-23 15:27:10,negatif,jual es teh jd insecure
tomi53,TikTok,jujurly lucu banget sih ini 😭,2024-12-23 15:06:12,positif,jujurly lucu banget sih
ina51,TikTok,ceramah apaan malah ngehina,2024-12-23 15:00:07,negatif,ceramah ngehina
alikaardianto,TikTok,masih netral aja sih gw liatnya,2024-12-23 15:55:08,netral,netral aja sih gw liat
simonhasanah,TikTok,masih netral aja sih gw liatnya,2024-12-23 15:13:27,netral,netral aja sih gw liat
bakiadipermata,TikTok,"bener juga sih, kadang netizen terlalu baper",2024-12-23 15:17:17,positif,bener sih kadang netizen baper
lurhur04,TikTok,biar agak keras tapi niatnya baik kok,2024-12-23 15:44:51,positif,biar keras niat
nnurdiyanti,TikTok,gus miftah harus minta maaf sih ini,2024-12-23 15:16:39,negatif,gus miftah maaf sih
mayasariaswani,TikTok,ga sopan bgt ngomong gitu,2024-12-23 15:14:10,negatif,ga sopan bgt ngomong gitu
yuliantitirtayasa,TikTok,waduh ini sih udah kelewat batas,2024-12-23 15:49:44,negatif,sih udah lewat batas
anggrainifarah,TikTok,"ceramahnya tetep dapet kok, relax aja guys",2024-12-23 15:27:38,positif,ceramah tetep dapet relax aja guys
wijayantizelaya,TikTok,masih netral aja sih gw liatnya,2024-12-23 15:07:18,netral,netral aja sih gw liat
maidasihombing,TikTok,bisa2 jualan es teh jd insecure 😓,2024-12-23 15:34:13,negatif,jual es teh jd insecure
anggriawandaliono,TikTok,biasa aja sih,2024-12-23 15:11:36,netral,aja sih
puspa21,TikTok,"ga lucu, malah nyakitin hati yg jualan",2024-12-23 15:58:07,negatif,ga lucu nyakitin hati yg jual
eko43,TikTok,gw setuju sih ama omongannya gus,2024-12-23 15:34:26,positif,gw tuju sih ama omong gus
dian44,TikTok,masih netral aja sih gw liatnya,2024-12-23 15:47:17,netral,netral aja sih gw liat
heruwibisono,TikTok,"ceramahnya tetep dapet kok, relax aja guys",2024-12-23 15:44:41,positif,ceramah tetep dapet relax aja guys
intanwulandari,TikTok,jujurly lucu banget sih ini 😭,2024-12-23 15:58:15,positif,jujurly lucu banget sih
cawisono75,TikTok,ga tau mau bilang apa,2024-12-23 15:53:05,netral,ga tau bilang
biswahyudi,TikTok,gw setuju sih ama omongannya gus,2024-12-23 15:19:32,positif,gw tuju sih ama omong gus
lsaragih,TikTok,masih netral aja sih gw liatnya,2024-12-23 15:09:39,netral,netral aja sih gw liat
pdamanik,TikTok,gue liat ini ya udah lah ya,2024-12-23 15:41:43,netral,gue liat ya udah ya
taliapertiwi,TikTok,waduh ini sih udah kelewat batas,2024-12-23 15:38:03,negatif,sih udah lewat batas
jane07,TikTok,waduh ini sih udah kelewat batas,2024-12-23 15:14:02,negatif,sih udah lewat batas
santososafina,TikTok,gw setuju sih ama omongannya gus,2024-12-23 15:48:38,positif,gw tuju sih ama omong gus
rendyfujiati,TikTok,biar agak keras tapi niatnya baik kok,2024-12-23 15:32:16,positif,biar keras niat
kfujiati,TikTok,gw setuju sih ama omongannya gus,2024-12-23 15:13:30,positif,gw tuju sih ama omong gus
intanyuniar,TikTok,gue liat ini ya udah lah ya,2024-12-23 15:06:08,netral,gue liat ya udah ya
unjaniutama,TikTok,masih netral aja sih gw liatnya,2024-12-23 15:13:36,netral,netral aja sih gw liat
yuliarticecep,TikTok,tergantung yg nonton juga sih,2024-12-23 15:49:15,netral,gantung yg nonton sih
qsimanjuntak,TikTok,gus miftah harus minta maaf sih ini,2024-12-23 15:18:24,negatif,gus miftah maaf sih
vprabowo,TikTok,"ceramahnya tetep dapet kok, relax aja guys",2024-12-23 15:44:50,positif,ceramah tetep dapet relax aja guys
wibisonogalur,TikTok,"ceramahnya tetep dapet kok, relax aja guys",2024-12-23 15:04:37,positif,ceramah tetep dapet relax aja guys
gawatimaulana,TikTok,"ceramahnya tetep dapet kok, relax aja guys",2024-12-23 15:13:55,positif,ceramah tetep dapet relax aja guys
salman55,TikTok,gue liat ini ya udah lah ya,2024-12-23 15:48:48,netral,gue liat ya udah ya
bakiantosuryatmi,TikTok,gue liat ini ya udah lah ya,2024-12-23 15:14:21,netral,gue liat ya udah ya
putu80,TikTok,ni gus emg ada aja kelakuannya 😂,2024-12-23 15:00:21,positif,ni gus emg aja laku
fsitompul,TikTok,biasa aja sih,2024-12-23 15:14:54,netral,aja sih
melanidina,TikTok,gue liat ini ya udah lah ya,2024-12-23 15:45:06,netral,gue liat ya udah ya
januardodo,TikTok,"bener juga sih, kadang netizen terlalu baper",2024-12-23 15:02:41,positif,bener sih kadang netizen baper
endrayolanda,TikTok,ga tau mau bilang apa,2024-12-23 15:14:33,netral,ga tau bilang
febianggraini,TikTok,biasa aja sih,2024-12-23 15:22:19,netral,aja sih
widodobahuwirya,TikTok,ga tau mau bilang apa,2024-12-23 15:28:42,netral,ga tau bilang
nyomanjailani,TikTok,"ceramahnya tetep dapet kok, relax aja guys",2024-12-23 15:12:17,positif,ceramah tetep dapet relax aja guys
umardhiyah,TikTok,"ga lucu, malah nyakitin hati yg jualan",2024-12-23 15:17:06,negatif,ga lucu nyakitin hati yg jual
santosoelvin,TikTok,ni gus emg ada aja kelakuannya 😂,2024-12-23 15:34:55,positif,ni gus emg aja laku
saputrataufik,TikTok,ni gus emg ada aja kelakuannya 😂,2024-12-23 15:35:46,positif,ni gus emg aja laku
hairyanto62,TikTok,ceramah apaan malah ngehina,2024-12-23 15:48:02,negatif,ceramah ngehina
paiman73,TikTok,masih netral aja sih gw liatnya,2024-12-23 15:02:06,netral,netral aja sih gw liat
oniwidodo,TikTok,waduh ini sih udah kelewat batas,2024-12-23 15:58:24,negatif,sih udah lewat batas
gsaragih,TikTok,"ga lucu, malah nyakitin hati yg jualan",2024-12-23 15:15:05,negatif,ga lucu nyakitin hati yg jual
halimaditya,TikTok,"ga lucu, malah nyakitin hati yg jualan",2024-12-23 15:42:29,negatif,ga lucu nyakitin hati yg jual
uwaskita,TikTok,hmm no comment deh,2024-12-23 15:57:51,netral,hmm no comment deh
vpradana,TikTok,waduh ini sih udah kelewat batas,2024-12-23 15:13:44,negatif,sih udah lewat batas
ratnajailani,TikTok,masih netral aja sih gw liatnya,2024-12-23 15:55:57,netral,netral aja sih gw liat
adikara10,TikTok,hmm no comment deh,2024-12-23 15:56:41,netral,hmm no comment deh
kawayaardianto,TikTok,ni gus emg ada aja kelakuannya 😂,2024-12-23 15:50:23,positif,ni gus emg aja laku
nurainibalamantri,TikTok,ni gus emg ada aja kelakuannya 😂,2024-12-23 15:49:26,positif,ni gus emg aja laku
simanjuntakxanana,TikTok,hmm no comment deh,2024-12-23 15:30:57,netral,hmm no comment deh
bakiadisantoso,TikTok,ni gus emg ada aja kelakuannya 😂,2024-12-23 15:27:24,positif,ni gus emg aja laku
jakakurniawan,TikTok,biar agak keras tapi niatnya baik kok,2024-12-23 15:41:06,positif,biar keras niat
siregarsaiful,TikTok,gus miftah harus minta maaf sih ini,2024-12-23 15:08:11,negatif,gus miftah maaf sih
winarnousyi,TikTok,"bener juga sih, kadang netizen terlalu baper",2024-12-23 15:29:13,positif,bener sih kadang netizen baper
atmajapuspita,TikTok,masih netral aja sih gw liatnya,2024-12-23 15:05:56,netral,netral aja sih gw liat
ssinaga,TikTok,"bener juga sih, kadang netizen terlalu baper",2024-12-23 15:58:54,positif,bener sih kadang netizen baper
asirwadausamah,TikTok,ni gus emg ada aja kelakuannya 😂,2024-12-23 15:29:19,positif,ni gus emg aja laku
ajiman39,TikTok,ga tau mau bilang apa,2024-12-23 15:33:02,netral,ga tau bilang
vivihasanah,TikTok,"ga lucu, malah nyakitin hati yg jualan",2024-12-23 15:59:33,negatif,ga lucu nyakitin hati yg jual
darmanawaskita,TikTok,tergantung yg nonton juga sih,2024-12-23 15:11:03,netral,gantung yg nonton sih
putraamelia,TikTok,bisa2 jualan es teh jd insecure 😓,2024-12-23 15:14:43,negatif,jual es teh jd insecure
dirja51,TikTok,biar agak keras tapi niatnya baik kok,2024-12-23 15:24:21,positif,biar keras niat
lwastuti,TikTok,"ceramahnya tetep dapet kok, relax aja guys",2024-12-23 15:50:24,positif,ceramah tetep dapet relax aja guys
saifularyani,TikTok,waduh ini sih udah kelewat batas,2024-12-23 15:15:28,negatif,sih udah lewat batas
prasastakala,TikTok,"ceramahnya tetep dapet kok, relax aja guys",2024-12-23 15:33:03,positif,ceramah tetep dapet relax aja guys
fwastuti,TikTok,masih netral aja sih gw liatnya,2024-12-23 15:07:25,netral,netral aja sih gw liat
gamblang68,TikTok,jujurly lucu banget sih ini 😭,2024-12-23 15:40:14,positif,jujurly lucu banget sih
laksmiwatiendra,TikTok,"ga lucu, malah nyakitin hati yg jualan",2024-12-23 15:44:12,negatif,ga lucu nyakitin hati yg jual
bfujiati,TikTok,jujurly lucu banget sih ini 😭,2024-12-23 15:13:10,positif,jujurly lucu banget sih
apratiwi,TikTok,biar agak keras tapi niatnya baik kok,2024-12-23 15:38:36,positif,biar keras niat
alambana49,TikTok,biasa aja sih,2024-12-23 15:22:21,netral,aja sih
simanjuntakmargana,TikTok,"ga lucu, malah nyakitin hati yg jualan",2024-12-23 15:17:17,negatif,ga lucu nyakitin hati yg jual
panji25,TikTok,ga sopan bgt ngomong gitu,2024-12-23 15:16:16,negatif,ga sopan bgt ngomong gitu
xmarpaung,TikTok,waduh ini sih udah kelewat batas,2024-12-23 15:46:49,negatif,sih udah lewat batas
rinihartati,TikTok,"bener juga sih, kadang netizen terlalu baper",2024-12-23 15:35:45,positif,bener sih kadang netizen baper
laswi90,TikTok,ga sopan bgt ngomong gitu,2024-12-23 15:32:56,negatif,ga sopan bgt ngomong gitu
ynashiruddin,TikTok,ga sopan bgt ngomong gitu,2024-12-23 15:28:32,negatif,ga sopan bgt ngomong gitu
zelaya82,TikTok,"bener juga sih, kadang netizen terlalu baper",2024-12-23 15:29:33,positif,bener sih kadang netizen baper
janet58,TikTok,hmm no comment deh,2024-12-23 15:56:01,netral,hmm no comment deh
emanhutasoit,TikTok,ni gus emg ada aja kelakuannya 😂,2024-12-23 15:17:06,positif,ni gus emg aja laku
isihombing,TikTok,bisa2 jualan es teh jd insecure 😓,2024-12-23 15:50:14,negatif,jual es teh jd insecure
rafid83,TikTok,gw setuju sih ama omongannya gus,2024-12-23 15:27:19,positif,gw tuju sih ama omong gus
ganda30,TikTok,"ga lucu, malah nyakitin hati yg jualan",2024-12-23 15:40:31,negatif,ga lucu nyakitin hati yg jual
zulkarnaingina,TikTok,gue liat ini ya udah lah ya,2024-12-23 15:22:48,netral,gue liat ya udah ya
tina94,TikTok,"bener juga sih, kadang netizen terlalu baper",2024-12-23 15:50:51,positif,bener sih kadang netizen baper
ekaharyanto,TikTok,ga tau mau bilang apa,2024-12-23 15:56:20,netral,ga tau bilang
hadi00,TikTok,"ga lucu, malah nyakitin hati yg jualan",2024-12-23 15:09:32,negatif,ga lucu nyakitin hati yg jual
vwaskita,TikTok,jujurly lucu banget sih ini 😭,2024-12-23 15:00:49,positif,jujurly lucu banget sih
jhutasoit,TikTok,tergantung yg nonton juga sih,2024-12-23 15:36:14,netral,gantung yg nonton sih
kusumawastuti,TikTok,biar agak keras tapi niatnya baik kok,2024-12-23 15:02:54,positif,biar keras niat
mhalimah,TikTok,masih netral aja sih gw liatnya,2024-12-23 15:04:29,netral,netral aja sih gw liat
prasastaasirwada,TikTok,waduh ini sih udah kelewat batas,2024-12-23 15:46:46,negatif,sih udah lewat batas
najibsihombing,TikTok,gw setuju sih ama omongannya gus,2024-12-23 15:25:55,positif,gw tuju sih ama omong gus
jumadimaryati,TikTok,jujurly lucu banget sih ini 😭,2024-12-23 15:52:16,positif,jujurly lucu banget sih
ymangunsong,TikTok,gw setuju sih ama omongannya gus,2024-12-23 15:32:25,positif,gw tuju sih ama omong gus
aurora03,TikTok,waduh ini sih udah kelewat batas,2024-12-23 15:35:43,negatif,sih udah lewat batas
palastridanuja,TikTok,masih netral aja sih gw liatnya,2024-12-23 15:40:44,netral,netral aja sih gw liat
tambadadap,TikTok,ga tau mau bilang apa,2024-12-23 15:49:59,netral,ga tau bilang
wadinarpati,TikTok,ceramah apaan malah ngehina,2024-12-23 15:21:57,negatif,ceramah ngehina
hnajmudin,TikTok,biar agak keras tapi niatnya baik kok,2024-12-23 15:09:21,positif,biar keras niat
rahman26,TikTok,ceramah apaan malah ngehina,2024-12-23 15:06:23,negatif,ceramah ngehina
santosogaliono,TikTok,bisa2 jualan es teh jd insecure 😓,2024-12-23 15:04:56,negatif,jual es teh jd insecure
jayadi72,TikTok,ceramah apaan malah ngehina,2024-12-23 15:20:18,negatif,ceramah ngehina
najibpranowo,TikTok,tergantung yg nonton juga sih,2024-12-23 15:30:54,netral,gantung yg nonton sih
galiono94,TikTok,ni gus emg ada aja kelakuannya 😂,2024-12-23 15:22:18,positif,ni gus emg aja laku
michellehassanah,TikTok,ga sopan bgt ngomong gitu,2024-12-23 15:33:41,negatif,ga sopan bgt ngomong gitu
budiyantoheryanto,TikTok,gus miftah harus minta maaf sih ini,2024-12-23 15:22:48,negatif,gus miftah maaf sih
anggriawanjarwa,TikTok,ceramah apaan malah ngehina,2024-12-23 15:32:57,negatif,ceramah ngehina
cintawaluyo,TikTok,waduh ini sih udah kelewat batas,2024-12-23 15:22:59,negatif,sih udah lewat batas
gamantosuwarno,TikTok,gw setuju sih ama omongannya gus,2024-12-23 15:01:55,positif,gw tuju sih ama omong gus
isamosir,TikTok,tergantung yg nonton juga sih,2024-12-23 15:27:36,netral,gantung yg nonton sih
maulanamahdi,TikTok,jujurly lucu banget sih ini 😭,2024-12-23 15:01:53,positif,jujurly lucu banget sih
wisnuprabowo,TikTok,bisa2 jualan es teh jd insecure 😓,2024-12-23 15:19:34,negatif,jual es teh jd insecure
satyamayasari,TikTok,gus miftah harus minta maaf sih ini,2024-12-23 15:12:53,negatif,gus miftah maaf sih
violetprabowo,TikTok,bisa2 jualan es teh jd insecure 😓,2024-12-23 15:13:25,negatif,jual es teh jd insecure
rajasadian,TikTok,hmm no comment deh,2024-12-23 15:52:56,netral,hmm no comment deh
emin83,TikTok,masih netral aja sih gw liatnya,2024-12-23 15:24:37,netral,netral aja sih gw liat
natsirpangestu,TikTok,waduh ini sih udah kelewat batas,2024-12-23 15:58:59,negatif,sih udah lewat batas
hutapeahalima,TikTok,waduh ini sih udah kelewat batas,2024-12-23 15:56:00,negatif,sih udah lewat batas
muni26,TikTok,bisa2 jualan es teh jd insecure 😓,2024-12-23 15:14:20,negatif,jual es teh jd insecure
mahmud90,TikTok,gue liat ini ya udah lah ya,2024-12-23 15:32:45,netral,gue liat ya udah ya
putrayunita,TikTok,gue liat ini ya udah lah ya,2024-12-23 15:19:34,netral,gue liat ya udah ya
bmandasari,TikTok,"ceramahnya tetep dapet kok, relax aja guys",2024-12-23 15:04:18,positif,ceramah tetep dapet relax aja guys
sakurakurniawan,TikTok,"bener juga sih, kadang netizen terlalu baper",2024-12-23 15:47:26,positif,bener sih kadang netizen baper
dabukkeemas,TikTok,tergantung yg nonton juga sih,2024-12-23 15:40:50,netral,gantung yg nonton sih
prasetyotami,TikTok,"bener juga sih, kadang netizen terlalu baper",2024-12-23 15:01:01,positif,bener sih kadang netizen baper
puspasarimulyanto,TikTok,waduh ini sih udah kelewat batas,2024-12-23 15:04:19,negatif,sih udah lewat batas
gambira95,TikTok,ga sopan bgt ngomong gitu,2024-12-23 15:43:03,negatif,ga sopan bgt ngomong gitu
mustofaprakosa,TikTok,waduh ini sih udah kelewat batas,2024-12-23 15:38:13,negatif,sih udah lewat batas
rgunawan,TikTok,ceramah apaan malah ngehina,2024-12-23 15:39:30,negatif,ceramah ngehina
iwahyudin,TikTok,ni gus emg ada aja kelakuannya 😂,2024-12-23 15:07:36,positif,ni gus emg aja laku
cageryuliarti,TikTok,hmm no comment deh,2024-12-23 15:40:57,netral,hmm no comment deh
baktiadiuyainah,TikTok,waduh ini sih udah kelewat batas,2024-12-23 15:24:52,negatif,sih udah lewat batas
jessicalaksita,TikTok,ga sopan bgt ngomong gitu,2024-12-23 15:49:51,negatif,ga sopan bgt ngomong gitu
pnainggolan,TikTok,hmm no comment deh,2024-12-23 15:15:56,netral,hmm no comment deh
paulin61,TikTok,ga sopan bgt ngomong gitu,2024-12-23 15:43:43,negatif,ga sopan bgt ngomong gitu
taufanmansur,TikTok,gw setuju sih ama omongannya gus,2024-12-23 15:48:52,positif,gw tuju sih ama omong gus
ksuwarno,TikTok,hmm no comment deh,2024-12-23 15:00:13,netral,hmm no comment deh
santosomurti,TikTok,"ceramahnya tetep dapet kok, relax aja guys",2024-12-23 15:28:52,positif,ceramah tetep dapet relax aja guys
hendri92,TikTok,jujurly lucu banget sih ini 😭,2024-12-23 15:06:37,positif,jujurly lucu banget sih
jati80,TikTok,"ceramahnya tetep dapet kok, relax aja guys",2024-12-23 15:07:47,positif,ceramah tetep dapet relax aja guys
dian79,TikTok,jujurly lucu banget sih ini 😭,2024-12-23 15:08:11,positif,jujurly lucu banget sih
kamariayulianti,TikTok,ga tau mau bilang apa,2024-12-23 15:59:45,netral,ga tau bilang
sabrinatsir,TikTok,waduh ini sih udah kelewat batas,2024-12-23 15:18:24,negatif,sih udah lewat batas
mayasaribella,TikTok,"bener juga sih, kadang netizen terlalu baper",2024-12-23 15:55:04,positif,bener sih kadang netizen baper
darunugroho,TikTok,biasa aja sih,2024-12-23 15:35:11,netral,aja sih
paramitathamrin,TikTok,tergantung yg nonton juga sih,2024-12-23 15:23:58,netral,gantung yg nonton sih
wastutiharto,TikTok,bisa2 jualan es teh jd insecure 😓,2024-12-23 15:00:57,negatif,jual es teh jd insecure
anatampubolon,TikTok,gue liat ini ya udah lah ya,2024-12-23 15:40:20,netral,gue liat ya udah ya
drajat86,TikTok,"ga lucu, malah nyakitin hati yg jualan",2024-12-23 15:19:50,negatif,ga lucu nyakitin hati yg jual
jhakim,TikTok,jujurly lucu banget sih ini 😭,2024-12-23 15:47:40,positif,jujurly lucu banget sih
pprastuti,TikTok,ga sopan bgt ngomong gitu,2024-12-23 15:24:23,negatif,ga sopan bgt ngomong gitu
mmaryati,TikTok,bisa2 jualan es teh jd insecure 😓,2024-12-23 15:40:14,negatif,jual es teh jd insecure
restupangestu,TikTok,ceramah apaan malah ngehina,2024-12-23 15:25:12,negatif,ceramah ngehina
edi39,TikTok,jujurly lucu banget sih ini 😭,2024-12-23 15:12:10,positif,jujurly lucu banget sih
siska04,TikTok,gue liat ini ya udah lah ya,2024-12-23 15:49:41,netral,gue liat ya udah ya
smegantara,TikTok,biar agak keras tapi niatnya baik kok,2024-12-23 15:45:30,positif,biar keras niat
mayasaricindy,TikTok,ceramah apaan malah ngehina,2024-12-23 15:04:06,negatif,ceramah ngehina
maheswaragandi,TikTok,"ga lucu, malah nyakitin hati yg jualan",2024-12-23 15:02:22,negatif,ga lucu nyakitin hati yg jual
halimahnajib,TikTok,ga sopan bgt ngomong gitu,2024-12-23 15:43:16,negatif,ga sopan bgt ngomong gitu
xanana19,TikTok,biar agak keras tapi niatnya baik kok,2024-12-23 15:56:25,positif,biar keras niat
kadirbudiyanto,TikTok,gue liat ini ya udah lah ya,2024-12-23 15:41:05,netral,gue liat ya udah ya
novitasarigangsa,TikTok,"ceramahnya tetep dapet kok, relax aja guys",2024-12-23 15:15:32,positif,ceramah tetep dapet relax aja guys
mrahmawati,TikTok,"ga lucu, malah nyakitin hati yg jualan",2024-12-23 15:06:01,negatif,ga lucu nyakitin hati yg jual
salsabilasuartini,TikTok,bisa2 jualan es teh jd insecure 😓,2024-12-23 15:37:01,negatif,jual es teh jd insecure
tiara95,TikTok,ga sopan bgt ngomong gitu,2024-12-23 15:57:25,negatif,ga sopan bgt ngomong gitu
cemetiyuniar,TikTok,"ga lucu, malah nyakitin hati yg jualan",2024-12-23 15:46:00,negatif,ga lucu nyakitin hati yg jual
apranowo,TikTok,gw setuju sih ama omongannya gus,2024-12-23 15:13:51,positif,gw tuju sih ama omong gus
hendripermata,TikTok,jujurly lucu banget sih ini 😭,2024-12-23 15:18:56,positif,jujurly lucu banget sih
sharyanto,TikTok,biasa aja sih,2024-12-23 15:20:53,netral,aja sih
puji56,TikTok,ga sopan bgt ngomong gitu,2024-12-23 15:19:11,negatif,ga sopan bgt ngomong gitu
dpalastri,TikTok,ga tau mau bilang apa,2024-12-23 15:21:58,netral,ga tau bilang
kusumodacin,TikTok,ga sopan bgt ngomong gitu,2024-12-23 15:09:35,negatif,ga sopan bgt ngomong gitu
cayadi42,TikTok,ceramah apaan malah ngehina,2024-12-23 15:31:36,negatif,ceramah ngehina
emasnababan,TikTok,waduh ini sih udah kelewat batas,2024-12-23 15:34:48,negatif,sih udah lewat batas
cagersetiawan,TikTok,ga tau mau bilang apa,2024-12-23 15:54:33,netral,ga tau bilang
dabukkeleo,TikTok,"bener juga sih, kadang netizen terlalu baper",2024-12-23 15:04:25,positif,bener sih kadang netizen baper
wahyu56,TikTok,bisa2 jualan es teh jd insecure 😓,2024-12-23 15:22:33,negatif,jual es teh jd insecure
hasta48,TikTok,gus miftah harus minta maaf sih ini,2024-12-23 15:43:38,negatif,gus miftah maaf sih
mahendrasamiah,TikTok,bisa2 jualan es teh jd insecure 😓,2024-12-23 15:36:25,negatif,jual es teh jd insecure
salman18,TikTok,ceramah apaan malah ngehina,2024-12-23 15:42:27,negatif,ceramah ngehina
lanjaryulianti,TikTok,biasa aja sih,2024-12-23 15:21:23,netral,aja sih
dsalahudin,TikTok,ga sopan bgt ngomong gitu,2024-12-23 15:12:53,negatif,ga sopan bgt ngomong gitu
natsirdarmana,TikTok,ga sopan bgt ngomong gitu,2024-12-23 15:58:08,negatif,ga sopan bgt ngomong gitu
gandewa77,TikTok,ga sopan bgt ngomong gitu,2024-12-23 15:54:00,negatif,ga sopan bgt ngomong gitu
melanicagak,TikTok,gue liat ini ya udah lah ya,2024-12-23 15:36:13,netral,gue liat ya udah ya
sarah70,TikTok,ceramah apaan malah ngehina,2024-12-23 15:39:37,negatif,ceramah ngehina
ellisdongoran,TikTok,ga sopan bgt ngomong gitu,2024-12-23 15:25:03,negatif,ga sopan bgt ngomong gitu
karma29,TikTok,gue liat ini ya udah lah ya,2024-12-23 15:39:39,netral,gue liat ya udah ya
rahmawatiani,TikTok,waduh ini sih udah kelewat batas,2024-12-23 15:00:27,negatif,sih udah lewat batas
adriansyahlasmono,TikTok,biar agak keras tapi niatnya baik kok,2024-12-23 15:48:01,positif,biar keras niat
ani95,TikTok,gus miftah harus minta maaf sih ini,2024-12-23 15:29:56,negatif,gus miftah maaf sih
ellawinarsih,TikTok,jujurly lucu banget sih ini 😭,2024-12-23 15:45:40,positif,jujurly lucu banget sih
jayadi66,TikTok,jujurly lucu banget sih ini 😭,2024-12-23 15:24:33,positif,jujurly lucu banget sih
jaga16,TikTok,ceramah apaan malah ngehina,2024-12-23 15:09:17,negatif,ceramah ngehina
hamzahsitompul,TikTok,"bener juga sih, kadang netizen terlalu baper",2024-12-23 15:23:11,positif,bener sih kadang netizen baper
sudiatiamong,TikTok,masih netral aja sih gw liatnya,2024-12-23 15:26:39,netral,netral aja sih gw liat
warsitaprastuti,TikTok,gw setuju sih ama omongannya gus,2024-12-23 15:22:44,positif,gw tuju sih ama omong gus
sariharyanto,TikTok,ga sopan bgt ngomong gitu,2024-12-23 15:23:44,negatif,ga sopan bgt ngomong gitu
hidayantoempluk,TikTok,gue liat ini ya udah lah ya,2024-12-23 15:33:22,netral,gue liat ya udah ya
marpaungjulia,TikTok,"bener juga sih, kadang netizen terlalu baper",2024-12-23 15:23:30,positif,bener sih kadang netizen baper
prabowomartani,TikTok,tergantung yg nonton juga sih,2024-12-23 15:29:25,netral,gantung yg nonton sih
prabowonajib,TikTok,biasa aja sih,2024-12-23 15:01:42,netral,aja sih
karimah33,TikTok,jujurly lucu banget sih ini 😭,2024-12-23 15:22:31,positif,jujurly lucu banget sih
aisyah39,TikTok,gw setuju sih ama omongannya gus,2024-12-23 15:49:38,positif,gw tuju sih ama omong gus
cahyonomanullang,TikTok,ga tau mau bilang apa,2024-12-23 15:41:31,netral,ga tau bilang
kayla20,TikTok,gue liat ini ya udah lah ya,2024-12-23 15:33:57,netral,gue liat ya udah ya
mkurniawan,TikTok,gw setuju sih ama omongannya gus,2024-12-23 15:37:52,positif,gw tuju sih ama omong gus
mandalawardi,TikTok,gw setuju sih ama omongannya gus,2024-12-23 15:26:00,positif,gw tuju sih ama omong gus
rahimahprima,TikTok,"ga lucu, malah nyakitin hati yg jualan",2024-12-23 15:32:03,negatif,ga lucu nyakitin hati yg jual
nashiruddinluis,TikTok,biasa aja sih,2024-12-23 15:59:35,netral,aja sih
enteng10,TikTok,biasa aja sih,2024-12-23 15:24:36,netral,aja sih
shaniasaptono,TikTok,"ga lucu, malah nyakitin hati yg jualan",2024-12-23 15:35:07,negatif,ga lucu nyakitin hati yg jual
surya04,TikTok,hmm no comment deh,2024-12-23 15:24:04,netral,hmm no comment deh
hasanahellis,TikTok,ceramah apaan malah ngehina,2024-12-23 15:37:56,negatif,ceramah ngehina
olivawahyudin,TikTok,ga sopan bgt ngomong gitu,2024-12-23 15:26:10,negatif,ga sopan bgt ngomong gitu
zulkarnaindarmanto,TikTok,ga tau mau bilang apa,2024-12-23 15:48:38,netral,ga tau bilang
ibrahimprasetyo,TikTok,gus miftah harus minta maaf sih ini,2024-12-23 15:39:35,negatif,gus miftah maaf sih
caket34,TikTok,ni gus emg ada aja kelakuannya 😂,2024-12-23 15:49:57,positif,ni gus emg aja laku
cecep34,TikTok,hmm no comment deh,2024-12-23 15:04:00,netral,hmm no comment deh
gentaprayoga,TikTok,masih netral aja sih gw liatnya,2024-12-23 15:45:06,netral,netral aja sih gw liat
belinda04,TikTok,masih netral aja sih gw liatnya,2024-12-23 15:15:34,netral,netral aja sih gw liat
eman86,TikTok,bisa2 jualan es teh jd insecure 😓,2024-12-23 15:06:01,negatif,jual es teh jd insecure
faizahtamba,TikTok,biar agak keras tapi niatnya baik kok,2024-12-23 15:17:06,positif,biar keras niat
bpermadi,TikTok,jujurly lucu banget sih ini 😭,2024-12-23 15:40:54,positif,jujurly lucu banget sih
cagergunawan,TikTok,ceramah apaan malah ngehina,2024-12-23 15:02:31,negatif,ceramah ngehina
halimahdagel,TikTok,gw setuju sih ama omongannya gus,2024-12-23 15:02:42,positif,gw tuju sih ama omong gus
ramadandaruna,TikTok,hmm no comment deh,2024-12-23 15:17:54,netral,hmm no comment deh
uwaiswakiman,TikTok,"bener juga sih, kadang netizen terlalu baper",2024-12-23 15:48:06,positif,bener sih kadang netizen baper
oktavianipia,TikTok,gue liat ini ya udah lah ya,2024-12-23 15:38:40,netral,gue liat ya udah ya
anomzulaika,TikTok,gus miftah harus minta maaf sih ini,2024-12-23 15:25:12,negatif,gus miftah maaf sih
safina35,TikTok,ceramah apaan malah ngehina,2024-12-23 15:39:06,negatif,ceramah ngehina
faridafebi,TikTok,gue liat ini ya udah lah ya,2024-12-23 15:45:23,netral,gue liat ya udah ya
viktor64,TikTok,bisa2 jualan es teh jd insecure 😓,2024-12-23 15:48:14,negatif,jual es teh jd insecure
tarihoranemin,TikTok,gus miftah harus minta maaf sih ini,2024-12-23 15:55:48,negatif,gus miftah maaf sih
margananarpati,TikTok,"ga lucu, malah nyakitin hati yg jualan",2024-12-23 15:39:53,negatif,ga lucu nyakitin hati yg jual
harsana20,TikTok,ni gus emg ada aja kelakuannya 😂,2024-12-23 15:25:34,positif,ni gus emg aja laku
nova21,TikTok,"bener juga sih, kadang netizen terlalu baper",2024-12-23 15:02:47,positif,bener sih kadang netizen baper
jefriusada,TikTok,ceramah apaan malah ngehina,2024-12-23 15:18:13,negatif,ceramah ngehina
wastutibalamantri,TikTok,"ceramahnya tetep dapet kok, relax aja guys",2024-12-23 15:28:36,positif,ceramah tetep dapet relax aja guys
edi83,TikTok,"ceramahnya tetep dapet kok, relax aja guys",2024-12-23 15:55:09,positif,ceramah tetep dapet relax aja guys
dwulandari,TikTok,bisa2 jualan es teh jd insecure 😓,2024-12-23 15:53:41,negatif,jual es teh jd insecure
nurdiyantianita,TikTok,biasa aja sih,2024-12-23 15:55:56,netral,aja sih
hartaka07,TikTok,masih netral aja sih gw liatnya,2024-12-23 15:32:41,netral,netral aja sih gw liat
herupradana,TikTok,gw setuju sih ama omongannya gus,2024-12-23 15:55:31,positif,gw tuju sih ama omong gus
zelayausada,TikTok,"ceramahnya tetep dapet kok, relax aja guys",2024-12-23 15:57:19,positif,ceramah tetep dapet relax aja guys
maryatimahdi,TikTok,ga sopan bgt ngomong gitu,2024-12-23 15:58:47,negatif,ga sopan bgt ngomong gitu
ipermata,TikTok,ni gus emg ada aja kelakuannya 😂,2024-12-23 15:33:20,positif,ni gus emg aja laku
cemetikuswandari,TikTok,"bener juga sih, kadang netizen terlalu baper",2024-12-23 15:51:16,positif,bener sih kadang netizen baper
ega33,TikTok,ni gus emg ada aja kelakuannya 😂,2024-12-23 15:01:50,positif,ni gus emg aja laku
ssaptono,TikTok,"ga lucu, malah nyakitin hati yg jualan",2024-12-23 15:16:43,negatif,ga lucu nyakitin hati yg jual
vutama,TikTok,ga tau mau bilang apa,2024-12-23 15:42:35,netral,ga tau bilang
lazuardirina,TikTok,ga tau mau bilang apa,2024-12-23 15:05:01,netral,ga tau bilang
kandriani,TikTok,ga sopan bgt ngomong gitu,2024-12-23 15:39:29,negatif,ga sopan bgt ngomong gitu
bahuwarna09,TikTok,ceramah apaan malah ngehina,2024-12-23 15:39:27,negatif,ceramah ngehina
oktavianiendah,TikTok,biar agak keras tapi niatnya baik kok,2024-12-23 15:54:03,positif,biar keras niat
setiawantri,TikTok,tergantung yg nonton juga sih,2024-12-23 15:48:20,netral,gantung yg nonton sih
maryatigamblang,TikTok,jujurly lucu banget sih ini 😭,2024-12-23 15:43:46,positif,jujurly lucu banget sih
bambang80,TikTok,"ga lucu, malah nyakitin hati yg jualan",2024-12-23 15:21:49,negatif,ga lucu nyakitin hati yg jual
rina73,TikTok,hmm no comment deh,2024-12-23 15:19:41,netral,hmm no comment deh
talia44,TikTok,"ceramahnya tetep dapet kok, relax aja guys",2024-12-23 15:13:44,positif,ceramah tetep dapet relax aja guys
nugrohobanawa,TikTok,biasa aja sih,2024-12-23 15:23:07,netral,aja sih
jaswadiprasetya,TikTok,gue liat ini ya udah lah ya,2024-12-23 15:03:02,netral,gue liat ya udah ya
hariyahliman,TikTok,ga tau mau bilang apa,2024-12-23 15:01:07,netral,ga tau bilang
fujiatiprabawa,TikTok,biar agak keras tapi niatnya baik kok,2024-12-23 15:05:23,positif,biar keras niat
diana67,TikTok,biasa aja sih,2024-12-23 15:30:27,netral,aja sih
lusamah,TikTok,masih netral aja sih gw liatnya,2024-12-23 15:35:55,netral,netral aja sih gw liat
bmaryadi,TikTok,biasa aja sih,2024-12-23 15:20:26,netral,aja sih
edi54,TikTok,biasa aja sih,2024-12-23 15:21:44,netral,aja sih
wahyunidariati,TikTok,biasa aja sih,2024-12-23 15:47:49,netral,aja sih
amilaksmiwati,TikTok,masih netral aja sih gw liatnya,2024-12-23 15:30:15,netral,netral aja sih gw liat
wulandariumi,TikTok,biar agak keras tapi niatnya baik kok,2024-12-23 15:15:13,positif,biar keras niat
nyomannovitasari,TikTok,ceramah apaan malah ngehina,2024-12-23 15:55:34,negatif,ceramah ngehina
tinaprakasa,TikTok,gus miftah harus minta maaf sih ini,2024-12-23 15:30:43,negatif,gus miftah maaf sih
tiara29,TikTok,jujurly lucu banget sih ini 😭,2024-12-23 15:05:54,positif,jujurly lucu banget sih
sprasetya,TikTok,ni gus emg ada aja kelakuannya 😂,2024-12-23 15:57:01,positif,ni gus emg aja laku
dacin45,TikTok,tergantung yg nonton juga sih,2024-12-23 15:37:52,netral,gantung yg nonton sih
hmarpaung,TikTok,gw setuju sih ama omongannya gus,2024-12-23 15:48:37,positif,gw tuju sih ama omong gus
ajimatthamrin,TikTok,hmm no comment deh,2024-12-23 15:35:13,netral,hmm no comment deh
wastutikambali,TikTok,biar agak keras tapi niatnya baik kok,2024-12-23 15:44:32,positif,biar keras niat
widodokarta,TikTok,tergantung yg nonton juga sih,2024-12-23 15:11:43,netral,gantung yg nonton sih
suartinisiti,TikTok,"ceramahnya tetep dapet kok, relax aja guys",2024-12-23 15:22:15,positif,ceramah tetep dapet relax aja guys
tina48,TikTok,ceramah apaan malah ngehina,2024-12-23 15:10:45,negatif,ceramah ngehina
agustinafathonah,TikTok,hmm no comment deh,2024-12-23 15:05:13,netral,hmm no comment deh
simonmaulana,TikTok,hmm no comment deh,2024-12-23 15:05:05,netral,hmm no comment deh
jessica71,TikTok,gw setuju sih ama omongannya gus,2024-12-23 15:34:28,positif,gw tuju sih ama omong gus
fathonahriyanti,TikTok,"ga lucu, malah nyakitin hati yg jualan",2024-12-23 15:47:33,negatif,ga lucu nyakitin hati yg jual
tomi58,TikTok,hmm no comment deh,2024-12-23 15:48:32,netral,hmm no comment deh
cinthiapadmasari,TikTok,jujurly lucu banget sih ini 😭,2024-12-23 15:30:17,positif,jujurly lucu banget sih
kurniawangamani,TikTok,"ga lucu, malah nyakitin hati yg jualan",2024-12-23 15:03:59,negatif,ga lucu nyakitin hati yg jual
mahendradodo,TikTok,hmm no comment deh,2024-12-23 15:51:37,netral,hmm no comment deh
yolandaade,TikTok,"bener juga sih, kadang netizen terlalu baper",2024-12-23 15:49:32,positif,bener sih kadang netizen baper
lsaputra,TikTok,"ceramahnya tetep dapet kok, relax aja guys",2024-12-23 15:18:38,positif,ceramah tetep dapet relax aja guys
gaduhpadmasari,TikTok,gus miftah harus minta maaf sih ini,2024-12-23 15:53:35,negatif,gus miftah maaf sih
gaman99,TikTok,tergantung yg nonton juga sih,2024-12-23 15:23:14,netral,gantung yg nonton sih
sabri74,TikTok,"ga lucu, malah nyakitin hati yg jualan",2024-12-23 15:24:58,negatif,ga lucu nyakitin hati yg jual
raina29,TikTok,waduh ini sih udah kelewat batas,2024-12-23 15:58:53,negatif,sih udah lewat batas
prakosa96,TikTok,jujurly lucu banget sih ini 😭,2024-12-23 15:19:00,positif,jujurly lucu banget sih
wirapradana,TikTok,"ga lucu, malah nyakitin hati yg jualan",2024-12-23 15:33:22,negatif,ga lucu nyakitin hati yg jual
gaduhmarbun,TikTok,gw setuju sih ama omongannya gus,2024-12-23 15:49:52,positif,gw tuju sih ama omong gus
hendra90,TikTok,"ga lucu, malah nyakitin hati yg jualan",2024-12-23 15:57:30,negatif,ga lucu nyakitin hati yg jual
nalar32,TikTok,biar agak keras tapi niatnya baik kok,2024-12-23 15:42:41,positif,biar keras niat
ajiono12,TikTok,jujurly lucu banget sih ini 😭,2024-12-23 15:24:11,positif,jujurly lucu banget sih
lailasarivinsen,TikTok,"bener juga sih, kadang netizen terlalu baper",2024-12-23 15:30:44,positif,bener sih kadang netizen baper
olaksita,TikTok,ga tau mau bilang apa,2024-12-23 15:55:44,netral,ga tau bilang
harja81,TikTok,ceramah apaan malah ngehina,2024-12-23 15:55:51,negatif,ceramah ngehina
emongnainggolan,TikTok,"ga lucu, malah nyakitin hati yg jualan",2024-12-23 15:30:19,negatif,ga lucu nyakitin hati yg jual
tampubolonarta,TikTok,hmm no comment deh,2024-12-23 15:46:05,netral,hmm no comment deh
arisiswahyudi,TikTok,waduh ini sih udah kelewat batas,2024-12-23 15:19:00,negatif,sih udah lewat batas
wibowoasirwanda,TikTok,gus miftah harus minta maaf sih ini,2024-12-23 15:01:41,negatif,gus miftah maaf sih
yramadan,TikTok,tergantung yg nonton juga sih,2024-12-23 15:33:45,netral,gantung yg nonton sih
lanjar65,TikTok,ga tau mau bilang apa,2024-12-23 15:35:44,netral,ga tau bilang
fitrianilaksmiwati,TikTok,gus miftah harus minta maaf sih ini,2024-12-23 15:39:16,negatif,gus miftah maaf sih
mkuswoyo,TikTok,biasa aja sih,2024-12-23 15:00:59,netral,aja sih
hardana92,TikTok,gw setuju sih ama omongannya gus,2024-12-23 15:58:47,positif,gw tuju sih ama omong gus
bahuwiryanugroho,TikTok,hmm no comment deh,2024-12-23 15:42:52,netral,hmm no comment deh
bakijan34,TikTok,waduh ini sih udah kelewat batas,2024-12-23 15:49:38,negatif,sih udah lewat batas
sihombingnurul,TikTok,ga sopan bgt ngomong gitu,2024-12-23 15:20:08,negatif,ga sopan bgt ngomong gitu
psirait,TikTok,ga sopan bgt ngomong gitu,2024-12-23 15:53:29,negatif,ga sopan bgt ngomong gitu
oktavianiwarji,TikTok,biasa aja sih,2024-12-23 15:57:59,netral,aja sih
karyasiregar,TikTok,bisa2 jualan es teh jd insecure 😓,2024-12-23 15:19:31,negatif,jual es teh jd insecure
wasitaaswani,TikTok,"ceramahnya tetep dapet kok, relax aja guys",2024-12-23 15:01:45,positif,ceramah tetep dapet relax aja guys
setiawangangsa,TikTok,biasa aja sih,2024-12-23 15:51:07,netral,aja sih
vwastuti,TikTok,gus miftah harus minta maaf sih ini,2024-12-23 15:14:10,negatif,gus miftah maaf sih
hartopadmasari,TikTok,biar agak keras tapi niatnya baik kok,2024-12-23 15:28:21,positif,biar keras niat
maryatiyessi,TikTok,ga tau mau bilang apa,2024-12-23 15:20:02,netral,ga tau bilang
tsihotang,TikTok,jujurly lucu banget sih ini 😭,2024-12-23 15:29:54,positif,jujurly lucu banget sih
niyagaprasetyo,TikTok,biasa aja sih,2024-12-23 15:19:06,netral,aja sih
tmarpaung,TikTok,"ceramahnya tetep dapet kok, relax aja guys",2024-12-23 15:12:36,positif,ceramah tetep dapet relax aja guys
widya51,TikTok,"ceramahnya tetep dapet kok, relax aja guys",2024-12-23 15:22:08,positif,ceramah tetep dapet relax aja guys
gwibowo,TikTok,waduh ini sih udah kelewat batas,2024-12-23 15:39:17,negatif,sih udah lewat batas
arsipatra11,TikTok,biar agak keras tapi niatnya baik kok,2024-12-23 15:34:29,positif,biar keras niat
gangsaandriani,TikTok,"bener juga sih, kadang netizen terlalu baper",2024-12-23 15:30:28,positif,bener sih kadang netizen baper
vino49,TikTok,gus miftah harus minta maaf sih ini,2024-12-23 15:52:21,negatif,gus miftah maaf sih
namagagenta,TikTok,"bener juga sih, kadang netizen terlalu baper",2024-12-23 15:36:20,positif,bener sih kadang netizen baper
novitasarisalwa,TikTok,biar agak keras tapi niatnya baik kok,2024-12-23 15:53:07,positif,biar keras niat
rajatayuliana,TikTok,bisa2 jualan es teh jd insecure 😓,2024-12-23 15:53:36,negatif,jual es teh jd insecure
oskarwaskita,TikTok,tergantung yg nonton juga sih,2024-12-23 15:23:03,netral,gantung yg nonton sih
fmelani,TikTok,masih netral aja sih gw liatnya,2024-12-23 15:26:39,netral,netral aja sih gw liat
yzulaika,TikTok,gw setuju sih ama omongannya gus,2024-12-23 15:34:51,positif,gw tuju sih ama omong gus
zeldawidiastuti,TikTok,bisa2 jualan es teh jd insecure 😓,2024-12-23 15:48:05,negatif,jual es teh jd insecure
banaraputra,TikTok,waduh ini sih udah kelewat batas,2024-12-23 15:44:08,negatif,sih udah lewat batas
gtamba,TikTok,"ga lucu, malah nyakitin hati yg jualan",2024-12-23 15:35:42,negatif,ga lucu nyakitin hati yg jual
ira11,TikTok,bisa2 jualan es teh jd insecure 😓,2024-12-23 15:13:55,negatif,jual es teh jd insecure
chelsea00,TikTok,jujurly lucu banget sih ini 😭,2024-12-23 15:18:20,positif,jujurly lucu banget sih
kurniapertiwi,TikTok,jujurly lucu banget sih ini 😭,2024-12-23 15:08:07,positif,jujurly lucu banget sih
dipa79,TikTok,gue liat ini ya udah lah ya,2024-12-23 15:57:09,netral,gue liat ya udah ya
cengkirhandayani,TikTok,"bener juga sih, kadang netizen terlalu baper",2024-12-23 15:49:48,positif,bener sih kadang netizen baper
hadisitompul,X,jujurly lucu banget sih ini 😭,2024-12-23 15:26:06,positif,jujurly lucu banget sih
hadriansyah,X,hmm no comment deh,2024-12-23 15:48:23,netral,hmm no comment deh
mala24,X,ga sopan bgt ngomong gitu,2024-12-23 15:48:31,negatif,ga sopan bgt ngomong gitu
ekopudjiastuti,X,hmm no comment deh,2024-12-23 15:37:24,netral,hmm no comment deh
jfirmansyah,X,hmm no comment deh,2024-12-23 15:49:26,netral,hmm no comment deh
rusman22,X,ni gus emg ada aja kelakuannya 😂,2024-12-23 15:48:18,positif,ni gus emg aja laku
edimarbun,X,"ga lucu, malah nyakitin hati yg jualan",2024-12-23 15:02:13,negatif,ga lucu nyakitin hati yg jual
mnurdiyanti,X,gw setuju sih ama omongannya gus,2024-12-23 15:21:55,positif,gw tuju sih ama omong gus
qsaptono,X,ga sopan bgt ngomong gitu,2024-12-23 15:53:33,negatif,ga sopan bgt ngomong gitu
huyainah,X,biasa aja sih,2024-12-23 15:01:20,netral,aja sih
nurulpranowo,X,masih netral aja sih gw liatnya,2024-12-23 15:26:54,netral,netral aja sih gw liat
sprastuti,X,ga tau mau bilang apa,2024-12-23 15:50:57,netral,ga tau bilang
cuyainah,X,"ceramahnya tetep dapet kok, relax aja guys",2024-12-23 15:13:21,positif,ceramah tetep dapet relax aja guys
edison84,X,gus miftah harus minta maaf sih ini,2024-12-23 15:42:28,negatif,gus miftah maaf sih
waluyobetania,X,ga tau mau bilang apa,2024-12-23 15:13:38,netral,ga tau bilang
puspitacapa,X,ga sopan bgt ngomong gitu,2024-12-23 15:32:05,negatif,ga sopan bgt ngomong gitu
pradanapaiman,X,jujurly lucu banget sih ini 😭,2024-12-23 15:47:01,positif,jujurly lucu banget sih
bnasyiah,X,ga sopan bgt ngomong gitu,2024-12-23 15:27:05,negatif,ga sopan bgt ngomong gitu
hafshahriyanti,X,ni gus emg ada aja kelakuannya 😂,2024-12-23 15:26:44,positif,ni gus emg aja laku
amelia34,X,ceramah apaan malah ngehina,2024-12-23 15:15:44,negatif,ceramah ngehina
umansur,X,biar agak keras tapi niatnya baik kok,2024-12-23 15:00:07,positif,biar keras niat
okta51,X,waduh ini sih udah kelewat batas,2024-12-23 15:30:40,negatif,sih udah lewat batas
cahyono78,X,ga tau mau bilang apa,2024-12-23 15:44:44,netral,ga tau bilang
daryanipuspasari,X,gue liat ini ya udah lah ya,2024-12-23 15:15:43,netral,gue liat ya udah ya
kurniawanhasan,X,jujurly lucu banget sih ini 😭,2024-12-23 15:19:44,positif,jujurly lucu banget sih
zulkarnainkezia,X,masih netral aja sih gw liatnya,2024-12-23 15:19:25,netral,netral aja sih gw liat
aagustina,X,"ga lucu, malah nyakitin hati yg jualan",2024-12-23 15:29:01,negatif,ga lucu nyakitin hati yg jual
csamosir,X,tergantung yg nonton juga sih,2024-12-23 15:22:39,netral,gantung yg nonton sih
maulanahari,X,"ga lucu, malah nyakitin hati yg jualan",2024-12-23 15:13:37,negatif,ga lucu nyakitin hati yg jual
kusumocahyanto,X,"bener juga sih, kadang netizen terlalu baper",2024-12-23 15:33:21,positif,bener sih kadang netizen baper
winarsihmartaka,X,waduh ini sih udah kelewat batas,2024-12-23 15:30:00,negatif,sih udah lewat batas
eli51,X,tergantung yg nonton juga sih,2024-12-23 15:40:17,netral,gantung yg nonton sih
faizahyuliarti,X,"ga lucu, malah nyakitin hati yg jualan",2024-12-23 15:11:41,negatif,ga lucu nyakitin hati yg jual
qmanullang,X,ga sopan bgt ngomong gitu,2024-12-23 15:10:34,negatif,ga sopan bgt ngomong gitu
sadina54,X,tergantung yg nonton juga sih,2024-12-23 15:40:43,netral,gantung yg nonton sih
anggriawanclara,X,ga tau mau bilang apa,2024-12-23 15:16:21,netral,ga tau bilang
karma24,X,biar agak keras tapi niatnya baik kok,2024-12-23 15:53:03,positif,biar keras niat
ehidayanto,X,"bener juga sih, kadang netizen terlalu baper",2024-12-23 15:27:49,positif,bener sih kadang netizen baper
yolandalega,X,gw setuju sih ama omongannya gus,2024-12-23 15:18:19,positif,gw tuju sih ama omong gus
dasauwais,X,"bener juga sih, kadang netizen terlalu baper",2024-12-23 15:35:49,positif,bener sih kadang netizen baper
mumpuniriyanti,X,biar agak keras tapi niatnya baik kok,2024-12-23 15:33:41,positif,biar keras niat
jayadi97,X,gus miftah harus minta maaf sih ini,2024-12-23 15:38:42,negatif,gus miftah maaf sih
coktaviani,X,ga tau mau bilang apa,2024-12-23 15:07:12,netral,ga tau bilang
wacanairwan,X,tergantung yg nonton juga sih,2024-12-23 15:04:23,netral,gantung yg nonton sih
prastutikacung,X,"ga lucu, malah nyakitin hati yg jualan",2024-12-23 15:16:56,negatif,ga lucu nyakitin hati yg jual
handayanigalar,X,bisa2 jualan es teh jd insecure 😓,2024-12-23 15:28:03,negatif,jual es teh jd insecure
artawan43,X,"ga lucu, malah nyakitin hati yg jualan",2024-12-23 15:00:01,negatif,ga lucu nyakitin hati yg jual
hestimulyani,X,biasa aja sih,2024-12-23 15:32:22,netral,aja sih
ianmelani,X,hmm no comment deh,2024-12-23 15:38:52,netral,hmm no comment deh
luthfi25,X,ga sopan bgt ngomong gitu,2024-12-23 15:43:00,negatif,ga sopan bgt ngomong gitu
wpermata,X,bisa2 jualan es teh jd insecure 😓,2024-12-23 15:33:01,negatif,jual es teh jd insecure
uharyanti,X,gue liat ini ya udah lah ya,2024-12-23 15:39:57,netral,gue liat ya udah ya
mujur93,X,ni gus emg ada aja kelakuannya 😂,2024-12-23 15:57:56,positif,ni gus emg aja laku
estiawan80,X,ga tau mau bilang apa,2024-12-23 15:53:02,netral,ga tau bilang
jumadiwastuti,X,"ga lucu, malah nyakitin hati yg jualan",2024-12-23 15:21:43,negatif,ga lucu nyakitin hati yg jual
karmanprakasa,X,ga tau mau bilang apa,2024-12-23 15:33:29,netral,ga tau bilang
marbunkamila,X,biasa aja sih,2024-12-23 15:11:10,netral,aja sih
pangestu23,X,"bener juga sih, kadang netizen terlalu baper",2024-12-23 15:14:06,positif,bener sih kadang netizen baper
thutapea,X,tergantung yg nonton juga sih,2024-12-23 15:26:36,netral,gantung yg nonton sih
septi62,X,ga sopan bgt ngomong gitu,2024-12-23 15:50:49,negatif,ga sopan bgt ngomong gitu
limarsaputra,X,biasa aja sih,2024-12-23 15:29:40,netral,aja sih
kenziesimbolon,X,"ga lucu, malah nyakitin hati yg jualan",2024-12-23 15:24:55,negatif,ga lucu nyakitin hati yg jual
kawacahalimah,X,jujurly lucu banget sih ini 😭,2024-12-23 15:43:30,positif,jujurly lucu banget sih
jjailani,X,gw setuju sih ama omongannya gus,2024-12-23 15:13:07,positif,gw tuju sih ama omong gus
qkuswoyo,X,"ga lucu, malah nyakitin hati yg jualan",2024-12-23 15:12:46,negatif,ga lucu nyakitin hati yg jual
jailanidariati,X,hmm no comment deh,2024-12-23 15:05:13,netral,hmm no comment deh
tuwais,X,"ga lucu, malah nyakitin hati yg jualan",2024-12-23 15:35:25,negatif,ga lucu nyakitin hati yg jual
jnurdiyanti,X,ga sopan bgt ngomong gitu,2024-12-23 15:57:53,negatif,ga sopan bgt ngomong gitu
upertiwi,X,ceramah apaan malah ngehina,2024-12-23 15:13:53,negatif,ceramah ngehina
kayunsuartini,X,ga tau mau bilang apa,2024-12-23 15:44:15,netral,ga tau bilang
fathonahmahendra,X,gw setuju sih ama omongannya gus,2024-12-23 15:47:12,positif,gw tuju sih ama omong gus
prasetyo34,X,gus miftah harus minta maaf sih ini,2024-12-23 15:46:43,negatif,gus miftah maaf sih
namagatira,X,ni gus emg ada aja kelakuannya 😂,2024-12-23 15:35:52,positif,ni gus emg aja laku
emonggunarto,X,"ceramahnya tetep dapet kok, relax aja guys",2024-12-23 15:28:07,positif,ceramah tetep dapet relax aja guys
uzulaika,X,ceramah apaan malah ngehina,2024-12-23 15:01:15,negatif,ceramah ngehina
cawisono13,X,biasa aja sih,2024-12-23 15:56:52,netral,aja sih
astutijindra,X,ga sopan bgt ngomong gitu,2024-12-23 15:42:02,negatif,ga sopan bgt ngomong gitu
jailaninadia,X,gue liat ini ya udah lah ya,2024-12-23 15:50:06,netral,gue liat ya udah ya
mulyanileo,X,ga sopan bgt ngomong gitu,2024-12-23 15:58:43,negatif,ga sopan bgt ngomong gitu
mulyanigilang,X,biasa aja sih,2024-12-23 15:41:40,netral,aja sih
mayasariumaya,X,"ceramahnya tetep dapet kok, relax aja guys",2024-12-23 15:58:59,positif,ceramah tetep dapet relax aja guys
cpermadi,X,gue liat ini ya udah lah ya,2024-12-23 15:58:53,netral,gue liat ya udah ya
lamar00,X,"ga lucu, malah nyakitin hati yg jualan",2024-12-23 15:24:58,negatif,ga lucu nyakitin hati yg jual
hastutibanara,X,masih netral aja sih gw liatnya,2024-12-23 15:47:41,netral,netral aja sih gw liat
kurniawanhamzah,X,biar agak keras tapi niatnya baik kok,2024-12-23 15:43:56,positif,biar keras niat
karen11,X,jujurly lucu banget sih ini 😭,2024-12-23 15:10:55,positif,jujurly lucu banget sih
yance13,X,waduh ini sih udah kelewat batas,2024-12-23 15:58:04,negatif,sih udah lewat batas
rahimahika,X,gw setuju sih ama omongannya gus,2024-12-23 15:23:34,positif,gw tuju sih ama omong gus
galur77,X,masih netral aja sih gw liatnya,2024-12-23 15:57:05,netral,netral aja sih gw liat
safitricaturangga,X,hmm no comment deh,2024-12-23 15:11:53,netral,hmm no comment deh
hardiansyahcakrabirawa,X,biasa aja sih,2024-12-23 15:26:34,netral,aja sih
agustinazahra,X,gw setuju sih ama omongannya gus,2024-12-23 15:36:01,positif,gw tuju sih ama omong gus
nasrullah50,X,gus miftah harus minta maaf sih ini,2024-12-23 15:27:24,negatif,gus miftah maaf sih
harsana43,X,masih netral aja sih gw liatnya,2024-12-23 15:55:23,netral,netral aja sih gw liat
suryatmicahyono,X,ceramah apaan malah ngehina,2024-12-23 15:17:54,negatif,ceramah ngehina
windaastuti,X,ga tau mau bilang apa,2024-12-23 15:36:03,netral,ga tau bilang
siregartaufan,X,ceramah apaan malah ngehina,2024-12-23 15:59:16,negatif,ceramah ngehina
bajragin77,X,gus miftah harus minta maaf sih ini,2024-12-23 15:18:38,negatif,gus miftah maaf sih
autami,X,gue liat ini ya udah lah ya,2024-12-23 15:29:54,netral,gue liat ya udah ya
eja54,X,gue liat ini ya udah lah ya,2024-12-23 15:56:01,netral,gue liat ya udah ya
faridawawan,X,biasa aja sih,2024-12-23 15:55:21,netral,aja sih
ani75,X,ni gus emg ada aja kelakuannya 😂,2024-12-23 15:10:32,positif,ni gus emg aja laku
septiriyanti,X,ga tau mau bilang apa,2024-12-23 15:30:21,netral,ga tau bilang
saefullahshakila,X,"ga lucu, malah nyakitin hati yg jualan",2024-12-23 15:34:27,negatif,ga lucu nyakitin hati yg jual
hassanahihsan,X,"bener juga sih, kadang netizen terlalu baper",2024-12-23 15:58:01,positif,bener sih kadang netizen baper
gambiraaryani,X,tergantung yg nonton juga sih,2024-12-23 15:40:21,netral,gantung yg nonton sih
kdamanik,X,gw setuju sih ama omongannya gus,2024-12-23 15:13:16,positif,gw tuju sih ama omong gus
gaman48,X,masih netral aja sih gw liatnya,2024-12-23 15:29:35,netral,netral aja sih gw liat
jumari04,X,ni gus emg ada aja kelakuannya 😂,2024-12-23 15:18:53,positif,ni gus emg aja laku
hana95,X,hmm no comment deh,2024-12-23 15:28:51,netral,hmm no comment deh
tasdik71,X,"ceramahnya tetep dapet kok, relax aja guys",2024-12-23 15:28:43,positif,ceramah tetep dapet relax aja guys
hidayantoagnes,X,masih netral aja sih gw liatnya,2024-12-23 15:56:23,netral,netral aja sih gw liat
hakimgandi,X,bisa2 jualan es teh jd insecure 😓,2024-12-23 15:42:11,negatif,jual es teh jd insecure
kenes93,X,ga tau mau bilang apa,2024-12-23 15:44:13,netral,ga tau bilang
tampubolontalia,X,"ga lucu, malah nyakitin hati yg jualan",2024-12-23 15:27:24,negatif,ga lucu nyakitin hati yg jual
sihombingnaradi,X,bisa2 jualan es teh jd insecure 😓,2024-12-23 15:49:24,negatif,jual es teh jd insecure
unggul45,X,ceramah apaan malah ngehina,2024-12-23 15:04:28,negatif,ceramah ngehina
kamila98,X,waduh ini sih udah kelewat batas,2024-12-23 15:24:48,negatif,sih udah lewat batas
sihotangvanesa,X,"ga lucu, malah nyakitin hati yg jualan",2024-12-23 15:41:51,negatif,ga lucu nyakitin hati yg jual
elondabukke,X,gw setuju sih ama omongannya gus,2024-12-23 15:05:58,positif,gw tuju sih ama omong gus
marpaungdaliman,X,tergantung yg nonton juga sih,2024-12-23 15:24:07,netral,gantung yg nonton sih
ozulkarnain,X,"ceramahnya tetep dapet kok, relax aja guys",2024-12-23 15:13:44,positif,ceramah tetep dapet relax aja guys
ekazulaika,X,ni gus emg ada aja kelakuannya 😂,2024-12-23 15:35:51,positif,ni gus emg aja laku
fujiatiivan,X,hmm no comment deh,2024-12-23 15:59:19,netral,hmm no comment deh
jelitaandriani,X,biasa aja sih,2024-12-23 15:35:13,netral,aja sih
swasita,X,biar agak keras tapi niatnya baik kok,2024-12-23 15:06:44,positif,biar keras niat
hidayantolanggeng,X,"ga lucu, malah nyakitin hati yg jualan",2024-12-23 15:48:50,negatif,ga lucu nyakitin hati yg jual
setiawanciaobella,X,waduh ini sih udah kelewat batas,2024-12-23 15:19:08,negatif,sih udah lewat batas
unjani75,X,"bener juga sih, kadang netizen terlalu baper",2024-12-23 15:58:23,positif,bener sih kadang netizen baper
suwarnoqori,X,gue liat ini ya udah lah ya,2024-12-23 15:50:39,netral,gue liat ya udah ya
zaenab66,X,ni gus emg ada aja kelakuannya 😂,2024-12-23 15:19:54,positif,ni gus emg aja laku
xnajmudin,X,ga sopan bgt ngomong gitu,2024-12-23 15:03:42,negatif,ga sopan bgt ngomong gitu
zwijayanti,X,jujurly lucu banget sih ini 😭,2024-12-23 15:04:47,positif,jujurly lucu banget sih
puput26,X,waduh ini sih udah kelewat batas,2024-12-23 15:38:43,negatif,sih udah lewat batas
slaksita,X,"ga lucu, malah nyakitin hati yg jualan",2024-12-23 15:38:37,negatif,ga lucu nyakitin hati yg jual
warsita80,X,biar agak keras tapi niatnya baik kok,2024-12-23 15:14:11,positif,biar keras niat
indahsaptono,X,hmm no comment deh,2024-12-23 15:12:26,netral,hmm no comment deh
wage24,X,tergantung yg nonton juga sih,2024-12-23 15:30:54,netral,gantung yg nonton sih
siregarmargana,X,"ceramahnya tetep dapet kok, relax aja guys",2024-12-23 15:52:35,positif,ceramah tetep dapet relax aja guys
ilaksita,X,biar agak keras tapi niatnya baik kok,2024-12-23 15:09:15,positif,biar keras niat
mulyanidanang,X,"bener juga sih, kadang netizen terlalu baper",2024-12-23 15:12:16,positif,bener sih kadang netizen baper
maulanaerik,X,gus miftah harus minta maaf sih ini,2024-12-23 15:45:00,negatif,gus miftah maaf sih
rafidhabibi,X,"ceramahnya tetep dapet kok, relax aja guys",2024-12-23 15:55:21,positif,ceramah tetep dapet relax aja guys
rangga49,X,ga sopan bgt ngomong gitu,2024-12-23 15:04:28,negatif,ga sopan bgt ngomong gitu
manggriawan,X,ga tau mau bilang apa,2024-12-23 15:30:08,netral,ga tau bilang
rahmat36,X,waduh ini sih udah kelewat batas,2024-12-23 15:53:10,negatif,sih udah lewat batas
catur73,X,gus miftah harus minta maaf sih ini,2024-12-23 15:12:31,negatif,gus miftah maaf sih
zpurwanti,X,ni gus emg ada aja kelakuannya 😂,2024-12-23 15:34:50,positif,ni gus emg aja laku
fitria10,X,gue liat ini ya udah lah ya,2024-12-23 15:53:57,netral,gue liat ya udah ya
pangestulutfan,X,gue liat ini ya udah lah ya,2024-12-23 15:30:04,netral,gue liat ya udah ya
jarwa78,X,"bener juga sih, kadang netizen terlalu baper",2024-12-23 15:46:32,positif,bener sih kadang netizen baper
pratamaadikara,X,gus miftah harus minta maaf sih ini,2024-12-23 15:32:32,negatif,gus miftah maaf sih
asmanwidodo,X,jujurly lucu banget sih ini 😭,2024-12-23 15:37:58,positif,jujurly lucu banget sih
olgamangunsong,X,gus miftah harus minta maaf sih ini,2024-12-23 15:41:39,negatif,gus miftah maaf sih
opungsafitri,X,"bener juga sih, kadang netizen terlalu baper",2024-12-23 15:54:01,positif,bener sih kadang netizen baper
prayogarajasa,X,gw setuju sih ama omongannya gus,2024-12-23 15:31:17,positif,gw tuju sih ama omong gus
jailanijefri,X,gue liat ini ya udah lah ya,2024-12-23 15:56:43,netral,gue liat ya udah ya
upiksuryono,X,waduh ini sih udah kelewat batas,2024-12-23 15:18:20,negatif,sih udah lewat batas
kayunprayoga,X,hmm no comment deh,2024-12-23 15:00:00,netral,hmm no comment deh
prabowo02,X,ga tau mau bilang apa,2024-12-23 15:37:00,netral,ga tau bilang
wijayantiasmianto,X,biar agak keras tapi niatnya baik kok,2024-12-23 15:19:27,positif,biar keras niat
amelia47,X,biar agak keras tapi niatnya baik kok,2024-12-23 15:43:16,positif,biar keras niat
idamanullang,X,ni gus emg ada aja kelakuannya 😂,2024-12-23 15:15:18,positif,ni gus emg aja laku
adityamegantara,X,hmm no comment deh,2024-12-23 15:01:35,netral,hmm no comment deh
solehkurniawan,X,ga sopan bgt ngomong gitu,2024-12-23 15:19:43,negatif,ga sopan bgt ngomong gitu
marbunpadmi,X,bisa2 jualan es teh jd insecure 😓,2024-12-23 15:23:59,negatif,jual es teh jd insecure
pertiwiratna,X,hmm no comment deh,2024-12-23 15:53:24,netral,hmm no comment deh
mansurkarsa,X,gus miftah harus minta maaf sih ini,2024-12-23 15:28:13,negatif,gus miftah maaf sih
firmansyahunggul,X,biar agak keras tapi niatnya baik kok,2024-12-23 15:05:20,positif,biar keras niat
rahayuhandayani,X,"ceramahnya tetep dapet kok, relax aja guys",2024-12-23 15:41:58,positif,ceramah tetep dapet relax aja guys
awibisono,X,"ga lucu, malah nyakitin hati yg jualan",2024-12-23 15:52:48,negatif,ga lucu nyakitin hati yg jual
farah11,X,hmm no comment deh,2024-12-23 15:40:08,netral,hmm no comment deh
piamayasari,X,ni gus emg ada aja kelakuannya 😂,2024-12-23 15:21:06,positif,ni gus emg aja laku
laksmiwatihairyanto,X,gus miftah harus minta maaf sih ini,2024-12-23 15:24:15,negatif,gus miftah maaf sih
siraitadika,X,biasa aja sih,2024-12-23 15:13:53,netral,aja sih
artawaniswahyudi,X,ga tau mau bilang apa,2024-12-23 15:21:51,netral,ga tau bilang
vero66,X,waduh ini sih udah kelewat batas,2024-12-23 15:56:52,negatif,sih udah lewat batas
saefullahbudi,X,"ga lucu, malah nyakitin hati yg jualan",2024-12-23 15:06:18,negatif,ga lucu nyakitin hati yg jual
halimanovitasari,X,masih netral aja sih gw liatnya,2024-12-23 15:20:28,netral,netral aja sih gw liat
praba14,X,bisa2 jualan es teh jd insecure 😓,2024-12-23 15:34:14,negatif,jual es teh jd insecure
wastutiismail,X,tergantung yg nonton juga sih,2024-12-23 15:38:47,netral,gantung yg nonton sih
jefriprasetya,X,ga tau mau bilang apa,2024-12-23 15:52:57,netral,ga tau bilang
prakasasakura,X,biasa aja sih,2024-12-23 15:05:01,netral,aja sih
ahassanah,X,jujurly lucu banget sih ini 😭,2024-12-23 15:54:03,positif,jujurly lucu banget sih
lestariemin,X,biasa aja sih,2024-12-23 15:07:07,netral,aja sih
mahdinugroho,X,"bener juga sih, kadang netizen terlalu baper",2024-12-23 15:17:35,positif,bener sih kadang netizen baper
marpaungsari,X,jujurly lucu banget sih ini 😭,2024-12-23 15:20:03,positif,jujurly lucu banget sih
hartonainggolan,X,gw setuju sih ama omongannya gus,2024-12-23 15:23:10,positif,gw tuju sih ama omong gus
luwais,X,jujurly lucu banget sih ini 😭,2024-12-23 15:21:38,positif,jujurly lucu banget sih
ekuswandari,X,jujurly lucu banget sih ini 😭,2024-12-23 15:38:18,positif,jujurly lucu banget sih
karenfujiati,X,"ga lucu, malah nyakitin hati yg jualan",2024-12-23 15:14:24,negatif,ga lucu nyakitin hati yg jual
cahyadi53,X,"ceramahnya tetep dapet kok, relax aja guys",2024-12-23 15:01:43,positif,ceramah tetep dapet relax aja guys
situmorangdinda,X,ga tau mau bilang apa,2024-12-23 15:33:28,netral,ga tau bilang
gaduh41,X,"bener juga sih, kadang netizen terlalu baper",2024-12-23 15:37:16,positif,bener sih kadang netizen baper
atmamaulana,X,biar agak keras tapi niatnya baik kok,2024-12-23 15:55:46,positif,biar keras niat
suryatmimila,X,gus miftah harus minta maaf sih ini,2024-12-23 15:20:00,negatif,gus miftah maaf sih
cayadi65,X,"ceramahnya tetep dapet kok, relax aja guys",2024-12-23 15:01:17,positif,ceramah tetep dapet relax aja guys
kartamandasari,X,ga sopan bgt ngomong gitu,2024-12-23 15:49:11,negatif,ga sopan bgt ngomong gitu
pmahendra,X,jujurly lucu banget sih ini 😭,2024-12-23 15:40:12,positif,jujurly lucu banget sih
whariyah,X,biasa aja sih,2024-12-23 15:47:04,netral,aja sih
melindawulandari,X,gus miftah harus minta maaf sih ini,2024-12-23 15:44:34,negatif,gus miftah maaf sih
darmana04,X,ga sopan bgt ngomong gitu,2024-12-23 15:19:39,negatif,ga sopan bgt ngomong gitu
zsudiati,X,biar agak keras tapi niatnya baik kok,2024-12-23 15:14:03,positif,biar keras niat
ausamah,X,biasa aja sih,2024-12-23 15:31:29,netral,aja sih
rahmimustofa,X,masih netral aja sih gw liatnya,2024-12-23 15:19:57,netral,netral aja sih gw liat
opan07,X,"ceramahnya tetep dapet kok, relax aja guys",2024-12-23 15:31:13,positif,ceramah tetep dapet relax aja guys
saiful14,X,ga tau mau bilang apa,2024-12-23 15:13:28,netral,ga tau bilang
faizahfujiati,X,gus miftah harus minta maaf sih ini,2024-12-23 15:46:40,negatif,gus miftah maaf sih
tugiman66,X,ga sopan bgt ngomong gitu,2024-12-23 15:46:15,negatif,ga sopan bgt ngomong gitu
lputra,X,ni gus emg ada aja kelakuannya 😂,2024-12-23 15:09:16,positif,ni gus emg aja laku
karimah56,X,tergantung yg nonton juga sih,2024-12-23 15:53:19,netral,gantung yg nonton sih
darmanlatupono,X,ceramah apaan malah ngehina,2024-12-23 15:56:00,negatif,ceramah ngehina
mahmudpudjiastuti,X,gw setuju sih ama omongannya gus,2024-12-23 15:36:22,positif,gw tuju sih ama omong gus
astutifaizah,X,waduh ini sih udah kelewat batas,2024-12-23 15:01:41,negatif,sih udah lewat batas
utamicakrawangsa,X,waduh ini sih udah kelewat batas,2024-12-23 15:31:23,negatif,sih udah lewat batas
fitrianimayasari,X,gw setuju sih ama omongannya gus,2024-12-23 15:16:21,positif,gw tuju sih ama omong gus
nainggolancakrajiya,X,ceramah apaan malah ngehina,2024-12-23 15:40:02,negatif,ceramah ngehina
iriana86,X,gus miftah harus minta maaf sih ini,2024-12-23 15:42:08,negatif,gus miftah maaf sih
suwarnoupik,X,bisa2 jualan es teh jd insecure 😓,2024-12-23 15:57:03,negatif,jual es teh jd insecure
purwantibaktiadi,X,"ga lucu, malah nyakitin hati yg jualan",2024-12-23 15:25:49,negatif,ga lucu nyakitin hati yg jual
jasmin58,X,gue liat ini ya udah lah ya,2024-12-23 15:44:03,netral,gue liat ya udah ya
najwadamanik,X,tergantung yg nonton juga sih,2024-12-23 15:42:59,netral,gantung yg nonton sih
farhunnisa47,X,masih netral aja sih gw liatnya,2024-12-23 15:26:56,netral,netral aja sih gw liat
vinohalim,X,ga sopan bgt ngomong gitu,2024-12-23 15:24:04,negatif,ga sopan bgt ngomong gitu
ega00,X,"ga lucu, malah nyakitin hati yg jualan",2024-12-23 15:44:07,negatif,ga lucu nyakitin hati yg jual
milamandasari,X,bisa2 jualan es teh jd insecure 😓,2024-12-23 15:43:11,negatif,jual es teh jd insecure
bkusmawati,X,gus miftah harus minta maaf sih ini,2024-12-23 15:01:40,negatif,gus miftah maaf sih
xhidayanto,X,ga tau mau bilang apa,2024-12-23 15:09:18,netral,ga tau bilang
yuliahutagalung,X,bisa2 jualan es teh jd insecure 😓,2024-12-23 15:09:48,negatif,jual es teh jd insecure
jindra43,X,"ga lucu, malah nyakitin hati yg jualan",2024-12-23 15:31:04,negatif,ga lucu nyakitin hati yg jual
bakiadianggraini,X,"bener juga sih, kadang netizen terlalu baper",2024-12-23 15:45:37,positif,bener sih kadang netizen baper
laksanapurnawati,X,"ceramahnya tetep dapet kok, relax aja guys",2024-12-23 15:55:59,positif,ceramah tetep dapet relax aja guys
maraswinarsih,X,masih netral aja sih gw liatnya,2024-12-23 15:38:36,netral,netral aja sih gw liat
jumariwaskita,X,gus miftah harus minta maaf sih ini,2024-12-23 15:08:19,negatif,gus miftah maaf sih
riyantibalamantri,X,ga tau mau bilang apa,2024-12-23 15:01:17,netral,ga tau bilang
jefri57,X,waduh ini sih udah kelewat batas,2024-12-23 15:12:41,negatif,sih udah lewat batas
fathonahhidayanto,X,gus miftah harus minta maaf sih ini,2024-12-23 15:06:49,negatif,gus miftah maaf sih
drahayu,X,hmm no comment deh,2024-12-23 15:14:30,netral,hmm no comment deh
prasetyoharimurti,X,gue liat ini ya udah lah ya,2024-12-23 15:01:30,netral,gue liat ya udah ya
epadmasari,X,"ga lucu, malah nyakitin hati yg jualan",2024-12-23 15:19:05,negatif,ga lucu nyakitin hati yg jual
rajatabalangga,X,jujurly lucu banget sih ini 😭,2024-12-23 15:03:51,positif,jujurly lucu banget sih
brahmawati,X,ni gus emg ada aja kelakuannya 😂,2024-12-23 15:33:04,positif,ni gus emg aja laku
padmasarimutia,X,ga sopan bgt ngomong gitu,2024-12-23 15:01:16,negatif,ga sopan bgt ngomong gitu
lailasarikarta,X,bisa2 jualan es teh jd insecure 😓,2024-12-23 15:51:36,negatif,jual es teh jd insecure
maryadi79,X,waduh ini sih udah kelewat batas,2024-12-23 15:09:52,negatif,sih udah lewat batas
mustikatamba,X,ceramah apaan malah ngehina,2024-12-23 15:24:41,negatif,ceramah ngehina
eluh80,X,bisa2 jualan es teh jd insecure 😓,2024-12-23 15:17:22,negatif,jual es teh jd insecure
hasanahvictoria,X,ga tau mau bilang apa,2024-12-23 15:19:24,netral,ga tau bilang
pranowokunthara,X,masih netral aja sih gw liatnya,2024-12-23 15:03:33,netral,netral aja sih gw liat
uputra,X,gue liat ini ya udah lah ya,2024-12-23 15:06:44,netral,gue liat ya udah ya
oni39,X,ga tau mau bilang apa,2024-12-23 15:58:58,netral,ga tau bilang
ltamba,X,ceramah apaan malah ngehina,2024-12-23 15:16:06,negatif,ceramah ngehina
fpalastri,X,"bener juga sih, kadang netizen terlalu baper",2024-12-23 15:58:20,positif,bener sih kadang netizen baper
salsabila33,X,jujurly lucu banget sih ini 😭,2024-12-23 15:49:37,positif,jujurly lucu banget sih
maryadirika,X,ga sopan bgt ngomong gitu,2024-12-23 15:42:17,negatif,ga sopan bgt ngomong gitu
emongsirait,X,gue liat ini ya udah lah ya,2024-12-23 15:22:59,netral,gue liat ya udah ya
gantarjailani,X,gw setuju sih ama omongannya gus,2024-12-23 15:18:54,positif,gw tuju sih ama omong gus
respatinarpati,X,tergantung yg nonton juga sih,2024-12-23 15:45:31,netral,gantung yg nonton sih
pertiwimitra,X,ga tau mau bilang apa,2024-12-23 15:50:11,netral,ga tau bilang
hildasihombing,X,biar agak keras tapi niatnya baik kok,2024-12-23 15:57:44,positif,biar keras niat
karna97,X,"ga lucu, malah nyakitin hati yg jualan",2024-12-23 15:40:59,negatif,ga lucu nyakitin hati yg jual
usadasabri,X,gus miftah harus minta maaf sih ini,2024-12-23 15:41:52,negatif,gus miftah maaf sih
galihprakasa,X,gw setuju sih ama omongannya gus,2024-12-23 15:11:51,positif,gw tuju sih ama omong gus
sabrinasaptono,X,bisa2 jualan es teh jd insecure 😓,2024-12-23 15:54:04,negatif,jual es teh jd insecure
vhardiansyah,X,"ceramahnya tetep dapet kok, relax aja guys",2024-12-23 15:14:36,positif,ceramah tetep dapet relax aja guys
janetbudiyanto,X,gus miftah harus minta maaf sih ini,2024-12-23 15:09:22,negatif,gus miftah maaf sih
aris85,X,"bener juga sih, kadang netizen terlalu baper",2024-12-23 15:33:04,positif,bener sih kadang netizen baper
zelayarahimah,X,gw setuju sih ama omongannya gus,2024-12-23 15:21:27,positif,gw tuju sih ama omong gus
napitupuluagnes,X,"ceramahnya tetep dapet kok, relax aja guys",2024-12-23 15:23:13,positif,ceramah tetep dapet relax aja guys
artantoutami,X,waduh ini sih udah kelewat batas,2024-12-23 15:21:43,negatif,sih udah lewat batas
sudiatireza,X,gus miftah harus minta maaf sih ini,2024-12-23 15:17:43,negatif,gus miftah maaf sih
hariyahyunita,X,tergantung yg nonton juga sih,2024-12-23 15:32:22,netral,gantung yg nonton sih
opanharyanti,X,waduh ini sih udah kelewat batas,2024-12-23 15:18:41,negatif,sih udah lewat batas
rajatayessi,X,gus miftah harus minta maaf sih ini,2024-12-23 15:44:28,negatif,gus miftah maaf sih
omarmanullang,X,jujurly lucu banget sih ini 😭,2024-12-23 15:44:33,positif,jujurly lucu banget sih
yessisaptono,X,ga tau mau bilang apa,2024-12-23 15:50:43,netral,ga tau bilang
onilazuardi,X,"ga lucu, malah nyakitin hati yg jualan",2024-12-23 15:07:10,negatif,ga lucu nyakitin hati yg jual
titiagustina,X,ga sopan bgt ngomong gitu,2024-12-23 15:50:42,negatif,ga sopan bgt ngomong gitu
darmanmahendra,X,biar agak keras tapi niatnya baik kok,2024-12-23 15:56:31,positif,biar keras niat
carub37,X,waduh ini sih udah kelewat batas,2024-12-23 15:23:37,negatif,sih udah lewat batas
ian90,X,gw setuju sih ama omongannya gus,2024-12-23 15:27:32,positif,gw tuju sih ama omong gus
ajimin42,X,waduh ini sih udah kelewat batas,2024-12-23 15:08:13,negatif,sih udah lewat batas
ozyrahimah,X,tergantung yg nonton juga sih,2024-12-23 15:16:09,netral,gantung yg nonton sih
wharyanto,X,masih netral aja sih gw liatnya,2024-12-23 15:53:56,netral,netral aja sih gw liat
riyantidadi,X,biasa aja sih,2024-12-23 15:15:19,netral,aja sih
nova34,X,ga sopan bgt ngomong gitu,2024-12-23 15:09:56,negatif,ga sopan bgt ngomong gitu
gamblanguyainah,X,hmm no comment deh,2024-12-23 15:27:44,netral,hmm no comment deh
wijayaokta,X,jujurly lucu banget sih ini 😭,2024-12-23 15:04:57,positif,jujurly lucu banget sih
siraitamalia,X,"ceramahnya tetep dapet kok, relax aja guys",2024-12-23 15:23:43,positif,ceramah tetep dapet relax aja guys
ayusudiati,X,ga sopan bgt ngomong gitu,2024-12-23 15:54:41,negatif,ga sopan bgt ngomong gitu
rahmawatikiandra,X,gue liat ini ya udah lah ya,2024-12-23 15:59:40,netral,gue liat ya udah ya
faizah52,X,"ga lucu, malah nyakitin hati yg jualan",2024-12-23 15:06:56,negatif,ga lucu nyakitin hati yg jual
jindralailasari,X,"ga lucu, malah nyakitin hati yg jualan",2024-12-23 15:50:22,negatif,ga lucu nyakitin hati yg jual
ardiantokamaria,X,ceramah apaan malah ngehina,2024-12-23 15:00:02,negatif,ceramah ngehina
lazuardishakila,X,"ceramahnya tetep dapet kok, relax aja guys",2024-12-23 15:16:26,positif,ceramah tetep dapet relax aja guys
emanpuspasari,X,masih netral aja sih gw liatnya,2024-12-23 15:53:57,netral,netral aja sih gw liat
purwantidamu,X,"ga lucu, malah nyakitin hati yg jualan",2024-12-23 15:37:08,negatif,ga lucu nyakitin hati yg jual
usadaellis,X,gw setuju sih ama omongannya gus,2024-12-23 15:02:51,positif,gw tuju sih ama omong gus
paulinwaskita,X,gus miftah harus minta maaf sih ini,2024-12-23 15:02:28,negatif,gus miftah maaf sih
budimanhendri,X,bisa2 jualan es teh jd insecure 😓,2024-12-23 15:23:22,negatif,jual es teh jd insecure
irsad72,X,"ga lucu, malah nyakitin hati yg jualan",2024-12-23 15:03:00,negatif,ga lucu nyakitin hati yg jual
malahastuti,X,biar agak keras tapi niatnya baik kok,2024-12-23 15:05:16,positif,biar keras niat
simbolonhartaka,X,"ga lucu, malah nyakitin hati yg jualan",2024-12-23 15:50:48,negatif,ga lucu nyakitin hati yg jual
maryadifirmansyah,X,gus miftah harus minta maaf sih ini,2024-12-23 15:11:48,negatif,gus miftah maaf sih
utamaelvin,X,ceramah apaan malah ngehina,2024-12-23 15:58:06,negatif,ceramah ngehina
cakrawala67,X,"ceramahnya tetep dapet kok, relax aja guys",2024-12-23 15:26:49,positif,ceramah tetep dapet relax aja guys
putrabakidin,X,jujurly lucu banget sih ini 😭,2024-12-23 15:01:17,positif,jujurly lucu banget sih
ayuyolanda,X,"ceramahnya tetep dapet kok, relax aja guys",2024-12-23 15:44:15,positif,ceramah tetep dapet relax aja guys
lailawulandari,X,biasa aja sih,2024-12-23 15:26:22,netral,aja sih
kusmawatikezia,X,gue liat ini ya udah lah ya,2024-12-23 15:06:33,netral,gue liat ya udah ya
setiawanfitriani,X,hmm no comment deh,2024-12-23 15:08:02,netral,hmm no comment deh
hartatirendy,X,ga sopan bgt ngomong gitu,2024-12-23 15:44:45,negatif,ga sopan bgt ngomong gitu
yhardiansyah,X,ni gus emg ada aja kelakuannya 😂,2024-12-23 15:06:00,positif,ni gus emg aja laku
ridwandabukke,X,"ceramahnya tetep dapet kok, relax aja guys",2024-12-23 15:00:40,positif,ceramah tetep dapet relax aja guys
andrianijaswadi,X,ga sopan bgt ngomong gitu,2024-12-23 15:19:44,negatif,ga sopan bgt ngomong gitu
pradiptakambali,X,biasa aja sih,2024-12-23 15:58:39,netral,aja sih
melanilatika,X,gw setuju sih ama omongannya gus,2024-12-23 15:35:32,positif,gw tuju sih ama omong gus
yono77,X,gus miftah harus minta maaf sih ini,2024-12-23 15:32:17,negatif,gus miftah maaf sih
nasrullah74,X,"ceramahnya tetep dapet kok, relax aja guys",2024-12-23 15:18:47,positif,ceramah tetep dapet relax aja guys
endra25,X,waduh ini sih udah kelewat batas,2024-12-23 15:07:57,negatif,sih udah lewat batas
baktiadiutami,X,ga tau mau bilang apa,2024-12-23 15:15:22,netral,ga tau bilang
hsaefullah,X,ga sopan bgt ngomong gitu,2024-12-23 15:35:59,negatif,ga sopan bgt ngomong gitu
iyuniar,X,ni gus emg ada aja kelakuannya 😂,2024-12-23 15:30:06,positif,ni gus emg aja laku
baktianto07,X,hmm no comment deh,2024-12-23 15:36:15,netral,hmm no comment deh
jabalusada,X,gus miftah harus minta maaf sih ini,2024-12-23 15:18:38,negatif,gus miftah maaf sih
owidiastuti,X,hmm no comment deh,2024-12-23 15:54:49,netral,hmm no comment deh
asman16,X,tergantung yg nonton juga sih,2024-12-23 15:10:35,netral,gantung yg nonton sih
siregarrafid,X,biar agak keras tapi niatnya baik kok,2024-12-23 15:04:14,positif,biar keras niat
hnapitupulu,X,hmm no comment deh,2024-12-23 15:10:59,netral,hmm no comment deh
sihombingwakiman,X,gus miftah harus minta maaf sih ini,2024-12-23 15:41:27,negatif,gus miftah maaf sih
gada11,X,ga sopan bgt ngomong gitu,2024-12-23 15:05:15,negatif,ga sopan bgt ngomong gitu
palastridipa,X,gus miftah harus minta maaf sih ini,2024-12-23 15:54:52,negatif,gus miftah maaf sih
nabila88,X,"ga lucu, malah nyakitin hati yg jualan",2024-12-23 15:54:32,negatif,ga lucu nyakitin hati yg jual
syahrinirajata,X,hmm no comment deh,2024-12-23 15:59:36,netral,hmm no comment deh
sakti25,X,"bener juga sih, kadang netizen terlalu baper",2024-12-23 15:32:02,positif,bener sih kadang netizen baper
januarrina,X,masih netral aja sih gw liatnya,2024-12-23 15:44:39,netral,netral aja sih gw liat
hasim24,X,masih netral aja sih gw liatnya,2024-12-23 15:20:19,netral,netral aja sih gw liat
ikanuraini,X,"bener juga sih, kadang netizen terlalu baper",2024-12-23 15:10:57,positif,bener sih kadang netizen baper
anggrainichandra,X,gus miftah harus minta maaf sih ini,2024-12-23 15:11:55,negatif,gus miftah maaf sih
anggriawansarah,X,gus miftah harus minta maaf sih ini,2024-12-23 15:27:37,negatif,gus miftah maaf sih
narji05,X,ni gus emg ada aja kelakuannya 😂,2024-12-23 15:19:09,positif,ni gus emg aja laku
sinagahana,X,gw setuju sih ama omongannya gus,2024-12-23 15:18:03,positif,gw tuju sih ama omong gus
budiyantofathonah,X,ga tau mau bilang apa,2024-12-23 15:58:10,netral,ga tau bilang
maryativirman,X,gus miftah harus minta maaf sih ini,2024-12-23 15:32:11,negatif,gus miftah maaf sih
nugraha28,X,"bener juga sih, kadang netizen terlalu baper",2024-12-23 15:57:49,positif,bener sih kadang netizen baper
dartononurdiyanti,X,ga tau mau bilang apa,2024-12-23 15:13:25,netral,ga tau bilang
janetlatupono,X,bisa2 jualan es teh jd insecure 😓,2024-12-23 15:57:06,negatif,jual es teh jd insecure
fitriani32,X,ga sopan bgt ngomong gitu,2024-12-23 15:57:27,negatif,ga sopan bgt ngomong gitu
endahlazuardi,X,biasa aja sih,2024-12-23 15:06:28,netral,aja sih
umar15,X,biasa aja sih,2024-12-23 15:19:09,netral,aja sih
nainggolanrangga,X,waduh ini sih udah kelewat batas,2024-12-23 15:06:58,negatif,sih udah lewat batas
osihotang,X,hmm no comment deh,2024-12-23 15:14:49,netral,hmm no comment deh
cyolanda,X,waduh ini sih udah kelewat batas,2024-12-23 15:01:32,negatif,sih udah lewat batas
nasyiahagnes,X,biasa aja sih,2024-12-23 15:24:34,netral,aja sih
hasim35,X,"ceramahnya tetep dapet kok, relax aja guys",2024-12-23 15:46:26,positif,ceramah tetep dapet relax aja guys
bbudiman,X,"ceramahnya tetep dapet kok, relax aja guys",2024-12-23 15:53:13,positif,ceramah tetep dapet relax aja guys
lwulandari,X,gue liat ini ya udah lah ya,2024-12-23 15:59:22,netral,gue liat ya udah ya
martanahalim,X,gue liat ini ya udah lah ya,2024-12-23 15:31:12,netral,gue liat ya udah ya
efujiati,X,tergantung yg nonton juga sih,2024-12-23 15:46:34,netral,gantung yg nonton sih
baktianto55,X,ceramah apaan malah ngehina,2024-12-23 15:21:05,negatif,ceramah ngehina
windaagustina,X,ni gus emg ada aja kelakuannya 😂,2024-12-23 15:42:14,positif,ni gus emg aja laku
cahyosantoso,X,ga tau mau bilang apa,2024-12-23 15:44:21,netral,ga tau bilang
elvinalailasari,X,biasa aja sih,2024-12-23 15:06:56,netral,aja sih
drajatprasetyo,X,"ga lucu, malah nyakitin hati yg jualan",2024-12-23 15:00:20,negatif,ga lucu nyakitin hati yg jual
vanya50,X,tergantung yg nonton juga sih,2024-12-23 15:22:29,netral,gantung yg nonton sih
estionolazuardi,X,bisa2 jualan es teh jd insecure 😓,2024-12-23 15:54:41,negatif,jual es teh jd insecure
dadi97,X,gus miftah harus minta maaf sih ini,2024-12-23 15:26:02,negatif,gus miftah maaf sih
hutagalungputi,X,bisa2 jualan es teh jd insecure 😓,2024-12-23 15:12:04,negatif,jual es teh jd insecure
ghaliyatisantoso,X,biar agak keras tapi niatnya baik kok,2024-12-23 15:35:57,positif,biar keras niat
almirawibisono,X,bisa2 jualan es teh jd insecure 😓,2024-12-23 15:48:34,negatif,jual es teh jd insecure
maheswaraega,X,masih netral aja sih gw liatnya,2024-12-23 15:06:51,netral,netral aja sih gw liat
manullangmutia,X,ceramah apaan malah ngehina,2024-12-23 15:48:05,negatif,ceramah ngehina
eminhandayani,X,ga tau mau bilang apa,2024-12-23 15:43:21,netral,ga tau bilang
idabukke,X,gue liat ini ya udah lah ya,2024-12-23 15:09:51,netral,gue liat ya udah ya
ynapitupulu,X,ga sopan bgt ngomong gitu,2024-12-23 15:04:04,negatif,ga sopan bgt ngomong gitu
tantri24,X,gus miftah harus minta maaf sih ini,2024-12-23 15:52:13,negatif,gus miftah maaf sih
csitompul,X,ceramah apaan malah ngehina,2024-12-23 15:23:06,negatif,ceramah ngehina
nasyidahdevi,X,ceramah apaan malah ngehina,2024-12-23 15:49:05,negatif,ceramah ngehina
zrahayu,X,gus miftah harus minta maaf sih ini,2024-12-23 15:26:03,negatif,gus miftah maaf sih
galursaputra,X,ga tau mau bilang apa,2024-12-23 15:31:09,netral,ga tau bilang
simon78,X,ga tau mau bilang apa,2024-12-23 15:33:47,netral,ga tau bilang
gamanmaryadi,X,gue liat ini ya udah lah ya,2024-12-23 15:06:36,netral,gue liat ya udah ya
drajatprakasa,X,"ga lucu, malah nyakitin hati yg jualan",2024-12-23 15:24:08,negatif,ga lucu nyakitin hati yg jual
safinabudiyanto,X,ni gus emg ada aja kelakuannya 😂,2024-12-23 15:42:19,positif,ni gus emg aja laku
natsirmarwata,X,ceramah apaan malah ngehina,2024-12-23 15:11:51,negatif,ceramah ngehina
jaeman68,X,biasa aja sih,2024-12-23 15:43:59,netral,aja sih
omelani,X,ceramah apaan malah ngehina,2024-12-23 15:18:59,negatif,ceramah ngehina
rizkihalimah,X,tergantung yg nonton juga sih,2024-12-23 15:20:06,netral,gantung yg nonton sih
amongmarpaung,X,ceramah apaan malah ngehina,2024-12-23 15:41:24,negatif,ceramah ngehina
luthfi69,X,"ceramahnya tetep dapet kok, relax aja guys",2024-12-23 15:18:17,positif,ceramah tetep dapet relax aja guys
limar08,X,"bener juga sih, kadang netizen terlalu baper",2024-12-23 15:44:34,positif,bener sih kadang netizen baper
mpalastri,X,ceramah apaan malah ngehina,2024-12-23 15:06:28,negatif,ceramah ngehina
hana52,X,masih netral aja sih gw liatnya,2024-12-23 15:33:25,netral,netral aja sih gw liat
candrakantaramadan,X,jujurly lucu banget sih ini 😭,2024-12-23 15:08:00,positif,jujurly lucu banget sih
lanang62,X,gw setuju sih ama omongannya gus,2024-12-23 15:43:41,positif,gw tuju sih ama omong gus
widyahakim,X,gus miftah harus minta maaf sih ini,2024-12-23 15:33:50,negatif,gus miftah maaf sih
ivanfirmansyah,X,ga tau mau bilang apa,2024-12-23 15:26:14,netral,ga tau bilang
pranawahakim,X,gue liat ini ya udah lah ya,2024-12-23 15:13:40,netral,gue liat ya udah ya
dariati23,X,ceramah apaan malah ngehina,2024-12-23 15:48:34,negatif,ceramah ngehina
padmi98,X,ceramah apaan malah ngehina,2024-12-23 15:19:39,negatif,ceramah ngehina
mangunsonglaswi,X,tergantung yg nonton juga sih,2024-12-23 15:36:48,netral,gantung yg nonton sih
sihotangkeisha,X,biasa aja sih,2024-12-23 15:24:00,netral,aja sih
wgunarto,X,ga tau mau bilang apa,2024-12-23 15:34:39,netral,ga tau bilang
iswahyudititin,X,masih netral aja sih gw liatnya,2024-12-23 15:07:18,netral,netral aja sih gw liat
cici44,X,biasa aja sih,2024-12-23 15:40:33,netral,aja sih
cindy37,X,bisa2 jualan es teh jd insecure 😓,2024-12-23 15:12:46,negatif,jual es teh jd insecure
garapangestu,X,"ga lucu, malah nyakitin hati yg jualan",2024-12-23 15:24:51,negatif,ga lucu nyakitin hati yg jual
nadinehassanah,X,jujurly lucu banget sih ini 😭,2024-12-23 15:02:23,positif,jujurly lucu banget sih
verajanuar,X,hmm no comment deh,2024-12-23 15:53:32,netral,hmm no comment deh
napitupulucahyo,X,hmm no comment deh,2024-12-23 15:10:31,netral,hmm no comment deh
fpermadi,X,bisa2 jualan es teh jd insecure 😓,2024-12-23 15:42:29,negatif,jual es teh jd insecure
leonuraini,X,"bener juga sih, kadang netizen terlalu baper",2024-12-23 15:45:58,positif,bener sih kadang netizen baper
hani56,X,tergantung yg nonton juga sih,2024-12-23 15:23:30,netral,gantung yg nonton sih
dardianto,X,gue liat ini ya udah lah ya,2024-12-23 15:07:38,netral,gue liat ya udah ya
laksmiwatiazalea,X,"ceramahnya tetep dapet kok, relax aja guys",2024-12-23 15:21:44,positif,ceramah tetep dapet relax aja guys
inajmudin,X,ni gus emg ada aja kelakuannya 😂,2024-12-23 15:06:33,positif,ni gus emg aja laku
mandalakanda,X,bisa2 jualan es teh jd insecure 😓,2024-12-23 15:06:12,negatif,jual es teh jd insecure
caturangga48,X,biasa aja sih,2024-12-23 15:23:43,netral,aja sih
ifahassanah,X,jujurly lucu banget sih ini 😭,2024-12-23 15:44:45,positif,jujurly lucu banget sih
snugroho,X,biasa aja sih,2024-12-23 15:09:33,netral,aja sih
almira16,X,masih netral aja sih gw liatnya,2024-12-23 15:24:05,netral,netral aja sih gw liat
ida09,X,"bener juga sih, kadang netizen terlalu baper",2024-12-23 15:04:40,positif,bener sih kadang netizen baper
hendra70,X,jujurly lucu banget sih ini 😭,2024-12-23 15:53:52,positif,jujurly lucu banget sih
zalindrapurnawati,X,waduh ini sih udah kelewat batas,2024-12-23 15:58:26,negatif,sih udah lewat batas
nardi92,X,"bener juga sih, kadang netizen terlalu baper",2024-12-23 15:31:43,positif,bener sih kadang netizen baper
nababanartanto,X,gue liat ini ya udah lah ya,2024-12-23 15:07:13,netral,gue liat ya udah ya
thamrinadika,X,"ceramahnya tetep dapet kok, relax aja guys",2024-12-23 15:31:25,positif,ceramah tetep dapet relax aja guys
irmakusumo,X,bisa2 jualan es teh jd insecure 😓,2024-12-23 15:33:31,negatif,jual es teh jd insecure
nyoman89,X,gus miftah harus minta maaf sih ini,2024-12-23 15:05:00,negatif,gus miftah maaf sih
megantaragalar,X,"ga lucu, malah nyakitin hati yg jualan",2024-12-23 15:12:44,negatif,ga lucu nyakitin hati yg jual
karimanwasita,X,gue liat ini ya udah lah ya,2024-12-23 15:11:54,netral,gue liat ya udah ya
oktauwais,X,gue liat ini ya udah lah ya,2024-12-23 15:01:22,netral,gue liat ya udah ya
jasmintampubolon,X,waduh ini sih udah kelewat batas,2024-12-23 15:56:33,negatif,sih udah lewat batas
pradiptazelda,X,ni gus emg ada aja kelakuannya 😂,2024-12-23 15:19:31,positif,ni gus emg aja laku
qfarida,X,gw setuju sih ama omongannya gus,2024-12-23 15:52:03,positif,gw tuju sih ama omong gus
claralestari,X,hmm no comment deh,2024-12-23 15:54:13,netral,hmm no comment deh
halima27,X,ni gus emg ada aja kelakuannya 😂,2024-12-23 15:53:52,positif,ni gus emg aja laku
vicky75,X,masih netral aja sih gw liatnya,2024-12-23 15:43:04,netral,netral aja sih gw liat
hakimilsa,X,"bener juga sih, kadang netizen terlalu baper",2024-12-23 15:02:05,positif,bener sih kadang netizen baper
baktiononababan,X,ni gus emg ada aja kelakuannya 😂,2024-12-23 15:44:05,positif,ni gus emg aja laku
hardanasihombing,X,gw setuju sih ama omongannya gus,2024-12-23 15:02:22,positif,gw tuju sih ama omong gus
hsitorus,X,"ceramahnya tetep dapet kok, relax aja guys",2024-12-23 15:48:54,positif,ceramah tetep dapet relax aja guys
egadabukke,X,jujurly lucu banget sih ini 😭,2024-12-23 15:34:08,positif,jujurly lucu banget sih
paimanzulaika,X,hmm no comment deh,2024-12-23 15:56:21,netral,hmm no comment deh
vega34,X,biasa aja sih,2024-12-23 15:20:45,netral,aja sih
hkusmawati,X,masih netral aja sih gw liatnya,2024-12-23 15:09:21,netral,netral aja sih gw liat
rachelsiregar,X,hmm no comment deh,2024-12-23 15:13:55,netral,hmm no comment deh
diahusada,X,hmm no comment deh,2024-12-23 15:16:20,netral,hmm no comment deh
prasetyalaswi,X,gus miftah harus minta maaf sih ini,2024-12-23 15:48:41,negatif,gus miftah maaf sih
balapatiirawan,X,tergantung yg nonton juga sih,2024-12-23 15:15:47,netral,gantung yg nonton sih
jatmikohidayat,X,hmm no comment deh,2024-12-23 15:42:44,netral,hmm no comment deh
lnapitupulu,X,gue liat ini ya udah lah ya,2024-12-23 15:02:00,netral,gue liat ya udah ya
silvialestari,X,waduh ini sih udah kelewat batas,2024-12-23 15:42:18,negatif,sih udah lewat batas
santosodamar,X,"ceramahnya tetep dapet kok, relax aja guys",2024-12-23 15:11:25,positif,ceramah tetep dapet relax aja guys
indraprasetyo,X,masih netral aja sih gw liatnya,2024-12-23 15:41:12,netral,netral aja sih gw liat
hastutihalim,X,"ceramahnya tetep dapet kok, relax aja guys",2024-12-23 15:26:16,positif,ceramah tetep dapet relax aja guys
gamanoktaviani,X,biasa aja sih,2024-12-23 15:30:42,netral,aja sih
manullangbalidin,X,"ga lucu, malah nyakitin hati yg jualan",2024-12-23 15:45:41,negatif,ga lucu nyakitin hati yg jual
oni64,X,jujurly lucu banget sih ini 😭,2024-12-23 15:01:57,positif,jujurly lucu banget sih
ramadangalih,X,ga sopan bgt ngomong gitu,2024-12-23 15:07:15,negatif,ga sopan bgt ngomong gitu
pratiwirina,X,ga tau mau bilang apa,2024-12-23 15:01:27,netral,ga tau bilang
thamrinpangestu,X,ceramah apaan malah ngehina,2024-12-23 15:21:22,negatif,ceramah ngehina
indahhastuti,X,gw setuju sih ama omongannya gus,2024-12-23 15:22:02,positif,gw tuju sih ama omong gus
citra39,X,bisa2 jualan es teh jd insecure 😓,2024-12-23 15:03:49,negatif,jual es teh jd insecure
salahudinibun,X,"ga lucu, malah nyakitin hati yg jualan",2024-12-23 15:52:55,negatif,ga lucu nyakitin hati yg jual
nbudiman,X,biasa aja sih,2024-12-23 15:07:30,netral,aja sih
hari81,X,masih netral aja sih gw liatnya,2024-12-23 15:39:31,netral,netral aja sih gw liat
cawisonohutasoit,X,biasa aja sih,2024-12-23 15:03:01,netral,aja sih
diahuwais,X,"bener juga sih, kadang netizen terlalu baper",2024-12-23 15:17:17,positif,bener sih kadang netizen baper
wage91,X,ga sopan bgt ngomong gitu,2024-12-23 15:27:08,negatif,ga sopan bgt ngomong gitu
zulaikacarub,X,gw setuju sih ama omongannya gus,2024-12-23 15:56:17,positif,gw tuju sih ama omong gus
setiawanwasis,X,jujurly lucu banget sih ini 😭,2024-12-23 15:34:02,positif,jujurly lucu banget sih
karma51,X,ceramah apaan malah ngehina,2024-12-23 15:06:20,negatif,ceramah ngehina
windaprayoga,X,gus miftah harus minta maaf sih ini,2024-12-23 15:54:16,negatif,gus miftah maaf sih
johan70,X,tergantung yg nonton juga sih,2024-12-23 15:58:37,netral,gantung yg nonton sih
darimin24,X,ga tau mau bilang apa,2024-12-23 15:37:31,netral,ga tau bilang
ganda21,X,ni gus emg ada aja kelakuannya 😂,2024-12-23 15:55:56,positif,ni gus emg aja laku
wacanajohan,X,biar agak keras tapi niatnya baik kok,2024-12-23 15:28:03,positif,biar keras niat
asaefullah,X,gue liat ini ya udah lah ya,2024-12-23 15:11:13,netral,gue liat ya udah ya
astutiajiono,X,tergantung yg nonton juga sih,2024-12-23 15:17:15,netral,gantung yg nonton sih
bakiadi44,X,"ceramahnya tetep dapet kok, relax aja guys",2024-12-23 15:16:17,positif,ceramah tetep dapet relax aja guys
hassanahwaluyo,X,gue liat ini ya udah lah ya,2024-12-23 15:35:17,netral,gue liat ya udah ya
wawanhastuti,X,masih netral aja sih gw liatnya,2024-12-23 15:34:02,netral,netral aja sih gw liat
xnainggolan,X,"bener juga sih, kadang netizen terlalu baper",2024-12-23 15:06:48,positif,bener sih kadang netizen baper
nasrullahanggriawan,X,ga sopan bgt ngomong gitu,2024-12-23 15:00:49,negatif,ga sopan bgt ngomong gitu
dongorankasiran,X,gw setuju sih ama omongannya gus,2024-12-23 15:45:31,positif,gw tuju sih ama omong gus
adiarja70,X,"ceramahnya tetep dapet kok, relax aja guys",2024-12-23 15:12:59,positif,ceramah tetep dapet relax aja guys
rahmawaticinthia,X,gw setuju sih ama omongannya gus,2024-12-23 15:45:34,positif,gw tuju sih ama omong gus
mayasariwinda,X,jujurly lucu banget sih ini 😭,2024-12-23 15:20:10,positif,jujurly lucu banget sih
usuryono,X,tergantung yg nonton juga sih,2024-12-23 15:58:52,netral,gantung yg nonton sih
iwasita,X,ceramah apaan malah ngehina,2024-12-23 15:10:20,negatif,ceramah ngehina
adriansyahjayeng,X,ga sopan bgt ngomong gitu,2024-12-23 15:32:43,negatif,ga sopan bgt ngomong gitu
wwidiastuti,X,hmm no comment deh,2024-12-23 15:37:37,netral,hmm no comment deh
ramadanaurora,X,ga sopan bgt ngomong gitu,2024-12-23 15:19:28,negatif,ga sopan bgt ngomong gitu
setya90,X,biar agak keras tapi niatnya baik kok,2024-12-23 15:53:30,positif,biar keras niat
karsana45,X,tergantung yg nonton juga sih,2024-12-23 15:03:29,netral,gantung yg nonton sih
apudjiastuti,X,ceramah apaan malah ngehina,2024-12-23 15:51:11,negatif,ceramah ngehina
ardiantotasdik,X,ga sopan bgt ngomong gitu,2024-12-23 15:19:12,negatif,ga sopan bgt ngomong gitu
ypradipta,X,biar agak keras tapi niatnya baik kok,2024-12-23 15:02:58,positif,biar keras niat
prayoga72,X,masih netral aja sih gw liatnya,2024-12-23 15:15:48,netral,netral aja sih gw liat
hardiansyahfitriani,X,biasa aja sih,2024-12-23 15:19:18,netral,aja sih
clara40,X,ni gus emg ada aja kelakuannya 😂,2024-12-23 15:29:33,positif,ni gus emg aja laku
xhassanah,X,"bener juga sih, kadang netizen terlalu baper",2024-12-23 15:56:46,positif,bener sih kadang netizen baper
prastutisalwa,X,ni gus emg ada aja kelakuannya 😂,2024-12-23 15:01:09,positif,ni gus emg aja laku
caturmegantara,X,jujurly lucu banget sih ini 😭,2024-12-23 15:32:22,positif,jujurly lucu banget sih
smangunsong,X,ceramah apaan malah ngehina,2024-12-23 15:49:29,negatif,ceramah ngehina
mutiarahmawati,X,waduh ini sih udah kelewat batas,2024-12-23 15:00:11,negatif,sih udah lewat batas
nashiruddinemas,X,gue liat ini ya udah lah ya,2024-12-23 15:39:02,netral,gue liat ya udah ya
ganjaran98,X,gw setuju sih ama omongannya gus,2024-12-23 15:00:42,positif,gw tuju sih ama omong gus
sitorusikin,X,biar agak keras tapi niatnya baik kok,2024-12-23 15:58:40,positif,biar keras niat
dacinuyainah,X,ceramah apaan malah ngehina,2024-12-23 15:30:32,negatif,ceramah ngehina
labuh65,X,ni gus emg ada aja kelakuannya 😂,2024-12-23 15:45:22,positif,ni gus emg aja laku
mandasariwarsa,X,gue liat ini ya udah lah ya,2024-12-23 15:46:04,netral,gue liat ya udah ya
yputra,X,gue liat ini ya udah lah ya,2024-12-23 15:40:43,netral,gue liat ya udah ya
syahrini82,X,waduh ini sih udah kelewat batas,2024-12-23 15:21:14,negatif,sih udah lewat batas
nabilaprastuti,X,jujurly lucu banget sih ini 😭,2024-12-23 15:19:51,positif,jujurly lucu banget sih
xwaskita,X,jujurly lucu banget sih ini 😭,2024-12-23 15:19:53,positif,jujurly lucu banget sih
tarihoranulya,X,hmm no comment deh,2024-12-23 15:32:05,netral,hmm no comment deh
nmelani,X,gw setuju sih ama omongannya gus,2024-12-23 15:04:07,positif,gw tuju sih ama omong gus
dacin85,X,hmm no comment deh,2024-12-23 15:58:46,netral,hmm no comment deh
saragihcaket,X,bisa2 jualan es teh jd insecure 😓,2024-12-23 15:53:37,negatif,jual es teh jd insecure
ade90,X,tergantung yg nonton juga sih,2024-12-23 15:56:20,netral,gantung yg nonton sih
indahhandayani,X,biasa aja sih,2024-12-23 15:25:49,netral,aja sih
whutapea,X,gw setuju sih ama omongannya gus,2024-12-23 15:33:27,positif,gw tuju sih ama omong gus
taufikusamah,X,jujurly lucu banget sih ini 😭,2024-12-23 15:51:07,positif,jujurly lucu banget sih
limar22,X,tergantung yg nonton juga sih,2024-12-23 15:22:38,netral,gantung yg nonton sih
dadapsitumorang,X,biasa aja sih,2024-12-23 15:22:11,netral,aja sih
puspitapaiman,X,gus miftah harus minta maaf sih ini,2024-12-23 15:12:49,negatif,gus miftah maaf sih
lanjar56,X,biar agak keras tapi niatnya baik kok,2024-12-23 15:07:51,positif,biar keras niat
esimbolon,X,gw setuju sih ama omongannya gus,2024-12-23 15:56:16,positif,gw tuju sih ama omong gus
galang91,X,gue liat ini ya udah lah ya,2024-12-23 15:20:54,netral,gue liat ya udah ya
vinotarihoran,X,jujurly lucu banget sih ini 😭,2024-12-23 15:26:59,positif,jujurly lucu banget sih
pangestubajragin,X,"bener juga sih, kadang netizen terlalu baper",2024-12-23 15:31:09,positif,bener sih kadang netizen baper
among24,X,masih netral aja sih gw liatnya,2024-12-23 15:32:17,netral,netral aja sih gw liat
daniswaraaryani,X,ni gus emg ada aja kelakuannya 😂,2024-12-23 15:35:49,positif,ni gus emg aja laku
setiawandasa,X,ni gus emg ada aja kelakuannya 😂,2024-12-23 15:15:36,positif,ni gus emg aja laku
iuyainah,X,ga sopan bgt ngomong gitu,2024-12-23 15:07:25,negatif,ga sopan bgt ngomong gitu
kzulkarnain,X,"ceramahnya tetep dapet kok, relax aja guys",2024-12-23 15:01:51,positif,ceramah tetep dapet relax aja guys
harjapranowo,X,jujurly lucu banget sih ini 😭,2024-12-23 15:24:31,positif,jujurly lucu banget sih
winarnoibrahim,X,ga tau mau bilang apa,2024-12-23 15:28:17,netral,ga tau bilang
nasyiahdarmanto,X,"bener juga sih, kadang netizen terlalu baper",2024-12-23 15:23:24,positif,bener sih kadang netizen baper
balijan68,X,hmm no comment deh,2024-12-23 15:41:13,netral,hmm no comment deh
tampubolonjabal,X,biar agak keras tapi niatnya baik kok,2024-12-23 15:53:25,positif,biar keras niat
chandra80,X,ceramah apaan malah ngehina,2024-12-23 15:25:14,negatif,ceramah ngehina
rahimaheja,X,gw setuju sih ama omongannya gus,2024-12-23 15:54:00,positif,gw tuju sih ama omong gus
phidayat,X,"bener juga sih, kadang netizen terlalu baper",2024-12-23 15:12:12,positif,bener sih kadang netizen baper
budimandadi,X,ga sopan bgt ngomong gitu,2024-12-23 15:55:09,negatif,ga sopan bgt ngomong gitu
dpuspita,X,gus miftah harus minta maaf sih ini,2024-12-23 15:03:53,negatif,gus miftah maaf sih
humaira82,X,biar agak keras tapi niatnya baik kok,2024-12-23 15:42:20,positif,biar keras niat
kani53,X,masih netral aja sih gw liatnya,2024-12-23 15:45:54,netral,netral aja sih gw liat
marsitoprabowo,X,biar agak keras tapi niatnya baik kok,2024-12-23 15:47:46,positif,biar keras niat
nainggolankezia,X,jujurly lucu banget sih ini 😭,2024-12-23 15:32:33,positif,jujurly lucu banget sih
harsaya95,X,biasa aja sih,2024-12-23 15:10:43,netral,aja sih
almirahastuti,X,ga tau mau bilang apa,2024-12-23 15:45:43,netral,ga tau bilang
garanwidiastuti,X,"ceramahnya tetep dapet kok, relax aja guys",2024-12-23 15:51:49,positif,ceramah tetep dapet relax aja guys
opungprabowo,X,tergantung yg nonton juga sih,2024-12-23 15:24:59,netral,gantung yg nonton sih
nrimasaputra,X,waduh ini sih udah kelewat batas,2024-12-23 15:57:49,negatif,sih udah lewat batas
widodoella,X,"ceramahnya tetep dapet kok, relax aja guys",2024-12-23 15:51:33,positif,ceramah tetep dapet relax aja guys
ewasita,X,gw setuju sih ama omongannya gus,2024-12-23 15:33:22,positif,gw tuju sih ama omong gus
slestari,X,ni gus emg ada aja kelakuannya 😂,2024-12-23 15:33:30,positif,ni gus emg aja laku
egapermata,X,ceramah apaan malah ngehina,2024-12-23 15:13:17,negatif,ceramah ngehina
gadakuswandari,X,ni gus emg ada aja kelakuannya 😂,2024-12-23 15:14:53,positif,ni gus emg aja laku
jagapati83,X,gus miftah harus minta maaf sih ini,2024-12-23 15:27:54,negatif,gus miftah maaf sih
usmansihombing,X,bisa2 jualan es teh jd insecure 😓,2024-12-23 15:48:59,negatif,jual es teh jd insecure
yessiwaluyo,X,hmm no comment deh,2024-12-23 15:58:15,netral,hmm no comment deh
ajiminhasanah,X,masih netral aja sih gw liatnya,2024-12-23 15:33:34,netral,netral aja sih gw liat
ulvazulaika,X,biasa aja sih,2024-12-23 15:29:06,netral,aja sih
waluyogatot,X,ceramah apaan malah ngehina,2024-12-23 15:51:37,negatif,ceramah ngehina
taufan99,X,bisa2 jualan es teh jd insecure 😓,2024-12-23 15:57:41,negatif,jual es teh jd insecure
saefullahkasiran,X,biar agak keras tapi niatnya baik kok,2024-12-23 15:46:56,positif,biar keras niat
zulkarnainibrahim,X,gus miftah harus minta maaf sih ini,2024-12-23 15:11:04,negatif,gus miftah maaf sih
nasyiahperkasa,X,ga sopan bgt ngomong gitu,2024-12-23 15:06:50,negatif,ga sopan bgt ngomong gitu
rahmawatiwardi,X,biasa aja sih,2024-12-23 15:46:26,netral,aja sih
kurniawanlukita,X,gue liat ini ya udah lah ya,2024-12-23 15:20:14,netral,gue liat ya udah ya
vrajata,X,hmm no comment deh,2024-12-23 15:08:49,netral,hmm no comment deh
baktionopranowo,X,hmm no comment deh,2024-12-23 15:51:22,netral,hmm no comment deh
puspa80,X,ga tau mau bilang apa,2024-12-23 15:25:55,netral,ga tau bilang
vsitompul,X,biasa aja sih,2024-12-23 15:03:50,netral,aja sih
agus74,X,tergantung yg nonton juga sih,2024-12-23 15:29:12,netral,gantung yg nonton sih
leo85,X,jujurly lucu banget sih ini 😭,2024-12-23 15:06:43,positif,jujurly lucu banget sih
calistasihombing,X,ceramah apaan malah ngehina,2024-12-23 15:15:48,negatif,ceramah ngehina
siti74,X,"bener juga sih, kadang netizen terlalu baper",2024-12-23 15:23:33,positif,bener sih kadang netizen baper
permataridwan,X,"ceramahnya tetep dapet kok, relax aja guys",2024-12-23 15:04:59,positif,ceramah tetep dapet relax aja guys
paimanusamah,X,biar agak keras tapi niatnya baik kok,2024-12-23 15:00:20,positif,biar keras niat
yunita17,X,jujurly lucu banget sih ini 😭,2024-12-23 15:19:26,positif,jujurly lucu banget sih
uchita69,X,ga tau mau bilang apa,2024-12-23 15:22:47,netral,ga tau bilang
nababansalwa,X,biar agak keras tapi niatnya baik kok,2024-12-23 15:27:39,positif,biar keras niat
rizkipermata,X,"bener juga sih, kadang netizen terlalu baper",2024-12-23 15:00:53,positif,bener sih kadang netizen baper
usadabalidin,X,ni gus emg ada aja kelakuannya 😂,2024-12-23 15:36:22,positif,ni gus emg aja laku
pratamabakti,X,gus miftah harus minta maaf sih ini,2024-12-23 15:22:50,negatif,gus miftah maaf sih
sudiatidacin,X,gue liat ini ya udah lah ya,2024-12-23 15:16:24,netral,gue liat ya udah ya
syahrinilailasari,X,"ceramahnya tetep dapet kok, relax aja guys",2024-12-23 15:16:35,positif,ceramah tetep dapet relax aja guys
gunartozaenab,X,"ceramahnya tetep dapet kok, relax aja guys",2024-12-23 15:41:51,positif,ceramah tetep dapet relax aja guys
wijayantieli,X,biar agak keras tapi niatnya baik kok,2024-12-23 15:48:46,positif,biar keras niat
purwa06,X,bisa2 jualan es teh jd insecure 😓,2024-12-23 15:16:47,negatif,jual es teh jd insecure
prastutiyessi,X,"ga lucu, malah nyakitin hati yg jualan",2024-12-23 15:07:48,negatif,ga lucu nyakitin hati yg jual
maimunah08,X,jujurly lucu banget sih ini 😭,2024-12-23 15:45:03,positif,jujurly lucu banget sih
dariminwibisono,X,"ceramahnya tetep dapet kok, relax aja guys",2024-12-23 15:07:22,positif,ceramah tetep dapet relax aja guys
kenzielaksita,X,"ga lucu, malah nyakitin hati yg jualan",2024-12-23 15:03:49,negatif,ga lucu nyakitin hati yg jual
samsul22,X,ga tau mau bilang apa,2024-12-23 15:50:09,netral,ga tau bilang
jailaniopan,X,gue liat ini ya udah lah ya,2024-12-23 15:02:10,netral,gue liat ya udah ya
soleh02,X,hmm no comment deh,2024-12-23 15:41:39,netral,hmm no comment deh
cengkirsalahudin,X,"bener juga sih, kadang netizen terlalu baper",2024-12-23 15:29:21,positif,bener sih kadang netizen baper
hpadmasari,X,ni gus emg ada aja kelakuannya 😂,2024-12-23 15:53:11,positif,ni gus emg aja laku
genta88,X,ga sopan bgt ngomong gitu,2024-12-23 15:08:59,negatif,ga sopan bgt ngomong gitu
daru98,X,gus miftah harus minta maaf sih ini,2024-12-23 15:04:35,negatif,gus miftah maaf sih
qsirait,X,masih netral aja sih gw liatnya,2024-12-23 15:30:56,netral,netral aja sih gw liat
atmajamegantara,X,waduh ini sih udah kelewat batas,2024-12-23 15:29:07,negatif,sih udah lewat batas
bajraginiswahyudi,X,ga tau mau bilang apa,2024-12-23 15:06:18,netral,ga tau bilang
salmanpuspasari,X,bisa2 jualan es teh jd insecure 😓,2024-12-23 15:45:23,negatif,jual es teh jd insecure
kamaria09,X,ga sopan bgt ngomong gitu,2024-12-23 15:54:58,negatif,ga sopan bgt ngomong gitu
prasetyo19,X,"ceramahnya tetep dapet kok, relax aja guys",2024-12-23 15:57:07,positif,ceramah tetep dapet relax aja guys
purnawatixanana,X,"bener juga sih, kadang netizen terlalu baper",2024-12-23 15:00:28,positif,bener sih kadang netizen baper
ramadangawati,X,waduh ini sih udah kelewat batas,2024-12-23 15:29:29,negatif,sih udah lewat batas
nugrahasuryono,X,biasa aja sih,2024-12-23 15:46:15,netral,aja sih
cahyadi00,X,gus miftah harus minta maaf sih ini,2024-12-23 15:08:26,negatif,gus miftah maaf sih
unuraini,X,ga sopan bgt ngomong gitu,2024-12-23 15:47:26,negatif,ga sopan bgt ngomong gitu
lwahyuni,X,"ceramahnya tetep dapet kok, relax aja guys",2024-12-23 15:07:53,positif,ceramah tetep dapet relax aja guys
zgunarto,X,"ceramahnya tetep dapet kok, relax aja guys",2024-12-23 15:50:48,positif,ceramah tetep dapet relax aja guys
damar76,X,waduh ini sih udah kelewat batas,2024-12-23 15:55:22,negatif,sih udah lewat batas
ghaliyatiuwais,X,bisa2 jualan es teh jd insecure 😓,2024-12-23 15:38:07,negatif,jual es teh jd insecure
mulyanigabriella,X,tergantung yg nonton juga sih,2024-12-23 15:28:00,netral,gantung yg nonton sih
vmelani,X,ni gus emg ada aja kelakuannya 😂,2024-12-23 15:29:36,positif,ni gus emg aja laku
isaptono,X,ceramah apaan malah ngehina,2024-12-23 15:02:31,negatif,ceramah ngehina
warsita88,X,"bener juga sih, kadang netizen terlalu baper",2024-12-23 15:02:18,positif,bener sih kadang netizen baper
palastrisidiq,X,"ga lucu, malah nyakitin hati yg jualan",2024-12-23 15:32:23,negatif,ga lucu nyakitin hati yg jual
opudjiastuti,X,gw setuju sih ama omongannya gus,2024-12-23 15:49:57,positif,gw tuju sih ama omong gus
haryantidiah,X,hmm no comment deh,2024-12-23 15:00:11,netral,hmm no comment deh
ameliarajata,X,hmm no comment deh,2024-12-23 15:43:08,netral,hmm no comment deh
ikin07,X,ga tau mau bilang apa,2024-12-23 15:30:30,netral,ga tau bilang
putu37,X,hmm no comment deh,2024-12-23 15:23:09,netral,hmm no comment deh
manullangwarta,X,gus miftah harus minta maaf sih ini,2024-12-23 15:53:03,negatif,gus miftah maaf sih
bnamaga,X,ceramah apaan malah ngehina,2024-12-23 15:34:25,negatif,ceramah ngehina
latuponobakti,X,hmm no comment deh,2024-12-23 15:59:28,netral,hmm no comment deh
qmayasari,X,ga sopan bgt ngomong gitu,2024-12-23 15:03:43,negatif,ga sopan bgt ngomong gitu
malik50,X,bisa2 jualan es teh jd insecure 😓,2024-12-23 15:55:51,negatif,jual es teh jd insecure
haryantiwage,X,ceramah apaan malah ngehina,2024-12-23 15:06:36,negatif,ceramah ngehina
suryatmidarimin,X,tergantung yg nonton juga sih,2024-12-23 15:09:34,netral,gantung yg nonton sih
putraadiarja,X,gus miftah harus minta maaf sih ini,2024-12-23 15:29:38,negatif,gus miftah maaf sih
praboworaisa,X,jujurly lucu banget sih ini 😭,2024-12-23 15:00:32,positif,jujurly lucu banget sih
nababanraharja,X,biar agak keras tapi niatnya baik kok,2024-12-23 15:51:51,positif,biar keras niat
cager52,X,biasa aja sih,2024-12-23 15:58:01,netral,aja sih
cengkalthamrin,X,masih netral aja sih gw liatnya,2024-12-23 15:33:02,netral,netral aja sih gw liat
inababan,X,gue liat ini ya udah lah ya,2024-12-23 15:33:47,netral,gue liat ya udah ya
saptonoopung,X,gw setuju sih ama omongannya gus,2024-12-23 15:36:16,positif,gw tuju sih ama omong gus
vegakurniawan,X,biasa aja sih,2024-12-23 15:33:59,netral,aja sih
harjaya24,X,masih netral aja sih gw liatnya,2024-12-23 15:55:17,netral,netral aja sih gw liat
olivanamaga,X,gus miftah harus minta maaf sih ini,2024-12-23 15:35:24,negatif,gus miftah maaf sih
laksitazulaikha,X,"ga lucu, malah nyakitin hati yg jualan",2024-12-23 15:07:41,negatif,ga lucu nyakitin hati yg jual
gadahakim,X,"bener juga sih, kadang netizen terlalu baper",2024-12-23 15:46:06,positif,bener sih kadang netizen baper
galuhmaryati,X,ni gus emg ada aja kelakuannya 😂,2024-12-23 15:06:54,positif,ni gus emg aja laku
dsitumorang,X,ceramah apaan malah ngehina,2024-12-23 15:05:12,negatif,ceramah ngehina
luwar97,X,"ceramahnya tetep dapet kok, relax aja guys",2024-12-23 15:59:23,positif,ceramah tetep dapet relax aja guys
cornelia66,X,ga tau mau bilang apa,2024-12-23 15:37:29,netral,ga tau bilang
tirta21,X,gus miftah harus minta maaf sih ini,2024-12-23 15:24:14,negatif,gus miftah maaf sih
siraitkania,X,gw setuju sih ama omongannya gus,2024-12-23 15:53:54,positif,gw tuju sih ama omong gus
humairanamaga,X,gus miftah harus minta maaf sih ini,2024-12-23 15:46:49,negatif,gus miftah maaf sih
gatra87,X,waduh ini sih udah kelewat batas,2024-12-23 15:44:05,negatif,sih udah lewat batas
radika24,X,ga tau mau bilang apa,2024-12-23 15:39:07,netral,ga tau bilang
ikabudiyanto,X,gue liat ini ya udah lah ya,2024-12-23 15:56:26,netral,gue liat ya udah ya
bambang62,X,gue liat ini ya udah lah ya,2024-12-23 15:14:17,netral,gue liat ya udah ya
drajat56,X,ga sopan bgt ngomong gitu,2024-12-23 15:25:17,negatif,ga sopan bgt ngomong gitu
samosirsabar,X,"ceramahnya tetep dapet kok, relax aja guys",2024-12-23 15:36:44,positif,ceramah tetep dapet relax aja guys
kurniawanakarsana,X,biar agak keras tapi niatnya baik kok,2024-12-23 15:32:19,positif,biar keras niat
aurorapradipta,X,gus miftah harus minta maaf sih ini,2024-12-23 15:14:12,negatif,gus miftah maaf sih
prayogohutasoit,X,ceramah apaan malah ngehina,2024-12-23 15:38:58,negatif,ceramah ngehina
mardhiyahdevi,X,gus miftah harus minta maaf sih ini,2024-12-23 15:13:20,negatif,gus miftah maaf sih
laksitanrima,X,ga tau mau bilang apa,2024-12-23 15:02:02,netral,ga tau bilang
winarnoyusuf,X,biasa aja sih,2024-12-23 15:10:56,netral,aja sih
asirwadanasyidah,X,gus miftah harus minta maaf sih ini,2024-12-23 15:21:55,negatif,gus miftah maaf sih
uardianto,X,"ceramahnya tetep dapet kok, relax aja guys",2024-12-23 15:48:48,positif,ceramah tetep dapet relax aja guys
mahmud59,X,"ceramahnya tetep dapet kok, relax aja guys",2024-12-23 15:55:18,positif,ceramah tetep dapet relax aja guys
elisa56,X,gw setuju sih ama omongannya gus,2024-12-23 15:56:38,positif,gw tuju sih ama omong gus
dacin76,X,gw setuju sih ama omongannya gus,2024-12-23 15:17:03,positif,gw tuju sih ama omong gus
citra79,X,ga sopan bgt ngomong gitu,2024-12-23 15:35:09,negatif,ga sopan bgt ngomong gitu
zwahyudin,X,masih netral aja sih gw liatnya,2024-12-23 15:23:15,netral,netral aja sih gw liat
atma84,X,gus miftah harus minta maaf sih ini,2024-12-23 15:13:04,negatif,gus miftah maaf sih
ymustofa,X,bisa2 jualan es teh jd insecure 😓,2024-12-23 15:46:25,negatif,jual es teh jd insecure
maria93,X,"ceramahnya tetep dapet kok, relax aja guys",2024-12-23 15:01:40,positif,ceramah tetep dapet relax aja guys
rahmat92,X,ceramah apaan malah ngehina,2024-12-23 15:45:22,negatif,ceramah ngehina
psimbolon,X,bisa2 jualan es teh jd insecure 😓,2024-12-23 15:17:07,negatif,jual es teh jd insecure
kenzie77,X,bisa2 jualan es teh jd insecure 😓,2024-12-23 15:27:08,negatif,jual es teh jd insecure
utamizamira,X,"bener juga sih, kadang netizen terlalu baper",2024-12-23 15:13:58,positif,bener sih kadang netizen baper
xsihombing,X,ga sopan bgt ngomong gitu,2024-12-23 15:57:46,negatif,ga sopan bgt ngomong gitu
kasimhutapea,X,gus miftah harus minta maaf sih ini,2024-12-23 15:29:06,negatif,gus miftah maaf sih
dpuspasari,X,"ceramahnya tetep dapet kok, relax aja guys",2024-12-23 15:49:44,positif,ceramah tetep dapet relax aja guys
gara33,X,jujurly lucu banget sih ini 😭,2024-12-23 15:56:52,positif,jujurly lucu banget sih
agus09,X,ga sopan bgt ngomong gitu,2024-12-23 15:03:19,negatif,ga sopan bgt ngomong gitu
maidaaryani,X,ceramah apaan malah ngehina,2024-12-23 15:14:59,negatif,ceramah ngehina
oyuniar,X,waduh ini sih udah kelewat batas,2024-12-23 15:02:13,negatif,sih udah lewat batas
drajatpradana,X,ga sopan bgt ngomong gitu,2024-12-23 15:04:27,negatif,ga sopan bgt ngomong gitu
ajimatmaulana,X,gus miftah harus minta maaf sih ini,2024-12-23 15:02:01,negatif,gus miftah maaf sih
uda14,X,bisa2 jualan es teh jd insecure 😓,2024-12-23 15:48:49,negatif,jual es teh jd insecure
hastawahyuni,X,"bener juga sih, kadang netizen terlalu baper",2024-12-23 15:29:25,positif,bener sih kadang netizen baper
wahyulaksita,X,masih netral aja sih gw liatnya,2024-12-23 15:07:06,netral,netral aja sih gw liat
mulyanicawisono,X,gw setuju sih ama omongannya gus,2024-12-23 15:55:45,positif,gw tuju sih ama omong gus
wulan31,X,ni gus emg ada aja kelakuannya 😂,2024-12-23 15:47:20,positif,ni gus emg aja laku
rosman09,X,ga tau mau bilang apa,2024-12-23 15:50:01,netral,ga tau bilang
gamantosuryatmi,X,jujurly lucu banget sih ini 😭,2024-12-23 15:34:43,positif,jujurly lucu banget sih
najib04,X,hmm no comment deh,2024-12-23 15:40:37,netral,hmm no comment deh
vanyadabukke,X,waduh ini sih udah kelewat batas,2024-12-23 15:04:41,negatif,sih udah lewat batas
opung00,X,biar agak keras tapi niatnya baik kok,2024-12-23 15:49:40,positif,biar keras niat
ksuartini,X,masih netral aja sih gw liatnya,2024-12-23 15:39:44,netral,netral aja sih gw liat
afujiati,X,"bener juga sih, kadang netizen terlalu baper",2024-12-23 15:14:57,positif,bener sih kadang netizen baper
jpudjiastuti,X,bisa2 jualan es teh jd insecure 😓,2024-12-23 15:23:39,negatif,jual es teh jd insecure
anikusmawati,X,"ga lucu, malah nyakitin hati yg jualan",2024-12-23 15:50:37,negatif,ga lucu nyakitin hati yg jual
omar91,X,"ga lucu, malah nyakitin hati yg jualan",2024-12-23 15:14:52,negatif,ga lucu nyakitin hati yg jual
karenyuliarti,X,bisa2 jualan es teh jd insecure 😓,2024-12-23 15:31:08,negatif,jual es teh jd insecure
bakiman05,X,masih netral aja sih gw liatnya,2024-12-23 15:13:38,netral,netral aja sih gw liat
rardianto,X,jujurly lucu banget sih ini 😭,2024-12-23 15:30:23,positif,jujurly lucu banget sih
prabowojati,X,ni gus emg ada aja kelakuannya 😂,2024-12-23 15:17:17,positif,ni gus emg aja laku
salwa08,X,gue liat ini ya udah lah ya,2024-12-23 15:07:33,netral,gue liat ya udah ya
astutiprakosa,X,gw setuju sih ama omongannya gus,2024-12-23 15:44:01,positif,gw tuju sih ama omong gus
raisawahyudin,X,ceramah apaan malah ngehina,2024-12-23 15:09:40,negatif,ceramah ngehina
sinagamelinda,X,"bener juga sih, kadang netizen terlalu baper",2024-12-23 15:21:30,positif,bener sih kadang netizen baper
olivasitorus,X,bisa2 jualan es teh jd insecure 😓,2024-12-23 15:51:22,negatif,jual es teh jd insecure
ajengprasetya,X,gus miftah harus minta maaf sih ini,2024-12-23 15:44:10,negatif,gus miftah maaf sih
sitorusratih,X,"ga lucu, malah nyakitin hati yg jualan",2024-12-23 15:38:08,negatif,ga lucu nyakitin hati yg jual
puputanggraini,X,"bener juga sih, kadang netizen terlalu baper",2024-12-23 15:40:13,positif,bener sih kadang netizen baper
prasetyo64,X,"ga lucu, malah nyakitin hati yg jualan",2024-12-23 15:23:11,negatif,ga lucu nyakitin hati yg jual
artanto47,X,ceramah apaan malah ngehina,2024-12-23 15:06:59,negatif,ceramah ngehina
wpudjiastuti,X,biasa aja sih,2024-12-23 15:23:50,netral,aja sih
endahwaskita,X,ceramah apaan malah ngehina,2024-12-23 15:42:52,negatif,ceramah ngehina
prabu32,X,hmm no comment deh,2024-12-23 15:15:02,netral,hmm no comment deh
faizahoktaviani,X,"ga lucu, malah nyakitin hati yg jualan",2024-12-23 15:40:18,negatif,ga lucu nyakitin hati yg jual
suryonoayu,X,ceramah apaan malah ngehina,2024-12-23 15:57:48,negatif,ceramah ngehina
hairyanto09,X,"bener juga sih, kadang netizen terlalu baper",2024-12-23 15:33:46,positif,bener sih kadang netizen baper
galak08,X,"ceramahnya tetep dapet kok, relax aja guys",2024-12-23 15:09:53,positif,ceramah tetep dapet relax aja guys
cmaulana,X,gus miftah harus minta maaf sih ini,2024-12-23 15:37:04,negatif,gus miftah maaf sih
kasim61,X,hmm no comment deh,2024-12-23 15:18:15,netral,hmm no comment deh
bala61,X,ceramah apaan malah ngehina,2024-12-23 15:55:37,negatif,ceramah ngehina
taliariyanti,X,hmm no comment deh,2024-12-23 15:33:58,netral,hmm no comment deh
aswani31,X,gue liat ini ya udah lah ya,2024-12-23 15:01:06,netral,gue liat ya udah ya
gangsadongoran,X,ni gus emg ada aja kelakuannya 😂,2024-12-23 15:55:16,positif,ni gus emg aja laku
suryatmiutama,X,tergantung yg nonton juga sih,2024-12-23 15:40:32,netral,gantung yg nonton sih
purwantiupik,X,"bener juga sih, kadang netizen terlalu baper",2024-12-23 15:15:44,positif,bener sih kadang netizen baper
cahyowaskita,X,"ceramahnya tetep dapet kok, relax aja guys",2024-12-23 15:24:42,positif,ceramah tetep dapet relax aja guys
mahfudpuspita,X,biar agak keras tapi niatnya baik kok,2024-12-23 15:04:28,positif,biar keras niat
calista67,X,"bener juga sih, kadang netizen terlalu baper",2024-12-23 15:01:26,positif,bener sih kadang netizen baper
enteng42,X,bisa2 jualan es teh jd insecure 😓,2024-12-23 15:22:38,negatif,jual es teh jd insecure
darman86,X,ga tau mau bilang apa,2024-12-23 15:39:01,netral,ga tau bilang
harjaanggriawan,X,hmm no comment deh,2024-12-23 15:49:30,netral,hmm no comment deh
nsantoso,X,waduh ini sih udah kelewat batas,2024-12-23 15:56:10,negatif,sih udah lewat batas
lazuardikarta,X,ga sopan bgt ngomong gitu,2024-12-23 15:56:59,negatif,ga sopan bgt ngomong gitu
martakawahyudin,X,hmm no comment deh,2024-12-23 15:48:30,netral,hmm no comment deh
endah70,X,ni gus emg ada aja kelakuannya 😂,2024-12-23 15:51:34,positif,ni gus emg aja laku
nasab38,X,"bener juga sih, kadang netizen terlalu baper",2024-12-23 15:04:48,positif,bener sih kadang netizen baper
johan97,X,gw setuju sih ama omongannya gus,2024-12-23 15:53:05,positif,gw tuju sih ama omong gus
nugrahamaulana,X,gus miftah harus minta maaf sih ini,2024-12-23 15:07:47,negatif,gus miftah maaf sih
uliramadan,X,"ceramahnya tetep dapet kok, relax aja guys",2024-12-23 15:54:42,positif,ceramah tetep dapet relax aja guys
karna37,X,tergantung yg nonton juga sih,2024-12-23 15:22:08,netral,gantung yg nonton sih
tnajmudin,X,waduh ini sih udah kelewat batas,2024-12-23 15:44:01,negatif,sih udah lewat batas
baktiadihalimah,X,"ga lucu, malah nyakitin hati yg jualan",2024-12-23 15:45:36,negatif,ga lucu nyakitin hati yg jual
gamani14,X,gue liat ini ya udah lah ya,2024-12-23 15:44:51,netral,gue liat ya udah ya
respati78,X,gw setuju sih ama omongannya gus,2024-12-23 15:49:53,positif,gw tuju sih ama omong gus
putraian,X,bisa2 jualan es teh jd insecure 😓,2024-12-23 15:16:23,negatif,jual es teh jd insecure
maryatiikhsan,X,bisa2 jualan es teh jd insecure 😓,2024-12-23 15:05:01,negatif,jual es teh jd insecure
edward98,X,tergantung yg nonton juga sih,2024-12-23 15:24:49,netral,gantung yg nonton sih
zpuspita,X,waduh ini sih udah kelewat batas,2024-12-23 15:03:46,negatif,sih udah lewat batas
wulandariviman,X,"ceramahnya tetep dapet kok, relax aja guys",2024-12-23 15:03:53,positif,ceramah tetep dapet relax aja guys
pandu22,X,bisa2 jualan es teh jd insecure 😓,2024-12-23 15:25:54,negatif,jual es teh jd insecure
xanana32,X,ga sopan bgt ngomong gitu,2024-12-23 15:05:11,negatif,ga sopan bgt ngomong gitu
jindra71,X,bisa2 jualan es teh jd insecure 😓,2024-12-23 15:59:57,negatif,jual es teh jd insecure
balijanwahyuni,X,"ceramahnya tetep dapet kok, relax aja guys",2024-12-23 15:14:53,positif,ceramah tetep dapet relax aja guys
budimanrama,X,"bener juga sih, kadang netizen terlalu baper",2024-12-23 15:23:54,positif,bener sih kadang netizen baper
mtamba,X,"bener juga sih, kadang netizen terlalu baper",2024-12-23 15:43:02,positif,bener sih kadang netizen baper
hutagalungatmaja,X,waduh ini sih udah kelewat batas,2024-12-23 15:24:31,negatif,sih udah lewat batas
diahnatsir,X,biar agak keras tapi niatnya baik kok,2024-12-23 15:23:07,positif,biar keras niat
bahuraksa72,X,hmm no comment deh,2024-12-23 15:24:09,netral,hmm no comment deh
usiregar,X,tergantung yg nonton juga sih,2024-12-23 15:37:29,netral,gantung yg nonton sih
rika83,X,masih netral aja sih gw liatnya,2024-12-23 15:30:34,netral,netral aja sih gw liat
ibraniprakasa,X,jujurly lucu banget sih ini 😭,2024-12-23 15:09:54,positif,jujurly lucu banget sih
juyainah,X,jujurly lucu banget sih ini 😭,2024-12-23 15:50:27,positif,jujurly lucu banget sih
warjiwaskita,X,gus miftah harus minta maaf sih ini,2024-12-23 15:19:00,negatif,gus miftah maaf sih
mariadisudiati,X,ga sopan bgt ngomong gitu,2024-12-23 15:08:40,negatif,ga sopan bgt ngomong gitu
patriciasudiati,X,"bener juga sih, kadang netizen terlalu baper",2024-12-23 15:37:39,positif,bener sih kadang netizen baper
lazuardihairyanto,X,"ga lucu, malah nyakitin hati yg jualan",2024-12-23 15:44:46,negatif,ga lucu nyakitin hati yg jual
maulanazaenab,X,"ga lucu, malah nyakitin hati yg jualan",2024-12-23 15:51:41,negatif,ga lucu nyakitin hati yg jual
nardi66,X,biar agak keras tapi niatnya baik kok,2024-12-23 15:24:00,positif,biar keras niat
ktamba,X,"ceramahnya tetep dapet kok, relax aja guys",2024-12-23 15:22:38,positif,ceramah tetep dapet relax aja guys
wprasetya,X,ga sopan bgt ngomong gitu,2024-12-23 15:31:37,negatif,ga sopan bgt ngomong gitu
yunitawinarsih,X,gus miftah harus minta maaf sih ini,2024-12-23 15:53:06,negatif,gus miftah maaf sih
tambalega,X,biasa aja sih,2024-12-23 15:04:43,netral,aja sih
digdayaiswahyudi,X,biar agak keras tapi niatnya baik kok,2024-12-23 15:56:51,positif,biar keras niat
wulandarihamima,X,"ceramahnya tetep dapet kok, relax aja guys",2024-12-23 15:52:27,positif,ceramah tetep dapet relax aja guys
permatapadmi,X,waduh ini sih udah kelewat batas,2024-12-23 15:23:08,negatif,sih udah lewat batas
rosmanmaheswara,X,tergantung yg nonton juga sih,2024-12-23 15:04:39,netral,gantung yg nonton sih
yoga51,X,gue liat ini ya udah lah ya,2024-12-23 15:49:08,netral,gue liat ya udah ya
jaeman32,X,ni gus emg ada aja kelakuannya 😂,2024-12-23 15:57:48,positif,ni gus emg aja laku
sabar66,X,ga sopan bgt ngomong gitu,2024-12-23 15:41:45,negatif,ga sopan bgt ngomong gitu
danang53,X,ceramah apaan malah ngehina,2024-12-23 15:41:30,negatif,ceramah ngehina
zaenabriyanti,X,ga tau mau bilang apa,2024-12-23 15:38:46,netral,ga tau bilang
yusada,X,gue liat ini ya udah lah ya,2024-12-23 15:15:37,netral,gue liat ya udah ya
dalimanmaryati,X,tergantung yg nonton juga sih,2024-12-23 15:26:58,netral,gantung yg nonton sih
hamzah17,X,tergantung yg nonton juga sih,2024-12-23 15:54:39,netral,gantung yg nonton sih
jaya55,X,ceramah apaan malah ngehina,2024-12-23 15:12:40,negatif,ceramah ngehina
kenesramadan,X,"ga lucu, malah nyakitin hati yg jualan",2024-12-23 15:02:21,negatif,ga lucu nyakitin hati yg jual
tirtasaptono,X,"ga lucu, malah nyakitin hati yg jualan",2024-12-23 15:10:44,negatif,ga lucu nyakitin hati yg jual
susantimursinin,X,ceramah apaan malah ngehina,2024-12-23 15:10:57,negatif,ceramah ngehina
wacanalamar,X,"ceramahnya tetep dapet kok, relax aja guys",2024-12-23 15:51:59,positif,ceramah tetep dapet relax aja guys
bharyanto,X,"ga lucu, malah nyakitin hati yg jualan",2024-12-23 15:24:19,negatif,ga lucu nyakitin hati yg jual
marwata08,X,gue liat ini ya udah lah ya,2024-12-23 15:33:38,netral,gue liat ya udah ya
yuliantiasmianto,X,"bener juga sih, kadang netizen terlalu baper",2024-12-23 15:02:32,positif,bener sih kadang netizen baper
daryani74,X,ga sopan bgt ngomong gitu,2024-12-23 15:13:53,negatif,ga sopan bgt ngomong gitu
budinajmudin,X,masih netral aja sih gw liatnya,2024-12-23 15:43:32,netral,netral aja sih gw liat
jasmin74,X,bisa2 jualan es teh jd insecure 😓,2024-12-23 15:01:05,negatif,jual es teh jd insecure
rini65,X,jujurly lucu banget sih ini 😭,2024-12-23 15:08:56,positif,jujurly lucu banget sih
oktavianipaiman,X,"ga lucu, malah nyakitin hati yg jualan",2024-12-23 15:39:11,negatif,ga lucu nyakitin hati yg jual
mulyapradana,X,jujurly lucu banget sih ini 😭,2024-12-23 15:03:31,positif,jujurly lucu banget sih
abyasa81,X,"ceramahnya tetep dapet kok, relax aja guys",2024-12-23 15:41:15,positif,ceramah tetep dapet relax aja guys
zlestari,X,"ceramahnya tetep dapet kok, relax aja guys",2024-12-23 15:27:51,positif,ceramah tetep dapet relax aja guys
clarapurwanti,X,gw setuju sih ama omongannya gus,2024-12-23 15:57:07,positif,gw tuju sih ama omong gus
siswahyudi,X,ni gus emg ada aja kelakuannya 😂,2024-12-23 15:10:06,positif,ni gus emg aja laku
niyagaprayoga,X,ga sopan bgt ngomong gitu,2024-12-23 15:48:41,negatif,ga sopan bgt ngomong gitu
wastutiilyas,X,biar agak keras tapi niatnya baik kok,2024-12-23 15:56:05,positif,biar keras niat
rudi57,X,waduh ini sih udah kelewat batas,2024-12-23 15:06:11,negatif,sih udah lewat batas
maimunah56,X,gue liat ini ya udah lah ya,2024-12-23 15:41:00,netral,gue liat ya udah ya
ibrahim89,X,"ga lucu, malah nyakitin hati yg jualan",2024-12-23 15:03:34,negatif,ga lucu nyakitin hati yg jual
uyainahwidya,X,bisa2 jualan es teh jd insecure 😓,2024-12-23 15:38:05,negatif,jual es teh jd insecure
citraardianto,X,biasa aja sih,2024-12-23 15:03:58,netral,aja sih
hadizulkarnain,X,gw setuju sih ama omongannya gus,2024-12-23 15:43:33,positif,gw tuju sih ama omong gus
rahmi67,X,gw setuju sih ama omongannya gus,2024-12-23 15:47:55,positif,gw tuju sih ama omong gus
bakti25,X,masih netral aja sih gw liatnya,2024-12-23 15:39:09,netral,netral aja sih gw liat
tampubolonnadine,X,tergantung yg nonton juga sih,2024-12-23 15:20:27,netral,gantung yg nonton sih
permadighaliyati,X,gue liat ini ya udah lah ya,2024-12-23 15:04:01,netral,gue liat ya udah ya
kadirhastuti,X,jujurly lucu banget sih ini 😭,2024-12-23 15:22:52,positif,jujurly lucu banget sih
omansur,X,biasa aja sih,2024-12-23 15:48:18,netral,aja sih
winarnoadikara,X,bisa2 jualan es teh jd insecure 😓,2024-12-23 15:20:28,negatif,jual es teh jd insecure
wardayapuspasari,X,jujurly lucu banget sih ini 😭,2024-12-23 15:33:58,positif,jujurly lucu banget sih
suryatmigambira,X,"bener juga sih, kadang netizen terlalu baper",2024-12-23 15:12:31,positif,bener sih kadang netizen baper
siraitrestu,X,ga sopan bgt ngomong gitu,2024-12-23 15:18:24,negatif,ga sopan bgt ngomong gitu
maheswaracandrakanta,X,"ga lucu, malah nyakitin hati yg jualan",2024-12-23 15:25:54,negatif,ga lucu nyakitin hati yg jual
yuniarella,X,hmm no comment deh,2024-12-23 15:53:42,netral,hmm no comment deh
hildamarbun,X,ga tau mau bilang apa,2024-12-23 15:22:01,netral,ga tau bilang
rajataajiono,X,ga tau mau bilang apa,2024-12-23 15:53:09,netral,ga tau bilang
gastimaulana,X,biasa aja sih,2024-12-23 15:33:36,netral,aja sih
inurdiyanti,X,waduh ini sih udah kelewat batas,2024-12-23 15:15:09,negatif,sih udah lewat batas
prahimah,X,"ceramahnya tetep dapet kok, relax aja guys",2024-12-23 15:54:49,positif,ceramah tetep dapet relax aja guys
natsirsafina,X,ga tau mau bilang apa,2024-12-23 15:52:12,netral,ga tau bilang
megantaraedison,X,hmm no comment deh,2024-12-23 15:10:24,netral,hmm no comment deh
mansurdrajat,X,gue liat ini ya udah lah ya,2024-12-23 15:58:46,netral,gue liat ya udah ya
bahuraksaanggraini,X,biasa aja sih,2024-12-23 15:54:14,netral,aja sih
dartonorahayu,X,biar agak keras tapi niatnya baik kok,2024-12-23 15:43:16,positif,biar keras niat
emong88,X,biar agak keras tapi niatnya baik kok,2024-12-23 15:51:03,positif,biar keras niat
danuadriansyah,X,bisa2 jualan es teh jd insecure 😓,2024-12-23 15:23:01,negatif,jual es teh jd insecure
zwidiastuti,X,biar agak keras tapi niatnya baik kok,2024-12-23 15:56:49,positif,biar keras niat
sabri54,X,waduh ini sih udah kelewat batas,2024-12-23 15:46:43,negatif,sih udah lewat batas
budiyantocitra,X,gw setuju sih ama omongannya gus,2024-12-23 15:14:50,positif,gw tuju sih ama omong gus
shakilanamaga,X,biasa aja sih,2024-12-23 15:46:52,netral,aja sih
ulimandasari,X,ga tau mau bilang apa,2024-12-23 15:59:34,netral,ga tau bilang
luis32,X,waduh ini sih udah kelewat batas,2024-12-23 15:57:02,negatif,sih udah lewat batas
qpadmasari,X,gue liat ini ya udah lah ya,2024-12-23 15:59:05,netral,gue liat ya udah ya
winda46,X,ni gus emg ada aja kelakuannya 😂,2024-12-23 15:08:37,positif,ni gus emg aja laku
balidin54,X,"bener juga sih, kadang netizen terlalu baper",2024-12-23 15:06:23,positif,bener sih kadang netizen baper
lukman16,X,waduh ini sih udah kelewat batas,2024-12-23 15:32:14,negatif,sih udah lewat batas
blaksmiwati,X,waduh ini sih udah kelewat batas,2024-12-23 15:26:18,negatif,sih udah lewat batas
ana94,X,gw setuju sih ama omongannya gus,2024-12-23 15:58:10,positif,gw tuju sih ama omong gus
prabu03,X,"ceramahnya tetep dapet kok, relax aja guys",2024-12-23 15:05:18,positif,ceramah tetep dapet relax aja guys
pandu30,X,gus miftah harus minta maaf sih ini,2024-12-23 15:48:16,negatif,gus miftah maaf sih
frahayu,X,"bener juga sih, kadang netizen terlalu baper",2024-12-23 15:59:38,positif,bener sih kadang netizen baper
limar13,X,masih netral aja sih gw liatnya,2024-12-23 15:43:15,netral,netral aja sih gw liat
hidayattirta,X,gue liat ini ya udah lah ya,2024-12-23 15:27:04,netral,gue liat ya udah ya
adhiarja39,X,tergantung yg nonton juga sih,2024-12-23 15:15:23,netral,gantung yg nonton sih
kusmawatiempluk,X,waduh ini sih udah kelewat batas,2024-12-23 15:20:02,negatif,sih udah lewat batas
intan50,X,waduh ini sih udah kelewat batas,2024-12-23 15:42:18,negatif,sih udah lewat batas
namagacahyono,X,waduh ini sih udah kelewat batas,2024-12-23 15:33:23,negatif,sih udah lewat batas
iagustina,X,masih netral aja sih gw liatnya,2024-12-23 15:12:45,netral,netral aja sih gw liat
marpaunggalar,X,gus miftah harus minta maaf sih ini,2024-12-23 15:13:09,negatif,gus miftah maaf sih
agustinaradika,X,"ga lucu, malah nyakitin hati yg jualan",2024-12-23 15:34:08,negatif,ga lucu nyakitin hati yg jual
nyoman51,X,jujurly lucu banget sih ini 😭,2024-12-23 15:01:28,positif,jujurly lucu banget sih
wjanuar,X,biasa aja sih,2024-12-23 15:18:37,netral,aja sih
ciaobella66,X,ga sopan bgt ngomong gitu,2024-12-23 15:14:00,negatif,ga sopan bgt ngomong gitu
mujur82,X,biasa aja sih,2024-12-23 15:43:00,netral,aja sih
aslijananggriawan,X,gw setuju sih ama omongannya gus,2024-12-23 15:46:52,positif,gw tuju sih ama omong gus
mumpuni57,X,gus miftah harus minta maaf sih ini,2024-12-23 15:23:47,negatif,gus miftah maaf sih
jailanidadap,X,waduh ini sih udah kelewat batas,2024-12-23 15:37:02,negatif,sih udah lewat batas
gatra05,X,gus miftah harus minta maaf sih ini,2024-12-23 15:32:07,negatif,gus miftah maaf sih
gina16,X,"ceramahnya tetep dapet kok, relax aja guys",2024-12-23 15:08:27,positif,ceramah tetep dapet relax aja guys
halimrika,X,ga tau mau bilang apa,2024-12-23 15:55:54,netral,ga tau bilang
santosolurhur,X,waduh ini sih udah kelewat batas,2024-12-23 15:55:39,negatif,sih udah lewat batas
makuta12,X,"ceramahnya tetep dapet kok, relax aja guys",2024-12-23 15:47:00,positif,ceramah tetep dapet relax aja guys
pradanaian,X,ceramah apaan malah ngehina,2024-12-23 15:25:52,negatif,ceramah ngehina
anomsusanti,X,masih netral aja sih gw liatnya,2024-12-23 15:43:59,netral,netral aja sih gw liat
eminmulyani,X,gw setuju sih ama omongannya gus,2024-12-23 15:42:08,positif,gw tuju sih ama omong gus
iwastuti,X,"ga lucu, malah nyakitin hati yg jualan",2024-12-23 15:44:32,negatif,ga lucu nyakitin hati yg jual
ywibowo,X,ga tau mau bilang apa,2024-12-23 15:29:51,netral,ga tau bilang
mulyanto64,X,ceramah apaan malah ngehina,2024-12-23 15:18:45,negatif,ceramah ngehina
hutagalungwarsa,X,waduh ini sih udah kelewat batas,2024-12-23 15:09:28,negatif,sih udah lewat batas
pangeranpermadi,X,ceramah apaan malah ngehina,2024-12-23 15:05:25,negatif,ceramah ngehina
dwiwijaya,X,hmm no comment deh,2024-12-23 15:37:33,netral,hmm no comment deh
kairav53,X,hmm no comment deh,2024-12-23 15:42:16,netral,hmm no comment deh
ppertiwi,X,jujurly lucu banget sih ini 😭,2024-12-23 15:45:20,positif,jujurly lucu banget sih
nrahimah,X,jujurly lucu banget sih ini 😭,2024-12-23 15:26:01,positif,jujurly lucu banget sih
wawansaragih,X,ga tau mau bilang apa,2024-12-23 15:00:09,netral,ga tau bilang
vivilaksita,X,bisa2 jualan es teh jd insecure 😓,2024-12-23 15:26:48,negatif,jual es teh jd insecure
hendraagustina,X,biar agak keras tapi niatnya baik kok,2024-12-23 15:19:09,positif,biar keras niat
cahyadinarpati,X,bisa2 jualan es teh jd insecure 😓,2024-12-23 15:39:29,negatif,jual es teh jd insecure
sihotangpaulin,X,gue liat ini ya udah lah ya,2024-12-23 15:44:56,netral,gue liat ya udah ya
kajen25,X,biasa aja sih,2024-12-23 15:51:54,netral,aja sih
drajatwibowo,X,ceramah apaan malah ngehina,2024-12-23 15:34:13,negatif,ceramah ngehina
ilatupono,X,"ceramahnya tetep dapet kok, relax aja guys",2024-12-23 15:27:09,positif,ceramah tetep dapet relax aja guys
nyana99,X,biar agak keras tapi niatnya baik kok,2024-12-23 15:45:21,positif,biar keras niat
ayumaheswara,X,gus miftah harus minta maaf sih ini,2024-12-23 15:51:48,negatif,gus miftah maaf sih
cager19,X,"ga lucu, malah nyakitin hati yg jualan",2024-12-23 15:57:55,negatif,ga lucu nyakitin hati yg jual
manahsafitri,X,hmm no comment deh,2024-12-23 15:59:52,netral,hmm no comment deh
muhammad37,X,tergantung yg nonton juga sih,2024-12-23 15:50:21,netral,gantung yg nonton sih
oman74,X,waduh ini sih udah kelewat batas,2024-12-23 15:12:43,negatif,sih udah lewat batas
wartasaragih,X,biasa aja sih,2024-12-23 15:55:04,netral,aja sih
wardianto,X,"ceramahnya tetep dapet kok, relax aja guys",2024-12-23 15:19:18,positif,ceramah tetep dapet relax aja guys
raden54,X,waduh ini sih udah kelewat batas,2024-12-23 15:24:54,negatif,sih udah lewat batas
arsipatra10,X,ga tau mau bilang apa,2024-12-23 15:29:27,netral,ga tau bilang
manullangjaya,X,masih netral aja sih gw liatnya,2024-12-23 15:04:55,netral,netral aja sih gw liat
lulut70,X,hmm no comment deh,2024-12-23 15:41:00,netral,hmm no comment deh
cawisonowastuti,X,ga sopan bgt ngomong gitu,2024-12-23 15:38:07,negatif,ga sopan bgt ngomong gitu
gmandasari,X,"ga lucu, malah nyakitin hati yg jualan",2024-12-23 15:48:27,negatif,ga lucu nyakitin hati yg jual
fitriani81,X,ceramah apaan malah ngehina,2024-12-23 15:33:36,negatif,ceramah ngehina
sabrina61,X,"bener juga sih, kadang netizen terlalu baper",2024-12-23 15:01:06,positif,bener sih kadang netizen baper
lidya80,X,biar agak keras tapi niatnya baik kok,2024-12-23 15:59:12,positif,biar keras niat
purwantiradika,X,"bener juga sih, kadang netizen terlalu baper",2024-12-23 15:40:18,positif,bener sih kadang netizen baper
mansurkunthara,X,masih netral aja sih gw liatnya,2024-12-23 15:01:00,netral,netral aja sih gw liat
ellisnurdiyanti,X,ni gus emg ada aja kelakuannya 😂,2024-12-23 15:35:26,positif,ni gus emg aja laku
handayaniemil,X,"ceramahnya tetep dapet kok, relax aja guys",2024-12-23 15:31:38,positif,ceramah tetep dapet relax aja guys
maida98,X,hmm no comment deh,2024-12-23 15:06:03,netral,hmm no comment deh
jatmiko56,X,gw setuju sih ama omongannya gus,2024-12-23 15:56:28,positif,gw tuju sih ama omong gus
haryantidasa,X,bisa2 jualan es teh jd insecure 😓,2024-12-23 15:46:56,negatif,jual es teh jd insecure
anggriawanrosman,X,ga sopan bgt ngomong gitu,2024-12-23 15:22:56,negatif,ga sopan bgt ngomong gitu
opunghariyah,X,"ceramahnya tetep dapet kok, relax aja guys",2024-12-23 15:43:49,positif,ceramah tetep dapet relax aja guys
kwijayanti,X,"bener juga sih, kadang netizen terlalu baper",2024-12-23 15:56:45,positif,bener sih kadang netizen baper
panca76,X,"bener juga sih, kadang netizen terlalu baper",2024-12-23 15:24:04,positif,bener sih kadang netizen baper
rahmawatiwarsa,X,"bener juga sih, kadang netizen terlalu baper",2024-12-23 15:15:24,positif,bener sih kadang netizen baper
padmawidiastuti,X,gw setuju sih ama omongannya gus,2024-12-23 15:31:39,positif,gw tuju sih ama omong gus
rama41,X,jujurly lucu banget sih ini 😭,2024-12-23 15:55:43,positif,jujurly lucu banget sih
olgarahmawati,X,"ceramahnya tetep dapet kok, relax aja guys",2024-12-23 15:45:33,positif,ceramah tetep dapet relax aja guys
tmansur,X,tergantung yg nonton juga sih,2024-12-23 15:05:01,netral,gantung yg nonton sih
mansurwisnu,X,ga sopan bgt ngomong gitu,2024-12-23 15:22:03,negatif,ga sopan bgt ngomong gitu
opratiwi,X,ga tau mau bilang apa,2024-12-23 15:40:59,netral,ga tau bilang
isuryatmi,X,tergantung yg nonton juga sih,2024-12-23 15:30:38,netral,gantung yg nonton sih
asuartini,X,hmm no comment deh,2024-12-23 15:41:30,netral,hmm no comment deh
anggrainijamil,X,"ga lucu, malah nyakitin hati yg jualan",2024-12-23 15:23:45,negatif,ga lucu nyakitin hati yg jual
warji75,X,ceramah apaan malah ngehina,2024-12-23 15:30:25,negatif,ceramah ngehina
pradanaaurora,X,hmm no comment deh,2024-12-23 15:59:12,netral,hmm no comment deh
ryuniar,X,waduh ini sih udah kelewat batas,2024-12-23 15:41:24,negatif,sih udah lewat batas
faridawahyu,X,ga sopan bgt ngomong gitu,2024-12-23 15:17:31,negatif,ga sopan bgt ngomong gitu
ian04,X,ni gus emg ada aja kelakuannya 😂,2024-12-23 15:28:18,positif,ni gus emg aja laku
harjajailani,X,gw setuju sih ama omongannya gus,2024-12-23 15:22:56,positif,gw tuju sih ama omong gus
hidayatolivia,X,waduh ini sih udah kelewat batas,2024-12-23 15:49:07,negatif,sih udah lewat batas
kamal61,X,ga tau mau bilang apa,2024-12-23 15:46:28,netral,ga tau bilang
pardi28,X,biasa aja sih,2024-12-23 15:19:00,netral,aja sih
kenes15,X,ceramah apaan malah ngehina,2024-12-23 15:06:59,negatif,ceramah ngehina
raditirawan,X,tergantung yg nonton juga sih,2024-12-23 15:22:03,netral,gantung yg nonton sih
erahimah,X,ni gus emg ada aja kelakuannya 😂,2024-12-23 15:10:51,positif,ni gus emg aja laku
vhutagalung,X,hmm no comment deh,2024-12-23 15:25:02,netral,hmm no comment deh
handayanilili,X,"bener juga sih, kadang netizen terlalu baper",2024-12-23 15:39:28,positif,bener sih kadang netizen baper
hmulyani,X,waduh ini sih udah kelewat batas,2024-12-23 15:44:50,negatif,sih udah lewat batas
habibihesti,X,gw setuju sih ama omongannya gus,2024-12-23 15:13:05,positif,gw tuju sih ama omong gus
iriana29,X,ni gus emg ada aja kelakuannya 😂,2024-12-23 15:41:34,positif,ni gus emg aja laku
habibizalindra,X,hmm no comment deh,2024-12-23 15:22:24,netral,hmm no comment deh
dabukkedaruna,X,tergantung yg nonton juga sih,2024-12-23 15:48:31,netral,gantung yg nonton sih
hgunawan,X,ceramah apaan malah ngehina,2024-12-23 15:36:51,negatif,ceramah ngehina
radenutami,X,jujurly lucu banget sih ini 😭,2024-12-23 15:43:03,positif,jujurly lucu banget sih
kadir05,X,ga sopan bgt ngomong gitu,2024-12-23 15:39:19,negatif,ga sopan bgt ngomong gitu
kenessaragih,X,gue liat ini ya udah lah ya,2024-12-23 15:04:58,netral,gue liat ya udah ya
yulianaanggraini,X,bisa2 jualan es teh jd insecure 😓,2024-12-23 15:35:53,negatif,jual es teh jd insecure
harsana50,X,ceramah apaan malah ngehina,2024-12-23 15:00:06,negatif,ceramah ngehina
rahimahtri,X,"ga lucu, malah nyakitin hati yg jualan",2024-12-23 15:02:23,negatif,ga lucu nyakitin hati yg jual
sitoruslatif,X,ga sopan bgt ngomong gitu,2024-12-23 15:08:15,negatif,ga sopan bgt ngomong gitu
edisonnurdiyanti,X,bisa2 jualan es teh jd insecure 😓,2024-12-23 15:15:35,negatif,jual es teh jd insecure
yuniaroskar,X,"ga lucu, malah nyakitin hati yg jualan",2024-12-23 15:29:35,negatif,ga lucu nyakitin hati yg jual
pudjiastutimahesa,X,tergantung yg nonton juga sih,2024-12-23 15:51:48,netral,gantung yg nonton sih
baguskuswandari,X,jujurly lucu banget sih ini 😭,2024-12-23 15:53:33,positif,jujurly lucu banget sih
rafidsaefullah,X,gw setuju sih ama omongannya gus,2024-12-23 15:02:29,positif,gw tuju sih ama omong gus
wijayalimar,X,ceramah apaan malah ngehina,2024-12-23 15:07:55,negatif,ceramah ngehina
suartinijamalia,X,gw setuju sih ama omongannya gus,2024-12-23 15:56:01,positif,gw tuju sih ama omong gus
saifulsantoso,X,hmm no comment deh,2024-12-23 15:12:38,netral,hmm no comment deh
solehdabukke,X,biasa aja sih,2024-12-23 15:13:08,netral,aja sih
galiono68,X,biasa aja sih,2024-12-23 15:07:03,netral,aja sih
queeniswahyudi,X,masih netral aja sih gw liatnya,2024-12-23 15:21:06,netral,netral aja sih gw liat
agustinamartana,X,waduh ini sih udah kelewat batas,2024-12-23 15:29:43,negatif,sih udah lewat batas
elon23,X,"ceramahnya tetep dapet kok, relax aja guys",2024-12-23 15:36:40,positif,ceramah tetep dapet relax aja guys
janenashiruddin,X,biar agak keras tapi niatnya baik kok,2024-12-23 15:43:48,positif,biar keras niat
asirwanda38,X,biasa aja sih,2024-12-23 15:51:46,netral,aja sih
mansurolivia,X,ceramah apaan malah ngehina,2024-12-23 15:08:54,negatif,ceramah ngehina
anitasihombing,X,ceramah apaan malah ngehina,2024-12-23 15:35:30,negatif,ceramah ngehina
jokowibisono,X,ga sopan bgt ngomong gitu,2024-12-23 15:16:07,negatif,ga sopan bgt ngomong gitu
ade23,X,ni gus emg ada aja kelakuannya 😂,2024-12-23 15:15:36,positif,ni gus emg aja laku
galiono75,X,biasa aja sih,2024-12-23 15:49:56,netral,aja sih
hardana74,X,gw setuju sih ama omongannya gus,2024-12-23 15:48:09,positif,gw tuju sih ama omong gus
indra97,X,"ga lucu, malah nyakitin hati yg jualan",2024-12-23 15:46:22,negatif,ga lucu nyakitin hati yg jual
rafid63,X,gw setuju sih ama omongannya gus,2024-12-23 15:51:57,positif,gw tuju sih ama omong gus
zwijaya,X,ga sopan bgt ngomong gitu,2024-12-23 15:21:15,negatif,ga sopan bgt ngomong gitu
dacin98,X,gue liat ini ya udah lah ya,2024-12-23 15:04:46,netral,gue liat ya udah ya
qlaksmiwati,X,"bener juga sih, kadang netizen terlalu baper",2024-12-23 15:53:48,positif,bener sih kadang netizen baper
cintawidodo,X,masih netral aja sih gw liatnya,2024-12-23 15:26:24,netral,netral aja sih gw liat
esaputra,X,"ceramahnya tetep dapet kok, relax aja guys",2024-12-23 15:26:51,positif,ceramah tetep dapet relax aja guys
adriansyahsilvia,X,biar agak keras tapi niatnya baik kok,2024-12-23 15:07:26,positif,biar keras niat
vnapitupulu,X,gus miftah harus minta maaf sih ini,2024-12-23 15:53:14,negatif,gus miftah maaf sih
dacin44,X,gue liat ini ya udah lah ya,2024-12-23 15:52:08,netral,gue liat ya udah ya
bwidiastuti,X,biasa aja sih,2024-12-23 15:13:01,netral,aja sih
nadineastuti,X,gue liat ini ya udah lah ya,2024-12-23 15:27:32,netral,gue liat ya udah ya
asmadi89,X,bisa2 jualan es teh jd insecure 😓,2024-12-23 15:15:02,negatif,jual es teh jd insecure
niyagaramadan,X,"ceramahnya tetep dapet kok, relax aja guys",2024-12-23 15:48:08,positif,ceramah tetep dapet relax aja guys
lintangfujiati,X,"bener juga sih, kadang netizen terlalu baper",2024-12-23 15:51:13,positif,bener sih kadang netizen baper
npertiwi,X,"ga lucu, malah nyakitin hati yg jualan",2024-12-23 15:36:31,negatif,ga lucu nyakitin hati yg jual
xmayasari,X,biasa aja sih,2024-12-23 15:31:46,netral,aja sih
pwulandari,X,jujurly lucu banget sih ini 😭,2024-12-23 15:38:39,positif,jujurly lucu banget sih
tambakemal,X,masih netral aja sih gw liatnya,2024-12-23 15:23:02,netral,netral aja sih gw liat
cecep64,X,"ceramahnya tetep dapet kok, relax aja guys",2024-12-23 15:40:33,positif,ceramah tetep dapet relax aja guys
haryantikemba,X,jujurly lucu banget sih ini 😭,2024-12-23 15:44:20,positif,jujurly lucu banget sih
jessica77,X,masih netral aja sih gw liatnya,2024-12-23 15:34:05,netral,netral aja sih gw liat
jagapati04,X,ceramah apaan malah ngehina,2024-12-23 15:40:25,negatif,ceramah ngehina
pradiptagasti,X,gw setuju sih ama omongannya gus,2024-12-23 15:25:43,positif,gw tuju sih ama omong gus
bakiantosamosir,X,gus miftah harus minta maaf sih ini,2024-12-23 15:08:57,negatif,gus miftah maaf sih
dmelani,X,ni gus emg ada aja kelakuannya 😂,2024-12-23 15:10:03,positif,ni gus emg aja laku
cintaiswahyudi,X,"ga lucu, malah nyakitin hati yg jualan",2024-12-23 15:02:18,negatif,ga lucu nyakitin hati yg jual
esinaga,X,gus miftah harus minta maaf sih ini,2024-12-23 15:04:12,negatif,gus miftah maaf sih
firgantororahmi,X,biar agak keras tapi niatnya baik kok,2024-12-23 15:10:03,positif,biar keras niat
elon22,X,biasa aja sih,2024-12-23 15:10:10,netral,aja sih
karsanasiregar,X,bisa2 jualan es teh jd insecure 😓,2024-12-23 15:03:23,negatif,jual es teh jd insecure
oskar57,X,hmm no comment deh,2024-12-23 15:17:57,netral,hmm no comment deh
eka14,X,ceramah apaan malah ngehina,2024-12-23 15:14:25,negatif,ceramah ngehina
adityasetiawan,X,biar agak keras tapi niatnya baik kok,2024-12-23 15:26:34,positif,biar keras niat
eligunawan,X,bisa2 jualan es teh jd insecure 😓,2024-12-23 15:20:11,negatif,jual es teh jd insecure
rahmiusamah,X,ni gus emg ada aja kelakuannya 😂,2024-12-23 15:25:26,positif,ni gus emg aja laku
ranggahabibi,X,gw setuju sih ama omongannya gus,2024-12-23 15:38:01,positif,gw tuju sih ama omong gus
adriansyahbaktiono,X,tergantung yg nonton juga sih,2024-12-23 15:48:24,netral,gantung yg nonton sih
ryulianti,X,gus miftah harus minta maaf sih ini,2024-12-23 15:50:05,negatif,gus miftah maaf sih
lutfan83,X,tergantung yg nonton juga sih,2024-12-23 15:51:15,netral,gantung yg nonton sih
rajasaibun,X,"ceramahnya tetep dapet kok, relax aja guys",2024-12-23 15:25:22,positif,ceramah tetep dapet relax aja guys
vero62,X,ceramah apaan malah ngehina,2024-12-23 15:57:22,negatif,ceramah ngehina
estiawansusanti,X,gue liat ini ya udah lah ya,2024-12-23 15:22:55,netral,gue liat ya udah ya
nasyidahkardi,X,hmm no comment deh,2024-12-23 15:08:16,netral,hmm no comment deh
makaramansur,X,gue liat ini ya udah lah ya,2024-12-23 15:27:36,netral,gue liat ya udah ya
hidayatsyahrini,X,"bener juga sih, kadang netizen terlalu baper",2024-12-23 15:34:13,positif,bener sih kadang netizen baper
gawatiwinarsih,X,gw setuju sih ama omongannya gus,2024-12-23 15:54:23,positif,gw tuju sih ama omong gus
bahuraksahutagalung,X,ga sopan bgt ngomong gitu,2024-12-23 15:59:25,negatif,ga sopan bgt ngomong gitu
prayogagaliono,X,biasa aja sih,2024-12-23 15:50:17,netral,aja sih
fpermata,X,ni gus emg ada aja kelakuannya 😂,2024-12-23 15:32:43,positif,ni gus emg aja laku
permatagarda,X,gw setuju sih ama omongannya gus,2024-12-23 15:33:12,positif,gw tuju sih ama omong gus
ratna21,X,biar agak keras tapi niatnya baik kok,2024-12-23 15:31:38,positif,biar keras niat
omarnugroho,X,biar agak keras tapi niatnya baik kok,2024-12-23 15:27:12,positif,biar keras niat
novitasarimalika,X,gue liat ini ya udah lah ya,2024-12-23 15:29:10,netral,gue liat ya udah ya
rajasaharsanto,X,"ga lucu, malah nyakitin hati yg jualan",2024-12-23 15:34:03,negatif,ga lucu nyakitin hati yg jual
kyuniar,X,"ga lucu, malah nyakitin hati yg jualan",2024-12-23 15:49:53,negatif,ga lucu nyakitin hati yg jual
situmorangcandra,X,ceramah apaan malah ngehina,2024-12-23 15:02:49,negatif,ceramah ngehina
silvia27,X,"ga lucu, malah nyakitin hati yg jualan",2024-12-23 15:22:52,negatif,ga lucu nyakitin hati yg jual
elvinapangestu,X,biar agak keras tapi niatnya baik kok,2024-12-23 15:18:02,positif,biar keras niat
oktavianiibrani,X,gus miftah harus minta maaf sih ini,2024-12-23 15:31:13,negatif,gus miftah maaf sih
jbudiyanto,X,bisa2 jualan es teh jd insecure 😓,2024-12-23 15:25:57,negatif,jual es teh jd insecure
setiawankezia,X,ceramah apaan malah ngehina,2024-12-23 15:27:11,negatif,ceramah ngehina
zsinaga,X,hmm no comment deh,2024-12-23 15:01:10,netral,hmm no comment deh
ikagunarto,X,biar agak keras tapi niatnya baik kok,2024-12-23 15:00:43,positif,biar keras niat
qanggraini,X,ceramah apaan malah ngehina,2024-12-23 15:00:04,negatif,ceramah ngehina
dongorancengkal,X,waduh ini sih udah kelewat batas,2024-12-23 15:33:37,negatif,sih udah lewat batas
tsaragih,X,biar agak keras tapi niatnya baik kok,2024-12-23 15:44:13,positif,biar keras niat
nugrohorendy,X,biar agak keras tapi niatnya baik kok,2024-12-23 15:32:42,positif,biar keras niat
raharja33,X,tergantung yg nonton juga sih,2024-12-23 15:55:19,netral,gantung yg nonton sih
npradana,X,ceramah apaan malah ngehina,2024-12-23 15:48:09,negatif,ceramah ngehina
dramadan,X,bisa2 jualan es teh jd insecure 😓,2024-12-23 15:06:03,negatif,jual es teh jd insecure
tinarajata,X,hmm no comment deh,2024-12-23 15:53:30,netral,hmm no comment deh
ulyamarbun,X,waduh ini sih udah kelewat batas,2024-12-23 15:23:51,negatif,sih udah lewat batas
oktavianibanara,X,gw setuju sih ama omongannya gus,2024-12-23 15:04:51,positif,gw tuju sih ama omong gus
qnarpati,X,gw setuju sih ama omongannya gus,2024-12-23 15:04:15,positif,gw tuju sih ama omong gus
gpradana,X,"ceramahnya tetep dapet kok, relax aja guys",2024-12-23 15:17:37,positif,ceramah tetep dapet relax aja guys
kasiyah07,X,"ceramahnya tetep dapet kok, relax aja guys",2024-12-23 15:48:02,positif,ceramah tetep dapet relax aja guys
xlailasari,X,gus miftah harus minta maaf sih ini,2024-12-23 15:23:18,negatif,gus miftah maaf sih
hasanwasita,X,gue liat ini ya udah lah ya,2024-12-23 15:03:39,netral,gue liat ya udah ya
kurniawankoko,X,ga tau mau bilang apa,2024-12-23 15:50:00,netral,ga tau bilang
cemplunk78,X,biasa aja sih,2024-12-23 15:02:50,netral,aja sih
uyainahibrani,X,waduh ini sih udah kelewat batas,2024-12-23 15:29:14,negatif,sih udah lewat batas
mayasaritaufik,X,gus miftah harus minta maaf sih ini,2024-12-23 15:20:34,negatif,gus miftah maaf sih
gandi40,X,gw setuju sih ama omongannya gus,2024-12-23 15:23:26,positif,gw tuju sih ama omong gus
caraka87,X,gus miftah harus minta maaf sih ini,2024-12-23 15:36:31,negatif,gus miftah maaf sih
omardabukke,X,tergantung yg nonton juga sih,2024-12-23 15:57:13,netral,gantung yg nonton sih
bahuwiryasitompul,X,ga sopan bgt ngomong gitu,2024-12-23 15:52:33,negatif,ga sopan bgt ngomong gitu
pgunarto,X,gue liat ini ya udah lah ya,2024-12-23 15:28:12,netral,gue liat ya udah ya
safitridrajat,X,biar agak keras tapi niatnya baik kok,2024-12-23 15:15:24,positif,biar keras niat
perkasa43,X,"ga lucu, malah nyakitin hati yg jualan",2024-12-23 15:27:06,negatif,ga lucu nyakitin hati yg jual
maryadisiti,X,waduh ini sih udah kelewat batas,2024-12-23 15:00:23,negatif,sih udah lewat batas
utama00,X,waduh ini sih udah kelewat batas,2024-12-23 15:58:39,negatif,sih udah lewat batas
suryatmiganda,X,ni gus emg ada aja kelakuannya 😂,2024-12-23 15:10:31,positif,ni gus emg aja laku
prakasaprabu,X,gue liat ini ya udah lah ya,2024-12-23 15:47:58,netral,gue liat ya udah ya
lamar33,X,gus miftah harus minta maaf sih ini,2024-12-23 15:33:56,negatif,gus miftah maaf sih
paulinmaryadi,X,"ceramahnya tetep dapet kok, relax aja guys",2024-12-23 15:33:57,positif,ceramah tetep dapet relax aja guys
marsudihassanah,X,ga tau mau bilang apa,2024-12-23 15:06:21,netral,ga tau bilang
yulia90,X,masih netral aja sih gw liatnya,2024-12-23 15:40:43,netral,netral aja sih gw liat
najibsimbolon,X,biasa aja sih,2024-12-23 15:38:43,netral,aja sih
samiahprakasa,X,gw setuju sih ama omongannya gus,2024-12-23 15:44:01,positif,gw tuju sih ama omong gus
rachelkusmawati,X,jujurly lucu banget sih ini 😭,2024-12-23 15:46:06,positif,jujurly lucu banget sih
cemanisantoso,X,hmm no comment deh,2024-12-23 15:44:47,netral,hmm no comment deh
cornelia68,X,ni gus emg ada aja kelakuannya 😂,2024-12-23 15:10:17,positif,ni gus emg aja laku
abyasa43,X,hmm no comment deh,2024-12-23 15:29:09,netral,hmm no comment deh
danuja65,X,gus miftah harus minta maaf sih ini,2024-12-23 15:54:56,negatif,gus miftah maaf sih
garan36,X,ceramah apaan malah ngehina,2024-12-23 15:30:38,negatif,ceramah ngehina
eminrahayu,X,"ga lucu, malah nyakitin hati yg jualan",2024-12-23 15:36:56,negatif,ga lucu nyakitin hati yg jual
ikhsanprasetyo,X,gw setuju sih ama omongannya gus,2024-12-23 15:01:33,positif,gw tuju sih ama omong gus
kezia47,X,gue liat ini ya udah lah ya,2024-12-23 15:04:45,netral,gue liat ya udah ya
winarnodina,X,gw setuju sih ama omongannya gus,2024-12-23 15:47:06,positif,gw tuju sih ama omong gus
setyaaryani,X,"ceramahnya tetep dapet kok, relax aja guys",2024-12-23 15:10:22,positif,ceramah tetep dapet relax aja guys
cager87,X,waduh ini sih udah kelewat batas,2024-12-23 15:15:01,negatif,sih udah lewat batas
rsiregar,X,ga tau mau bilang apa,2024-12-23 15:31:23,netral,ga tau bilang
ratih08,X,ceramah apaan malah ngehina,2024-12-23 15:02:58,negatif,ceramah ngehina
utamibanawa,X,biasa aja sih,2024-12-23 15:12:44,netral,aja sih
harjakurniawan,X,gw setuju sih ama omongannya gus,2024-12-23 15:03:49,positif,gw tuju sih ama omong gus
hhalimah,X,masih netral aja sih gw liatnya,2024-12-23 15:45:14,netral,netral aja sih gw liat
mustika59,X,waduh ini sih udah kelewat batas,2024-12-23 15:05:20,negatif,sih udah lewat batas
dadisitompul,X,bisa2 jualan es teh jd insecure 😓,2024-12-23 15:46:46,negatif,jual es teh jd insecure
estiono92,X,ceramah apaan malah ngehina,2024-12-23 15:21:54,negatif,ceramah ngehina
karyahalimah,X,tergantung yg nonton juga sih,2024-12-23 15:47:40,netral,gantung yg nonton sih
ghariyah,X,"ga lucu, malah nyakitin hati yg jualan",2024-12-23 15:50:02,negatif,ga lucu nyakitin hati yg jual
amirajasa,X,"ceramahnya tetep dapet kok, relax aja guys",2024-12-23 15:17:08,positif,ceramah tetep dapet relax aja guys
pfujiati,X,biasa aja sih,2024-12-23 15:29:09,netral,aja sih
shakila64,X,tergantung yg nonton juga sih,2024-12-23 15:39:39,netral,gantung yg nonton sih
najmudinyono,X,bisa2 jualan es teh jd insecure 😓,2024-12-23 15:53:14,negatif,jual es teh jd insecure
pradanajaga,X,masih netral aja sih gw liatnya,2024-12-23 15:54:25,netral,netral aja sih gw liat
vimanpratiwi,X,tergantung yg nonton juga sih,2024-12-23 15:10:09,netral,gantung yg nonton sih
indra53,X,biar agak keras tapi niatnya baik kok,2024-12-23 15:58:33,positif,biar keras niat
gadang14,X,gw setuju sih ama omongannya gus,2024-12-23 15:46:56,positif,gw tuju sih ama omong gus
gasti49,X,ga sopan bgt ngomong gitu,2024-12-23 15:08:30,negatif,ga sopan bgt ngomong gitu
jarwaprasetyo,X,tergantung yg nonton juga sih,2024-12-23 15:00:16,netral,gantung yg nonton sih
edwardirawan,X,biar agak keras tapi niatnya baik kok,2024-12-23 15:28:38,positif,biar keras niat
onisuwarno,X,gw setuju sih ama omongannya gus,2024-12-23 15:41:22,positif,gw tuju sih ama omong gus
suartinibakijan,X,gus miftah harus minta maaf sih ini,2024-12-23 15:25:08,negatif,gus miftah maaf sih
intan22,X,masih netral aja sih gw liatnya,2024-12-23 15:35:46,netral,netral aja sih gw liat
vwidodo,X,biasa aja sih,2024-12-23 15:26:23,netral,aja sih
prasetyaviolet,X,ga tau mau bilang apa,2024-12-23 15:21:19,netral,ga tau bilang
andrianiintan,X,gue liat ini ya udah lah ya,2024-12-23 15:52:14,netral,gue liat ya udah ya
fthamrin,X,gw setuju sih ama omongannya gus,2024-12-23 15:45:57,positif,gw tuju sih ama omong gus
cakrabuana74,X,ga tau mau bilang apa,2024-12-23 15:45:59,netral,ga tau bilang
candrakanta20,X,ga tau mau bilang apa,2024-12-23 15:39:37,netral,ga tau bilang
pwinarsih,X,masih netral aja sih gw liatnya,2024-12-23 15:59:12,netral,netral aja sih gw liat
candrasiregar,X,gus miftah harus minta maaf sih ini,2024-12-23 15:35:11,negatif,gus miftah maaf sih
yuliartibakiono,X,waduh ini sih udah kelewat batas,2024-12-23 15:15:22,negatif,sih udah lewat batas
bagyapurwanti,X,ga sopan bgt ngomong gitu,2024-12-23 15:27:44,negatif,ga sopan bgt ngomong gitu
wulandarijail,X,tergantung yg nonton juga sih,2024-12-23 15:59:05,netral,gantung yg nonton sih
yunita25,X,tergantung yg nonton juga sih,2024-12-23 15:51:29,netral,gantung yg nonton sih
tsimanjuntak,X,gue liat ini ya udah lah ya,2024-12-23 15:22:45,netral,gue liat ya udah ya
violetpermata,X,biar agak keras tapi niatnya baik kok,2024-12-23 15:21:44,positif,biar keras niat
harsanto82,X,waduh ini sih udah kelewat batas,2024-12-23 15:37:25,negatif,sih udah lewat batas
lmegantara,X,"ceramahnya tetep dapet kok, relax aja guys",2024-12-23 15:03:51,positif,ceramah tetep dapet relax aja guys
malanainggolan,X,gw setuju sih ama omongannya gus,2024-12-23 15:45:51,positif,gw tuju sih ama omong gus
rajatamahmud,X,"bener juga sih, kadang netizen terlalu baper",2024-12-23 15:05:02,positif,bener sih kadang netizen baper
rahmisiregar,X,masih netral aja sih gw liatnya,2024-12-23 15:39:12,netral,netral aja sih gw liat
adikarayolanda,X,"ceramahnya tetep dapet kok, relax aja guys",2024-12-23 15:44:01,positif,ceramah tetep dapet relax aja guys
lailasariirma,X,biasa aja sih,2024-12-23 15:19:49,netral,aja sih
jailyuniar,X,ga tau mau bilang apa,2024-12-23 15:25:45,netral,ga tau bilang
usamahadiarja,X,hmm no comment deh,2024-12-23 15:06:26,netral,hmm no comment deh
lhassanah,X,biar agak keras tapi niatnya baik kok,2024-12-23 15:57:40,positif,biar keras niat
handayaniayu,X,masih netral aja sih gw liatnya,2024-12-23 15:37:15,netral,netral aja sih gw liat
winarsihtirtayasa,X,ceramah apaan malah ngehina,2024-12-23 15:10:12,negatif,ceramah ngehina
mulyanigalih,X,ceramah apaan malah ngehina,2024-12-23 15:31:54,negatif,ceramah ngehina
oktavianiarta,X,biar agak keras tapi niatnya baik kok,2024-12-23 15:33:04,positif,biar keras niat
vlatupono,X,biasa aja sih,2024-12-23 15:14:56,netral,aja sih
puti80,X,gus miftah harus minta maaf sih ini,2024-12-23 15:10:19,negatif,gus miftah maaf sih
nhariyah,X,hmm no comment deh,2024-12-23 15:59:14,netral,hmm no comment deh
cemani26,X,gus miftah harus minta maaf sih ini,2024-12-23 15:34:12,negatif,gus miftah maaf sih
eman94,X,gw setuju sih ama omongannya gus,2024-12-23 15:01:26,positif,gw tuju sih ama omong gus
zelaya96,X,ceramah apaan malah ngehina,2024-12-23 15:39:54,negatif,ceramah ngehina
halimtina,X,ga tau mau bilang apa,2024-12-23 15:45:53,netral,ga tau bilang
saputramahdi,X,gw setuju sih ama omongannya gus,2024-12-23 15:22:57,positif,gw tuju sih ama omong gus
cawisadi67,X,tergantung yg nonton juga sih,2024-12-23 15:52:56,netral,gantung yg nonton sih
jumari35,X,gus miftah harus minta maaf sih ini,2024-12-23 15:59:20,negatif,gus miftah maaf sih
maryatikani,X,bisa2 jualan es teh jd insecure 😓,2024-12-23 15:17:46,negatif,jual es teh jd insecure
simanjuntakkalim,X,gue liat ini ya udah lah ya,2024-12-23 15:01:26,netral,gue liat ya udah ya
kuswandarihairyanto,X,"ga lucu, malah nyakitin hati yg jualan",2024-12-23 15:23:20,negatif,ga lucu nyakitin hati yg jual
uwaiszelda,X,ni gus emg ada aja kelakuannya 😂,2024-12-23 15:17:16,positif,ni gus emg aja laku
cornelia86,X,ceramah apaan malah ngehina,2024-12-23 15:39:26,negatif,ceramah ngehina
luissaptono,X,"ga lucu, malah nyakitin hati yg jualan",2024-12-23 15:33:54,negatif,ga lucu nyakitin hati yg jual
jarwimaheswara,X,biasa aja sih,2024-12-23 15:06:05,netral,aja sih
mala62,X,masih netral aja sih gw liatnya,2024-12-23 15:14:00,netral,netral aja sih gw liat
gara84,X,ceramah apaan malah ngehina,2024-12-23 15:40:34,negatif,ceramah ngehina
prastutidarmaji,X,gue liat ini ya udah lah ya,2024-12-23 15:08:30,netral,gue liat ya udah ya
osinaga,X,ni gus emg ada aja kelakuannya 😂,2024-12-23 15:56:09,positif,ni gus emg aja laku
mutiasuartini,X,masih netral aja sih gw liatnya,2024-12-23 15:49:06,netral,netral aja sih gw liat
karman32,X,ni gus emg ada aja kelakuannya 😂,2024-12-23 15:55:57,positif,ni gus emg aja laku
ifalestari,X,gw setuju sih ama omongannya gus,2024-12-23 15:00:51,positif,gw tuju sih ama omong gus
mahesahalim,X,bisa2 jualan es teh jd insecure 😓,2024-12-23 15:43:41,negatif,jual es teh jd insecure
mustikayuliarti,X,ni gus emg ada aja kelakuannya 😂,2024-12-23 15:05:11,positif,ni gus emg aja laku
wwastuti,X,jujurly lucu banget sih ini 😭,2024-12-23 15:12:51,positif,jujurly lucu banget sih
ira42,X,ni gus emg ada aja kelakuannya 😂,2024-12-23 15:00:52,positif,ni gus emg aja laku
martakasaputra,X,biasa aja sih,2024-12-23 15:35:39,netral,aja sih
marpaungumay,X,gus miftah harus minta maaf sih ini,2024-12-23 15:07:10,negatif,gus miftah maaf sih
elmahassanah,X,gw setuju sih ama omongannya gus,2024-12-23 15:58:22,positif,gw tuju sih ama omong gus
daruna52,X,"ceramahnya tetep dapet kok, relax aja guys",2024-12-23 15:02:14,positif,ceramah tetep dapet relax aja guys
suryatmipurwa,X,hmm no comment deh,2024-12-23 15:43:15,netral,hmm no comment deh
asmiantosantoso,X,"ceramahnya tetep dapet kok, relax aja guys",2024-12-23 15:54:19,positif,ceramah tetep dapet relax aja guys
iswahyudiopan,X,ceramah apaan malah ngehina,2024-12-23 15:23:54,negatif,ceramah ngehina
mustofapaiman,X,ga tau mau bilang apa,2024-12-23 15:01:32,netral,ga tau bilang
hakimemas,X,biar agak keras tapi niatnya baik kok,2024-12-23 15:51:05,positif,biar keras niat
kembapurnawati,X,biar agak keras tapi niatnya baik kok,2024-12-23 15:12:26,positif,biar keras niat
tyuniar,X,waduh ini sih udah kelewat batas,2024-12-23 15:22:48,negatif,sih udah lewat batas
mandalawarsita,X,tergantung yg nonton juga sih,2024-12-23 15:17:53,netral,gantung yg nonton sih
maryadiulva,X,jujurly lucu banget sih ini 😭,2024-12-23 15:57:42,positif,jujurly lucu banget sih
rika37,X,"ga lucu, malah nyakitin hati yg jualan",2024-12-23 15:58:03,negatif,ga lucu nyakitin hati yg jual
mulyantowahyudin,X,ni gus emg ada aja kelakuannya 😂,2024-12-23 15:04:55,positif,ni gus emg aja laku
udanarpati,X,gue liat ini ya udah lah ya,2024-12-23 15:26:14,netral,gue liat ya udah ya
blailasari,X,"ceramahnya tetep dapet kok, relax aja guys",2024-12-23 15:05:46,positif,ceramah tetep dapet relax aja guys
rfirgantoro,X,"ceramahnya tetep dapet kok, relax aja guys",2024-12-23 15:25:49,positif,ceramah tetep dapet relax aja guys
firgantoroajiman,X,biasa aja sih,2024-12-23 15:43:12,netral,aja sih
banggriawan,X,"ga lucu, malah nyakitin hati yg jualan",2024-12-23 15:34:08,negatif,ga lucu nyakitin hati yg jual
septipradana,X,masih netral aja sih gw liatnya,2024-12-23 15:51:08,netral,netral aja sih gw liat
oprasasta,X,jujurly lucu banget sih ini 😭,2024-12-23 15:29:52,positif,jujurly lucu banget sih
aswanisihombing,X,ga sopan bgt ngomong gitu,2024-12-23 15:04:49,negatif,ga sopan bgt ngomong gitu
siraitraisa,X,jujurly lucu banget sih ini 😭,2024-12-23 15:07:24,positif,jujurly lucu banget sih
ayuliarti,X,biar agak keras tapi niatnya baik kok,2024-12-23 15:33:30,positif,biar keras niat
hartatimuni,X,ni gus emg ada aja kelakuannya 😂,2024-12-23 15:08:56,positif,ni gus emg aja laku
silvia40,X,gus miftah harus minta maaf sih ini,2024-12-23 15:28:47,negatif,gus miftah maaf sih
lrahayu,X,bisa2 jualan es teh jd insecure 😓,2024-12-23 15:19:30,negatif,jual es teh jd insecure
cahya09,X,jujurly lucu banget sih ini 😭,2024-12-23 15:04:45,positif,jujurly lucu banget sih
bkusumo,X,tergantung yg nonton juga sih,2024-12-23 15:15:31,netral,gantung yg nonton sih
uli14,X,biasa aja sih,2024-12-23 15:38:14,netral,aja sih
endahnurdiyanti,X,ni gus emg ada aja kelakuannya 😂,2024-12-23 15:32:06,positif,ni gus emg aja laku
kemal25,X,ga sopan bgt ngomong gitu,2024-12-23 15:10:20,negatif,ga sopan bgt ngomong gitu
latuponorestu,X,"ceramahnya tetep dapet kok, relax aja guys",2024-12-23 15:16:44,positif,ceramah tetep dapet relax aja guys
hsaragih,X,gue liat ini ya udah lah ya,2024-12-23 15:11:31,netral,gue liat ya udah ya
perkasahutagalung,X,hmm no comment deh,2024-12-23 15:43:31,netral,hmm no comment deh
rosmanagustina,X,"ceramahnya tetep dapet kok, relax aja guys",2024-12-23 15:25:03,positif,ceramah tetep dapet relax aja guys
whidayat,X,hmm no comment deh,2024-12-23 15:31:15,netral,hmm no comment deh
santososoleh,X,biar agak keras tapi niatnya baik kok,2024-12-23 15:30:00,positif,biar keras niat
nwinarsih,X,"bener juga sih, kadang netizen terlalu baper",2024-12-23 15:56:35,positif,bener sih kadang netizen baper
galurlaksita,X,gue liat ini ya udah lah ya,2024-12-23 15:51:15,netral,gue liat ya udah ya
kusuma99,X,gus miftah harus minta maaf sih ini,2024-12-23 15:50:44,negatif,gus miftah maaf sih
irsad13,X,ni gus emg ada aja kelakuannya 😂,2024-12-23 15:51:19,positif,ni gus emg aja laku
johansaefullah,X,tergantung yg nonton juga sih,2024-12-23 15:11:16,netral,gantung yg nonton sih
fujiatiasman,X,"bener juga sih, kadang netizen terlalu baper",2024-12-23 15:32:27,positif,bener sih kadang netizen baper
rnugroho,X,biar agak keras tapi niatnya baik kok,2024-12-23 15:03:55,positif,biar keras niat
teguhsihotang,X,biasa aja sih,2024-12-23 15:40:21,netral,aja sih
prasetyabalapati,X,biar agak keras tapi niatnya baik kok,2024-12-23 15:49:06,positif,biar keras niat
yogausada,X,biar agak keras tapi niatnya baik kok,2024-12-23 15:29:03,positif,biar keras niat
novitasarisarah,X,biasa aja sih,2024-12-23 15:24:08,netral,aja sih
galuhmanullang,X,ga sopan bgt ngomong gitu,2024-12-23 15:22:56,negatif,ga sopan bgt ngomong gitu
sadinamaulana,X,waduh ini sih udah kelewat batas,2024-12-23 15:10:58,negatif,sih udah lewat batas
narpatigada,X,"ga lucu, malah nyakitin hati yg jualan",2024-12-23 15:40:39,negatif,ga lucu nyakitin hati yg jual
qori92,X,bisa2 jualan es teh jd insecure 😓,2024-12-23 15:15:43,negatif,jual es teh jd insecure
ratnapermata,X,"bener juga sih, kadang netizen terlalu baper",2024-12-23 15:54:55,positif,bener sih kadang netizen baper
hastawulandari,X,gw setuju sih ama omongannya gus,2024-12-23 15:39:29,positif,gw tuju sih ama omong gus
marsitoastuti,X,bisa2 jualan es teh jd insecure 😓,2024-12-23 15:07:49,negatif,jual es teh jd insecure
gangsar39,X,ni gus emg ada aja kelakuannya 😂,2024-12-23 15:20:14,positif,ni gus emg aja laku
fujiatiharjaya,X,"ceramahnya tetep dapet kok, relax aja guys",2024-12-23 15:56:31,positif,ceramah tetep dapet relax aja guys
oprayoga,X,ceramah apaan malah ngehina,2024-12-23 15:36:17,negatif,ceramah ngehina
omanullang,X,ga sopan bgt ngomong gitu,2024-12-23 15:39:14,negatif,ga sopan bgt ngomong gitu
maya64,X,"bener juga sih, kadang netizen terlalu baper",2024-12-23 15:05:53,positif,bener sih kadang netizen baper
karma06,X,"ceramahnya tetep dapet kok, relax aja guys",2024-12-23 15:22:52,positif,ceramah tetep dapet relax aja guys
jakanapitupulu,X,gue liat ini ya udah lah ya,2024-12-23 15:19:19,netral,gue liat ya udah ya
almiradongoran,X,ga sopan bgt ngomong gitu,2024-12-23 15:30:54,negatif,ga sopan bgt ngomong gitu
daliminnatsir,X,"ceramahnya tetep dapet kok, relax aja guys",2024-12-23 15:22:48,positif,ceramah tetep dapet relax aja guys
restu47,X,ni gus emg ada aja kelakuannya 😂,2024-12-23 15:35:40,positif,ni gus emg aja laku
gunartonajam,X,gus miftah harus minta maaf sih ini,2024-12-23 15:27:25,negatif,gus miftah maaf sih
balamantrinarpati,X,ceramah apaan malah ngehina,2024-12-23 15:13:43,negatif,ceramah ngehina
panjiprasetya,X,ga tau mau bilang apa,2024-12-23 15:44:56,netral,ga tau bilang
luthfipuspita,X,tergantung yg nonton juga sih,2024-12-23 15:26:30,netral,gantung yg nonton sih
enatsir,X,ni gus emg ada aja kelakuannya 😂,2024-12-23 15:14:15,positif,ni gus emg aja laku
luthfi23,X,gue liat ini ya udah lah ya,2024-12-23 15:27:33,netral,gue liat ya udah ya
ellisbudiman,X,"ga lucu, malah nyakitin hati yg jualan",2024-12-23 15:01:03,negatif,ga lucu nyakitin hati yg jual
salwa28,X,gw setuju sih ama omongannya gus,2024-12-23 15:04:24,positif,gw tuju sih ama omong gus
ibranidongoran,X,tergantung yg nonton juga sih,2024-12-23 15:13:28,netral,gantung yg nonton sih
dsuryono,X,tergantung yg nonton juga sih,2024-12-23 15:50:55,netral,gantung yg nonton sih
putiwasita,X,masih netral aja sih gw liatnya,2024-12-23 15:24:45,netral,netral aja sih gw liat
bakdaandriani,X,hmm no comment deh,2024-12-23 15:49:19,netral,hmm no comment deh
padmi48,X,bisa2 jualan es teh jd insecure 😓,2024-12-23 15:07:21,negatif,jual es teh jd insecure
cahyooktaviani,X,"ceramahnya tetep dapet kok, relax aja guys",2024-12-23 15:35:23,positif,ceramah tetep dapet relax aja guys
megantaraluhung,X,jujurly lucu banget sih ini 😭,2024-12-23 15:55:49,positif,jujurly lucu banget sih
pwinarno,X,gw setuju sih ama omongannya gus,2024-12-23 15:00:55,positif,gw tuju sih ama omong gus
citrahassanah,X,ga tau mau bilang apa,2024-12-23 15:27:09,netral,ga tau bilang
setiawantirta,X,ni gus emg ada aja kelakuannya 😂,2024-12-23 15:05:25,positif,ni gus emg aja laku
gsudiati,X,gw setuju sih ama omongannya gus,2024-12-23 15:00:24,positif,gw tuju sih ama omong gus
dwibisono,X,gw setuju sih ama omongannya gus,2024-12-23 15:53:44,positif,gw tuju sih ama omong gus
ajiman22,X,gue liat ini ya udah lah ya,2024-12-23 15:41:18,netral,gue liat ya udah ya
fnainggolan,X,waduh ini sih udah kelewat batas,2024-12-23 15:41:38,negatif,sih udah lewat batas
qtampubolon,X,hmm no comment deh,2024-12-23 15:26:54,netral,hmm no comment deh
marpaungluwar,X,ceramah apaan malah ngehina,2024-12-23 15:42:26,negatif,ceramah ngehina
novahidayanto,X,tergantung yg nonton juga sih,2024-12-23 15:44:36,netral,gantung yg nonton sih
harjo31,X,gw setuju sih ama omongannya gus,2024-12-23 15:41:02,positif,gw tuju sih ama omong gus
nsudiati,X,waduh ini sih udah kelewat batas,2024-12-23 15:13:14,negatif,sih udah lewat batas
koko39,X,gw setuju sih ama omongannya gus,2024-12-23 15:39:33,positif,gw tuju sih ama omong gus
briyanti,X,biar agak keras tapi niatnya baik kok,2024-12-23 15:24:24,positif,biar keras niat
setiawanprayogo,X,ga tau mau bilang apa,2024-12-23 15:12:22,netral,ga tau bilang
kawaca24,X,waduh ini sih udah kelewat batas,2024-12-23 15:16:09,negatif,sih udah lewat batas
dongoranusman,X,gue liat ini ya udah lah ya,2024-12-23 15:19:46,netral,gue liat ya udah ya
upik03,X,biar agak keras tapi niatnya baik kok,2024-12-23 15:44:50,positif,biar keras niat
ratihwasita,X,ga tau mau bilang apa,2024-12-23 15:28:32,netral,ga tau bilang
gandewa55,X,ga tau mau bilang apa,2024-12-23 15:30:36,netral,ga tau bilang
jaistarihoran,X,ga tau mau bilang apa,2024-12-23 15:15:35,netral,ga tau bilang
kairav04,X,ga tau mau bilang apa,2024-12-23 15:06:28,netral,ga tau bilang
ismaillaksmiwati,X,bisa2 jualan es teh jd insecure 😓,2024-12-23 15:09:07,negatif,jual es teh jd insecure
maras71,X,masih netral aja sih gw liatnya,2024-12-23 15:42:05,netral,netral aja sih gw liat
bakijan17,X,"bener juga sih, kadang netizen terlalu baper",2024-12-23 15:00:19,positif,bener sih kadang netizen baper
galak74,X,biar agak keras tapi niatnya baik kok,2024-12-23 15:15:39,positif,biar keras niat
najwa28,X,ga tau mau bilang apa,2024-12-23 15:11:56,netral,ga tau bilang
nnajmudin,X,gue liat ini ya udah lah ya,2024-12-23 15:57:29,netral,gue liat ya udah ya
pranowopadma,X,ga tau mau bilang apa,2024-12-23 15:22:14,netral,ga tau bilang
febisaragih,X,ga sopan bgt ngomong gitu,2024-12-23 15:04:14,negatif,ga sopan bgt ngomong gitu
suryatmidaruna,X,ni gus emg ada aja kelakuannya 😂,2024-12-23 15:22:23,positif,ni gus emg aja laku
tarihoransaadat,X,biar agak keras tapi niatnya baik kok,2024-12-23 15:22:08,positif,biar keras niat
balapati83,X,ga sopan bgt ngomong gitu,2024-12-23 15:17:01,negatif,ga sopan bgt ngomong gitu
wijayanticakrabuana,X,hmm no comment deh,2024-12-23 15:42:06,netral,hmm no comment deh
diahpratiwi,X,"ga lucu, malah nyakitin hati yg jualan",2024-12-23 15:20:02,negatif,ga lucu nyakitin hati yg jual
hamima94,X,ceramah apaan malah ngehina,2024-12-23 15:40:17,negatif,ceramah ngehina
fprasetyo,X,ga sopan bgt ngomong gitu,2024-12-23 15:41:51,negatif,ga sopan bgt ngomong gitu
nasyidahcarub,X,tergantung yg nonton juga sih,2024-12-23 15:03:58,netral,gantung yg nonton sih
bakidin98,X,tergantung yg nonton juga sih,2024-12-23 15:01:01,netral,gantung yg nonton sih
ghaliyati33,X,waduh ini sih udah kelewat batas,2024-12-23 15:24:29,negatif,sih udah lewat batas
suryonoade,X,hmm no comment deh,2024-12-23 15:34:21,netral,hmm no comment deh
hidayantoemas,X,gus miftah harus minta maaf sih ini,2024-12-23 15:13:47,negatif,gus miftah maaf sih
nurdiyantialmira,X,biasa aja sih,2024-12-23 15:52:45,netral,aja sih
ewaluyo,X,"ga lucu, malah nyakitin hati yg jualan",2024-12-23 15:05:40,negatif,ga lucu nyakitin hati yg jual
violetsalahudin,X,gue liat ini ya udah lah ya,2024-12-23 15:56:11,netral,gue liat ya udah ya
ufarida,X,gue liat ini ya udah lah ya,2024-12-23 15:49:25,netral,gue liat ya udah ya
asmianto32,X,biasa aja sih,2024-12-23 15:27:22,netral,aja sih
ywulandari,X,biar agak keras tapi niatnya baik kok,2024-12-23 15:12:27,positif,biar keras niat
hafshahnovitasari,X,gw setuju sih ama omongannya gus,2024-12-23 15:34:04,positif,gw tuju sih ama omong gus
naradi00,X,gus miftah harus minta maaf sih ini,2024-12-23 15:12:00,negatif,gus miftah maaf sih
bagussirait,X,bisa2 jualan es teh jd insecure 😓,2024-12-23 15:24:37,negatif,jual es teh jd insecure
simonwibowo,X,tergantung yg nonton juga sih,2024-12-23 15:09:18,netral,gantung yg nonton sih
halimharjaya,X,ni gus emg ada aja kelakuannya 😂,2024-12-23 15:50:43,positif,ni gus emg aja laku
karyasalahudin,X,masih netral aja sih gw liatnya,2024-12-23 15:13:40,netral,netral aja sih gw liat
upranowo,X,biasa aja sih,2024-12-23 15:50:29,netral,aja sih
marbunismail,X,ni gus emg ada aja kelakuannya 😂,2024-12-23 15:15:02,positif,ni gus emg aja laku
swahyuni,X,"ga lucu, malah nyakitin hati yg jualan",2024-12-23 15:43:04,negatif,ga lucu nyakitin hati yg jual
qandriani,X,ni gus emg ada aja kelakuannya 😂,2024-12-23 15:58:45,positif,ni gus emg aja laku
jwijayanti,X,"ga lucu, malah nyakitin hati yg jualan",2024-12-23 15:05:48,negatif,ga lucu nyakitin hati yg jual
widodoyessi,X,"bener juga sih, kadang netizen terlalu baper",2024-12-23 15:57:47,positif,bener sih kadang netizen baper
xsantoso,X,hmm no comment deh,2024-12-23 15:06:41,netral,hmm no comment deh
amarbun,X,jujurly lucu banget sih ini 😭,2024-12-23 15:14:33,positif,jujurly lucu banget sih
wirapermata,X,ni gus emg ada aja kelakuannya 😂,2024-12-23 15:03:29,positif,ni gus emg aja laku
usmanwinarsih,X,biasa aja sih,2024-12-23 15:56:57,netral,aja sih
kamaria33,X,biar agak keras tapi niatnya baik kok,2024-12-23 15:45:42,positif,biar keras niat
pradiptamartana,X,gue liat ini ya udah lah ya,2024-12-23 15:08:57,netral,gue liat ya udah ya
waluyojamil,X,gw setuju sih ama omongannya gus,2024-12-23 15:58:08,positif,gw tuju sih ama omong gus
kuswoyotasnim,X,biasa aja sih,2024-12-23 15:33:30,netral,aja sih
damaniksetya,X,gw setuju sih ama omongannya gus,2024-12-23 15:10:42,positif,gw tuju sih ama omong gus
tirahastuti,X,hmm no comment deh,2024-12-23 15:51:53,netral,hmm no comment deh
gara82,X,tergantung yg nonton juga sih,2024-12-23 15:39:51,netral,gantung yg nonton sih
cakrawangsaagustina,X,masih netral aja sih gw liatnya,2024-12-23 15:24:26,netral,netral aja sih gw liat
digdayapermadi,X,gus miftah harus minta maaf sih ini,2024-12-23 15:29:14,negatif,gus miftah maaf sih
sihotangtimbul,X,ga sopan bgt ngomong gitu,2024-12-23 15:06:13,negatif,ga sopan bgt ngomong gitu
atmaja44,X,gue liat ini ya udah lah ya,2024-12-23 15:48:27,netral,gue liat ya udah ya
karimanyolanda,X,biar agak keras tapi niatnya baik kok,2024-12-23 15:27:49,positif,biar keras niat
nastuti,X,ga tau mau bilang apa,2024-12-23 15:03:39,netral,ga tau bilang
makarapratama,X,ceramah apaan malah ngehina,2024-12-23 15:32:01,negatif,ceramah ngehina
usamahkarma,X,ni gus emg ada aja kelakuannya 😂,2024-12-23 15:48:39,positif,ni gus emg aja laku
yuliartijarwi,X,ni gus emg ada aja kelakuannya 😂,2024-12-23 15:54:26,positif,ni gus emg aja laku
csimbolon,X,jujurly lucu banget sih ini 😭,2024-12-23 15:41:11,positif,jujurly lucu banget sih
hnurdiyanti,X,"bener juga sih, kadang netizen terlalu baper",2024-12-23 15:02:59,positif,bener sih kadang netizen baper
rahmimelani,X,ga tau mau bilang apa,2024-12-23 15:20:52,netral,ga tau bilang
tarihoranhamzah,X,hmm no comment deh,2024-12-23 15:31:47,netral,hmm no comment deh
sihombingismail,X,hmm no comment deh,2024-12-23 15:55:08,netral,hmm no comment deh
jais58,X,ga tau mau bilang apa,2024-12-23 15:46:42,netral,ga tau bilang
lukitamarbun,X,ga sopan bgt ngomong gitu,2024-12-23 15:44:03,negatif,ga sopan bgt ngomong gitu
vuyainah,X,jujurly lucu banget sih ini 😭,2024-12-23 15:50:17,positif,jujurly lucu banget sih
harifujiati,X,"ceramahnya tetep dapet kok, relax aja guys",2024-12-23 15:34:07,positif,ceramah tetep dapet relax aja guys
tarihoranmaryadi,X,ni gus emg ada aja kelakuannya 😂,2024-12-23 15:10:11,positif,ni gus emg aja laku
maryaticandrakanta,X,waduh ini sih udah kelewat batas,2024-12-23 15:47:47,negatif,sih udah lewat batas
pudjiastutititi,X,gue liat ini ya udah lah ya,2024-12-23 15:10:57,netral,gue liat ya udah ya
qprasetya,X,bisa2 jualan es teh jd insecure 😓,2024-12-23 15:51:54,negatif,jual es teh jd insecure
najwa81,X,"bener juga sih, kadang netizen terlalu baper",2024-12-23 15:22:21,positif,bener sih kadang netizen baper
rajasakayla,X,gw setuju sih ama omongannya gus,2024-12-23 15:04:38,positif,gw tuju sih ama omong gus
galuhsitompul,X,masih netral aja sih gw liatnya,2024-12-23 15:38:53,netral,netral aja sih gw liat
ajiminmanullang,X,tergantung yg nonton juga sih,2024-12-23 15:25:15,netral,gantung yg nonton sih
ramadansilvia,X,hmm no comment deh,2024-12-23 15:09:28,netral,hmm no comment deh
nnasyiah,X,bisa2 jualan es teh jd insecure 😓,2024-12-23 15:15:40,negatif,jual es teh jd insecure
gasti79,X,masih netral aja sih gw liatnya,2024-12-23 15:30:50,netral,netral aja sih gw liat
yhabibi,X,"ceramahnya tetep dapet kok, relax aja guys",2024-12-23 15:12:00,positif,ceramah tetep dapet relax aja guys
tedi52,X,gue liat ini ya udah lah ya,2024-12-23 15:23:59,netral,gue liat ya udah ya
suartinifitriani,X,ni gus emg ada aja kelakuannya 😂,2024-12-23 15:02:59,positif,ni gus emg aja laku
sakurapradipta,X,"ga lucu, malah nyakitin hati yg jualan",2024-12-23 15:39:23,negatif,ga lucu nyakitin hati yg jual
halimahlatika,X,ga sopan bgt ngomong gitu,2024-12-23 15:51:57,negatif,ga sopan bgt ngomong gitu
habibiradika,X,waduh ini sih udah kelewat batas,2024-12-23 15:43:16,negatif,sih udah lewat batas
mpranowo,X,hmm no comment deh,2024-12-23 15:01:01,netral,hmm no comment deh
budimankarya,X,hmm no comment deh,2024-12-23 15:21:48,netral,hmm no comment deh
jefriyuliarti,X,ga sopan bgt ngomong gitu,2024-12-23 15:38:55,negatif,ga sopan bgt ngomong gitu
jefrianggraini,X,waduh ini sih udah kelewat batas,2024-12-23 15:10:56,negatif,sih udah lewat batas
aswani93,X,biasa aja sih,2024-12-23 15:51:37,netral,aja sih
prasastaozy,X,ceramah apaan malah ngehina,2024-12-23 15:24:15,negatif,ceramah ngehina
dalimamelani,X,masih netral aja sih gw liatnya,2024-12-23 15:18:59,netral,netral aja sih gw liat
puput13,X,gw setuju sih ama omongannya gus,2024-12-23 15:01:48,positif,gw tuju sih ama omong gus
tedisiregar,X,tergantung yg nonton juga sih,2024-12-23 15:40:17,netral,gantung yg nonton sih
devi77,X,ceramah apaan malah ngehina,2024-12-23 15:48:52,negatif,ceramah ngehina
emas80,X,gw setuju sih ama omongannya gus,2024-12-23 15:39:06,positif,gw tuju sih ama omong gus
vmanullang,X,gus miftah harus minta maaf sih ini,2024-12-23 15:28:44,negatif,gus miftah maaf sih
kani61,X,tergantung yg nonton juga sih,2024-12-23 15:27:17,netral,gantung yg nonton sih
waluyomulyani,X,ga tau mau bilang apa,2024-12-23 15:23:26,netral,ga tau bilang
oni41,X,ceramah apaan malah ngehina,2024-12-23 15:28:15,negatif,ceramah ngehina
aswanifarida,X,ceramah apaan malah ngehina,2024-12-23 15:18:34,negatif,ceramah ngehina
jhassanah,X,biar agak keras tapi niatnya baik kok,2024-12-23 15:11:06,positif,biar keras niat
sudiatipurwadi,X,ceramah apaan malah ngehina,2024-12-23 15:11:04,negatif,ceramah ngehina
nainggolankarya,X,ceramah apaan malah ngehina,2024-12-23 15:17:33,negatif,ceramah ngehina
warsita73,X,gw setuju sih ama omongannya gus,2024-12-23 15:16:08,positif,gw tuju sih ama omong gus
siraitnabila,X,biar agak keras tapi niatnya baik kok,2024-12-23 15:46:44,positif,biar keras niat
panca17,X,"ga lucu, malah nyakitin hati yg jualan",2024-12-23 15:22:40,negatif,ga lucu nyakitin hati yg jual
atma57,X,biasa aja sih,2024-12-23 15:58:43,netral,aja sih
vivianggriawan,X,jujurly lucu banget sih ini 😭,2024-12-23 15:40:46,positif,jujurly lucu banget sih
xhalim,X,tergantung yg nonton juga sih,2024-12-23 15:22:45,netral,gantung yg nonton sih
lestarimursita,X,"bener juga sih, kadang netizen terlalu baper",2024-12-23 15:59:51,positif,bener sih kadang netizen baper
uyainahsuci,X,biar agak keras tapi niatnya baik kok,2024-12-23 15:08:21,positif,biar keras niat
zulaikadina,X,tergantung yg nonton juga sih,2024-12-23 15:23:04,netral,gantung yg nonton sih
alikahutagalung,X,gus miftah harus minta maaf sih ini,2024-12-23 15:23:45,negatif,gus miftah maaf sih
humairamulyani,X,ceramah apaan malah ngehina,2024-12-23 15:11:31,negatif,ceramah ngehina
saptonomalik,X,"ceramahnya tetep dapet kok, relax aja guys",2024-12-23 15:33:18,positif,ceramah tetep dapet relax aja guys
tirtaadriansyah,X,waduh ini sih udah kelewat batas,2024-12-23 15:49:50,negatif,sih udah lewat batas
omar37,X,ceramah apaan malah ngehina,2024-12-23 15:28:47,negatif,ceramah ngehina
legawa33,X,ga tau mau bilang apa,2024-12-23 15:19:05,netral,ga tau bilang
balidin24,X,gus miftah harus minta maaf sih ini,2024-12-23 15:06:51,negatif,gus miftah maaf sih
kairavwahyudin,X,"bener juga sih, kadang netizen terlalu baper",2024-12-23 15:03:41,positif,bener sih kadang netizen baper
prasetyo20,X,biar agak keras tapi niatnya baik kok,2024-12-23 15:37:45,positif,biar keras niat
rangga12,X,biasa aja sih,2024-12-23 15:20:42,netral,aja sih
lutfanwasita,X,biasa aja sih,2024-12-23 15:44:40,netral,aja sih
vnugroho,X,gus miftah harus minta maaf sih ini,2024-12-23 15:15:03,negatif,gus miftah maaf sih
maryatielisa,X,gw setuju sih ama omongannya gus,2024-12-23 15:47:55,positif,gw tuju sih ama omong gus
puti02,X,tergantung yg nonton juga sih,2024-12-23 15:38:58,netral,gantung yg nonton sih
putrihartati,X,masih netral aja sih gw liatnya,2024-12-23 15:15:48,netral,netral aja sih gw liat
susanticlara,X,"ga lucu, malah nyakitin hati yg jualan",2024-12-23 15:47:04,negatif,ga lucu nyakitin hati yg jual
dinda35,X,gue liat ini ya udah lah ya,2024-12-23 15:38:01,netral,gue liat ya udah ya
yhidayat,X,biasa aja sih,2024-12-23 15:53:51,netral,aja sih
vbudiyanto,X,biasa aja sih,2024-12-23 15:11:35,netral,aja sih
puspasariviman,X,biasa aja sih,2024-12-23 15:33:19,netral,aja sih
hutasoitbella,X,tergantung yg nonton juga sih,2024-12-23 15:09:59,netral,gantung yg nonton sih
maidabudiman,X,bisa2 jualan es teh jd insecure 😓,2024-12-23 15:21:39,negatif,jual es teh jd insecure
olazuardi,X,waduh ini sih udah kelewat batas,2024-12-23 15:40:54,negatif,sih udah lewat batas
januarwinda,X,jujurly lucu banget sih ini 😭,2024-12-23 15:18:00,positif,jujurly lucu banget sih
harjasa37,X,waduh ini sih udah kelewat batas,2024-12-23 15:21:40,negatif,sih udah lewat batas
salimah32,X,gw setuju sih ama omongannya gus,2024-12-23 15:21:02,positif,gw tuju sih ama omong gus
wisnupermata,X,waduh ini sih udah kelewat batas,2024-12-23 15:12:59,negatif,sih udah lewat batas
rahmidabukke,X,ga sopan bgt ngomong gitu,2024-12-23 15:59:31,negatif,ga sopan bgt ngomong gitu
gunawankusuma,X,bisa2 jualan es teh jd insecure 😓,2024-12-23 15:54:10,negatif,jual es teh jd insecure
oskar02,X,gue liat ini ya udah lah ya,2024-12-23 15:20:31,netral,gue liat ya udah ya
parman26,X,ceramah apaan malah ngehina,2024-12-23 15:19:14,negatif,ceramah ngehina
adika94,X,"bener juga sih, kadang netizen terlalu baper",2024-12-23 15:59:13,positif,bener sih kadang netizen baper
kasusra86,X,ga sopan bgt ngomong gitu,2024-12-23 15:50:15,negatif,ga sopan bgt ngomong gitu
bakiantowidodo,X,waduh ini sih udah kelewat batas,2024-12-23 15:45:58,negatif,sih udah lewat batas
nugrohosari,X,"bener juga sih, kadang netizen terlalu baper",2024-12-23 15:25:07,positif,bener sih kadang netizen baper
nhutagalung,X,biasa aja sih,2024-12-23 15:45:34,netral,aja sih
pratiwikayun,X,waduh ini sih udah kelewat batas,2024-12-23 15:05:23,negatif,sih udah lewat batas
radikasihombing,X,waduh ini sih udah kelewat batas,2024-12-23 15:21:08,negatif,sih udah lewat batas
ganepfirgantoro,X,biar agak keras tapi niatnya baik kok,2024-12-23 15:51:01,positif,biar keras niat
simon06,X,biar agak keras tapi niatnya baik kok,2024-12-23 15:10:27,positif,biar keras niat
hairyanto58,X,biasa aja sih,2024-12-23 15:12:20,netral,aja sih
harja05,X,"bener juga sih, kadang netizen terlalu baper",2024-12-23 15:07:37,positif,bener sih kadang netizen baper
vero45,X,ceramah apaan malah ngehina,2024-12-23 15:59:31,negatif,ceramah ngehina
pangestuhesti,X,tergantung yg nonton juga sih,2024-12-23 15:53:57,netral,gantung yg nonton sih
lembahsuartini,X,ceramah apaan malah ngehina,2024-12-23 15:38:33,negatif,ceramah ngehina
satya43,X,gus miftah harus minta maaf sih ini,2024-12-23 15:41:41,negatif,gus miftah maaf sih
prayogosinaga,X,gus miftah harus minta maaf sih ini,2024-12-23 15:01:13,negatif,gus miftah maaf sih
prasastacinthia,X,tergantung yg nonton juga sih,2024-12-23 15:31:23,netral,gantung yg nonton sih
thalimah,X,ga sopan bgt ngomong gitu,2024-12-23 15:18:45,negatif,ga sopan bgt ngomong gitu
firgantorozamira,X,biasa aja sih,2024-12-23 15:02:43,netral,aja sih
radit49,X,masih netral aja sih gw liatnya,2024-12-23 15:00:21,netral,netral aja sih gw liat
santosogaman,X,ceramah apaan malah ngehina,2024-12-23 15:48:11,negatif,ceramah ngehina
hutapeacaket,X,hmm no comment deh,2024-12-23 15:49:09,netral,hmm no comment deh
nalarrahimah,X,masih netral aja sih gw liatnya,2024-12-23 15:05:39,netral,netral aja sih gw liat
karya95,X,ceramah apaan malah ngehina,2024-12-23 15:14:38,negatif,ceramah ngehina
jelitasimbolon,X,tergantung yg nonton juga sih,2024-12-23 15:54:41,netral,gantung yg nonton sih
hasta87,X,bisa2 jualan es teh jd insecure 😓,2024-12-23 15:34:47,negatif,jual es teh jd insecure
osuartini,X,ga sopan bgt ngomong gitu,2024-12-23 15:08:47,negatif,ga sopan bgt ngomong gitu
bjanuar,X,tergantung yg nonton juga sih,2024-12-23 15:08:56,netral,gantung yg nonton sih
cawisonoharyanti,X,gw setuju sih ama omongannya gus,2024-12-23 15:15:23,positif,gw tuju sih ama omong gus
cakrawalasitorus,X,ga tau mau bilang apa,2024-12-23 15:57:00,netral,ga tau bilang
martanithamrin,X,"bener juga sih, kadang netizen terlalu baper",2024-12-23 15:08:08,positif,bener sih kadang netizen baper
megantarasuci,X,biar agak keras tapi niatnya baik kok,2024-12-23 15:01:30,positif,biar keras niat
laksitadagel,X,ga tau mau bilang apa,2024-12-23 15:43:00,netral,ga tau bilang
heryanto35,X,bisa2 jualan es teh jd insecure 😓,2024-12-23 15:33:26,negatif,jual es teh jd insecure
rachelhidayanto,X,biasa aja sih,2024-12-23 15:14:03,netral,aja sih
habibicemani,X,ni gus emg ada aja kelakuannya 😂,2024-12-23 15:27:57,positif,ni gus emg aja laku
jumari08,X,hmm no comment deh,2024-12-23 15:15:19,netral,hmm no comment deh
galihbudiyanto,X,tergantung yg nonton juga sih,2024-12-23 15:56:01,netral,gantung yg nonton sih
ynainggolan,X,ga sopan bgt ngomong gitu,2024-12-23 15:22:03,negatif,ga sopan bgt ngomong gitu
laksmiwatifebi,X,ga tau mau bilang apa,2024-12-23 15:33:31,netral,ga tau bilang
atampubolon,X,ga sopan bgt ngomong gitu,2024-12-23 15:25:56,negatif,ga sopan bgt ngomong gitu
laksitaleo,X,"ceramahnya tetep dapet kok, relax aja guys",2024-12-23 15:35:16,positif,ceramah tetep dapet relax aja guys
zaenab60,X,bisa2 jualan es teh jd insecure 😓,2024-12-23 15:07:38,negatif,jual es teh jd insecure
suryatmiasmianto,X,"ceramahnya tetep dapet kok, relax aja guys",2024-12-23 15:32:52,positif,ceramah tetep dapet relax aja guys
rafid71,X,ceramah apaan malah ngehina,2024-12-23 15:45:07,negatif,ceramah ngehina
fmulyani,X,ceramah apaan malah ngehina,2024-12-23 15:27:25,negatif,ceramah ngehina
banawa40,X,ga sopan bgt ngomong gitu,2024-12-23 15:39:33,negatif,ga sopan bgt ngomong gitu
cakrawala78,X,biar agak keras tapi niatnya baik kok,2024-12-23 15:19:19,positif,biar keras niat
nurdiyantiliman,X,ga tau mau bilang apa,2024-12-23 15:10:21,netral,ga tau bilang
wasitasidiq,X,gue liat ini ya udah lah ya,2024-12-23 15:42:22,netral,gue liat ya udah ya
hutasoitzizi,X,tergantung yg nonton juga sih,2024-12-23 15:44:51,netral,gantung yg nonton sih
cahyasaputra,X,"bener juga sih, kadang netizen terlalu baper",2024-12-23 15:30:02,positif,bener sih kadang netizen baper
laksmiwatiwawan,X,"ceramahnya tetep dapet kok, relax aja guys",2024-12-23 15:47:04,positif,ceramah tetep dapet relax aja guys
rafi44,X,gue liat ini ya udah lah ya,2024-12-23 15:58:01,netral,gue liat ya udah ya
mpertiwi,X,masih netral aja sih gw liatnya,2024-12-23 15:49:39,netral,netral aja sih gw liat
suryatmisidiq,X,bisa2 jualan es teh jd insecure 😓,2024-12-23 15:29:22,negatif,jual es teh jd insecure
cahyalailasari,X,gus miftah harus minta maaf sih ini,2024-12-23 15:05:04,negatif,gus miftah maaf sih
lurhur64,X,biasa aja sih,2024-12-23 15:49:42,netral,aja sih
jailjanuar,X,gus miftah harus minta maaf sih ini,2024-12-23 15:08:25,negatif,gus miftah maaf sih
nugrahasantoso,X,hmm no comment deh,2024-12-23 15:51:29,netral,hmm no comment deh
wartakusmawati,X,ga sopan bgt ngomong gitu,2024-12-23 15:46:24,negatif,ga sopan bgt ngomong gitu
lasmononashiruddin,X,ni gus emg ada aja kelakuannya 😂,2024-12-23 15:42:19,positif,ni gus emg aja laku
maryaditira,X,ga sopan bgt ngomong gitu,2024-12-23 15:12:33,negatif,ga sopan bgt ngomong gitu
vwinarno,X,ni gus emg ada aja kelakuannya 😂,2024-12-23 15:05:17,positif,ni gus emg aja laku
suryonomitra,X,"bener juga sih, kadang netizen terlalu baper",2024-12-23 15:42:14,positif,bener sih kadang netizen baper
mansurdevi,X,gue liat ini ya udah lah ya,2024-12-23 15:52:31,netral,gue liat ya udah ya
agnesprayoga,X,biar agak keras tapi niatnya baik kok,2024-12-23 15:05:35,positif,biar keras niat
awijayanti,X,ceramah apaan malah ngehina,2024-12-23 15:35:47,negatif,ceramah ngehina
haryantipaiman,X,ga sopan bgt ngomong gitu,2024-12-23 15:48:33,negatif,ga sopan bgt ngomong gitu
rahmawatieli,X,masih netral aja sih gw liatnya,2024-12-23 15:44:14,netral,netral aja sih gw liat
kaylasaragih,X,gue liat ini ya udah lah ya,2024-12-23 15:25:53,netral,gue liat ya udah ya
widodosilvia,X,"ceramahnya tetep dapet kok, relax aja guys",2024-12-23 15:18:48,positif,ceramah tetep dapet relax aja guys
damunatsir,X,gue liat ini ya udah lah ya,2024-12-23 15:18:18,netral,gue liat ya udah ya
mariadimayasari,X,ni gus emg ada aja kelakuannya 😂,2024-12-23 15:26:54,positif,ni gus emg aja laku
namagaparis,X,hmm no comment deh,2024-12-23 15:56:36,netral,hmm no comment deh
farahfujiati,X,gue liat ini ya udah lah ya,2024-12-23 15:20:06,netral,gue liat ya udah ya
vimanmaryadi,X,"ga lucu, malah nyakitin hati yg jualan",2024-12-23 15:43:26,negatif,ga lucu nyakitin hati yg jual
usadaeman,X,hmm no comment deh,2024-12-23 15:30:18,netral,hmm no comment deh
almira95,X,biar agak keras tapi niatnya baik kok,2024-12-23 15:04:05,positif,biar keras niat
pranowohesti,X,biar agak keras tapi niatnya baik kok,2024-12-23 15:55:28,positif,biar keras niat
cawuksaptono,X,biar agak keras tapi niatnya baik kok,2024-12-23 15:44:35,positif,biar keras niat
hsitumorang,X,gus miftah harus minta maaf sih ini,2024-12-23 15:10:35,negatif,gus miftah maaf sih
nalarsitumorang,X,ceramah apaan malah ngehina,2024-12-23 15:53:42,negatif,ceramah ngehina
lalamarbun,X,bisa2 jualan es teh jd insecure 😓,2024-12-23 15:25:27,negatif,jual es teh jd insecure
padminamaga,X,biasa aja sih,2024-12-23 15:32:41,netral,aja sih
tambamartaka,X,gw setuju sih ama omongannya gus,2024-12-23 15:33:10,positif,gw tuju sih ama omong gus
raisarajasa,X,ni gus emg ada aja kelakuannya 😂,2024-12-23 15:39:54,positif,ni gus emg aja laku
marwata82,X,bisa2 jualan es teh jd insecure 😓,2024-12-23 15:53:12,negatif,jual es teh jd insecure
winarnosidiq,X,"ceramahnya tetep dapet kok, relax aja guys",2024-12-23 15:48:35,positif,ceramah tetep dapet relax aja guys
ramadanlanang,X,gw setuju sih ama omongannya gus,2024-12-23 15:04:47,positif,gw tuju sih ama omong gus
raden75,X,waduh ini sih udah kelewat batas,2024-12-23 15:06:16,negatif,sih udah lewat batas
jharyanto,X,hmm no comment deh,2024-12-23 15:51:01,netral,hmm no comment deh
psihotang,X,waduh ini sih udah kelewat batas,2024-12-23 15:28:04,negatif,sih udah lewat batas
agustinahani,X,waduh ini sih udah kelewat batas,2024-12-23 15:14:50,negatif,sih udah lewat batas
damanikcitra,X,waduh ini sih udah kelewat batas,2024-12-23 15:38:09,negatif,sih udah lewat batas
tampubolonluthfi,X,ceramah apaan malah ngehina,2024-12-23 15:43:35,negatif,ceramah ngehina
olivialestari,X,jujurly lucu banget sih ini 😭,2024-12-23 15:18:45,positif,jujurly lucu banget sih
usuryatmi,X,gw setuju sih ama omongannya gus,2024-12-23 15:32:19,positif,gw tuju sih ama omong gus
prasastaella,X,gw setuju sih ama omongannya gus,2024-12-23 15:52:28,positif,gw tuju sih ama omong gus
sabararyani,X,gus miftah harus minta maaf sih ini,2024-12-23 15:02:47,negatif,gus miftah maaf sih
paiman89,X,biasa aja sih,2024-12-23 15:00:31,netral,aja sih
dipa80,X,waduh ini sih udah kelewat batas,2024-12-23 15:48:42,negatif,sih udah lewat batas
anom11,X,"bener juga sih, kadang netizen terlalu baper",2024-12-23 15:56:17,positif,bener sih kadang netizen baper
hendribudiman,X,waduh ini sih udah kelewat batas,2024-12-23 15:33:02,negatif,sih udah lewat batas
ksetiawan,X,waduh ini sih udah kelewat batas,2024-12-23 15:52:36,negatif,sih udah lewat batas
suartinivivi,X,biasa aja sih,2024-12-23 15:54:42,netral,aja sih
iranuraini,X,hmm no comment deh,2024-12-23 15:13:19,netral,hmm no comment deh
utamigalar,X,gue liat ini ya udah lah ya,2024-12-23 15:37:46,netral,gue liat ya udah ya
kamilawaluyo,X,ceramah apaan malah ngehina,2024-12-23 15:29:14,negatif,ceramah ngehina
taniagunarto,X,"ceramahnya tetep dapet kok, relax aja guys",2024-12-23 15:48:29,positif,ceramah tetep dapet relax aja guys
lasmanto95,X,gw setuju sih ama omongannya gus,2024-12-23 15:52:16,positif,gw tuju sih ama omong gus
gamblangsalahudin,X,gus miftah harus minta maaf sih ini,2024-12-23 15:18:28,negatif,gus miftah maaf sih
balidinutama,X,masih netral aja sih gw liatnya,2024-12-23 15:05:09,netral,netral aja sih gw liat
gamani86,X,jujurly lucu banget sih ini 😭,2024-12-23 15:04:27,positif,jujurly lucu banget sih
adriansyahadiarja,X,bisa2 jualan es teh jd insecure 😓,2024-12-23 15:45:42,negatif,jual es teh jd insecure
prabowoclara,X,biar agak keras tapi niatnya baik kok,2024-12-23 15:35:38,positif,biar keras niat
xwahyuni,X,biasa aja sih,2024-12-23 15:12:11,netral,aja sih
zizinapitupulu,X,gus miftah harus minta maaf sih ini,2024-12-23 15:37:11,negatif,gus miftah maaf sih
bellaanggriawan,X,ceramah apaan malah ngehina,2024-12-23 15:31:48,negatif,ceramah ngehina
mahesapermata,X,ni gus emg ada aja kelakuannya 😂,2024-12-23 15:05:07,positif,ni gus emg aja laku
verowidiastuti,X,masih netral aja sih gw liatnya,2024-12-23 15:55:43,netral,netral aja sih gw liat
bsimbolon,X,waduh ini sih udah kelewat batas,2024-12-23 15:59:46,negatif,sih udah lewat batas
fsuryatmi,X,gue liat ini ya udah lah ya,2024-12-23 15:44:24,netral,gue liat ya udah ya
onugroho,X,ga sopan bgt ngomong gitu,2024-12-23 15:14:31,negatif,ga sopan bgt ngomong gitu
budimaneka,X,jujurly lucu banget sih ini 😭,2024-12-23 15:34:04,positif,jujurly lucu banget sih
siregargenta,X,waduh ini sih udah kelewat batas,2024-12-23 15:17:43,negatif,sih udah lewat batas
usadaeka,X,"ceramahnya tetep dapet kok, relax aja guys",2024-12-23 15:12:33,positif,ceramah tetep dapet relax aja guys
suryonopandu,X,gus miftah harus minta maaf sih ini,2024-12-23 15:59:39,negatif,gus miftah maaf sih
narji81,X,masih netral aja sih gw liatnya,2024-12-23 15:22:26,netral,netral aja sih gw liat
kuswandarinilam,X,"ga lucu, malah nyakitin hati yg jualan",2024-12-23 15:06:45,negatif,ga lucu nyakitin hati yg jual
paulin44,X,ga sopan bgt ngomong gitu,2024-12-23 15:08:34,negatif,ga sopan bgt ngomong gitu
galih82,X,bisa2 jualan es teh jd insecure 😓,2024-12-23 15:34:11,negatif,jual es teh jd insecure
rahayujail,X,biar agak keras tapi niatnya baik kok,2024-12-23 15:24:44,positif,biar keras niat
purwantimaman,X,hmm no comment deh,2024-12-23 15:16:33,netral,hmm no comment deh
wsaragih,X,masih netral aja sih gw liatnya,2024-12-23 15:25:41,netral,netral aja sih gw liat
nasyiahpadmi,X,ga sopan bgt ngomong gitu,2024-12-23 15:49:31,negatif,ga sopan bgt ngomong gitu
namagakala,X,ga tau mau bilang apa,2024-12-23 15:18:17,netral,ga tau bilang
cakrawangsaandriani,X,gus miftah harus minta maaf sih ini,2024-12-23 15:44:05,negatif,gus miftah maaf sih
astutieja,X,ceramah apaan malah ngehina,2024-12-23 15:24:06,negatif,ceramah ngehina
rahimahjoko,X,"ga lucu, malah nyakitin hati yg jualan",2024-12-23 15:42:11,negatif,ga lucu nyakitin hati yg jual
septihutapea,X,biar agak keras tapi niatnya baik kok,2024-12-23 15:51:51,positif,biar keras niat
gaduhuyainah,X,hmm no comment deh,2024-12-23 15:29:49,netral,hmm no comment deh
siskamaheswara,X,waduh ini sih udah kelewat batas,2024-12-23 15:21:35,negatif,sih udah lewat batas
jabal23,X,ceramah apaan malah ngehina,2024-12-23 15:56:33,negatif,ceramah ngehina
maryatigaman,X,gus miftah harus minta maaf sih ini,2024-12-23 15:16:27,negatif,gus miftah maaf sih
iswahyudijaswadi,X,tergantung yg nonton juga sih,2024-12-23 15:25:11,netral,gantung yg nonton sih
reza97,X,"ga lucu, malah nyakitin hati yg jualan",2024-12-23 15:48:39,negatif,ga lucu nyakitin hati yg jual
cwijaya,X,tergantung yg nonton juga sih,2024-12-23 15:11:12,netral,gantung yg nonton sih
ilyas12,X,ni gus emg ada aja kelakuannya 😂,2024-12-23 15:23:10,positif,ni gus emg aja laku
kairavprasetya,X,"bener juga sih, kadang netizen terlalu baper",2024-12-23 15:56:38,positif,bener sih kadang netizen baper
bakda85,X,"ga lucu, malah nyakitin hati yg jualan",2024-12-23 15:25:28,negatif,ga lucu nyakitin hati yg jual
putri10,X,ga tau mau bilang apa,2024-12-23 15:38:46,netral,ga tau bilang
ardiantoasirwanda,X,masih netral aja sih gw liatnya,2024-12-23 15:23:55,netral,netral aja sih gw liat
puspitadarmaji,X,"ceramahnya tetep dapet kok, relax aja guys",2024-12-23 15:10:17,positif,ceramah tetep dapet relax aja guys
rjailani,X,"ga lucu, malah nyakitin hati yg jualan",2024-12-23 15:09:14,negatif,ga lucu nyakitin hati yg jual
zalindra72,X,masih netral aja sih gw liatnya,2024-12-23 15:09:05,netral,netral aja sih gw liat
rafidmelani,X,biasa aja sih,2024-12-23 15:01:43,netral,aja sih
ismailjailani,X,ceramah apaan malah ngehina,2024-12-23 15:54:31,negatif,ceramah ngehina
yrajasa,X,"ga lucu, malah nyakitin hati yg jualan",2024-12-23 15:57:10,negatif,ga lucu nyakitin hati yg jual
nurdiyantigambira,X,bisa2 jualan es teh jd insecure 😓,2024-12-23 15:32:09,negatif,jual es teh jd insecure
ina82,X,waduh ini sih udah kelewat batas,2024-12-23 15:49:37,negatif,sih udah lewat batas
latif13,X,ga tau mau bilang apa,2024-12-23 15:58:43,netral,ga tau bilang
qdabukke,X,ceramah apaan malah ngehina,2024-12-23 15:03:42,negatif,ceramah ngehina
daniswarasuryatmi,X,hmm no comment deh,2024-12-23 15:03:01,netral,hmm no comment deh
ysaputra,X,tergantung yg nonton juga sih,2024-12-23 15:36:35,netral,gantung yg nonton sih
kardi97,X,ceramah apaan malah ngehina,2024-12-23 15:27:40,negatif,ceramah ngehina
tpertiwi,X,gus miftah harus minta maaf sih ini,2024-12-23 15:16:22,negatif,gus miftah maaf sih
galiononarpati,X,bisa2 jualan es teh jd insecure 😓,2024-12-23 15:47:10,negatif,jual es teh jd insecure
zalindra32,X,"bener juga sih, kadang netizen terlalu baper",2024-12-23 15:59:35,positif,bener sih kadang netizen baper
situmorangfaizah,X,"ceramahnya tetep dapet kok, relax aja guys",2024-12-23 15:57:35,positif,ceramah tetep dapet relax aja guys
garaprasetyo,X,ga sopan bgt ngomong gitu,2024-12-23 15:29:53,negatif,ga sopan bgt ngomong gitu
nsihombing,X,waduh ini sih udah kelewat batas,2024-12-23 15:18:58,negatif,sih udah lewat batas
gaimanwahyudin,X,biasa aja sih,2024-12-23 15:58:00,netral,aja sih
balidin64,X,"bener juga sih, kadang netizen terlalu baper",2024-12-23 15:06:22,positif,bener sih kadang netizen baper
paramitaiswahyudi,X,masih netral aja sih gw liatnya,2024-12-23 15:22:18,netral,netral aja sih gw liat
rendyprastuti,X,tergantung yg nonton juga sih,2024-12-23 15:16:59,netral,gantung yg nonton sih
nainggolanhartana,X,"ga lucu, malah nyakitin hati yg jualan",2024-12-23 15:55:06,negatif,ga lucu nyakitin hati yg jual
putrajindra,X,bisa2 jualan es teh jd insecure 😓,2024-12-23 15:47:13,negatif,jual es teh jd insecure
kawacawulandari,X,"ga lucu, malah nyakitin hati yg jualan",2024-12-23 15:49:47,negatif,ga lucu nyakitin hati yg jual
mwidodo,X,gue liat ini ya udah lah ya,2024-12-23 15:52:39,netral,gue liat ya udah ya
gangsarlaksmiwati,X,bisa2 jualan es teh jd insecure 😓,2024-12-23 15:43:57,negatif,jual es teh jd insecure
irmatamba,X,tergantung yg nonton juga sih,2024-12-23 15:34:32,netral,gantung yg nonton sih
wpalastri,X,jujurly lucu banget sih ini 😭,2024-12-23 15:32:05,positif,jujurly lucu banget sih
langgengnugroho,X,"bener juga sih, kadang netizen terlalu baper",2024-12-23 15:41:33,positif,bener sih kadang netizen baper
ayolanda,X,biasa aja sih,2024-12-23 15:08:00,netral,aja sih
nsuwarno,X,ga sopan bgt ngomong gitu,2024-12-23 15:15:08,negatif,ga sopan bgt ngomong gitu
halimadiarja,X,"ga lucu, malah nyakitin hati yg jualan",2024-12-23 15:31:20,negatif,ga lucu nyakitin hati yg jual
qnajmudin,X,ni gus emg ada aja kelakuannya 😂,2024-12-23 15:53:25,positif,ni gus emg aja laku
prakosahabibi,X,masih netral aja sih gw liatnya,2024-12-23 15:22:28,netral,netral aja sih gw liat
zaenabsaefullah,X,ga tau mau bilang apa,2024-12-23 15:45:58,netral,ga tau bilang
astutifathonah,X,ceramah apaan malah ngehina,2024-12-23 15:40:12,negatif,ceramah ngehina
harjaya10,X,ga tau mau bilang apa,2024-12-23 15:43:41,netral,ga tau bilang
cagustina,X,bisa2 jualan es teh jd insecure 😓,2024-12-23 15:08:24,negatif,jual es teh jd insecure
hanimegantara,X,ni gus emg ada aja kelakuannya 😂,2024-12-23 15:15:53,positif,ni gus emg aja laku
asmadi09,X,ga sopan bgt ngomong gitu,2024-12-23 15:19:54,negatif,ga sopan bgt ngomong gitu
chelseapurnawati,X,biar agak keras tapi niatnya baik kok,2024-12-23 15:42:14,positif,biar keras niat
lulut68,X,ga sopan bgt ngomong gitu,2024-12-23 15:29:24,negatif,ga sopan bgt ngomong gitu
wahyuniajiono,X,"ga lucu, malah nyakitin hati yg jualan",2024-12-23 15:38:21,negatif,ga lucu nyakitin hati yg jual
syahrini25,X,"ceramahnya tetep dapet kok, relax aja guys",2024-12-23 15:39:23,positif,ceramah tetep dapet relax aja guys
warsita98,X,gus miftah harus minta maaf sih ini,2024-12-23 15:23:03,negatif,gus miftah maaf sih
garangyuniar,X,ceramah apaan malah ngehina,2024-12-23 15:08:05,negatif,ceramah ngehina
marbunmariadi,X,"bener juga sih, kadang netizen terlalu baper",2024-12-23 15:20:56,positif,bener sih kadang netizen baper
banarasitorus,X,"bener juga sih, kadang netizen terlalu baper",2024-12-23 15:56:10,positif,bener sih kadang netizen baper
ssihotang,X,ga tau mau bilang apa,2024-12-23 15:28:10,netral,ga tau bilang
galionoanggriawan,X,ni gus emg ada aja kelakuannya 😂,2024-12-23 15:57:49,positif,ni gus emg aja laku
zsimanjuntak,X,masih netral aja sih gw liatnya,2024-12-23 15:43:42,netral,netral aja sih gw liat
uda25,X,jujurly lucu banget sih ini 😭,2024-12-23 15:20:11,positif,jujurly lucu banget sih
andrianicemplunk,X,gus miftah harus minta maaf sih ini,2024-12-23 15:11:04,negatif,gus miftah maaf sih
jamil94,X,masih netral aja sih gw liatnya,2024-12-23 15:13:32,netral,netral aja sih gw liat
uwaislasmono,X,bisa2 jualan es teh jd insecure 😓,2024-12-23 15:38:26,negatif,jual es teh jd insecure
gilang20,X,gw setuju sih ama omongannya gus,2024-12-23 15:44:18,positif,gw tuju sih ama omong gus
arsipatrahabibi,X,biar agak keras tapi niatnya baik kok,2024-12-23 15:01:17,positif,biar keras niat
jmulyani,X,ga tau mau bilang apa,2024-12-23 15:05:33,netral,ga tau bilang
aramadan,X,gus miftah harus minta maaf sih ini,2024-12-23 15:56:11,negatif,gus miftah maaf sih
csihombing,X,"ceramahnya tetep dapet kok, relax aja guys",2024-12-23 15:35:18,positif,ceramah tetep dapet relax aja guys
hilda66,X,ni gus emg ada aja kelakuannya 😂,2024-12-23 15:23:24,positif,ni gus emg aja laku
ezulaika,X,ceramah apaan malah ngehina,2024-12-23 15:57:47,negatif,ceramah ngehina
riyantikambali,X,"ga lucu, malah nyakitin hati yg jualan",2024-12-23 15:53:45,negatif,ga lucu nyakitin hati yg jual
mandalapangeran,X,"bener juga sih, kadang netizen terlalu baper",2024-12-23 15:06:09,positif,bener sih kadang netizen baper
winarnowaluyo,X,masih netral aja sih gw liatnya,2024-12-23 15:16:59,netral,netral aja sih gw liat
estiawan84,X,gw setuju sih ama omongannya gus,2024-12-23 15:35:49,positif,gw tuju sih ama omong gus
uliwaskita,X,gus miftah harus minta maaf sih ini,2024-12-23 15:31:46,negatif,gus miftah maaf sih
queenrajata,X,gus miftah harus minta maaf sih ini,2024-12-23 15:41:23,negatif,gus miftah maaf sih
warsitamaryati,X,tergantung yg nonton juga sih,2024-12-23 15:09:47,netral,gantung yg nonton sih
indramangunsong,X,biar agak keras tapi niatnya baik kok,2024-12-23 15:40:04,positif,biar keras niat
prasetyosiregar,X,hmm no comment deh,2024-12-23 15:36:53,netral,hmm no comment deh
jono87,X,masih netral aja sih gw liatnya,2024-12-23 15:33:27,netral,netral aja sih gw liat
lazuardiwarsa,X,"ga lucu, malah nyakitin hati yg jualan",2024-12-23 15:42:26,negatif,ga lucu nyakitin hati yg jual
gastiandriani,X,waduh ini sih udah kelewat batas,2024-12-23 15:01:56,negatif,sih udah lewat batas
harsaya89,X,"bener juga sih, kadang netizen terlalu baper",2024-12-23 15:27:35,positif,bener sih kadang netizen baper
siregareluh,X,"ceramahnya tetep dapet kok, relax aja guys",2024-12-23 15:36:27,positif,ceramah tetep dapet relax aja guys
ghidayanto,X,hmm no comment deh,2024-12-23 15:26:12,netral,hmm no comment deh
msitompul,X,masih netral aja sih gw liatnya,2024-12-23 15:01:56,netral,netral aja sih gw liat
rendynasyiah,X,biar agak keras tapi niatnya baik kok,2024-12-23 15:58:47,positif,biar keras niat
budimangara,X,"bener juga sih, kadang netizen terlalu baper",2024-12-23 15:01:57,positif,bener sih kadang netizen baper
lestariadika,X,hmm no comment deh,2024-12-23 15:46:56,netral,hmm no comment deh
nilam89,X,biar agak keras tapi niatnya baik kok,2024-12-23 15:19:25,positif,biar keras niat
ilyas31,X,biar agak keras tapi niatnya baik kok,2024-12-23 15:51:25,positif,biar keras niat
kenzie00,X,gus miftah harus minta maaf sih ini,2024-12-23 15:19:01,negatif,gus miftah maaf sih
budiyantoellis,X,"ga lucu, malah nyakitin hati yg jualan",2024-12-23 15:27:02,negatif,ga lucu nyakitin hati yg jual
caketfarida,X,biasa aja sih,2024-12-23 15:55:22,netral,aja sih
gabriella08,X,biar agak keras tapi niatnya baik kok,2024-12-23 15:30:57,positif,biar keras niat
dabukkelega,X,ga sopan bgt ngomong gitu,2024-12-23 15:27:04,negatif,ga sopan bgt ngomong gitu
tina66,X,jujurly lucu banget sih ini 😭,2024-12-23 15:56:18,positif,jujurly lucu banget sih
maryadigading,X,masih netral aja sih gw liatnya,2024-12-23 15:44:26,netral,netral aja sih gw liat
qwidodo,X,jujurly lucu banget sih ini 😭,2024-12-23 15:48:16,positif,jujurly lucu banget sih
harsana84,X,ga sopan bgt ngomong gitu,2024-12-23 15:27:32,negatif,ga sopan bgt ngomong gitu
danuja73,X,gue liat ini ya udah lah ya,2024-12-23 15:26:08,netral,gue liat ya udah ya
jabalmarbun,X,biar agak keras tapi niatnya baik kok,2024-12-23 15:39:45,positif,biar keras niat
maryanto84,X,biasa aja sih,2024-12-23 15:24:01,netral,aja sih
nwidiastuti,X,waduh ini sih udah kelewat batas,2024-12-23 15:09:52,negatif,sih udah lewat batas
yuliartisidiq,X,waduh ini sih udah kelewat batas,2024-12-23 15:08:24,negatif,sih udah lewat batas
taswirirawan,X,gue liat ini ya udah lah ya,2024-12-23 15:05:40,netral,gue liat ya udah ya
janenatsir,X,biar agak keras tapi niatnya baik kok,2024-12-23 15:05:13,positif,biar keras niat
asmiantohabibi,X,waduh ini sih udah kelewat batas,2024-12-23 15:46:50,negatif,sih udah lewat batas
kpuspasari,X,waduh ini sih udah kelewat batas,2024-12-23 15:15:14,negatif,sih udah lewat batas
nurdiyantiluthfi,X,"ceramahnya tetep dapet kok, relax aja guys",2024-12-23 15:36:05,positif,ceramah tetep dapet relax aja guys
oprastuti,X,biasa aja sih,2024-12-23 15:16:11,netral,aja sih
satyathamrin,X,ga sopan bgt ngomong gitu,2024-12-23 15:48:34,negatif,ga sopan bgt ngomong gitu
eluh94,X,tergantung yg nonton juga sih,2024-12-23 15:48:55,netral,gantung yg nonton sih
hidayatsetya,X,"ceramahnya tetep dapet kok, relax aja guys",2024-12-23 15:41:13,positif,ceramah tetep dapet relax aja guys
cahyaprastuti,X,biasa aja sih,2024-12-23 15:49:13,netral,aja sih
warta94,X,"bener juga sih, kadang netizen terlalu baper",2024-12-23 15:23:12,positif,bener sih kadang netizen baper
iaryani,X,hmm no comment deh,2024-12-23 15:46:21,netral,hmm no comment deh
maryadiina,X,masih netral aja sih gw liatnya,2024-12-23 15:41:01,netral,netral aja sih gw liat
tirtayasa51,X,ni gus emg ada aja kelakuannya 😂,2024-12-23 15:08:58,positif,ni gus emg aja laku
banawiutama,X,"bener juga sih, kadang netizen terlalu baper",2024-12-23 15:23:29,positif,bener sih kadang netizen baper
caket55,X,waduh ini sih udah kelewat batas,2024-12-23 15:43:31,negatif,sih udah lewat batas
dabukkekamila,X,bisa2 jualan es teh jd insecure 😓,2024-12-23 15:08:50,negatif,jual es teh jd insecure
nyanawinarno,X,gw setuju sih ama omongannya gus,2024-12-23 15:49:16,positif,gw tuju sih ama omong gus
widodogamanto,X,ga tau mau bilang apa,2024-12-23 15:52:55,netral,ga tau bilang
nurdiyantijayeng,X,waduh ini sih udah kelewat batas,2024-12-23 15:35:31,negatif,sih udah lewat batas
yancemarpaung,X,"ga lucu, malah nyakitin hati yg jualan",2024-12-23 15:16:57,negatif,ga lucu nyakitin hati yg jual
hnarpati,X,gus miftah harus minta maaf sih ini,2024-12-23 15:27:20,negatif,gus miftah maaf sih
knasyiah,X,ceramah apaan malah ngehina,2024-12-23 15:11:57,negatif,ceramah ngehina
kaylamahendra,X,masih netral aja sih gw liatnya,2024-12-23 15:35:57,netral,netral aja sih gw liat
ardiantogalur,X,masih netral aja sih gw liatnya,2024-12-23 15:16:56,netral,netral aja sih gw liat
salsabilahassanah,X,gw setuju sih ama omongannya gus,2024-12-23 15:36:43,positif,gw tuju sih ama omong gus
elon13,X,gue liat ini ya udah lah ya,2024-12-23 15:02:08,netral,gue liat ya udah ya
fnababan,X,hmm no comment deh,2024-12-23 15:38:30,netral,hmm no comment deh
yuniargina,X,gue liat ini ya udah lah ya,2024-12-23 15:52:53,netral,gue liat ya udah ya
natsirqori,X,waduh ini sih udah kelewat batas,2024-12-23 15:49:20,negatif,sih udah lewat batas
pradanaperkasa,X,biar agak keras tapi niatnya baik kok,2024-12-23 15:17:14,positif,biar keras niat
prabusalahudin,X,"ga lucu, malah nyakitin hati yg jualan",2024-12-23 15:47:34,negatif,ga lucu nyakitin hati yg jual
mariadi97,X,"bener juga sih, kadang netizen terlalu baper",2024-12-23 15:49:53,positif,bener sih kadang netizen baper
reksa53,X,bisa2 jualan es teh jd insecure 😓,2024-12-23 15:41:29,negatif,jual es teh jd insecure
usyi11,X,bisa2 jualan es teh jd insecure 😓,2024-12-23 15:03:27,negatif,jual es teh jd insecure
kamidinmaheswara,X,biasa aja sih,2024-12-23 15:30:02,netral,aja sih
wulandaripurwadi,X,"ceramahnya tetep dapet kok, relax aja guys",2024-12-23 15:22:58,positif,ceramah tetep dapet relax aja guys
nurainisalimah,X,jujurly lucu banget sih ini 😭,2024-12-23 15:20:39,positif,jujurly lucu banget sih
narpatisalsabila,X,biasa aja sih,2024-12-23 15:10:25,netral,aja sih
irawansetya,X,gus miftah harus minta maaf sih ini,2024-12-23 15:53:42,negatif,gus miftah maaf sih
gunawaniriana,X,tergantung yg nonton juga sih,2024-12-23 15:15:29,netral,gantung yg nonton sih
tirtamanullang,X,"ga lucu, malah nyakitin hati yg jualan",2024-12-23 15:20:21,negatif,ga lucu nyakitin hati yg jual
damu62,X,hmm no comment deh,2024-12-23 15:21:14,netral,hmm no comment deh
wanisaefullah,X,tergantung yg nonton juga sih,2024-12-23 15:35:27,netral,gantung yg nonton sih
harimaheswara,X,gw setuju sih ama omongannya gus,2024-12-23 15:44:04,positif,gw tuju sih ama omong gus
gamblang92,X,gue liat ini ya udah lah ya,2024-12-23 15:09:31,netral,gue liat ya udah ya
nasyiahcagak,X,jujurly lucu banget sih ini 😭,2024-12-23 15:21:09,positif,jujurly lucu banget sih
atma89,X,bisa2 jualan es teh jd insecure 😓,2024-12-23 15:24:43,negatif,jual es teh jd insecure
baktiadiyulianti,X,jujurly lucu banget sih ini 😭,2024-12-23 15:59:11,positif,jujurly lucu banget sih
namagakarya,X,masih netral aja sih gw liatnya,2024-12-23 15:13:28,netral,netral aja sih gw liat
padmasariprima,X,ga tau mau bilang apa,2024-12-23 15:42:09,netral,ga tau bilang
suryatmidamu,X,gus miftah harus minta maaf sih ini,2024-12-23 15:23:53,negatif,gus miftah maaf sih
milasaputra,X,hmm no comment deh,2024-12-23 15:25:11,netral,hmm no comment deh
asirwadabudiyanto,X,waduh ini sih udah kelewat batas,2024-12-23 15:40:58,negatif,sih udah lewat batas
halim78,X,ni gus emg ada aja kelakuannya 😂,2024-12-23 15:55:02,positif,ni gus emg aja laku
darmana70,X,ga tau mau bilang apa,2024-12-23 15:30:36,netral,ga tau bilang
adehutapea,X,jujurly lucu banget sih ini 😭,2024-12-23 15:47:00,positif,jujurly lucu banget sih
asmadimaheswara,X,ni gus emg ada aja kelakuannya 😂,2024-12-23 15:33:55,positif,ni gus emg aja laku
samosirfathonah,X,jujurly lucu banget sih ini 😭,2024-12-23 15:32:30,positif,jujurly lucu banget sih
eja10,X,"ceramahnya tetep dapet kok, relax aja guys",2024-12-23 15:39:02,positif,ceramah tetep dapet relax aja guys
maryadi78,X,"bener juga sih, kadang netizen terlalu baper",2024-12-23 15:26:37,positif,bener sih kadang netizen baper
eja97,X,ceramah apaan malah ngehina,2024-12-23 15:35:29,negatif,ceramah ngehina
habibighaliyati,X,gus miftah harus minta maaf sih ini,2024-12-23 15:08:43,negatif,gus miftah maaf sih
artawastuti,X,gus miftah harus minta maaf sih ini,2024-12-23 15:31:38,negatif,gus miftah maaf sih
ahartati,X,bisa2 jualan es teh jd insecure 😓,2024-12-23 15:52:11,negatif,jual es teh jd insecure
raisanainggolan,X,gus miftah harus minta maaf sih ini,2024-12-23 15:04:23,negatif,gus miftah maaf sih
nardi47,X,bisa2 jualan es teh jd insecure 😓,2024-12-23 15:19:54,negatif,jual es teh jd insecure
permatamalik,X,ceramah apaan malah ngehina,2024-12-23 15:28:32,negatif,ceramah ngehina
wage88,X,masih netral aja sih gw liatnya,2024-12-23 15:37:39,netral,netral aja sih gw liat
mangunsongkezia,X,masih netral aja sih gw liatnya,2024-12-23 15:24:59,netral,netral aja sih gw liat
dongorannasrullah,X,ga tau mau bilang apa,2024-12-23 15:28:56,netral,ga tau bilang
elmasaptono,X,masih netral aja sih gw liatnya,2024-12-23 15:35:43,netral,netral aja sih gw liat
wira26,X,bisa2 jualan es teh jd insecure 😓,2024-12-23 15:05:02,negatif,jual es teh jd insecure
ctamba,X,"ceramahnya tetep dapet kok, relax aja guys",2024-12-23 15:13:14,positif,ceramah tetep dapet relax aja guys
lestariartawan,X,masih netral aja sih gw liatnya,2024-12-23 15:22:53,netral,netral aja sih gw liat
wasitasaiful,X,masih netral aja sih gw liatnya,2024-12-23 15:27:58,netral,netral aja sih gw liat
kusumapurnawati,X,gue liat ini ya udah lah ya,2024-12-23 15:11:02,netral,gue liat ya udah ya
ridwan72,X,masih netral aja sih gw liatnya,2024-12-23 15:02:45,netral,netral aja sih gw liat
saputrasepti,X,gw setuju sih ama omongannya gus,2024-12-23 15:17:45,positif,gw tuju sih ama omong gus
nasyiahrahman,X,hmm no comment deh,2024-12-23 15:05:12,netral,hmm no comment deh
ysihombing,X,gue liat ini ya udah lah ya,2024-12-23 15:42:55,netral,gue liat ya udah ya
aswanihutapea,X,ceramah apaan malah ngehina,2024-12-23 15:03:03,negatif,ceramah ngehina
indrauwais,X,ceramah apaan malah ngehina,2024-12-23 15:25:52,negatif,ceramah ngehina
kala35,X,gw setuju sih ama omongannya gus,2024-12-23 15:17:42,positif,gw tuju sih ama omong gus
halima91,X,ceramah apaan malah ngehina,2024-12-23 15:36:27,negatif,ceramah ngehina
sabar39,X,"bener juga sih, kadang netizen terlalu baper",2024-12-23 15:00:31,positif,bener sih kadang netizen baper
prayogareza,X,biar agak keras tapi niatnya baik kok,2024-12-23 15:40:49,positif,biar keras niat
gamantosetiawan,X,hmm no comment deh,2024-12-23 15:33:09,netral,hmm no comment deh
dimas87,X,gw setuju sih ama omongannya gus,2024-12-23 15:41:37,positif,gw tuju sih ama omong gus
hardiansyahnugraha,X,tergantung yg nonton juga sih,2024-12-23 15:49:58,netral,gantung yg nonton sih
sari34,X,ga sopan bgt ngomong gitu,2024-12-23 15:40:38,negatif,ga sopan bgt ngomong gitu
ysamosir,X,ga sopan bgt ngomong gitu,2024-12-23 15:00:07,negatif,ga sopan bgt ngomong gitu
prabowoelvin,X,ga tau mau bilang apa,2024-12-23 15:52:54,netral,ga tau bilang
yani01,X,tergantung yg nonton juga sih,2024-12-23 15:13:29,netral,gantung yg nonton sih
halimahbudi,X,gue liat ini ya udah lah ya,2024-12-23 15:49:38,netral,gue liat ya udah ya
jasminhakim,X,"ga lucu, malah nyakitin hati yg jualan",2024-12-23 15:55:20,negatif,ga lucu nyakitin hati yg jual
waluyowaluyo,X,biasa aja sih,2024-12-23 15:28:17,netral,aja sih
atmaja72,X,biar agak keras tapi niatnya baik kok,2024-12-23 15:10:07,positif,biar keras niat
dagel18,X,"ga lucu, malah nyakitin hati yg jualan",2024-12-23 15:26:02,negatif,ga lucu nyakitin hati yg jual
olga08,X,gus miftah harus minta maaf sih ini,2024-12-23 15:11:57,negatif,gus miftah maaf sih
faridaghaliyati,X,"ga lucu, malah nyakitin hati yg jualan",2024-12-23 15:22:01,negatif,ga lucu nyakitin hati yg jual
yastuti,X,tergantung yg nonton juga sih,2024-12-23 15:30:39,netral,gantung yg nonton sih
thamrinpranawa,X,ceramah apaan malah ngehina,2024-12-23 15:08:33,negatif,ceramah ngehina
purwadilatupono,X,ga sopan bgt ngomong gitu,2024-12-23 15:30:02,negatif,ga sopan bgt ngomong gitu
dutami,X,tergantung yg nonton juga sih,2024-12-23 15:26:38,netral,gantung yg nonton sih
belindaiswahyudi,X,hmm no comment deh,2024-12-23 15:10:44,netral,hmm no comment deh
ipalastri,X,bisa2 jualan es teh jd insecure 😓,2024-12-23 15:04:12,negatif,jual es teh jd insecure
ivan30,X,"ga lucu, malah nyakitin hati yg jualan",2024-12-23 15:35:10,negatif,ga lucu nyakitin hati yg jual
roktaviani,X,ceramah apaan malah ngehina,2024-12-23 15:11:23,negatif,ceramah ngehina
banarahastuti,X,biasa aja sih,2024-12-23 15:41:28,netral,aja sih
cornelia71,X,jujurly lucu banget sih ini 😭,2024-12-23 15:32:23,positif,jujurly lucu banget sih
emas13,X,biasa aja sih,2024-12-23 15:52:17,netral,aja sih
cayadilazuardi,X,gue liat ini ya udah lah ya,2024-12-23 15:51:43,netral,gue liat ya udah ya
waniyuniar,X,biar agak keras tapi niatnya baik kok,2024-12-23 15:36:22,positif,biar keras niat
suryatmiendra,X,hmm no comment deh,2024-12-23 15:53:57,netral,hmm no comment deh
budi39,X,"ga lucu, malah nyakitin hati yg jualan",2024-12-23 15:13:19,negatif,ga lucu nyakitin hati yg jual
ibun75,X,"ga lucu, malah nyakitin hati yg jualan",2024-12-23 15:47:06,negatif,ga lucu nyakitin hati yg jual
uanggraini,X,masih netral aja sih gw liatnya,2024-12-23 15:56:44,netral,netral aja sih gw liat
dabukkezaenab,X,gw setuju sih ama omongannya gus,2024-12-23 15:33:45,positif,gw tuju sih ama omong gus
hasanahganjaran,X,masih netral aja sih gw liatnya,2024-12-23 15:14:11,netral,netral aja sih gw liat
ghabibi,X,biar agak keras tapi niatnya baik kok,2024-12-23 15:03:18,positif,biar keras niat
unjani35,X,gus miftah harus minta maaf sih ini,2024-12-23 15:20:23,negatif,gus miftah maaf sih
pradiptakarsa,X,tergantung yg nonton juga sih,2024-12-23 15:57:33,netral,gantung yg nonton sih
dadiusada,X,bisa2 jualan es teh jd insecure 😓,2024-12-23 15:57:21,negatif,jual es teh jd insecure
hidayatraharja,X,bisa2 jualan es teh jd insecure 😓,2024-12-23 15:06:25,negatif,jual es teh jd insecure
pranowoasmianto,X,"ga lucu, malah nyakitin hati yg jualan",2024-12-23 15:57:18,negatif,ga lucu nyakitin hati yg jual
dagel54,X,biasa aja sih,2024-12-23 15:47:32,netral,aja sih
knugroho,X,waduh ini sih udah kelewat batas,2024-12-23 15:40:17,negatif,sih udah lewat batas
wahyudinhendri,X,"ceramahnya tetep dapet kok, relax aja guys",2024-12-23 15:22:40,positif,ceramah tetep dapet relax aja guys
rahayupandu,X,bisa2 jualan es teh jd insecure 😓,2024-12-23 15:57:22,negatif,jual es teh jd insecure
ihartati,X,"ga lucu, malah nyakitin hati yg jualan",2024-12-23 15:07:06,negatif,ga lucu nyakitin hati yg jual
haryantiana,X,hmm no comment deh,2024-12-23 15:18:23,netral,hmm no comment deh
hartanamaulana,X,ga tau mau bilang apa,2024-12-23 15:17:42,netral,ga tau bilang
dadiramadan,X,tergantung yg nonton juga sih,2024-12-23 15:34:59,netral,gantung yg nonton sih
kusmawatijindra,X,bisa2 jualan es teh jd insecure 😓,2024-12-23 15:17:59,negatif,jual es teh jd insecure
hastutilatika,X,gus miftah harus minta maaf sih ini,2024-12-23 15:07:40,negatif,gus miftah maaf sih
firgantorogandi,X,masih netral aja sih gw liatnya,2024-12-23 15:23:32,netral,netral aja sih gw liat
alika39,X,jujurly lucu banget sih ini 😭,2024-12-23 15:36:23,positif,jujurly lucu banget sih
nashiruddinmartaka,X,ga sopan bgt ngomong gitu,2024-12-23 15:01:26,negatif,ga sopan bgt ngomong gitu
karyawaluyo,X,biar agak keras tapi niatnya baik kok,2024-12-23 15:36:21,positif,biar keras niat
prayitna19,X,gue liat ini ya udah lah ya,2024-12-23 15:56:18,netral,gue liat ya udah ya
muhammadwahyuni,X,ceramah apaan malah ngehina,2024-12-23 15:14:33,negatif,ceramah ngehina
sihotangbagiya,X,"ceramahnya tetep dapet kok, relax aja guys",2024-12-23 15:22:18,positif,ceramah tetep dapet relax aja guys
citrakuswoyo,X,gue liat ini ya udah lah ya,2024-12-23 15:35:14,netral,gue liat ya udah ya
riyantipatricia,X,biar agak keras tapi niatnya baik kok,2024-12-23 15:58:35,positif,biar keras niat
permadieko,X,"ga lucu, malah nyakitin hati yg jualan",2024-12-23 15:27:13,negatif,ga lucu nyakitin hati yg jual
novi12,X,bisa2 jualan es teh jd insecure 😓,2024-12-23 15:06:10,negatif,jual es teh jd insecure
latif66,X,tergantung yg nonton juga sih,2024-12-23 15:52:36,netral,gantung yg nonton sih
fnashiruddin,X,ga tau mau bilang apa,2024-12-23 15:26:53,netral,ga tau bilang
wprasetyo,X,biar agak keras tapi niatnya baik kok,2024-12-23 15:50:01,positif,biar keras niat
pranowogatot,X,ni gus emg ada aja kelakuannya 😂,2024-12-23 15:52:50,positif,ni gus emg aja laku
zulaikamala,X,"bener juga sih, kadang netizen terlalu baper",2024-12-23 15:50:44,positif,bener sih kadang netizen baper
utamasurya,X,ni gus emg ada aja kelakuannya 😂,2024-12-23 15:24:55,positif,ni gus emg aja laku
najamwaluyo,X,jujurly lucu banget sih ini 😭,2024-12-23 15:24:46,positif,jujurly lucu banget sih
andrianilulut,X,ni gus emg ada aja kelakuannya 😂,2024-12-23 15:40:30,positif,ni gus emg aja laku
yono33,X,hmm no comment deh,2024-12-23 15:25:14,netral,hmm no comment deh
rahmiandriani,X,ga sopan bgt ngomong gitu,2024-12-23 15:50:07,negatif,ga sopan bgt ngomong gitu
adriansyahnarji,X,ni gus emg ada aja kelakuannya 😂,2024-12-23 15:44:24,positif,ni gus emg aja laku
adikara28,X,waduh ini sih udah kelewat batas,2024-12-23 15:44:57,negatif,sih udah lewat batas
sidiq83,X,biasa aja sih,2024-12-23 15:14:59,netral,aja sih
mustofa31,X,ga sopan bgt ngomong gitu,2024-12-23 15:24:16,negatif,ga sopan bgt ngomong gitu
kenes74,X,"ceramahnya tetep dapet kok, relax aja guys",2024-12-23 15:38:48,positif,ceramah tetep dapet relax aja guys
najamwaskita,X,"bener juga sih, kadang netizen terlalu baper",2024-12-23 15:13:34,positif,bener sih kadang netizen baper
luwespalastri,X,biar agak keras tapi niatnya baik kok,2024-12-23 15:39:46,positif,biar keras niat
wahyuniivan,X,biar agak keras tapi niatnya baik kok,2024-12-23 15:35:34,positif,biar keras niat
swinarno,X,gue liat ini ya udah lah ya,2024-12-23 15:25:25,netral,gue liat ya udah ya
cecep48,X,gus miftah harus minta maaf sih ini,2024-12-23 15:24:17,negatif,gus miftah maaf sih
betaniarajata,X,ga sopan bgt ngomong gitu,2024-12-23 15:18:07,negatif,ga sopan bgt ngomong gitu
jamaliamardhiyah,X,jujurly lucu banget sih ini 😭,2024-12-23 15:43:47,positif,jujurly lucu banget sih
marbunkenari,X,ga tau mau bilang apa,2024-12-23 15:50:38,netral,ga tau bilang
hardiansyahgading,X,gue liat ini ya udah lah ya,2024-12-23 15:11:10,netral,gue liat ya udah ya
nmegantara,X,ga tau mau bilang apa,2024-12-23 15:36:13,netral,ga tau bilang
nrima37,X,bisa2 jualan es teh jd insecure 😓,2024-12-23 15:14:28,negatif,jual es teh jd insecure
ade09,X,ga tau mau bilang apa,2024-12-23 15:04:28,netral,ga tau bilang
bakijan09,X,ni gus emg ada aja kelakuannya 😂,2024-12-23 15:06:16,positif,ni gus emg aja laku
jayayolanda,X,tergantung yg nonton juga sih,2024-12-23 15:52:21,netral,gantung yg nonton sih
fjanuar,X,ceramah apaan malah ngehina,2024-12-23 15:06:28,negatif,ceramah ngehina
rahimahgamanto,X,ni gus emg ada aja kelakuannya 😂,2024-12-23 15:32:30,positif,ni gus emg aja laku
iswahyudijati,X,ga sopan bgt ngomong gitu,2024-12-23 15:30:31,negatif,ga sopan bgt ngomong gitu
zulaikayulia,X,hmm no comment deh,2024-12-23 15:09:11,netral,hmm no comment deh
hakimozy,X,gue liat ini ya udah lah ya,2024-12-23 15:00:12,netral,gue liat ya udah ya
asirwandawastuti,X,gue liat ini ya udah lah ya,2024-12-23 15:22:26,netral,gue liat ya udah ya
evanovitasari,X,ga tau mau bilang apa,2024-12-23 15:13:57,netral,ga tau bilang
gunartolulut,X,tergantung yg nonton juga sih,2024-12-23 15:29:06,netral,gantung yg nonton sih
mlaksita,X,gue liat ini ya udah lah ya,2024-12-23 15:07:57,netral,gue liat ya udah ya
olgasihombing,X,ga sopan bgt ngomong gitu,2024-12-23 15:36:33,negatif,ga sopan bgt ngomong gitu
martakahalimah,X,ni gus emg ada aja kelakuannya 😂,2024-12-23 15:22:46,positif,ni gus emg aja laku
amalianurdiyanti,X,"ga lucu, malah nyakitin hati yg jualan",2024-12-23 15:54:19,negatif,ga lucu nyakitin hati yg jual
pranowojayeng,X,"ga lucu, malah nyakitin hati yg jualan",2024-12-23 15:15:36,negatif,ga lucu nyakitin hati yg jual
mahendrakezia,X,hmm no comment deh,2024-12-23 15:32:03,netral,hmm no comment deh
jaka14,X,bisa2 jualan es teh jd insecure 😓,2024-12-23 15:52:12,negatif,jual es teh jd insecure
vivimulyani,X,"ga lucu, malah nyakitin hati yg jualan",2024-12-23 15:58:19,negatif,ga lucu nyakitin hati yg jual
salwa91,X,hmm no comment deh,2024-12-23 15:59:56,netral,hmm no comment deh
amaliahutasoit,X,biasa aja sih,2024-12-23 15:40:24,netral,aja sih
pratiwihafshah,X,ga tau mau bilang apa,2024-12-23 15:52:54,netral,ga tau bilang
jabal57,X,gw setuju sih ama omongannya gus,2024-12-23 15:53:58,positif,gw tuju sih ama omong gus
sjailani,X,hmm no comment deh,2024-12-23 15:25:44,netral,hmm no comment deh
riswahyudi,X,biasa aja sih,2024-12-23 15:15:48,netral,aja sih
ywijayanti,X,"ga lucu, malah nyakitin hati yg jualan",2024-12-23 15:37:31,negatif,ga lucu nyakitin hati yg jual
ayu04,X,masih netral aja sih gw liatnya,2024-12-23 15:00:50,netral,netral aja sih gw liat
hastutiluis,X,jujurly lucu banget sih ini 😭,2024-12-23 15:48:17,positif,jujurly lucu banget sih
cawuk29,X,ni gus emg ada aja kelakuannya 😂,2024-12-23 15:22:29,positif,ni gus emg aja laku
mandasariatma,X,biar agak keras tapi niatnya baik kok,2024-12-23 15:31:58,positif,biar keras niat
gunawanganda,X,tergantung yg nonton juga sih,2024-12-23 15:27:57,netral,gantung yg nonton sih
najibsimanjuntak,X,hmm no comment deh,2024-12-23 15:42:04,netral,hmm no comment deh
genta25,X,gus miftah harus minta maaf sih ini,2024-12-23 15:01:57,negatif,gus miftah maaf sih
nainggolandodo,X,gw setuju sih ama omongannya gus,2024-12-23 15:56:38,positif,gw tuju sih ama omong gus
gantariswahyudi,X,ni gus emg ada aja kelakuannya 😂,2024-12-23 15:24:02,positif,ni gus emg aja laku
halimahlili,X,biar agak keras tapi niatnya baik kok,2024-12-23 15:35:52,positif,biar keras niat
balapati60,X,waduh ini sih udah kelewat batas,2024-12-23 15:14:03,negatif,sih udah lewat batas
outama,X,ni gus emg ada aja kelakuannya 😂,2024-12-23 15:48:54,positif,ni gus emg aja laku
heryanto81,X,"ga lucu, malah nyakitin hati yg jualan",2024-12-23 15:41:03,negatif,ga lucu nyakitin hati yg jual
wani93,X,hmm no comment deh,2024-12-23 15:33:59,netral,hmm no comment deh
opan28,X,"ga lucu, malah nyakitin hati yg jualan",2024-12-23 15:48:14,negatif,ga lucu nyakitin hati yg jual
pkusmawati,X,ga sopan bgt ngomong gitu,2024-12-23 15:21:11,negatif,ga sopan bgt ngomong gitu
uwaisnovi,X,tergantung yg nonton juga sih,2024-12-23 15:16:01,netral,gantung yg nonton sih
qoriwahyudin,X,"ceramahnya tetep dapet kok, relax aja guys",2024-12-23 15:39:11,positif,ceramah tetep dapet relax aja guys
asman68,X,hmm no comment deh,2024-12-23 15:31:45,netral,hmm no comment deh
ajiono20,X,hmm no comment deh,2024-12-23 15:14:13,netral,hmm no comment deh
pradiptafitria,X,"ceramahnya tetep dapet kok, relax aja guys",2024-12-23 15:57:07,positif,ceramah tetep dapet relax aja guys
bala67,X,biasa aja sih,2024-12-23 15:31:28,netral,aja sih
mumpuniwibisono,X,ga sopan bgt ngomong gitu,2024-12-23 15:43:37,negatif,ga sopan bgt ngomong gitu
soleh16,X,hmm no comment deh,2024-12-23 15:38:32,netral,hmm no comment deh
luluh87,X,waduh ini sih udah kelewat batas,2024-12-23 15:13:08,negatif,sih udah lewat batas
martanifarida,X,tergantung yg nonton juga sih,2024-12-23 15:52:30,netral,gantung yg nonton sih
mahendrajagaraga,X,waduh ini sih udah kelewat batas,2024-12-23 15:08:37,negatif,sih udah lewat batas
jagaraga79,X,waduh ini sih udah kelewat batas,2024-12-23 15:22:16,negatif,sih udah lewat batas
lailawaluyo,X,ga sopan bgt ngomong gitu,2024-12-23 15:41:23,negatif,ga sopan bgt ngomong gitu
dewiagustina,X,ceramah apaan malah ngehina,2024-12-23 15:22:40,negatif,ceramah ngehina
jasmin36,X,masih netral aja sih gw liatnya,2024-12-23 15:43:07,netral,netral aja sih gw liat
irwan30,X,"ga lucu, malah nyakitin hati yg jualan",2024-12-23 15:37:15,negatif,ga lucu nyakitin hati yg jual
kurniawanciaobella,X,biar agak keras tapi niatnya baik kok,2024-12-23 15:44:54,positif,biar keras niat
lestariamelia,X,gus miftah harus minta maaf sih ini,2024-12-23 15:03:22,negatif,gus miftah maaf sih
thamrinirsad,X,ga tau mau bilang apa,2024-12-23 15:37:04,netral,ga tau bilang
widya21,X,gue liat ini ya udah lah ya,2024-12-23 15:46:18,netral,gue liat ya udah ya
galiono53,X,masih netral aja sih gw liatnya,2024-12-23 15:28:58,netral,netral aja sih gw liat
diana19,X,"ga lucu, malah nyakitin hati yg jualan",2024-12-23 15:57:45,negatif,ga lucu nyakitin hati yg jual
diah60,X,waduh ini sih udah kelewat batas,2024-12-23 15:18:53,negatif,sih udah lewat batas
suryazulaika,X,biar agak keras tapi niatnya baik kok,2024-12-23 15:32:00,positif,biar keras niat
gading14,X,bisa2 jualan es teh jd insecure 😓,2024-12-23 15:19:23,negatif,jual es teh jd insecure
nasyiahivan,X,ga sopan bgt ngomong gitu,2024-12-23 15:54:19,negatif,ga sopan bgt ngomong gitu
ywaluyo,X,gue liat ini ya udah lah ya,2024-12-23 15:01:35,netral,gue liat ya udah ya
luwesnarpati,X,hmm no comment deh,2024-12-23 15:54:29,netral,hmm no comment deh
nadine02,X,ga sopan bgt ngomong gitu,2024-12-23 15:14:17,negatif,ga sopan bgt ngomong gitu
ysafitri,X,tergantung yg nonton juga sih,2024-12-23 15:23:52,netral,gantung yg nonton sih
zulkarnainzelaya,X,gue liat ini ya udah lah ya,2024-12-23 15:57:58,netral,gue liat ya udah ya
ikin64,X,ga tau mau bilang apa,2024-12-23 15:39:55,netral,ga tau bilang
catur21,X,waduh ini sih udah kelewat batas,2024-12-23 15:12:54,negatif,sih udah lewat batas
mitra06,X,"ceramahnya tetep dapet kok, relax aja guys",2024-12-23 15:08:54,positif,ceramah tetep dapet relax aja guys
zulfa00,X,jujurly lucu banget sih ini 😭,2024-12-23 15:26:14,positif,jujurly lucu banget sih
usamahgangsa,X,"ga lucu, malah nyakitin hati yg jualan",2024-12-23 15:30:05,negatif,ga lucu nyakitin hati yg jual
luiswaskita,X,gue liat ini ya udah lah ya,2024-12-23 15:33:21,netral,gue liat ya udah ya
bakijandabukke,X,"ceramahnya tetep dapet kok, relax aja guys",2024-12-23 15:57:35,positif,ceramah tetep dapet relax aja guys
sihombingjoko,X,masih netral aja sih gw liatnya,2024-12-23 15:50:05,netral,netral aja sih gw liat
ibraninasyiah,X,jujurly lucu banget sih ini 😭,2024-12-23 15:43:20,positif,jujurly lucu banget sih
nurainiulya,X,hmm no comment deh,2024-12-23 15:47:24,netral,hmm no comment deh
simanjuntaklulut,X,ceramah apaan malah ngehina,2024-12-23 15:12:37,negatif,ceramah ngehina
irwansantoso,X,ni gus emg ada aja kelakuannya 😂,2024-12-23 15:16:01,positif,ni gus emg aja laku
bdongoran,X,ceramah apaan malah ngehina,2024-12-23 15:00:40,negatif,ceramah ngehina
eko72,X,"bener juga sih, kadang netizen terlalu baper",2024-12-23 15:35:43,positif,bener sih kadang netizen baper
cinthia46,X,"bener juga sih, kadang netizen terlalu baper",2024-12-23 15:04:03,positif,bener sih kadang netizen baper
kenziezulkarnain,X,tergantung yg nonton juga sih,2024-12-23 15:05:43,netral,gantung yg nonton sih
sabarsafitri,X,tergantung yg nonton juga sih,2024-12-23 15:36:41,netral,gantung yg nonton sih
karimahmangunsong,X,"ceramahnya tetep dapet kok, relax aja guys",2024-12-23 15:09:48,positif,ceramah tetep dapet relax aja guys
pratiwizaenab,X,waduh ini sih udah kelewat batas,2024-12-23 15:20:25,negatif,sih udah lewat batas
raharjawidodo,X,bisa2 jualan es teh jd insecure 😓,2024-12-23 15:34:13,negatif,jual es teh jd insecure
nprasasta,X,waduh ini sih udah kelewat batas,2024-12-23 15:58:18,negatif,sih udah lewat batas
vanesa39,X,bisa2 jualan es teh jd insecure 😓,2024-12-23 15:53:30,negatif,jual es teh jd insecure
rendy88,X,"bener juga sih, kadang netizen terlalu baper",2024-12-23 15:01:57,positif,bener sih kadang netizen baper
xirawan,X,tergantung yg nonton juga sih,2024-12-23 15:28:29,netral,gantung yg nonton sih
yuliartiasmuni,X,gue liat ini ya udah lah ya,2024-12-23 15:53:51,netral,gue liat ya udah ya
harjomarpaung,X,masih netral aja sih gw liatnya,2024-12-23 15:15:14,netral,netral aja sih gw liat
wahyudingatot,X,bisa2 jualan es teh jd insecure 😓,2024-12-23 15:31:56,negatif,jual es teh jd insecure
himawan10,X,jujurly lucu banget sih ini 😭,2024-12-23 15:55:02,positif,jujurly lucu banget sih
nurainiparis,X,biasa aja sih,2024-12-23 15:02:05,netral,aja sih
csuwarno,X,biasa aja sih,2024-12-23 15:55:32,netral,aja sih
amirahayu,X,gue liat ini ya udah lah ya,2024-12-23 15:42:22,netral,gue liat ya udah ya
cahyohakim,X,hmm no comment deh,2024-12-23 15:26:12,netral,hmm no comment deh
jaemanpertiwi,X,"bener juga sih, kadang netizen terlalu baper",2024-12-23 15:58:58,positif,bener sih kadang netizen baper
warsaprasetyo,X,gue liat ini ya udah lah ya,2024-12-23 15:33:32,netral,gue liat ya udah ya
vwijaya,X,gus miftah harus minta maaf sih ini,2024-12-23 15:26:22,negatif,gus miftah maaf sih
irawancakrabuana,X,"bener juga sih, kadang netizen terlalu baper",2024-12-23 15:50:31,positif,bener sih kadang netizen baper
bahuwarna88,X,gus miftah harus minta maaf sih ini,2024-12-23 15:36:24,negatif,gus miftah maaf sih
situmorangasmuni,X,hmm no comment deh,2024-12-23 15:08:10,netral,hmm no comment deh
diana71,X,ceramah apaan malah ngehina,2024-12-23 15:01:54,negatif,ceramah ngehina
kamaria17,X,gus miftah harus minta maaf sih ini,2024-12-23 15:34:17,negatif,gus miftah maaf sih
rina66,X,gue liat ini ya udah lah ya,2024-12-23 15:44:23,netral,gue liat ya udah ya
yusuf48,X,gw setuju sih ama omongannya gus,2024-12-23 15:28:08,positif,gw tuju sih ama omong gus
virman92,X,tergantung yg nonton juga sih,2024-12-23 15:46:54,netral,gantung yg nonton sih
gamani12,X,bisa2 jualan es teh jd insecure 😓,2024-12-23 15:29:35,negatif,jual es teh jd insecure
prasetyabalangga,X,"ga lucu, malah nyakitin hati yg jualan",2024-12-23 15:01:03,negatif,ga lucu nyakitin hati yg jual
megantararusman,X,gue liat ini ya udah lah ya,2024-12-23 15:32:47,netral,gue liat ya udah ya
ghani48,X,jujurly lucu banget sih ini 😭,2024-12-23 15:40:50,positif,jujurly lucu banget sih
unarpati,X,gus miftah harus minta maaf sih ini,2024-12-23 15:51:55,negatif,gus miftah maaf sih
permadiaris,X,biasa aja sih,2024-12-23 15:12:14,netral,aja sih
yuniargamblang,X,bisa2 jualan es teh jd insecure 😓,2024-12-23 15:49:52,negatif,jual es teh jd insecure
nbudiyanto,X,"ceramahnya tetep dapet kok, relax aja guys",2024-12-23 15:21:12,positif,ceramah tetep dapet relax aja guys
ani42,X,ni gus emg ada aja kelakuannya 😂,2024-12-23 15:24:07,positif,ni gus emg aja laku
kawacaagustina,X,jujurly lucu banget sih ini 😭,2024-12-23 15:48:40,positif,jujurly lucu banget sih
atma14,X,tergantung yg nonton juga sih,2024-12-23 15:58:40,netral,gantung yg nonton sih
prasastawirda,X,gw setuju sih ama omongannya gus,2024-12-23 15:18:37,positif,gw tuju sih ama omong gus
trajasa,X,biar agak keras tapi niatnya baik kok,2024-12-23 15:12:13,positif,biar keras niat
siregarfebi,X,biar agak keras tapi niatnya baik kok,2024-12-23 15:25:23,positif,biar keras niat
ibrani74,X,biasa aja sih,2024-12-23 15:09:02,netral,aja sih
bakidin63,X,biar agak keras tapi niatnya baik kok,2024-12-23 15:11:55,positif,biar keras niat
lega94,X,ga sopan bgt ngomong gitu,2024-12-23 15:32:04,negatif,ga sopan bgt ngomong gitu
rinimulyani,X,"bener juga sih, kadang netizen terlalu baper",2024-12-23 15:10:37,positif,bener sih kadang netizen baper
caketkusumo,X,gue liat ini ya udah lah ya,2024-12-23 15:53:58,netral,gue liat ya udah ya
emanwidodo,X,gue liat ini ya udah lah ya,2024-12-23 15:09:18,netral,gue liat ya udah ya
saifulhutapea,X,gus miftah harus minta maaf sih ini,2024-12-23 15:59:22,negatif,gus miftah maaf sih
warsakurniawan,X,waduh ini sih udah kelewat batas,2024-12-23 15:04:08,negatif,sih udah lewat batas
qyuliarti,X,biasa aja sih,2024-12-23 15:02:09,netral,aja sih
gandausada,X,gus miftah harus minta maaf sih ini,2024-12-23 15:24:53,negatif,gus miftah maaf sih
usadayoga,X,ga tau mau bilang apa,2024-12-23 15:16:08,netral,ga tau bilang
hfirmansyah,X,waduh ini sih udah kelewat batas,2024-12-23 15:52:34,negatif,sih udah lewat batas
novitasariradit,X,ceramah apaan malah ngehina,2024-12-23 15:39:39,negatif,ceramah ngehina
warsa63,X,"ceramahnya tetep dapet kok, relax aja guys",2024-12-23 15:54:16,positif,ceramah tetep dapet relax aja guys
ikhsan98,X,jujurly lucu banget sih ini 😭,2024-12-23 15:58:52,positif,jujurly lucu banget sih
sabrinaanggraini,X,ga tau mau bilang apa,2024-12-23 15:32:26,netral,ga tau bilang
cindysinaga,X,waduh ini sih udah kelewat batas,2024-12-23 15:32:36,negatif,sih udah lewat batas
cemplunk90,X,"bener juga sih, kadang netizen terlalu baper",2024-12-23 15:15:42,positif,bener sih kadang netizen baper
vwaluyo,X,gus miftah harus minta maaf sih ini,2024-12-23 15:33:39,negatif,gus miftah maaf sih
hastutikusuma,X,"bener juga sih, kadang netizen terlalu baper",2024-12-23 15:59:22,positif,bener sih kadang netizen baper
aurorarajasa,X,ga tau mau bilang apa,2024-12-23 15:25:42,netral,ga tau bilang
darimin33,X,masih netral aja sih gw liatnya,2024-12-23 15:32:48,netral,netral aja sih gw liat
karsa98,X,ceramah apaan malah ngehina,2024-12-23 15:40:11,negatif,ceramah ngehina
pancamardhiyah,X,biar agak keras tapi niatnya baik kok,2024-12-23 15:39:23,positif,biar keras niat
otarihoran,X,jujurly lucu banget sih ini 😭,2024-12-23 15:03:29,positif,jujurly lucu banget sih
alambanamustofa,X,"bener juga sih, kadang netizen terlalu baper",2024-12-23 15:36:30,positif,bener sih kadang netizen baper
cnugroho,X,tergantung yg nonton juga sih,2024-12-23 15:43:56,netral,gantung yg nonton sih
michellepudjiastuti,X,ceramah apaan malah ngehina,2024-12-23 15:52:19,negatif,ceramah ngehina
fmayasari,X,ga sopan bgt ngomong gitu,2024-12-23 15:33:08,negatif,ga sopan bgt ngomong gitu
raditya14,X,gus miftah harus minta maaf sih ini,2024-12-23 15:12:45,negatif,gus miftah maaf sih
oman32,X,biar agak keras tapi niatnya baik kok,2024-12-23 15:35:56,positif,biar keras niat
gantaranggriawan,X,jujurly lucu banget sih ini 😭,2024-12-23 15:34:02,positif,jujurly lucu banget sih
damu19,X,jujurly lucu banget sih ini 😭,2024-12-23 15:53:42,positif,jujurly lucu banget sih
putu84,X,ni gus emg ada aja kelakuannya 😂,2024-12-23 15:32:04,positif,ni gus emg aja laku
ginapurwanti,X,"ceramahnya tetep dapet kok, relax aja guys",2024-12-23 15:59:37,positif,ceramah tetep dapet relax aja guys
aswaniwacana,X,ga sopan bgt ngomong gitu,2024-12-23 15:56:34,negatif,ga sopan bgt ngomong gitu
shalim,X,waduh ini sih udah kelewat batas,2024-12-23 15:52:28,negatif,sih udah lewat batas
prayitnasirait,X,"ceramahnya tetep dapet kok, relax aja guys",2024-12-23 15:01:29,positif,ceramah tetep dapet relax aja guys
wulandariraihan,X,ga sopan bgt ngomong gitu,2024-12-23 15:10:18,negatif,ga sopan bgt ngomong gitu
mahesawulandari,X,hmm no comment deh,2024-12-23 15:08:39,netral,hmm no comment deh
habibivinsen,X,gue liat ini ya udah lah ya,2024-12-23 15:51:55,netral,gue liat ya udah ya
okta50,X,jujurly lucu banget sih ini 😭,2024-12-23 15:20:44,positif,jujurly lucu banget sih
ilestari,X,gus miftah harus minta maaf sih ini,2024-12-23 15:54:38,negatif,gus miftah maaf sih
hakimkamaria,X,jujurly lucu banget sih ini 😭,2024-12-23 15:28:56,positif,jujurly lucu banget sih
umarnovitasari,X,gw setuju sih ama omongannya gus,2024-12-23 15:45:55,positif,gw tuju sih ama omong gus
thamrinmustofa,X,masih netral aja sih gw liatnya,2024-12-23 15:47:14,netral,netral aja sih gw liat
manullangadiarja,X,biasa aja sih,2024-12-23 15:02:24,netral,aja sih
nurdiyantijagapati,X,hmm no comment deh,2024-12-23 15:01:29,netral,hmm no comment deh
tirtayasayulianti,X,gw setuju sih ama omongannya gus,2024-12-23 15:39:38,positif,gw tuju sih ama omong gus
oskar33,X,biar agak keras tapi niatnya baik kok,2024-12-23 15:24:20,positif,biar keras niat
trajata,X,ga tau mau bilang apa,2024-12-23 15:55:00,netral,ga tau bilang
edongoran,X,gw setuju sih ama omongannya gus,2024-12-23 15:53:10,positif,gw tuju sih ama omong gus
banarautama,X,biar agak keras tapi niatnya baik kok,2024-12-23 15:55:10,positif,biar keras niat
martanasiregar,X,ga sopan bgt ngomong gitu,2024-12-23 15:59:05,negatif,ga sopan bgt ngomong gitu
rahmi38,X,jujurly lucu banget sih ini 😭,2024-12-23 15:32:12,positif,jujurly lucu banget sih
jinawirahmawati,X,ceramah apaan malah ngehina,2024-12-23 15:32:11,negatif,ceramah ngehina
salahudinprakosa,X,ni gus emg ada aja kelakuannya 😂,2024-12-23 15:54:38,positif,ni gus emg aja laku
upikfujiati,X,ceramah apaan malah ngehina,2024-12-23 15:07:51,negatif,ceramah ngehina
mariadi89,X,hmm no comment deh,2024-12-23 15:03:43,netral,hmm no comment deh
faizahwibowo,X,ga sopan bgt ngomong gitu,2024-12-23 15:05:29,negatif,ga sopan bgt ngomong gitu
vbudiman,X,bisa2 jualan es teh jd insecure 😓,2024-12-23 15:29:27,negatif,jual es teh jd insecure
zamirawidodo,X,tergantung yg nonton juga sih,2024-12-23 15:43:25,netral,gantung yg nonton sih
salwa35,X,hmm no comment deh,2024-12-23 15:02:25,netral,hmm no comment deh
kuswoyoelma,X,"ga lucu, malah nyakitin hati yg jualan",2024-12-23 15:30:48,negatif,ga lucu nyakitin hati yg jual
legawa56,X,biar agak keras tapi niatnya baik kok,2024-12-23 15:04:28,positif,biar keras niat
harsaya17,X,waduh ini sih udah kelewat batas,2024-12-23 15:02:46,negatif,sih udah lewat batas
mpermata,X,"ga lucu, malah nyakitin hati yg jualan",2024-12-23 15:53:09,negatif,ga lucu nyakitin hati yg jual
mujurpranowo,X,bisa2 jualan es teh jd insecure 😓,2024-12-23 15:44:37,negatif,jual es teh jd insecure
yonojailani,X,gue liat ini ya udah lah ya,2024-12-23 15:43:27,netral,gue liat ya udah ya
emplukmansur,X,tergantung yg nonton juga sih,2024-12-23 15:52:59,netral,gantung yg nonton sih
sabrinasuryono,X,masih netral aja sih gw liatnya,2024-12-23 15:54:07,netral,netral aja sih gw liat
zulaikha93,X,bisa2 jualan es teh jd insecure 😓,2024-12-23 15:44:28,negatif,jual es teh jd insecure
cindy33,X,jujurly lucu banget sih ini 😭,2024-12-23 15:22:39,positif,jujurly lucu banget sih
kanihutagalung,X,gw setuju sih ama omongannya gus,2024-12-23 15:49:38,positif,gw tuju sih ama omong gus
victoria32,X,hmm no comment deh,2024-12-23 15:56:30,netral,hmm no comment deh
gaiman31,X,ga tau mau bilang apa,2024-12-23 15:11:55,netral,ga tau bilang
palastriikhsan,X,"bener juga sih, kadang netizen terlalu baper",2024-12-23 15:49:03,positif,bener sih kadang netizen baper
karta38,X,masih netral aja sih gw liatnya,2024-12-23 15:49:42,netral,netral aja sih gw liat
eluhsihotang,X,waduh ini sih udah kelewat batas,2024-12-23 15:02:21,negatif,sih udah lewat batas
darman19,X,"bener juga sih, kadang netizen terlalu baper",2024-12-23 15:56:56,positif,bener sih kadang netizen baper
wacanamulya,X,"ga lucu, malah nyakitin hati yg jualan",2024-12-23 15:20:14,negatif,ga lucu nyakitin hati yg jual
darimin11,X,bisa2 jualan es teh jd insecure 😓,2024-12-23 15:31:33,negatif,jual es teh jd insecure
safinapradipta,X,ga tau mau bilang apa,2024-12-23 15:50:34,netral,ga tau bilang
rainamangunsong,X,waduh ini sih udah kelewat batas,2024-12-23 15:40:41,negatif,sih udah lewat batas
salmanagustina,X,ga sopan bgt ngomong gitu,2024-12-23 15:57:44,negatif,ga sopan bgt ngomong gitu
kaylarahayu,X,"ga lucu, malah nyakitin hati yg jualan",2024-12-23 15:42:28,negatif,ga lucu nyakitin hati yg jual
mayasariendra,X,hmm no comment deh,2024-12-23 15:01:37,netral,hmm no comment deh
kemalpuspita,X,biar agak keras tapi niatnya baik kok,2024-12-23 15:03:14,positif,biar keras niat
uchitaastuti,X,gue liat ini ya udah lah ya,2024-12-23 15:36:53,netral,gue liat ya udah ya
gaduhfarida,X,masih netral aja sih gw liatnya,2024-12-23 15:47:04,netral,netral aja sih gw liat
opan55,X,ceramah apaan malah ngehina,2024-12-23 15:34:57,negatif,ceramah ngehina
wsuwarno,X,tergantung yg nonton juga sih,2024-12-23 15:31:51,netral,gantung yg nonton sih
sihombinggaliono,X,waduh ini sih udah kelewat batas,2024-12-23 15:44:59,negatif,sih udah lewat batas
winarsihsaka,X,gw setuju sih ama omongannya gus,2024-12-23 15:01:15,positif,gw tuju sih ama omong gus
rafidsinaga,X,"ga lucu, malah nyakitin hati yg jualan",2024-12-23 15:25:28,negatif,ga lucu nyakitin hati yg jual
gmaryati,X,gue liat ini ya udah lah ya,2024-12-23 15:12:23,netral,gue liat ya udah ya
zulkarnaintimbul,X,biar agak keras tapi niatnya baik kok,2024-12-23 15:36:00,positif,biar keras niat
mandalacindy,X,ni gus emg ada aja kelakuannya 😂,2024-12-23 15:06:13,positif,ni gus emg aja laku
emayasari,X,"ceramahnya tetep dapet kok, relax aja guys",2024-12-23 15:03:55,positif,ceramah tetep dapet relax aja guys
mulyonohutapea,X,"ga lucu, malah nyakitin hati yg jualan",2024-12-23 15:47:14,negatif,ga lucu nyakitin hati yg jual
luwarlazuardi,X,jujurly lucu banget sih ini 😭,2024-12-23 15:42:30,positif,jujurly lucu banget sih
nurdiyantikawaya,X,hmm no comment deh,2024-12-23 15:15:07,netral,hmm no comment deh
kariman89,X,jujurly lucu banget sih ini 😭,2024-12-23 15:37:38,positif,jujurly lucu banget sih
widodomustika,X,"ceramahnya tetep dapet kok, relax aja guys",2024-12-23 15:44:14,positif,ceramah tetep dapet relax aja guys
bsihotang,X,biar agak keras tapi niatnya baik kok,2024-12-23 15:43:18,positif,biar keras niat
tirtayasasuartini,X,biasa aja sih,2024-12-23 15:58:15,netral,aja sih
drajatwaskita,X,jujurly lucu banget sih ini 😭,2024-12-23 15:42:56,positif,jujurly lucu banget sih
zulaikarahmi,X,biasa aja sih,2024-12-23 15:15:03,netral,aja sih
mustikawidodo,X,bisa2 jualan es teh jd insecure 😓,2024-12-23 15:32:07,negatif,jual es teh jd insecure
irwan84,X,ni gus emg ada aja kelakuannya 😂,2024-12-23 15:49:09,positif,ni gus emg aja laku
mahesa16,X,waduh ini sih udah kelewat batas,2024-12-23 15:18:07,negatif,sih udah lewat batas
noviharyanti,X,biar agak keras tapi niatnya baik kok,2024-12-23 15:09:18,positif,biar keras niat
kunthara29,X,gue liat ini ya udah lah ya,2024-12-23 15:10:52,netral,gue liat ya udah ya
waluyo34,X,ceramah apaan malah ngehina,2024-12-23 15:49:34,negatif,ceramah ngehina
natsircindy,X,ni gus emg ada aja kelakuannya 😂,2024-12-23 15:55:42,positif,ni gus emg aja laku
siraitfitriani,X,waduh ini sih udah kelewat batas,2024-12-23 15:01:30,negatif,sih udah lewat batas
ikusumo,X,"ceramahnya tetep dapet kok, relax aja guys",2024-12-23 15:54:42,positif,ceramah tetep dapet relax aja guys
gading77,X,hmm no comment deh,2024-12-23 15:55:11,netral,hmm no comment deh
rsaragih,X,ga tau mau bilang apa,2024-12-23 15:31:07,netral,ga tau bilang
rahmanoktaviani,X,"ga lucu, malah nyakitin hati yg jualan",2024-12-23 15:24:09,negatif,ga lucu nyakitin hati yg jual
cemeti13,X,hmm no comment deh,2024-12-23 15:19:03,netral,hmm no comment deh
mandalaedison,X,bisa2 jualan es teh jd insecure 😓,2024-12-23 15:52:12,negatif,jual es teh jd insecure
suwarnokajen,X,waduh ini sih udah kelewat batas,2024-12-23 15:22:29,negatif,sih udah lewat batas
tedimardhiyah,X,gue liat ini ya udah lah ya,2024-12-23 15:17:04,netral,gue liat ya udah ya
carakawidodo,X,"ga lucu, malah nyakitin hati yg jualan",2024-12-23 15:29:22,negatif,ga lucu nyakitin hati yg jual
imam78,X,hmm no comment deh,2024-12-23 15:18:12,netral,hmm no comment deh
mulyapranowo,X,waduh ini sih udah kelewat batas,2024-12-23 15:47:01,negatif,sih udah lewat batas
cicihandayani,X,hmm no comment deh,2024-12-23 15:47:14,netral,hmm no comment deh
santosodariati,X,waduh ini sih udah kelewat batas,2024-12-23 15:12:40,negatif,sih udah lewat batas
salwa17,X,gw setuju sih ama omongannya gus,2024-12-23 15:47:27,positif,gw tuju sih ama omong gus
jabalrahayu,X,ceramah apaan malah ngehina,2024-12-23 15:31:57,negatif,ceramah ngehina
wasisrahmawati,X,hmm no comment deh,2024-12-23 15:57:17,netral,hmm no comment deh
agustinalasmono,X,gw setuju sih ama omongannya gus,2024-12-23 15:05:04,positif,gw tuju sih ama omong gus
nrajata,X,waduh ini sih udah kelewat batas,2024-12-23 15:53:50,negatif,sih udah lewat batas
wfujiati,X,ga tau mau bilang apa,2024-12-23 15:11:33,netral,ga tau bilang
gunawanemin,X,ni gus emg ada aja kelakuannya 😂,2024-12-23 15:15:38,positif,ni gus emg aja laku
umayarajata,X,ga sopan bgt ngomong gitu,2024-12-23 15:17:43,negatif,ga sopan bgt ngomong gitu
candra65,X,bisa2 jualan es teh jd insecure 😓,2024-12-23 15:17:03,negatif,jual es teh jd insecure
zizi56,X,"bener juga sih, kadang netizen terlalu baper",2024-12-23 15:14:24,positif,bener sih kadang netizen baper
rmandala,X,gue liat ini ya udah lah ya,2024-12-23 15:42:27,netral,gue liat ya udah ya
nilamlaksita,X,gus miftah harus minta maaf sih ini,2024-12-23 15:17:59,negatif,gus miftah maaf sih
almirawasita,X,"ga lucu, malah nyakitin hati yg jualan",2024-12-23 15:51:47,negatif,ga lucu nyakitin hati yg jual
caketmahendra,X,"ceramahnya tetep dapet kok, relax aja guys",2024-12-23 15:25:29,positif,ceramah tetep dapet relax aja guys
liswahyudi,X,ga sopan bgt ngomong gitu,2024-12-23 15:29:32,negatif,ga sopan bgt ngomong gitu
amaliawulandari,X,biar agak keras tapi niatnya baik kok,2024-12-23 15:29:12,positif,biar keras niat
rahayugalur,X,"ceramahnya tetep dapet kok, relax aja guys",2024-12-23 15:30:13,positif,ceramah tetep dapet relax aja guys
saputrairiana,X,"bener juga sih, kadang netizen terlalu baper",2024-12-23 15:11:46,positif,bener sih kadang netizen baper
endra78,X,ga sopan bgt ngomong gitu,2024-12-23 15:49:51,negatif,ga sopan bgt ngomong gitu
rama01,X,"bener juga sih, kadang netizen terlalu baper",2024-12-23 15:41:20,positif,bener sih kadang netizen baper
rahimahrina,X,gue liat ini ya udah lah ya,2024-12-23 15:17:38,netral,gue liat ya udah ya
siregargilda,X,bisa2 jualan es teh jd insecure 😓,2024-12-23 15:41:24,negatif,jual es teh jd insecure
atmaja16,X,biar agak keras tapi niatnya baik kok,2024-12-23 15:14:42,positif,biar keras niat
jarwadi72,X,"ceramahnya tetep dapet kok, relax aja guys",2024-12-23 15:13:46,positif,ceramah tetep dapet relax aja guys
ihassanah,X,"ceramahnya tetep dapet kok, relax aja guys",2024-12-23 15:55:53,positif,ceramah tetep dapet relax aja guys
hkusumo,X,biasa aja sih,2024-12-23 15:12:43,netral,aja sih
dsuwarno,X,ceramah apaan malah ngehina,2024-12-23 15:28:58,negatif,ceramah ngehina
luwar11,X,"bener juga sih, kadang netizen terlalu baper",2024-12-23 15:20:22,positif,bener sih kadang netizen baper
winda85,X,ceramah apaan malah ngehina,2024-12-23 15:01:24,negatif,ceramah ngehina
winarsihdaliman,X,hmm no comment deh,2024-12-23 15:42:38,netral,hmm no comment deh
nasyidahdasa,X,hmm no comment deh,2024-12-23 15:13:59,netral,hmm no comment deh
jindra68,X,gue liat ini ya udah lah ya,2024-12-23 15:03:42,netral,gue liat ya udah ya
mangunsongadiarja,X,hmm no comment deh,2024-12-23 15:41:25,netral,hmm no comment deh
ilsathamrin,X,ceramah apaan malah ngehina,2024-12-23 15:55:42,negatif,ceramah ngehina
caturanggasaragih,X,waduh ini sih udah kelewat batas,2024-12-23 15:14:42,negatif,sih udah lewat batas
pujinashiruddin,X,waduh ini sih udah kelewat batas,2024-12-23 15:28:31,negatif,sih udah lewat batas
permadinasab,X,waduh ini sih udah kelewat batas,2024-12-23 15:18:38,negatif,sih udah lewat batas
rahmat26,X,gw setuju sih ama omongannya gus,2024-12-23 15:25:51,positif,gw tuju sih ama omong gus
tomiyuliarti,X,"ga lucu, malah nyakitin hati yg jualan",2024-12-23 15:41:36,negatif,ga lucu nyakitin hati yg jual
bagus99,X,gue liat ini ya udah lah ya,2024-12-23 15:50:02,netral,gue liat ya udah ya
karimanmegantara,X,ga sopan bgt ngomong gitu,2024-12-23 15:26:49,negatif,ga sopan bgt ngomong gitu
mayasaridarmanto,X,gus miftah harus minta maaf sih ini,2024-12-23 15:02:07,negatif,gus miftah maaf sih
mahesa86,X,masih netral aja sih gw liatnya,2024-12-23 15:02:54,netral,netral aja sih gw liat
suwarnojamalia,X,biasa aja sih,2024-12-23 15:44:35,netral,aja sih
ciaobella04,X,hmm no comment deh,2024-12-23 15:23:22,netral,hmm no comment deh
muhammad89,X,gw setuju sih ama omongannya gus,2024-12-23 16:00:00,positif,gw tuju sih ama omong gus
nasyidahzelda,X,"ceramahnya tetep dapet kok, relax aja guys",2024-12-23 15:07:04,positif,ceramah tetep dapet relax aja guys
fitrianiyuliarti,X,"ga lucu, malah nyakitin hati yg jualan",2024-12-23 15:41:06,negatif,ga lucu nyakitin hati yg jual
setiawanyosef,X,ni gus emg ada aja kelakuannya 😂,2024-12-23 15:46:53,positif,ni gus emg aja laku
grahayu,X,hmm no comment deh,2024-12-23 15:39:27,netral,hmm no comment deh
gardaardianto,X,waduh ini sih udah kelewat batas,2024-12-23 15:36:16,negatif,sih udah lewat batas
lailawibowo,X,ga tau mau bilang apa,2024-12-23 15:15:38,netral,ga tau bilang
bagasriyanti,X,ga sopan bgt ngomong gitu,2024-12-23 15:50:37,negatif,ga sopan bgt ngomong gitu
wsitumorang,X,tergantung yg nonton juga sih,2024-12-23 15:22:48,netral,gantung yg nonton sih
dewi76,X,biasa aja sih,2024-12-23 15:24:24,netral,aja sih
padmi54,X,gus miftah harus minta maaf sih ini,2024-12-23 15:14:31,negatif,gus miftah maaf sih
asmuni27,X,ga tau mau bilang apa,2024-12-23 15:57:41,netral,ga tau bilang
prabu48,X,"bener juga sih, kadang netizen terlalu baper",2024-12-23 15:41:25,positif,bener sih kadang netizen baper
asirwada43,X,waduh ini sih udah kelewat batas,2024-12-23 15:32:24,negatif,sih udah lewat batas
sihotangkariman,X,tergantung yg nonton juga sih,2024-12-23 15:56:19,netral,gantung yg nonton sih
wahyudindariati,X,ga tau mau bilang apa,2024-12-23 15:30:54,netral,ga tau bilang
melaninaradi,X,bisa2 jualan es teh jd insecure 😓,2024-12-23 15:43:47,negatif,jual es teh jd insecure
jsimbolon,X,biasa aja sih,2024-12-23 15:34:16,netral,aja sih
muhammadpranowo,X,"bener juga sih, kadang netizen terlalu baper",2024-12-23 15:56:31,positif,bener sih kadang netizen baper
umar86,X,ga sopan bgt ngomong gitu,2024-12-23 15:32:30,negatif,ga sopan bgt ngomong gitu
pangestumursita,X,biasa aja sih,2024-12-23 15:09:39,netral,aja sih
ekusmawati,X,ga tau mau bilang apa,2024-12-23 15:05:03,netral,ga tau bilang
nashiruddingalak,X,masih netral aja sih gw liatnya,2024-12-23 15:45:59,netral,netral aja sih gw liat
lamarzulkarnain,X,gue liat ini ya udah lah ya,2024-12-23 15:03:17,netral,gue liat ya udah ya
cahyono30,X,gw setuju sih ama omongannya gus,2024-12-23 15:17:14,positif,gw tuju sih ama omong gus
hutagalungajimat,X,bisa2 jualan es teh jd insecure 😓,2024-12-23 15:02:41,negatif,jual es teh jd insecure
cayadi53,X,hmm no comment deh,2024-12-23 15:38:17,netral,hmm no comment deh
galur53,X,waduh ini sih udah kelewat batas,2024-12-23 15:23:01,negatif,sih udah lewat batas
alikasuwarno,X,waduh ini sih udah kelewat batas,2024-12-23 15:45:20,negatif,sih udah lewat batas
anggrainijasmani,X,waduh ini sih udah kelewat batas,2024-12-23 15:49:36,negatif,sih udah lewat batas
zulfamaryadi,X,ga tau mau bilang apa,2024-12-23 15:02:33,netral,ga tau bilang
cahyono75,X,hmm no comment deh,2024-12-23 15:35:15,netral,hmm no comment deh
tprastuti,X,ni gus emg ada aja kelakuannya 😂,2024-12-23 15:47:11,positif,ni gus emg aja laku
galak99,X,waduh ini sih udah kelewat batas,2024-12-23 15:39:24,negatif,sih udah lewat batas
bpuspasari,X,"ga lucu, malah nyakitin hati yg jualan",2024-12-23 15:23:55,negatif,ga lucu nyakitin hati yg jual
wulanyulianti,X,ga sopan bgt ngomong gitu,2024-12-23 15:50:51,negatif,ga sopan bgt ngomong gitu
pmangunsong,X,gue liat ini ya udah lah ya,2024-12-23 15:55:23,netral,gue liat ya udah ya
pranowocarla,X,biasa aja sih,2024-12-23 15:04:07,netral,aja sih
wisnulestari,X,ni gus emg ada aja kelakuannya 😂,2024-12-23 15:39:25,positif,ni gus emg aja laku
hastutisabrina,X,ga sopan bgt ngomong gitu,2024-12-23 15:59:11,negatif,ga sopan bgt ngomong gitu
harsana11,X,"ga lucu, malah nyakitin hati yg jualan",2024-12-23 15:44:50,negatif,ga lucu nyakitin hati yg jual
tirtafirgantoro,X,ga tau mau bilang apa,2024-12-23 15:26:49,netral,ga tau bilang
nasim57,X,"ceramahnya tetep dapet kok, relax aja guys",2024-12-23 15:53:22,positif,ceramah tetep dapet relax aja guys
rininajmudin,X,masih netral aja sih gw liatnya,2024-12-23 15:52:25,netral,netral aja sih gw liat
napitupuluharsanto,X,gw setuju sih ama omongannya gus,2024-12-23 15:45:27,positif,gw tuju sih ama omong gus
bellawijayanti,X,waduh ini sih udah kelewat batas,2024-12-23 15:09:10,negatif,sih udah lewat batas
galuhpurnawati,X,gus miftah harus minta maaf sih ini,2024-12-23 15:38:24,negatif,gus miftah maaf sih
irnantohutapea,X,gus miftah harus minta maaf sih ini,2024-12-23 15:45:25,negatif,gus miftah maaf sih
ziziwinarsih,X,bisa2 jualan es teh jd insecure 😓,2024-12-23 15:03:56,negatif,jual es teh jd insecure
rnuraini,X,biasa aja sih,2024-12-23 15:44:50,netral,aja sih
mulyanajmudin,X,ni gus emg ada aja kelakuannya 😂,2024-12-23 15:00:08,positif,ni gus emg aja laku
nasim24,X,ni gus emg ada aja kelakuannya 😂,2024-12-23 15:39:08,positif,ni gus emg aja laku
tiara31,X,ceramah apaan malah ngehina,2024-12-23 15:54:36,negatif,ceramah ngehina
mansurpranata,X,"bener juga sih, kadang netizen terlalu baper",2024-12-23 15:26:03,positif,bener sih kadang netizen baper
prasetyo98,X,"bener juga sih, kadang netizen terlalu baper",2024-12-23 15:14:27,positif,bener sih kadang netizen baper
halimahputu,X,ni gus emg ada aja kelakuannya 😂,2024-12-23 15:25:23,positif,ni gus emg aja laku
rhutagalung,X,waduh ini sih udah kelewat batas,2024-12-23 15:53:31,negatif,sih udah lewat batas
mpratama,X,"ceramahnya tetep dapet kok, relax aja guys",2024-12-23 15:10:37,positif,ceramah tetep dapet relax aja guys
kasiyah27,X,ceramah apaan malah ngehina,2024-12-23 15:29:39,negatif,ceramah ngehina
nirawan,X,ni gus emg ada aja kelakuannya 😂,2024-12-23 15:05:02,positif,ni gus emg aja laku
gantar07,X,tergantung yg nonton juga sih,2024-12-23 15:06:57,netral,gantung yg nonton sih
xpuspita,X,"ga lucu, malah nyakitin hati yg jualan",2024-12-23 15:25:23,negatif,ga lucu nyakitin hati yg jual
hairyanto56,X,ni gus emg ada aja kelakuannya 😂,2024-12-23 15:54:41,positif,ni gus emg aja laku
suwarnogambira,X,waduh ini sih udah kelewat batas,2024-12-23 15:28:39,negatif,sih udah lewat batas
darufujiati,X,gw setuju sih ama omongannya gus,2024-12-23 15:20:30,positif,gw tuju sih ama omong gus
cahyono79,X,hmm no comment deh,2024-12-23 15:53:33,netral,hmm no comment deh
mahmudhalim,X,tergantung yg nonton juga sih,2024-12-23 15:13:23,netral,gantung yg nonton sih
dagel97,X,ga tau mau bilang apa,2024-12-23 15:44:38,netral,ga tau bilang
karsanaaryani,X,masih netral aja sih gw liatnya,2024-12-23 15:08:24,netral,netral aja sih gw liat
nrimaprasetya,X,gw setuju sih ama omongannya gus,2024-12-23 15:10:46,positif,gw tuju sih ama omong gus
wsimanjuntak,X,"ga lucu, malah nyakitin hati yg jualan",2024-12-23 15:53:48,negatif,ga lucu nyakitin hati yg jual
fkusumo,X,jujurly lucu banget sih ini 😭,2024-12-23 15:38:53,positif,jujurly lucu banget sih
marsitoandriani,X,jujurly lucu banget sih ini 😭,2024-12-23 15:00:08,positif,jujurly lucu banget sih
adriansyahsaadat,X,masih netral aja sih gw liatnya,2024-12-23 15:06:40,netral,netral aja sih gw liat
hutapeagarda,X,ni gus emg ada aja kelakuannya 😂,2024-12-23 15:15:28,positif,ni gus emg aja laku
herulatupono,X,bisa2 jualan es teh jd insecure 😓,2024-12-23 15:43:03,negatif,jual es teh jd insecure
bakimanpangestu,X,ni gus emg ada aja kelakuannya 😂,2024-12-23 15:32:49,positif,ni gus emg aja laku
padmasaridamar,X,ni gus emg ada aja kelakuannya 😂,2024-12-23 15:00:45,positif,ni gus emg aja laku
evausada,X,ga tau mau bilang apa,2024-12-23 15:09:10,netral,ga tau bilang
irnantoagustina,X,jujurly lucu banget sih ini 😭,2024-12-23 15:04:15,positif,jujurly lucu banget sih
utamiyono,X,"ga lucu, malah nyakitin hati yg jualan",2024-12-23 15:03:54,negatif,ga lucu nyakitin hati yg jual
purwa15,X,bisa2 jualan es teh jd insecure 😓,2024-12-23 15:03:03,negatif,jual es teh jd insecure
lailasariwawan,X,waduh ini sih udah kelewat batas,2024-12-23 15:03:33,negatif,sih udah lewat batas
ridwan62,X,ga sopan bgt ngomong gitu,2024-12-23 15:55:54,negatif,ga sopan bgt ngomong gitu
adityadongoran,X,ga tau mau bilang apa,2024-12-23 15:52:49,netral,ga tau bilang
asman32,X,"ga lucu, malah nyakitin hati yg jualan",2024-12-23 15:05:48,negatif,ga lucu nyakitin hati yg jual
jarwa42,X,gus miftah harus minta maaf sih ini,2024-12-23 15:29:21,negatif,gus miftah maaf sih
digdaya89,X,hmm no comment deh,2024-12-23 15:46:55,netral,hmm no comment deh
astutijamal,X,masih netral aja sih gw liatnya,2024-12-23 15:00:18,netral,netral aja sih gw liat
gada23,X,hmm no comment deh,2024-12-23 15:07:01,netral,hmm no comment deh
udamanik,X,ga tau mau bilang apa,2024-12-23 15:07:41,netral,ga tau bilang
kiandra07,X,gus miftah harus minta maaf sih ini,2024-12-23 15:59:11,negatif,gus miftah maaf sih
samiah64,X,ceramah apaan malah ngehina,2024-12-23 15:29:29,negatif,ceramah ngehina
bahuwarnasusanti,X,gw setuju sih ama omongannya gus,2024-12-23 15:23:26,positif,gw tuju sih ama omong gus
wasitamanah,X,waduh ini sih udah kelewat batas,2024-12-23 15:16:26,negatif,sih udah lewat batas
sabri84,X,waduh ini sih udah kelewat batas,2024-12-23 15:31:57,negatif,sih udah lewat batas
makuta94,X,ni gus emg ada aja kelakuannya 😂,2024-12-23 15:53:34,positif,ni gus emg aja laku
yunita97,X,tergantung yg nonton juga sih,2024-12-23 15:09:08,netral,gantung yg nonton sih
hsaputra,X,"ceramahnya tetep dapet kok, relax aja guys",2024-12-23 15:16:27,positif,ceramah tetep dapet relax aja guys
pranawamelani,X,ni gus emg ada aja kelakuannya 😂,2024-12-23 15:51:05,positif,ni gus emg aja laku
irawanzamira,X,gue liat ini ya udah lah ya,2024-12-23 15:14:12,netral,gue liat ya udah ya
narjimanullang,X,gw setuju sih ama omongannya gus,2024-12-23 15:13:28,positif,gw tuju sih ama omong gus
prayogo28,X,masih netral aja sih gw liatnya,2024-12-23 15:54:55,netral,netral aja sih gw liat
kacunglailasari,X,waduh ini sih udah kelewat batas,2024-12-23 15:11:21,negatif,sih udah lewat batas
nyoman01,X,"ceramahnya tetep dapet kok, relax aja guys",2024-12-23 15:13:25,positif,ceramah tetep dapet relax aja guys
zhastuti,X,tergantung yg nonton juga sih,2024-12-23 15:40:32,netral,gantung yg nonton sih
marsudilaksita,X,ga sopan bgt ngomong gitu,2024-12-23 15:39:38,negatif,ga sopan bgt ngomong gitu
harjaya08,X,gw setuju sih ama omongannya gus,2024-12-23 15:45:45,positif,gw tuju sih ama omong gus
daliono21,X,gus miftah harus minta maaf sih ini,2024-12-23 15:59:49,negatif,gus miftah maaf sih
dariatimustofa,X,jujurly lucu banget sih ini 😭,2024-12-23 15:19:43,positif,jujurly lucu banget sih
rkusumo,X,"bener juga sih, kadang netizen terlalu baper",2024-12-23 15:49:42,positif,bener sih kadang netizen baper
banawi05,X,ni gus emg ada aja kelakuannya 😂,2024-12-23 15:58:14,positif,ni gus emg aja laku
situmorangmartaka,X,ni gus emg ada aja kelakuannya 😂,2024-12-23 15:54:43,positif,ni gus emg aja laku
marbunirnanto,X,"ga lucu, malah nyakitin hati yg jualan",2024-12-23 15:46:22,negatif,ga lucu nyakitin hati yg jual
cayadisusanti,X,ceramah apaan malah ngehina,2024-12-23 15:56:27,negatif,ceramah ngehina
dalimanyolanda,X,biasa aja sih,2024-12-23 15:33:37,netral,aja sih
limar74,X,waduh ini sih udah kelewat batas,2024-12-23 15:00:31,negatif,sih udah lewat batas
tdongoran,X,masih netral aja sih gw liatnya,2024-12-23 15:56:57,netral,netral aja sih gw liat
thamrinhadi,X,jujurly lucu banget sih ini 😭,2024-12-23 15:05:00,positif,jujurly lucu banget sih
hafshah59,X,gue liat ini ya udah lah ya,2024-12-23 15:01:17,netral,gue liat ya udah ya
mustika64,X,biar agak keras tapi niatnya baik kok,2024-12-23 15:13:05,positif,biar keras niat
wacanaheryanto,X,tergantung yg nonton juga sih,2024-12-23 15:42:09,netral,gantung yg nonton sih
taniasusanti,X,hmm no comment deh,2024-12-23 15:55:30,netral,hmm no comment deh
cagakhalim,X,ceramah apaan malah ngehina,2024-12-23 15:35:33,negatif,ceramah ngehina
xrahayu,X,ga tau mau bilang apa,2024-12-23 15:28:54,netral,ga tau bilang
purwapurwanti,X,ceramah apaan malah ngehina,2024-12-23 15:26:49,negatif,ceramah ngehina
parmanagustina,X,"ceramahnya tetep dapet kok, relax aja guys",2024-12-23 15:15:20,positif,ceramah tetep dapet relax aja guys
talia75,X,ga tau mau bilang apa,2024-12-23 15:01:29,netral,ga tau bilang
orajata,X,ni gus emg ada aja kelakuannya 😂,2024-12-23 15:01:30,positif,ni gus emg aja laku
kemal88,X,jujurly lucu banget sih ini 😭,2024-12-23 15:26:04,positif,jujurly lucu banget sih
jarwiwijaya,X,ni gus emg ada aja kelakuannya 😂,2024-12-23 15:23:44,positif,ni gus emg aja laku
suartinivanesa,X,"ga lucu, malah nyakitin hati yg jualan",2024-12-23 15:22:25,negatif,ga lucu nyakitin hati yg jual
pradiptanabila,X,ni gus emg ada aja kelakuannya 😂,2024-12-23 15:28:00,positif,ni gus emg aja laku
tri51,X,biasa aja sih,2024-12-23 15:56:21,netral,aja sih
umaryati,X,tergantung yg nonton juga sih,2024-12-23 15:53:15,netral,gantung yg nonton sih
swidodo,X,masih netral aja sih gw liatnya,2024-12-23 15:08:27,netral,netral aja sih gw liat
safinanugroho,X,gw setuju sih ama omongannya gus,2024-12-23 15:53:34,positif,gw tuju sih ama omong gus
ade13,X,bisa2 jualan es teh jd insecure 😓,2024-12-23 15:00:36,negatif,jual es teh jd insecure
ulvamelani,X,biasa aja sih,2024-12-23 15:28:44,netral,aja sih
ajiononasyidah,X,masih netral aja sih gw liatnya,2024-12-23 15:22:29,netral,netral aja sih gw liat
kezia08,X,ceramah apaan malah ngehina,2024-12-23 15:50:48,negatif,ceramah ngehina
kamalkusumo,X,ga tau mau bilang apa,2024-12-23 15:32:34,netral,ga tau bilang
wadriansyah,X,hmm no comment deh,2024-12-23 15:41:53,netral,hmm no comment deh
luthfiriyanti,X,masih netral aja sih gw liatnya,2024-12-23 15:50:23,netral,netral aja sih gw liat
faridacinthia,X,tergantung yg nonton juga sih,2024-12-23 15:38:31,netral,gantung yg nonton sih
pwidodo,X,"bener juga sih, kadang netizen terlalu baper",2024-12-23 15:18:10,positif,bener sih kadang netizen baper
vicky08,X,ni gus emg ada aja kelakuannya 😂,2024-12-23 15:02:02,positif,ni gus emg aja laku
wakimannashiruddin,X,hmm no comment deh,2024-12-23 15:20:07,netral,hmm no comment deh
elonirawan,X,tergantung yg nonton juga sih,2024-12-23 15:50:42,netral,gantung yg nonton sih
manullangbagus,X,masih netral aja sih gw liatnya,2024-12-23 15:25:15,netral,netral aja sih gw liat
kalimmaulana,X,masih netral aja sih gw liatnya,2024-12-23 15:56:58,netral,netral aja sih gw liat
caketriyanti,X,biar agak keras tapi niatnya baik kok,2024-12-23 15:40:59,positif,biar keras niat
hariyahcecep,X,"ceramahnya tetep dapet kok, relax aja guys",2024-12-23 15:50:49,positif,ceramah tetep dapet relax aja guys
dadiuwais,X,masih netral aja sih gw liatnya,2024-12-23 15:14:36,netral,netral aja sih gw liat
tugimansimbolon,X,ni gus emg ada aja kelakuannya 😂,2024-12-23 15:30:07,positif,ni gus emg aja laku
warta66,X,gue liat ini ya udah lah ya,2024-12-23 15:24:57,netral,gue liat ya udah ya
ebudiman,X,waduh ini sih udah kelewat batas,2024-12-23 15:03:47,negatif,sih udah lewat batas
violetagustina,X,biasa aja sih,2024-12-23 15:17:43,netral,aja sih
tasdikwinarsih,X,biar agak keras tapi niatnya baik kok,2024-12-23 15:25:48,positif,biar keras niat
ega22,X,tergantung yg nonton juga sih,2024-12-23 15:03:40,netral,gantung yg nonton sih
mardhiyahtugiman,X,biar agak keras tapi niatnya baik kok,2024-12-23 15:23:17,positif,biar keras niat
mahfud84,X,tergantung yg nonton juga sih,2024-12-23 15:31:17,netral,gantung yg nonton sih
darman61,X,"bener juga sih, kadang netizen terlalu baper",2024-12-23 15:07:12,positif,bener sih kadang netizen baper
narpatiida,X,ni gus emg ada aja kelakuannya 😂,2024-12-23 15:10:22,positif,ni gus emg aja laku
hestilatupono,X,bisa2 jualan es teh jd insecure 😓,2024-12-23 15:20:57,negatif,jual es teh jd insecure
vinsenpurwanti,X,ni gus emg ada aja kelakuannya 😂,2024-12-23 15:21:47,positif,ni gus emg aja laku
tarihoranbancar,X,ni gus emg ada aja kelakuannya 😂,2024-12-23 15:49:37,positif,ni gus emg aja laku
danuja75,X,ga sopan bgt ngomong gitu,2024-12-23 15:45:39,negatif,ga sopan bgt ngomong gitu
jessica40,X,masih netral aja sih gw liatnya,2024-12-23 15:31:24,netral,netral aja sih gw liat
galur51,X,gue liat ini ya udah lah ya,2024-12-23 15:07:22,netral,gue liat ya udah ya
febigunawan,X,tergantung yg nonton juga sih,2024-12-23 15:21:25,netral,gantung yg nonton sih
yuliantimila,X,gus miftah harus minta maaf sih ini,2024-12-23 15:35:32,negatif,gus miftah maaf sih
najmudinzalindra,X,bisa2 jualan es teh jd insecure 😓,2024-12-23 15:34:17,negatif,jual es teh jd insecure
natsirghani,X,biasa aja sih,2024-12-23 15:28:24,netral,aja sih
purwantiwadi,X,tergantung yg nonton juga sih,2024-12-23 15:59:18,netral,gantung yg nonton sih
anompurnawati,X,hmm no comment deh,2024-12-23 15:46:51,netral,hmm no comment deh
gawati39,X,biasa aja sih,2024-12-23 15:41:53,netral,aja sih
kmansur,X,jujurly lucu banget sih ini 😭,2024-12-23 15:17:52,positif,jujurly lucu banget sih
prayoga57,X,gus miftah harus minta maaf sih ini,2024-12-23 15:26:37,negatif,gus miftah maaf sih
waluyo68,X,ga sopan bgt ngomong gitu,2024-12-23 15:35:17,negatif,ga sopan bgt ngomong gitu
ikin17,X,tergantung yg nonton juga sih,2024-12-23 15:44:11,netral,gantung yg nonton sih
ramadansabri,X,ceramah apaan malah ngehina,2024-12-23 15:58:12,negatif,ceramah ngehina
prayitnautami,X,bisa2 jualan es teh jd insecure 😓,2024-12-23 15:30:10,negatif,jual es teh jd insecure
ljanuar,X,"ceramahnya tetep dapet kok, relax aja guys",2024-12-23 15:18:24,positif,ceramah tetep dapet relax aja guys
hardana16,X,biar agak keras tapi niatnya baik kok,2024-12-23 15:48:00,positif,biar keras niat
prasetyawage,X,waduh ini sih udah kelewat batas,2024-12-23 15:10:21,negatif,sih udah lewat batas
landriani,X,jujurly lucu banget sih ini 😭,2024-12-23 15:35:55,positif,jujurly lucu banget sih
narpatidanuja,X,"ceramahnya tetep dapet kok, relax aja guys",2024-12-23 15:08:33,positif,ceramah tetep dapet relax aja guys
wirda73,X,ceramah apaan malah ngehina,2024-12-23 15:55:59,negatif,ceramah ngehina
rafidkusmawati,X,gw setuju sih ama omongannya gus,2024-12-23 15:52:28,positif,gw tuju sih ama omong gus
adiarjadamanik,X,ni gus emg ada aja kelakuannya 😂,2024-12-23 15:58:56,positif,ni gus emg aja laku
namagauda,X,"bener juga sih, kadang netizen terlalu baper",2024-12-23 15:23:17,positif,bener sih kadang netizen baper
johan01,X,ni gus emg ada aja kelakuannya 😂,2024-12-23 15:55:21,positif,ni gus emg aja laku
haryantorahman,X,biar agak keras tapi niatnya baik kok,2024-12-23 15:22:02,positif,biar keras niat
salwa73,X,ni gus emg ada aja kelakuannya 😂,2024-12-23 15:02:00,positif,ni gus emg aja laku
himawanutami,X,"ceramahnya tetep dapet kok, relax aja guys",2024-12-23 15:00:54,positif,ceramah tetep dapet relax aja guys
dadimahendra,X,ga tau mau bilang apa,2024-12-23 15:50:41,netral,ga tau bilang
hartaka92,X,ga tau mau bilang apa,2024-12-23 15:34:31,netral,ga tau bilang
nurainiliman,X,masih netral aja sih gw liatnya,2024-12-23 15:17:23,netral,netral aja sih gw liat
upiknapitupulu,X,ga tau mau bilang apa,2024-12-23 15:06:38,netral,ga tau bilang
haryantisakti,X,hmm no comment deh,2024-12-23 15:22:50,netral,hmm no comment deh
thamrinrangga,X,"ceramahnya tetep dapet kok, relax aja guys",2024-12-23 15:01:29,positif,ceramah tetep dapet relax aja guys
rina09,X,gus miftah harus minta maaf sih ini,2024-12-23 15:30:54,negatif,gus miftah maaf sih
prayogasusanti,X,jujurly lucu banget sih ini 😭,2024-12-23 15:24:27,positif,jujurly lucu banget sih
xmaulana,X,"ga lucu, malah nyakitin hati yg jualan",2024-12-23 15:46:59,negatif,ga lucu nyakitin hati yg jual
gaimananggraini,X,gw setuju sih ama omongannya gus,2024-12-23 15:58:37,positif,gw tuju sih ama omong gus
damanikelon,X,waduh ini sih udah kelewat batas,2024-12-23 15:28:36,negatif,sih udah lewat batas
mandasarisimon,X,gw setuju sih ama omongannya gus,2024-12-23 15:32:16,positif,gw tuju sih ama omong gus
simon47,X,biar agak keras tapi niatnya baik kok,2024-12-23 15:50:58,positif,biar keras niat
jagaragaardianto,X,bisa2 jualan es teh jd insecure 😓,2024-12-23 15:53:04,negatif,jual es teh jd insecure
gsafitri,X,gus miftah harus minta maaf sih ini,2024-12-23 15:07:07,negatif,gus miftah maaf sih
npangestu,X,gue liat ini ya udah lah ya,2024-12-23 15:47:18,netral,gue liat ya udah ya
gambiradamanik,X,tergantung yg nonton juga sih,2024-12-23 15:14:45,netral,gantung yg nonton sih
siregarjasmani,X,masih netral aja sih gw liatnya,2024-12-23 15:48:24,netral,netral aja sih gw liat
jpermadi,X,biasa aja sih,2024-12-23 15:44:22,netral,aja sih
dina43,X,ga sopan bgt ngomong gitu,2024-12-23 15:30:32,negatif,ga sopan bgt ngomong gitu
puspa71,X,ceramah apaan malah ngehina,2024-12-23 15:20:39,negatif,ceramah ngehina
wahyunilukita,X,gue liat ini ya udah lah ya,2024-12-23 15:01:31,netral,gue liat ya udah ya
habibicahyo,X,biasa aja sih,2024-12-23 15:57:16,netral,aja sih
edisonjailani,X,gue liat ini ya udah lah ya,2024-12-23 15:49:29,netral,gue liat ya udah ya
dalimin40,X,"bener juga sih, kadang netizen terlalu baper",2024-12-23 15:49:51,positif,bener sih kadang netizen baper
kuswandarikarma,X,"ceramahnya tetep dapet kok, relax aja guys",2024-12-23 15:25:22,positif,ceramah tetep dapet relax aja guys
sakurasihombing,X,bisa2 jualan es teh jd insecure 😓,2024-12-23 15:19:34,negatif,jual es teh jd insecure
digdayapratiwi,X,masih netral aja sih gw liatnya,2024-12-23 15:32:43,netral,netral aja sih gw liat
mwasita,X,"ceramahnya tetep dapet kok, relax aja guys",2024-12-23 15:32:42,positif,ceramah tetep dapet relax aja guys
nasyidahgaiman,X,ga sopan bgt ngomong gitu,2024-12-23 15:21:05,negatif,ga sopan bgt ngomong gitu
raharja77,X,ni gus emg ada aja kelakuannya 😂,2024-12-23 15:24:37,positif,ni gus emg aja laku
elvin40,X,masih netral aja sih gw liatnya,2024-12-23 15:11:59,netral,netral aja sih gw liat
harsaya70,X,tergantung yg nonton juga sih,2024-12-23 15:16:03,netral,gantung yg nonton sih
nasyidahgandi,X,hmm no comment deh,2024-12-23 15:38:53,netral,hmm no comment deh
mahdiwacana,X,hmm no comment deh,2024-12-23 15:28:58,netral,hmm no comment deh
budiyantomakuta,X,gus miftah harus minta maaf sih ini,2024-12-23 15:55:42,negatif,gus miftah maaf sih
galih85,X,jujurly lucu banget sih ini 😭,2024-12-23 15:53:45,positif,jujurly lucu banget sih
ibudiyanto,X,ga sopan bgt ngomong gitu,2024-12-23 15:31:50,negatif,ga sopan bgt ngomong gitu
betaniahutagalung,X,bisa2 jualan es teh jd insecure 😓,2024-12-23 15:39:57,negatif,jual es teh jd insecure
galih03,X,"ceramahnya tetep dapet kok, relax aja guys",2024-12-23 15:58:01,positif,ceramah tetep dapet relax aja guys
najmudinteddy,X,tergantung yg nonton juga sih,2024-12-23 15:55:20,netral,gantung yg nonton sih
nugrohorahayu,X,"bener juga sih, kadang netizen terlalu baper",2024-12-23 15:48:10,positif,bener sih kadang netizen baper
safinahassanah,X,gue liat ini ya udah lah ya,2024-12-23 15:50:13,netral,gue liat ya udah ya
mmaryadi,X,gus miftah harus minta maaf sih ini,2024-12-23 15:17:22,negatif,gus miftah maaf sih
soleh40,X,"ceramahnya tetep dapet kok, relax aja guys",2024-12-23 15:49:33,positif,ceramah tetep dapet relax aja guys
aniwinarno,X,ga sopan bgt ngomong gitu,2024-12-23 15:02:13,negatif,ga sopan bgt ngomong gitu
putri49,X,gue liat ini ya udah lah ya,2024-12-23 15:00:28,netral,gue liat ya udah ya
kacungwinarno,X,ga sopan bgt ngomong gitu,2024-12-23 15:17:57,negatif,ga sopan bgt ngomong gitu
mansuribrahim,X,jujurly lucu banget sih ini 😭,2024-12-23 15:01:03,positif,jujurly lucu banget sih
timbul13,X,ga tau mau bilang apa,2024-12-23 15:30:52,netral,ga tau bilang
asihombing,X,ceramah apaan malah ngehina,2024-12-23 15:30:08,negatif,ceramah ngehina
onisuryono,X,ceramah apaan malah ngehina,2024-12-23 15:48:48,negatif,ceramah ngehina
yuliantimakuta,X,"ga lucu, malah nyakitin hati yg jualan",2024-12-23 15:25:58,negatif,ga lucu nyakitin hati yg jual
aris44,X,tergantung yg nonton juga sih,2024-12-23 15:06:58,netral,gantung yg nonton sih
tarihoranvictoria,X,ceramah apaan malah ngehina,2024-12-23 15:10:11,negatif,ceramah ngehina
ellaprabowo,X,bisa2 jualan es teh jd insecure 😓,2024-12-23 15:22:57,negatif,jual es teh jd insecure
lamar47,X,"ga lucu, malah nyakitin hati yg jualan",2024-12-23 15:09:19,negatif,ga lucu nyakitin hati yg jual
shania21,X,biar agak keras tapi niatnya baik kok,2024-12-23 15:51:55,positif,biar keras niat
mahdi50,X,gue liat ini ya udah lah ya,2024-12-23 15:47:51,netral,gue liat ya udah ya
gunawangaman,X,gw setuju sih ama omongannya gus,2024-12-23 15:05:50,positif,gw tuju sih ama omong gus
saputradaru,X,ga sopan bgt ngomong gitu,2024-12-23 15:57:43,negatif,ga sopan bgt ngomong gitu
fitrianipalastri,X,tergantung yg nonton juga sih,2024-12-23 15:07:00,netral,gantung yg nonton sih
imam79,X,"ceramahnya tetep dapet kok, relax aja guys",2024-12-23 15:55:58,positif,ceramah tetep dapet relax aja guys
endra37,X,gus miftah harus minta maaf sih ini,2024-12-23 15:33:57,negatif,gus miftah maaf sih
novafujiati,X,ga sopan bgt ngomong gitu,2024-12-23 15:14:35,negatif,ga sopan bgt ngomong gitu
novitasariusyi,X,gw setuju sih ama omongannya gus,2024-12-23 15:57:02,positif,gw tuju sih ama omong gus
emanfirgantoro,X,ga tau mau bilang apa,2024-12-23 15:06:38,netral,ga tau bilang
kayla09,X,tergantung yg nonton juga sih,2024-12-23 15:56:55,netral,gantung yg nonton sih
jaimanmayasari,X,ceramah apaan malah ngehina,2024-12-23 15:38:21,negatif,ceramah ngehina
sitompulbalapati,X,gw setuju sih ama omongannya gus,2024-12-23 15:17:29,positif,gw tuju sih ama omong gus
cahya01,X,ni gus emg ada aja kelakuannya 😂,2024-12-23 15:36:55,positif,ni gus emg aja laku
bagusmardhiyah,X,jujurly lucu banget sih ini 😭,2024-12-23 15:01:05,positif,jujurly lucu banget sih
hutasoitwidya,X,hmm no comment deh,2024-12-23 15:43:54,netral,hmm no comment deh
mahmud70,X,"bener juga sih, kadang netizen terlalu baper",2024-12-23 15:44:30,positif,bener sih kadang netizen baper
lala79,X,gw setuju sih ama omongannya gus,2024-12-23 15:22:34,positif,gw tuju sih ama omong gus
novitasaridarimin,X,bisa2 jualan es teh jd insecure 😓,2024-12-23 15:13:40,negatif,jual es teh jd insecure
simbolonsyahrini,X,gus miftah harus minta maaf sih ini,2024-12-23 15:42:23,negatif,gus miftah maaf sih
taryani,X,ceramah apaan malah ngehina,2024-12-23 15:25:33,negatif,ceramah ngehina
wawanhassanah,X,"ga lucu, malah nyakitin hati yg jualan",2024-12-23 15:58:51,negatif,ga lucu nyakitin hati yg jual
kwinarsih,X,gue liat ini ya udah lah ya,2024-12-23 15:38:15,netral,gue liat ya udah ya
prabowo59,X,"bener juga sih, kadang netizen terlalu baper",2024-12-23 15:31:04,positif,bener sih kadang netizen baper
nurdiyantikasiran,X,"bener juga sih, kadang netizen terlalu baper",2024-12-23 15:20:31,positif,bener sih kadang netizen baper
waniwidodo,X,"ga lucu, malah nyakitin hati yg jualan",2024-12-23 15:37:35,negatif,ga lucu nyakitin hati yg jual
halimahaisyah,X,ga tau mau bilang apa,2024-12-23 15:35:18,netral,ga tau bilang
juliahandayani,X,masih netral aja sih gw liatnya,2024-12-23 15:03:54,netral,netral aja sih gw liat
rpermata,X,ceramah apaan malah ngehina,2024-12-23 15:10:46,negatif,ceramah ngehina
pratiwigatot,X,ni gus emg ada aja kelakuannya 😂,2024-12-23 15:06:50,positif,ni gus emg aja laku
harsaya85,X,ceramah apaan malah ngehina,2024-12-23 15:09:31,negatif,ceramah ngehina
putraalika,X,ga sopan bgt ngomong gitu,2024-12-23 15:11:56,negatif,ga sopan bgt ngomong gitu
najam73,X,masih netral aja sih gw liatnya,2024-12-23 15:28:10,netral,netral aja sih gw liat
yuliartibudi,X,ceramah apaan malah ngehina,2024-12-23 15:03:58,negatif,ceramah ngehina
paimannuraini,X,"bener juga sih, kadang netizen terlalu baper",2024-12-23 15:32:04,positif,bener sih kadang netizen baper
rahimahega,X,"ga lucu, malah nyakitin hati yg jualan",2024-12-23 15:59:43,negatif,ga lucu nyakitin hati yg jual
humaira55,X,hmm no comment deh,2024-12-23 15:46:08,netral,hmm no comment deh
usyidamanik,X,ga sopan bgt ngomong gitu,2024-12-23 15:29:26,negatif,ga sopan bgt ngomong gitu
rahmipratiwi,X,waduh ini sih udah kelewat batas,2024-12-23 15:07:40,negatif,sih udah lewat batas
fsaefullah,X,ga tau mau bilang apa,2024-12-23 15:44:12,netral,ga tau bilang
ganda23,X,gus miftah harus minta maaf sih ini,2024-12-23 15:55:24,negatif,gus miftah maaf sih
putralintang,X,ni gus emg ada aja kelakuannya 😂,2024-12-23 15:59:10,positif,ni gus emg aja laku
garda14,X,hmm no comment deh,2024-12-23 15:39:51,netral,hmm no comment deh
padmilatupono,X,biasa aja sih,2024-12-23 15:09:23,netral,aja sih
fpertiwi,X,gus miftah harus minta maaf sih ini,2024-12-23 15:54:04,negatif,gus miftah maaf sih
ramadantania,X,jujurly lucu banget sih ini 😭,2024-12-23 15:33:40,positif,jujurly lucu banget sih
tari82,X,ga tau mau bilang apa,2024-12-23 15:09:56,netral,ga tau bilang
elisa68,X,tergantung yg nonton juga sih,2024-12-23 15:44:28,netral,gantung yg nonton sih
prayogagaran,X,ga sopan bgt ngomong gitu,2024-12-23 15:08:40,negatif,ga sopan bgt ngomong gitu
hutagalungempluk,X,biasa aja sih,2024-12-23 15:29:05,netral,aja sih
cemplunkhalim,X,gw setuju sih ama omongannya gus,2024-12-23 15:17:31,positif,gw tuju sih ama omong gus
tina41,X,gw setuju sih ama omongannya gus,2024-12-23 15:26:36,positif,gw tuju sih ama omong gus
estiawanyuliarti,X,"ceramahnya tetep dapet kok, relax aja guys",2024-12-23 15:20:17,positif,ceramah tetep dapet relax aja guys
suartinisabri,X,masih netral aja sih gw liatnya,2024-12-23 15:14:12,netral,netral aja sih gw liat
aris94,X,tergantung yg nonton juga sih,2024-12-23 15:28:36,netral,gantung yg nonton sih
uharyanto,X,ni gus emg ada aja kelakuannya 😂,2024-12-23 15:29:03,positif,ni gus emg aja laku
novitasarivirman,X,"bener juga sih, kadang netizen terlalu baper",2024-12-23 15:35:31,positif,bener sih kadang netizen baper
yrahmawati,X,jujurly lucu banget sih ini 😭,2024-12-23 15:20:18,positif,jujurly lucu banget sih
laksitatitin,X,bisa2 jualan es teh jd insecure 😓,2024-12-23 15:07:21,negatif,jual es teh jd insecure
zulkarnainkacung,X,bisa2 jualan es teh jd insecure 😓,2024-12-23 15:15:01,negatif,jual es teh jd insecure
margana25,X,ni gus emg ada aja kelakuannya 😂,2024-12-23 15:54:24,positif,ni gus emg aja laku
ega86,X,ni gus emg ada aja kelakuannya 😂,2024-12-23 15:15:49,positif,ni gus emg aja laku
jindranugroho,X,ceramah apaan malah ngehina,2024-12-23 15:26:29,negatif,ceramah ngehina
widiastutioskar,X,hmm no comment deh,2024-12-23 15:21:20,netral,hmm no comment deh
akarsana16,X,gus miftah harus minta maaf sih ini,2024-12-23 15:24:40,negatif,gus miftah maaf sih
kani42,X,jujurly lucu banget sih ini 😭,2024-12-23 15:23:44,positif,jujurly lucu banget sih
halimpratama,X,waduh ini sih udah kelewat batas,2024-12-23 15:51:46,negatif,sih udah lewat batas
siregarcahyono,X,hmm no comment deh,2024-12-23 15:33:48,netral,hmm no comment deh
rama20,X,bisa2 jualan es teh jd insecure 😓,2024-12-23 15:40:49,negatif,jual es teh jd insecure
rahmawatigambira,X,ceramah apaan malah ngehina,2024-12-23 15:55:21,negatif,ceramah ngehina
hana12,X,biasa aja sih,2024-12-23 15:51:09,netral,aja sih
bakijan82,X,ceramah apaan malah ngehina,2024-12-23 15:49:11,negatif,ceramah ngehina
gamblangsitumorang,X,waduh ini sih udah kelewat batas,2024-12-23 15:35:54,negatif,sih udah lewat batas
wibisonojail,X,gw setuju sih ama omongannya gus,2024-12-23 15:50:07,positif,gw tuju sih ama omong gus
tiswahyudi,X,tergantung yg nonton juga sih,2024-12-23 15:23:26,netral,gantung yg nonton sih
mahendratomi,X,gus miftah harus minta maaf sih ini,2024-12-23 15:16:40,negatif,gus miftah maaf sih
rahimahjaka,X,bisa2 jualan es teh jd insecure 😓,2024-12-23 15:02:26,negatif,jual es teh jd insecure
ypranowo,X,gue liat ini ya udah lah ya,2024-12-23 15:58:11,netral,gue liat ya udah ya
pagustina,X,ni gus emg ada aja kelakuannya 😂,2024-12-23 15:07:48,positif,ni gus emg aja laku
daryani90,X,tergantung yg nonton juga sih,2024-12-23 15:41:08,netral,gantung yg nonton sih
hiswahyudi,X,gus miftah harus minta maaf sih ini,2024-12-23 15:03:38,negatif,gus miftah maaf sih
anggabaya77,X,masih netral aja sih gw liatnya,2024-12-23 15:34:53,netral,netral aja sih gw liat
susantiatma,X,ga tau mau bilang apa,2024-12-23 15:34:16,netral,ga tau bilang
anggriawanharto,X,jujurly lucu banget sih ini 😭,2024-12-23 15:45:28,positif,jujurly lucu banget sih
gilda87,X,biar agak keras tapi niatnya baik kok,2024-12-23 15:53:22,positif,biar keras niat
embuh17,X,bisa2 jualan es teh jd insecure 😓,2024-12-23 15:35:36,negatif,jual es teh jd insecure
ssetiawan,X,"bener juga sih, kadang netizen terlalu baper",2024-12-23 15:40:24,positif,bener sih kadang netizen baper
puspitazaenab,X,jujurly lucu banget sih ini 😭,2024-12-23 15:08:13,positif,jujurly lucu banget sih
gabrielladongoran,X,ga tau mau bilang apa,2024-12-23 15:48:20,netral,ga tau bilang
luis40,X,biar agak keras tapi niatnya baik kok,2024-12-23 15:58:15,positif,biar keras niat
qorihasanah,X,biasa aja sih,2024-12-23 15:48:01,netral,aja sih
hasanahrina,X,bisa2 jualan es teh jd insecure 😓,2024-12-23 15:10:35,negatif,jual es teh jd insecure
bakianto95,X,gus miftah harus minta maaf sih ini,2024-12-23 15:45:04,negatif,gus miftah maaf sih
jwibisono,X,masih netral aja sih gw liatnya,2024-12-23 15:04:01,netral,netral aja sih gw liat
rnababan,X,biasa aja sih,2024-12-23 15:28:49,netral,aja sih
tugiman52,X,gw setuju sih ama omongannya gus,2024-12-23 15:17:08,positif,gw tuju sih ama omong gus
pratiwidiana,X,hmm no comment deh,2024-12-23 15:32:07,netral,hmm no comment deh
unggulprasasta,X,masih netral aja sih gw liatnya,2024-12-23 15:32:16,netral,netral aja sih gw liat
lukman33,X,"ceramahnya tetep dapet kok, relax aja guys",2024-12-23 15:36:52,positif,ceramah tetep dapet relax aja guys
wahyudinaswani,X,gus miftah harus minta maaf sih ini,2024-12-23 15:58:22,negatif,gus miftah maaf sih
ianwijaya,X,ceramah apaan malah ngehina,2024-12-23 15:02:17,negatif,ceramah ngehina
dadi27,X,gue liat ini ya udah lah ya,2024-12-23 15:38:52,netral,gue liat ya udah ya
herukusumo,X,ni gus emg ada aja kelakuannya 😂,2024-12-23 15:43:00,positif,ni gus emg aja laku
omandasari,X,biasa aja sih,2024-12-23 15:10:13,netral,aja sih
purnawatikarya,X,tergantung yg nonton juga sih,2024-12-23 15:17:11,netral,gantung yg nonton sih
maryadizahra,X,ceramah apaan malah ngehina,2024-12-23 15:09:56,negatif,ceramah ngehina
gilangmegantara,X,"ceramahnya tetep dapet kok, relax aja guys",2024-12-23 15:38:42,positif,ceramah tetep dapet relax aja guys
nashiruddinhardi,X,"ga lucu, malah nyakitin hati yg jualan",2024-12-23 15:14:54,negatif,ga lucu nyakitin hati yg jual
taufansamosir,X,hmm no comment deh,2024-12-23 15:24:38,netral,hmm no comment deh
yuniarwage,X,ni gus emg ada aja kelakuannya 😂,2024-12-23 15:38:38,positif,ni gus emg aja laku
ganditamba,X,"ga lucu, malah nyakitin hati yg jualan",2024-12-23 15:15:53,negatif,ga lucu nyakitin hati yg jual
rwinarno,X,ceramah apaan malah ngehina,2024-12-23 15:40:54,negatif,ceramah ngehina
dabukkereza,X,gue liat ini ya udah lah ya,2024-12-23 15:00:16,netral,gue liat ya udah ya
rininashiruddin,X,waduh ini sih udah kelewat batas,2024-12-23 15:22:47,negatif,sih udah lewat batas
fnovitasari,X,hmm no comment deh,2024-12-23 15:56:43,netral,hmm no comment deh
saiful26,X,biasa aja sih,2024-12-23 15:22:24,netral,aja sih
manullanggandewa,X,biasa aja sih,2024-12-23 15:57:04,netral,aja sih
lamarfujiati,X,ga tau mau bilang apa,2024-12-23 15:10:37,netral,ga tau bilang
sariuwais,X,tergantung yg nonton juga sih,2024-12-23 15:08:54,netral,gantung yg nonton sih
waskitakiandra,X,jujurly lucu banget sih ini 😭,2024-12-23 15:18:51,positif,jujurly lucu banget sih
cayadithamrin,X,ga tau mau bilang apa,2024-12-23 15:38:09,netral,ga tau bilang
pratamawahyu,X,"ga lucu, malah nyakitin hati yg jualan",2024-12-23 15:03:24,negatif,ga lucu nyakitin hati yg jual
titindabukke,X,"ceramahnya tetep dapet kok, relax aja guys",2024-12-23 15:31:07,positif,ceramah tetep dapet relax aja guys
nurdiyantiyoga,X,hmm no comment deh,2024-12-23 15:16:22,netral,hmm no comment deh
omar31,X,biar agak keras tapi niatnya baik kok,2024-12-23 15:00:34,positif,biar keras niat
galihpradipta,X,biasa aja sih,2024-12-23 15:16:49,netral,aja sih
dewi92,X,ga sopan bgt ngomong gitu,2024-12-23 15:24:43,negatif,ga sopan bgt ngomong gitu
windasiregar,X,gw setuju sih ama omongannya gus,2024-12-23 15:05:43,positif,gw tuju sih ama omong gus
lpuspita,X,ga tau mau bilang apa,2024-12-23 15:49:21,netral,ga tau bilang
hafshah24,X,gw setuju sih ama omongannya gus,2024-12-23 15:15:22,positif,gw tuju sih ama omong gus
indah63,X,biasa aja sih,2024-12-23 15:08:48,netral,aja sih
prima62,X,"ga lucu, malah nyakitin hati yg jualan",2024-12-23 15:51:39,negatif,ga lucu nyakitin hati yg jual
agustinawirda,X,"ga lucu, malah nyakitin hati yg jualan",2024-12-23 15:38:55,negatif,ga lucu nyakitin hati yg jual
tasnimwidiastuti,X,waduh ini sih udah kelewat batas,2024-12-23 15:41:48,negatif,sih udah lewat batas
okta91,X,biar agak keras tapi niatnya baik kok,2024-12-23 15:48:14,positif,biar keras niat
kamaria23,X,gw setuju sih ama omongannya gus,2024-12-23 15:30:27,positif,gw tuju sih ama omong gus
sitoruskemba,X,jujurly lucu banget sih ini 😭,2024-12-23 15:12:15,positif,jujurly lucu banget sih
maryadi52,X,"bener juga sih, kadang netizen terlalu baper",2024-12-23 15:37:24,positif,bener sih kadang netizen baper
margana12,X,ceramah apaan malah ngehina,2024-12-23 15:56:48,negatif,ceramah ngehina
dpermadi,X,ga sopan bgt ngomong gitu,2024-12-23 15:25:36,negatif,ga sopan bgt ngomong gitu
januarlalita,X,"ga lucu, malah nyakitin hati yg jualan",2024-12-23 15:50:48,negatif,ga lucu nyakitin hati yg jual
darsirahmandasari,X,gue liat ini ya udah lah ya,2024-12-23 15:53:09,netral,gue liat ya udah ya
purnawatianastasia,X,hmm no comment deh,2024-12-23 15:01:51,netral,hmm no comment deh
nasyidahicha,X,gue liat ini ya udah lah ya,2024-12-23 15:01:21,netral,gue liat ya udah ya
viktormustofa,X,jujurly lucu banget sih ini 😭,2024-12-23 15:54:31,positif,jujurly lucu banget sih
anggrainiibrani,X,ceramah apaan malah ngehina,2024-12-23 15:42:58,negatif,ceramah ngehina
maman46,X,ga tau mau bilang apa,2024-12-23 15:52:23,netral,ga tau bilang
ade88,X,ga tau mau bilang apa,2024-12-23 15:42:03,netral,ga tau bilang
dinda13,X,"ga lucu, malah nyakitin hati yg jualan",2024-12-23 15:50:36,negatif,ga lucu nyakitin hati yg jual
kusumokarimah,X,gw setuju sih ama omongannya gus,2024-12-23 15:24:46,positif,gw tuju sih ama omong gus
garangmaulana,X,ceramah apaan malah ngehina,2024-12-23 15:31:15,negatif,ceramah ngehina
irawangandi,X,biar agak keras tapi niatnya baik kok,2024-12-23 15:50:09,positif,biar keras niat
tinatamba,X,bisa2 jualan es teh jd insecure 😓,2024-12-23 15:48:15,negatif,jual es teh jd insecure
saragihmaras,X,"ga lucu, malah nyakitin hati yg jualan",2024-12-23 15:18:54,negatif,ga lucu nyakitin hati yg jual
enapitupulu,X,"ga lucu, malah nyakitin hati yg jualan",2024-12-23 15:14:59,negatif,ga lucu nyakitin hati yg jual
dadapsantoso,X,masih netral aja sih gw liatnya,2024-12-23 15:49:04,netral,netral aja sih gw liat
paulinsuwarno,X,tergantung yg nonton juga sih,2024-12-23 15:05:46,netral,gantung yg nonton sih
nwacana,X,"bener juga sih, kadang netizen terlalu baper",2024-12-23 15:08:03,positif,bener sih kadang netizen baper
bahuraksa86,X,bisa2 jualan es teh jd insecure 😓,2024-12-23 15:34:15,negatif,jual es teh jd insecure
balasiregar,X,biasa aja sih,2024-12-23 15:14:06,netral,aja sih
marpaungprakosa,X,bisa2 jualan es teh jd insecure 😓,2024-12-23 15:38:33,negatif,jual es teh jd insecure
kambali42,X,gw setuju sih ama omongannya gus,2024-12-23 15:33:32,positif,gw tuju sih ama omong gus
jumari09,X,ga sopan bgt ngomong gitu,2024-12-23 15:26:03,negatif,ga sopan bgt ngomong gitu
anggabaya66,X,tergantung yg nonton juga sih,2024-12-23 15:09:25,netral,gantung yg nonton sih
elisaoktaviani,X,ni gus emg ada aja kelakuannya 😂,2024-12-23 15:09:40,positif,ni gus emg aja laku
tira60,X,biasa aja sih,2024-12-23 15:00:34,netral,aja sih
fwijayanti,X,biasa aja sih,2024-12-23 15:26:46,netral,aja sih
cakrabirawausada,X,tergantung yg nonton juga sih,2024-12-23 15:38:51,netral,gantung yg nonton sih
sihotangyoga,X,hmm no comment deh,2024-12-23 15:48:47,netral,hmm no comment deh
hakimjatmiko,X,"bener juga sih, kadang netizen terlalu baper",2024-12-23 15:37:32,positif,bener sih kadang netizen baper
prabowoanggriawan,X,"ga lucu, malah nyakitin hati yg jualan",2024-12-23 15:55:23,negatif,ga lucu nyakitin hati yg jual
ilsapradana,X,gus miftah harus minta maaf sih ini,2024-12-23 15:05:02,negatif,gus miftah maaf sih
ifa28,X,"bener juga sih, kadang netizen terlalu baper",2024-12-23 15:15:17,positif,bener sih kadang netizen baper
permadilatika,X,bisa2 jualan es teh jd insecure 😓,2024-12-23 15:03:42,negatif,jual es teh jd insecure
gawatipadmasari,X,gus miftah harus minta maaf sih ini,2024-12-23 15:44:39,negatif,gus miftah maaf sih
mahendralukita,X,masih netral aja sih gw liatnya,2024-12-23 15:04:18,netral,netral aja sih gw liat
hartosusanti,X,"ceramahnya tetep dapet kok, relax aja guys",2024-12-23 15:18:27,positif,ceramah tetep dapet relax aja guys
zelayalazuardi,X,biar agak keras tapi niatnya baik kok,2024-12-23 15:57:17,positif,biar keras niat
utamaihsan,X,biasa aja sih,2024-12-23 15:00:15,netral,aja sih
tsirait,X,gue liat ini ya udah lah ya,2024-12-23 15:53:45,netral,gue liat ya udah ya
namagatugiman,X,biar agak keras tapi niatnya baik kok,2024-12-23 15:14:34,positif,biar keras niat
cagerpuspasari,X,"ceramahnya tetep dapet kok, relax aja guys",2024-12-23 15:07:04,positif,ceramah tetep dapet relax aja guys
prabowosusanti,X,masih netral aja sih gw liatnya,2024-12-23 15:32:52,netral,netral aja sih gw liat
zulkarnaincayadi,X,"bener juga sih, kadang netizen terlalu baper",2024-12-23 15:00:52,positif,bener sih kadang netizen baper
galangmarbun,X,biasa aja sih,2024-12-23 15:43:50,netral,aja sih
gabriellahartati,X,biasa aja sih,2024-12-23 15:41:21,netral,aja sih
hasan96,X,"ceramahnya tetep dapet kok, relax aja guys",2024-12-23 15:40:41,positif,ceramah tetep dapet relax aja guys
pratamaaditya,X,"ga lucu, malah nyakitin hati yg jualan",2024-12-23 15:57:00,negatif,ga lucu nyakitin hati yg jual
johan87,X,"ceramahnya tetep dapet kok, relax aja guys",2024-12-23 15:29:32,positif,ceramah tetep dapet relax aja guys
prasetyofaizah,X,ga tau mau bilang apa,2024-12-23 15:25:51,netral,ga tau bilang
prayogapanca,X,bisa2 jualan es teh jd insecure 😓,2024-12-23 15:00:35,negatif,jual es teh jd insecure
asman58,X,biar agak keras tapi niatnya baik kok,2024-12-23 15:35:42,positif,biar keras niat
salimah49,X,ga tau mau bilang apa,2024-12-23 15:55:47,netral,ga tau bilang
laksitaajimat,X,ceramah apaan malah ngehina,2024-12-23 15:37:58,negatif,ceramah ngehina
dsihombing,X,bisa2 jualan es teh jd insecure 😓,2024-12-23 15:43:04,negatif,jual es teh jd insecure
wastutiaisyah,X,waduh ini sih udah kelewat batas,2024-12-23 15:06:39,negatif,sih udah lewat batas
pradanapardi,X,masih netral aja sih gw liatnya,2024-12-23 15:08:52,netral,netral aja sih gw liat
kanda13,X,masih netral aja sih gw liatnya,2024-12-23 15:25:40,netral,netral aja sih gw liat
wahyunikarna,X,gue liat ini ya udah lah ya,2024-12-23 15:50:22,netral,gue liat ya udah ya
atmajakusumo,X,gus miftah harus minta maaf sih ini,2024-12-23 15:22:38,negatif,gus miftah maaf sih
winarsihgandewa,X,jujurly lucu banget sih ini 😭,2024-12-23 15:46:17,positif,jujurly lucu banget sih
syuniar,X,ceramah apaan malah ngehina,2024-12-23 15:28:53,negatif,ceramah ngehina
sinagaputi,X,"bener juga sih, kadang netizen terlalu baper",2024-12-23 15:00:48,positif,bener sih kadang netizen baper
halim60,X,ceramah apaan malah ngehina,2024-12-23 15:59:42,negatif,ceramah ngehina
latif77,X,tergantung yg nonton juga sih,2024-12-23 15:09:59,netral,gantung yg nonton sih
carubmandasari,X,hmm no comment deh,2024-12-23 15:31:28,netral,hmm no comment deh
titi97,X,tergantung yg nonton juga sih,2024-12-23 15:51:10,netral,gantung yg nonton sih
darijan40,X,ga sopan bgt ngomong gitu,2024-12-23 15:53:01,negatif,ga sopan bgt ngomong gitu
bahuwarnahidayanto,X,biasa aja sih,2024-12-23 15:02:27,netral,aja sih
purnawatichelsea,X,"ga lucu, malah nyakitin hati yg jualan",2024-12-23 15:16:46,negatif,ga lucu nyakitin hati yg jual
bakiadi58,X,biar agak keras tapi niatnya baik kok,2024-12-23 15:21:17,positif,biar keras niat
widiastutilega,X,biasa aja sih,2024-12-23 15:29:54,netral,aja sih
eluhnamaga,X,ceramah apaan malah ngehina,2024-12-23 15:06:23,negatif,ceramah ngehina
djailani,X,ga sopan bgt ngomong gitu,2024-12-23 15:01:33,negatif,ga sopan bgt ngomong gitu
usman81,X,bisa2 jualan es teh jd insecure 😓,2024-12-23 15:23:31,negatif,jual es teh jd insecure
omangunsong,X,"ceramahnya tetep dapet kok, relax aja guys",2024-12-23 15:51:30,positif,ceramah tetep dapet relax aja guys
caturnasyiah,X,hmm no comment deh,2024-12-23 15:49:05,netral,hmm no comment deh
ipuspasari,X,jujurly lucu banget sih ini 😭,2024-12-23 15:47:06,positif,jujurly lucu banget sih
tasdikmarbun,X,"ga lucu, malah nyakitin hati yg jualan",2024-12-23 15:41:53,negatif,ga lucu nyakitin hati yg jual
wahyunibaktianto,X,jujurly lucu banget sih ini 😭,2024-12-23 15:38:25,positif,jujurly lucu banget sih
jamalia49,X,tergantung yg nonton juga sih,2024-12-23 15:29:17,netral,gantung yg nonton sih
irawandarijan,X,gw setuju sih ama omongannya gus,2024-12-23 15:44:05,positif,gw tuju sih ama omong gus
puspitahardana,X,"ga lucu, malah nyakitin hati yg jualan",2024-12-23 15:48:52,negatif,ga lucu nyakitin hati yg jual
cawisono88,X,hmm no comment deh,2024-12-23 15:47:09,netral,hmm no comment deh
yuni73,X,ga sopan bgt ngomong gitu,2024-12-23 15:29:50,negatif,ga sopan bgt ngomong gitu
keishapuspita,X,"ga lucu, malah nyakitin hati yg jualan",2024-12-23 15:23:36,negatif,ga lucu nyakitin hati yg jual
cici58,X,jujurly lucu banget sih ini 😭,2024-12-23 15:22:05,positif,jujurly lucu banget sih
rmardhiyah,X,masih netral aja sih gw liatnya,2024-12-23 15:44:41,netral,netral aja sih gw liat
jkuswoyo,X,ga tau mau bilang apa,2024-12-23 15:19:33,netral,ga tau bilang
kusumoteddy,X,gw setuju sih ama omongannya gus,2024-12-23 15:50:43,positif,gw tuju sih ama omong gus
tedi43,X,"ga lucu, malah nyakitin hati yg jualan",2024-12-23 15:39:25,negatif,ga lucu nyakitin hati yg jual
carakapudjiastuti,X,tergantung yg nonton juga sih,2024-12-23 15:45:09,netral,gantung yg nonton sih
emas26,X,"ga lucu, malah nyakitin hati yg jualan",2024-12-23 15:27:40,negatif,ga lucu nyakitin hati yg jual
mustofakunthara,X,hmm no comment deh,2024-12-23 15:02:22,netral,hmm no comment deh
darimin49,X,"ga lucu, malah nyakitin hati yg jualan",2024-12-23 15:34:06,negatif,ga lucu nyakitin hati yg jual
kamidin99,X,hmm no comment deh,2024-12-23 15:18:22,netral,hmm no comment deh
eanggriawan,X,gw setuju sih ama omongannya gus,2024-12-23 15:05:01,positif,gw tuju sih ama omong gus
tediusada,X,biasa aja sih,2024-12-23 15:12:24,netral,aja sih
qtarihoran,X,tergantung yg nonton juga sih,2024-12-23 15:19:38,netral,gantung yg nonton sih
cahyonosamosir,X,bisa2 jualan es teh jd insecure 😓,2024-12-23 15:40:22,negatif,jual es teh jd insecure
elisa48,X,"ga lucu, malah nyakitin hati yg jualan",2024-12-23 15:41:59,negatif,ga lucu nyakitin hati yg jual
habibiana,X,jujurly lucu banget sih ini 😭,2024-12-23 15:30:32,positif,jujurly lucu banget sih
asmadiusamah,X,biar agak keras tapi niatnya baik kok,2024-12-23 15:45:14,positif,biar keras niat
palastrijefri,X,biasa aja sih,2024-12-23 15:04:13,netral,aja sih
nhandayani,X,gue liat ini ya udah lah ya,2024-12-23 15:23:01,netral,gue liat ya udah ya
anommulyani,X,tergantung yg nonton juga sih,2024-12-23 15:13:51,netral,gantung yg nonton sih
astutiharja,X,"ceramahnya tetep dapet kok, relax aja guys",2024-12-23 15:29:27,positif,ceramah tetep dapet relax aja guys
marsito74,X,biar agak keras tapi niatnya baik kok,2024-12-23 15:21:37,positif,biar keras niat
umaya54,X,gus miftah harus minta maaf sih ini,2024-12-23 15:29:04,negatif,gus miftah maaf sih
jaswadinatsir,X,waduh ini sih udah kelewat batas,2024-12-23 15:30:14,negatif,sih udah lewat batas
ilyassamosir,X,"ga lucu, malah nyakitin hati yg jualan",2024-12-23 15:50:42,negatif,ga lucu nyakitin hati yg jual
tasdikzulaika,X,waduh ini sih udah kelewat batas,2024-12-23 15:02:08,negatif,sih udah lewat batas
ichaprayoga,X,ni gus emg ada aja kelakuannya 😂,2024-12-23 15:41:51,positif,ni gus emg aja laku
uzulkarnain,X,gus miftah harus minta maaf sih ini,2024-12-23 15:23:22,negatif,gus miftah maaf sih
prayogapaulin,X,gue liat ini ya udah lah ya,2024-12-23 15:39:04,netral,gue liat ya udah ya
uchita83,X,gue liat ini ya udah lah ya,2024-12-23 15:37:52,netral,gue liat ya udah ya
harsanto62,X,masih netral aja sih gw liatnya,2024-12-23 15:25:25,netral,netral aja sih gw liat
dongoranirnanto,X,tergantung yg nonton juga sih,2024-12-23 15:29:08,netral,gantung yg nonton sih
rosman14,X,ga sopan bgt ngomong gitu,2024-12-23 15:08:33,negatif,ga sopan bgt ngomong gitu
gatot02,X,"bener juga sih, kadang netizen terlalu baper",2024-12-23 15:21:01,positif,bener sih kadang netizen baper
edwardiswahyudi,X,biar agak keras tapi niatnya baik kok,2024-12-23 15:21:35,positif,biar keras niat
argono88,X,ceramah apaan malah ngehina,2024-12-23 15:53:25,negatif,ceramah ngehina
uyainahnajam,X,gue liat ini ya udah lah ya,2024-12-23 15:12:25,netral,gue liat ya udah ya
mariasaputra,X,"bener juga sih, kadang netizen terlalu baper",2024-12-23 15:39:13,positif,bener sih kadang netizen baper
sakti83,X,gus miftah harus minta maaf sih ini,2024-12-23 15:38:45,negatif,gus miftah maaf sih
laksmiwatiradit,X,gus miftah harus minta maaf sih ini,2024-12-23 15:50:45,negatif,gus miftah maaf sih
yrahimah,X,ni gus emg ada aja kelakuannya 😂,2024-12-23 15:40:35,positif,ni gus emg aja laku
safina64,X,tergantung yg nonton juga sih,2024-12-23 15:36:45,netral,gantung yg nonton sih
dwahyuni,X,gw setuju sih ama omongannya gus,2024-12-23 15:31:56,positif,gw tuju sih ama omong gus
oni86,X,"ceramahnya tetep dapet kok, relax aja guys",2024-12-23 15:57:20,positif,ceramah tetep dapet relax aja guys
imamzulkarnain,X,gue liat ini ya udah lah ya,2024-12-23 15:55:49,netral,gue liat ya udah ya
bancar81,X,ni gus emg ada aja kelakuannya 😂,2024-12-23 15:31:38,positif,ni gus emg aja laku
dirawan,X,ga sopan bgt ngomong gitu,2024-12-23 15:49:16,negatif,ga sopan bgt ngomong gitu
adikara58,X,"ga lucu, malah nyakitin hati yg jualan",2024-12-23 15:10:00,negatif,ga lucu nyakitin hati yg jual
suryatmicayadi,X,masih netral aja sih gw liatnya,2024-12-23 15:44:45,netral,netral aja sih gw liat
ssamosir,X,"ceramahnya tetep dapet kok, relax aja guys",2024-12-23 15:32:20,positif,ceramah tetep dapet relax aja guys
catur06,X,"bener juga sih, kadang netizen terlalu baper",2024-12-23 15:15:36,positif,bener sih kadang netizen baper
diana25,X,masih netral aja sih gw liatnya,2024-12-23 15:29:43,netral,netral aja sih gw liat
jelitarajata,X,jujurly lucu banget sih ini 😭,2024-12-23 15:21:03,positif,jujurly lucu banget sih
cahyantousada,X,masih netral aja sih gw liatnya,2024-12-23 15:24:19,netral,netral aja sih gw liat
jaswadi61,X,ga sopan bgt ngomong gitu,2024-12-23 15:50:21,negatif,ga sopan bgt ngomong gitu
pratiwiibrahim,X,bisa2 jualan es teh jd insecure 😓,2024-12-23 15:20:24,negatif,jual es teh jd insecure
samosirina,X,ga tau mau bilang apa,2024-12-23 15:49:33,netral,ga tau bilang
arsipatra62,X,hmm no comment deh,2024-12-23 15:14:45,netral,hmm no comment deh
adikarahassanah,X,bisa2 jualan es teh jd insecure 😓,2024-12-23 15:24:05,negatif,jual es teh jd insecure
skusmawati,X,gw setuju sih ama omongannya gus,2024-12-23 15:53:14,positif,gw tuju sih ama omong gus
gnasyidah,X,tergantung yg nonton juga sih,2024-12-23 15:17:13,netral,gantung yg nonton sih
rthamrin,X,ni gus emg ada aja kelakuannya 😂,2024-12-23 15:24:20,positif,ni gus emg aja laku
purwantirahman,X,ni gus emg ada aja kelakuannya 😂,2024-12-23 15:22:02,positif,ni gus emg aja laku
galurwinarsih,X,gus miftah harus minta maaf sih ini,2024-12-23 15:14:38,negatif,gus miftah maaf sih
janeprasetyo,X,ga sopan bgt ngomong gitu,2024-12-23 15:03:15,negatif,ga sopan bgt ngomong gitu
bakiadiprakasa,X,gw setuju sih ama omongannya gus,2024-12-23 15:27:03,positif,gw tuju sih ama omong gus
jarwa70,X,ceramah apaan malah ngehina,2024-12-23 15:04:11,negatif,ceramah ngehina
kemalrahimah,X,jujurly lucu banget sih ini 😭,2024-12-23 15:35:29,positif,jujurly lucu banget sih
gastimahendra,X,ga sopan bgt ngomong gitu,2024-12-23 15:55:49,negatif,ga sopan bgt ngomong gitu
rahayudodo,X,ni gus emg ada aja kelakuannya 😂,2024-12-23 15:17:14,positif,ni gus emg aja laku
sitompulcakrawala,X,gw setuju sih ama omongannya gus,2024-12-23 15:57:02,positif,gw tuju sih ama omong gus
dewi58,X,"bener juga sih, kadang netizen terlalu baper",2024-12-23 15:23:32,positif,bener sih kadang netizen baper
xnamaga,X,ga tau mau bilang apa,2024-12-23 15:45:01,netral,ga tau bilang
argonosihombing,X,masih netral aja sih gw liatnya,2024-12-23 15:56:15,netral,netral aja sih gw liat
tjanuar,X,"bener juga sih, kadang netizen terlalu baper",2024-12-23 15:58:20,positif,bener sih kadang netizen baper
lalamulyani,X,"ga lucu, malah nyakitin hati yg jualan",2024-12-23 15:57:43,negatif,ga lucu nyakitin hati yg jual
balijanmaryati,X,ga sopan bgt ngomong gitu,2024-12-23 15:51:52,negatif,ga sopan bgt ngomong gitu
eja72,X,ceramah apaan malah ngehina,2024-12-23 15:00:48,negatif,ceramah ngehina
mardhiyahani,X,"bener juga sih, kadang netizen terlalu baper",2024-12-23 15:52:47,positif,bener sih kadang netizen baper
hassanahjoko,X,ni gus emg ada aja kelakuannya 😂,2024-12-23 15:19:49,positif,ni gus emg aja laku
xbudiman,X,"bener juga sih, kadang netizen terlalu baper",2024-12-23 15:42:39,positif,bener sih kadang netizen baper
yunitasantoso,X,masih netral aja sih gw liatnya,2024-12-23 15:21:28,netral,netral aja sih gw liat
shakilakuswoyo,X,waduh ini sih udah kelewat batas,2024-12-23 15:15:51,negatif,sih udah lewat batas
darmana43,X,"ceramahnya tetep dapet kok, relax aja guys",2024-12-23 15:21:38,positif,ceramah tetep dapet relax aja guys
lurhurkuswandari,X,masih netral aja sih gw liatnya,2024-12-23 15:03:03,netral,netral aja sih gw liat
karmabudiman,X,waduh ini sih udah kelewat batas,2024-12-23 15:49:16,negatif,sih udah lewat batas
solehpangestu,X,bisa2 jualan es teh jd insecure 😓,2024-12-23 15:19:05,negatif,jual es teh jd insecure
permatapuput,X,"ceramahnya tetep dapet kok, relax aja guys",2024-12-23 15:05:34,positif,ceramah tetep dapet relax aja guys
gmaryadi,X,jujurly lucu banget sih ini 😭,2024-12-23 15:01:26,positif,jujurly lucu banget sih
febi10,X,biasa aja sih,2024-12-23 15:17:53,netral,aja sih
ksalahudin,X,tergantung yg nonton juga sih,2024-12-23 15:37:41,netral,gantung yg nonton sih
dewi44,X,jujurly lucu banget sih ini 😭,2024-12-23 15:13:56,positif,jujurly lucu banget sih
dariati35,X,ga sopan bgt ngomong gitu,2024-12-23 15:08:57,negatif,ga sopan bgt ngomong gitu
pangestuchandra,X,ga tau mau bilang apa,2024-12-23 15:45:56,netral,ga tau bilang
kurniatarihoran,X,bisa2 jualan es teh jd insecure 😓,2024-12-23 15:12:46,negatif,jual es teh jd insecure
nasabnovitasari,X,ga sopan bgt ngomong gitu,2024-12-23 15:41:25,negatif,ga sopan bgt ngomong gitu
balapati01,X,jujurly lucu banget sih ini 😭,2024-12-23 15:25:49,positif,jujurly lucu banget sih
baktionosusanti,X,gus miftah harus minta maaf sih ini,2024-12-23 15:58:55,negatif,gus miftah maaf sih
rahimahgatot,X,waduh ini sih udah kelewat batas,2024-12-23 15:54:45,negatif,sih udah lewat batas
usadakartika,X,ga tau mau bilang apa,2024-12-23 15:39:39,netral,ga tau bilang
asmadiaryani,X,gw setuju sih ama omongannya gus,2024-12-23 15:14:52,positif,gw tuju sih ama omong gus
nashiruddinpangestu,X,masih netral aja sih gw liatnya,2024-12-23 15:10:00,netral,netral aja sih gw liat
michelle66,X,biasa aja sih,2024-12-23 15:08:17,netral,aja sih
ewidiastuti,X,biar agak keras tapi niatnya baik kok,2024-12-23 15:38:23,positif,biar keras niat
karma58,X,gus miftah harus minta maaf sih ini,2024-12-23 15:43:15,negatif,gus miftah maaf sih
hendra17,X,"bener juga sih, kadang netizen terlalu baper",2024-12-23 15:59:08,positif,bener sih kadang netizen baper
gastipermata,X,ga tau mau bilang apa,2024-12-23 15:56:14,netral,ga tau bilang
dadi34,X,ga sopan bgt ngomong gitu,2024-12-23 15:16:14,negatif,ga sopan bgt ngomong gitu
yuniarimam,X,ga tau mau bilang apa,2024-12-23 15:34:25,netral,ga tau bilang
budiyantopadma,X,ni gus emg ada aja kelakuannya 😂,2024-12-23 15:27:11,positif,ni gus emg aja laku
najwawacana,X,masih netral aja sih gw liatnya,2024-12-23 15:46:02,netral,netral aja sih gw liat
uwidodo,X,tergantung yg nonton juga sih,2024-12-23 15:00:26,netral,gantung yg nonton sih
naradi12,X,ni gus emg ada aja kelakuannya 😂,2024-12-23 15:20:54,positif,ni gus emg aja laku
keziayolanda,X,ga tau mau bilang apa,2024-12-23 15:09:05,netral,ga tau bilang
daliono91,X,"ceramahnya tetep dapet kok, relax aja guys",2024-12-23 15:40:38,positif,ceramah tetep dapet relax aja guys
pertiwitaswir,X,ga sopan bgt ngomong gitu,2024-12-23 15:03:26,negatif,ga sopan bgt ngomong gitu
luwar77,X,biar agak keras tapi niatnya baik kok,2024-12-23 15:18:17,positif,biar keras niat
phutapea,X,bisa2 jualan es teh jd insecure 😓,2024-12-23 15:22:22,negatif,jual es teh jd insecure
purwantiraina,X,tergantung yg nonton juga sih,2024-12-23 15:33:09,netral,gantung yg nonton sih
jmustofa,X,masih netral aja sih gw liatnya,2024-12-23 15:03:05,netral,netral aja sih gw liat
megantarajayadi,X,ni gus emg ada aja kelakuannya 😂,2024-12-23 15:22:33,positif,ni gus emg aja laku
xprasetya,X,masih netral aja sih gw liatnya,2024-12-23 15:42:05,netral,netral aja sih gw liat
laksmiwatichelsea,X,ni gus emg ada aja kelakuannya 😂,2024-12-23 15:04:26,positif,ni gus emg aja laku
liman17,X,waduh ini sih udah kelewat batas,2024-12-23 15:38:42,negatif,sih udah lewat batas
nasimsusanti,X,tergantung yg nonton juga sih,2024-12-23 15:10:34,netral,gantung yg nonton sih
hamzah10,X,"bener juga sih, kadang netizen terlalu baper",2024-12-23 15:08:55,positif,bener sih kadang netizen baper
zkurniawan,X,waduh ini sih udah kelewat batas,2024-12-23 15:16:08,negatif,sih udah lewat batas
galang56,X,hmm no comment deh,2024-12-23 15:46:29,netral,hmm no comment deh
maria83,X,biar agak keras tapi niatnya baik kok,2024-12-23 15:11:28,positif,biar keras niat
prayitna21,X,gw setuju sih ama omongannya gus,2024-12-23 15:00:34,positif,gw tuju sih ama omong gus
daniswara36,X,ga tau mau bilang apa,2024-12-23 15:32:20,netral,ga tau bilang
nrima88,X,waduh ini sih udah kelewat batas,2024-12-23 15:15:44,negatif,sih udah lewat batas
laksanasimbolon,X,waduh ini sih udah kelewat batas,2024-12-23 15:34:54,negatif,sih udah lewat batas
dhakim,X,ni gus emg ada aja kelakuannya 😂,2024-12-23 15:16:13,positif,ni gus emg aja laku
widiastutisalsabila,X,gue liat ini ya udah lah ya,2024-12-23 15:54:33,netral,gue liat ya udah ya
zulkarnainkajen,X,gus miftah harus minta maaf sih ini,2024-12-23 15:36:31,negatif,gus miftah maaf sih
tinaprasetya,X,masih netral aja sih gw liatnya,2024-12-23 15:45:57,netral,netral aja sih gw liat
harimangunsong,X,"bener juga sih, kadang netizen terlalu baper",2024-12-23 15:36:35,positif,bener sih kadang netizen baper
susanticahya,X,ni gus emg ada aja kelakuannya 😂,2024-12-23 15:04:20,positif,ni gus emg aja laku
lega43,X,masih netral aja sih gw liatnya,2024-12-23 15:44:00,netral,netral aja sih gw liat
uda06,X,biasa aja sih,2024-12-23 15:23:46,netral,aja sih
niyaga19,X,"ga lucu, malah nyakitin hati yg jualan",2024-12-23 15:13:00,negatif,ga lucu nyakitin hati yg jual
susantijamalia,X,tergantung yg nonton juga sih,2024-12-23 15:19:11,netral,gantung yg nonton sih
nprasetya,X,biasa aja sih,2024-12-23 15:43:08,netral,aja sih
asmiantoprayoga,X,ga sopan bgt ngomong gitu,2024-12-23 15:24:44,negatif,ga sopan bgt ngomong gitu
malahandayani,X,gw setuju sih ama omongannya gus,2024-12-23 15:42:14,positif,gw tuju sih ama omong gus
cahya74,X,ga tau mau bilang apa,2024-12-23 15:25:22,netral,ga tau bilang
maidasiregar,X,ceramah apaan malah ngehina,2024-12-23 15:40:10,negatif,ceramah ngehina
dwaskita,X,ceramah apaan malah ngehina,2024-12-23 15:36:37,negatif,ceramah ngehina
nalar88,X,"bener juga sih, kadang netizen terlalu baper",2024-12-23 15:19:26,positif,bener sih kadang netizen baper
yahya28,X,waduh ini sih udah kelewat batas,2024-12-23 15:15:52,negatif,sih udah lewat batas
nhartati,X,"bener juga sih, kadang netizen terlalu baper",2024-12-23 15:15:41,positif,bener sih kadang netizen baper
cinthia96,X,gue liat ini ya udah lah ya,2024-12-23 15:17:40,netral,gue liat ya udah ya
nurainisepti,X,"bener juga sih, kadang netizen terlalu baper",2024-12-23 15:39:35,positif,bener sih kadang netizen baper
viktor57,X,"ga lucu, malah nyakitin hati yg jualan",2024-12-23 15:28:25,negatif,ga lucu nyakitin hati yg jual
manullangkasusra,X,"bener juga sih, kadang netizen terlalu baper",2024-12-23 15:07:33,positif,bener sih kadang netizen baper
qaryani,X,waduh ini sih udah kelewat batas,2024-12-23 15:52:51,negatif,sih udah lewat batas
samsul38,X,waduh ini sih udah kelewat batas,2024-12-23 15:19:21,negatif,sih udah lewat batas
caturangga18,X,jujurly lucu banget sih ini 😭,2024-12-23 15:49:58,positif,jujurly lucu banget sih
balangga89,X,gus miftah harus minta maaf sih ini,2024-12-23 15:21:40,negatif,gus miftah maaf sih
adhiarja93,X,biar agak keras tapi niatnya baik kok,2024-12-23 15:10:43,positif,biar keras niat
karsana20,X,ceramah apaan malah ngehina,2024-12-23 15:13:45,negatif,ceramah ngehina
siregarbakianto,X,ceramah apaan malah ngehina,2024-12-23 15:10:56,negatif,ceramah ngehina
mulya38,X,gue liat ini ya udah lah ya,2024-12-23 15:44:19,netral,gue liat ya udah ya
patriciafujiati,X,"bener juga sih, kadang netizen terlalu baper",2024-12-23 15:52:27,positif,bener sih kadang netizen baper
maryadisurya,X,masih netral aja sih gw liatnya,2024-12-23 15:45:23,netral,netral aja sih gw liat
hidayatbakijan,X,ga sopan bgt ngomong gitu,2024-12-23 15:17:02,negatif,ga sopan bgt ngomong gitu
andrianitaswir,X,ceramah apaan malah ngehina,2024-12-23 15:29:10,negatif,ceramah ngehina
garannasyidah,X,gue liat ini ya udah lah ya,2024-12-23 15:04:36,netral,gue liat ya udah ya
hana27,X,gw setuju sih ama omongannya gus,2024-12-23 15:11:57,positif,gw tuju sih ama omong gus
wnapitupulu,X,biasa aja sih,2024-12-23 15:44:38,netral,aja sih
natsirgamani,X,hmm no comment deh,2024-12-23 15:23:44,netral,hmm no comment deh
ophelia03,X,gue liat ini ya udah lah ya,2024-12-23 15:37:45,netral,gue liat ya udah ya
halimahjail,X,ceramah apaan malah ngehina,2024-12-23 15:03:37,negatif,ceramah ngehina
gangsar42,X,gw setuju sih ama omongannya gus,2024-12-23 15:02:22,positif,gw tuju sih ama omong gus
ega64,X,gue liat ini ya udah lah ya,2024-12-23 15:33:18,netral,gue liat ya udah ya
asmadihasanah,X,"bener juga sih, kadang netizen terlalu baper",2024-12-23 15:08:02,positif,bener sih kadang netizen baper
purnawatidinda,X,ceramah apaan malah ngehina,2024-12-23 15:02:01,negatif,ceramah ngehina
cagak19,X,"ga lucu, malah nyakitin hati yg jualan",2024-12-23 15:35:08,negatif,ga lucu nyakitin hati yg jual
prabawa50,X,ni gus emg ada aja kelakuannya 😂,2024-12-23 15:54:39,positif,ni gus emg aja laku
lalarahayu,X,waduh ini sih udah kelewat batas,2024-12-23 15:55:09,negatif,sih udah lewat batas
cahyohasanah,X,gus miftah harus minta maaf sih ini,2024-12-23 15:22:11,negatif,gus miftah maaf sih
unjani89,X,tergantung yg nonton juga sih,2024-12-23 15:52:24,netral,gantung yg nonton sih
harjo57,X,waduh ini sih udah kelewat batas,2024-12-23 15:32:53,negatif,sih udah lewat batas
vanya71,X,biar agak keras tapi niatnya baik kok,2024-12-23 15:42:49,positif,biar keras niat
ozy85,X,waduh ini sih udah kelewat batas,2024-12-23 15:35:23,negatif,sih udah lewat batas
kardi98,X,"ceramahnya tetep dapet kok, relax aja guys",2024-12-23 15:48:19,positif,ceramah tetep dapet relax aja guys
cpurnawati,X,waduh ini sih udah kelewat batas,2024-12-23 15:03:30,negatif,sih udah lewat batas
dadisamosir,X,jujurly lucu banget sih ini 😭,2024-12-23 15:41:48,positif,jujurly lucu banget sih
kasusradamanik,X,masih netral aja sih gw liatnya,2024-12-23 15:42:07,netral,netral aja sih gw liat
mpradana,X,gue liat ini ya udah lah ya,2024-12-23 15:33:43,netral,gue liat ya udah ya
zulfausada,X,ni gus emg ada aja kelakuannya 😂,2024-12-23 15:52:50,positif,ni gus emg aja laku
karna99,X,"ceramahnya tetep dapet kok, relax aja guys",2024-12-23 15:49:50,positif,ceramah tetep dapet relax aja guys
jindramandasari,X,biar agak keras tapi niatnya baik kok,2024-12-23 15:49:33,positif,biar keras niat
puspitaasirwanda,X,ga tau mau bilang apa,2024-12-23 15:32:58,netral,ga tau bilang
iharyanti,X,gue liat ini ya udah lah ya,2024-12-23 15:26:05,netral,gue liat ya udah ya
bakiman23,X,tergantung yg nonton juga sih,2024-12-23 15:20:42,netral,gantung yg nonton sih
ajeng19,X,gus miftah harus minta maaf sih ini,2024-12-23 15:49:42,negatif,gus miftah maaf sih
najwaoktaviani,X,gue liat ini ya udah lah ya,2024-12-23 15:37:29,netral,gue liat ya udah ya
tripalastri,X,hmm no comment deh,2024-12-23 15:00:58,netral,hmm no comment deh
wacanaelisa,X,bisa2 jualan es teh jd insecure 😓,2024-12-23 15:43:40,negatif,jual es teh jd insecure
kurniapradana,X,masih netral aja sih gw liatnya,2024-12-23 15:50:18,netral,netral aja sih gw liat
hastuticakrajiya,X,gw setuju sih ama omongannya gus,2024-12-23 15:55:59,positif,gw tuju sih ama omong gus
harsanto19,X,jujurly lucu banget sih ini 😭,2024-12-23 15:53:23,positif,jujurly lucu banget sih
wirdasitorus,X,bisa2 jualan es teh jd insecure 😓,2024-12-23 15:12:56,negatif,jual es teh jd insecure
wwulandari,X,gus miftah harus minta maaf sih ini,2024-12-23 15:02:09,negatif,gus miftah maaf sih
kiandra59,X,biar agak keras tapi niatnya baik kok,2024-12-23 15:36:17,positif,biar keras niat
harto00,X,"ga lucu, malah nyakitin hati yg jualan",2024-12-23 15:06:13,negatif,ga lucu nyakitin hati yg jual
suryonomahdi,X,gue liat ini ya udah lah ya,2024-12-23 15:28:07,netral,gue liat ya udah ya
ibrahimkuswandari,X,gue liat ini ya udah lah ya,2024-12-23 15:00:31,netral,gue liat ya udah ya
cahyofarida,X,ni gus emg ada aja kelakuannya 😂,2024-12-23 15:33:10,positif,ni gus emg aja laku
mpurnawati,X,"ceramahnya tetep dapet kok, relax aja guys",2024-12-23 15:04:43,positif,ceramah tetep dapet relax aja guys
asirwada19,X,masih netral aja sih gw liatnya,2024-12-23 15:59:41,netral,netral aja sih gw liat
zaenab09,X,hmm no comment deh,2024-12-23 15:01:03,netral,hmm no comment deh
hafshahadriansyah,X,"ceramahnya tetep dapet kok, relax aja guys",2024-12-23 15:44:31,positif,ceramah tetep dapet relax aja guys
gandasitumorang,X,waduh ini sih udah kelewat batas,2024-12-23 15:56:01,negatif,sih udah lewat batas
psuryono,X,jujurly lucu banget sih ini 😭,2024-12-23 15:19:37,positif,jujurly lucu banget sih
yuniarprabowo,X,biasa aja sih,2024-12-23 15:16:39,netral,aja sih
gmaulana,X,tergantung yg nonton juga sih,2024-12-23 15:40:06,netral,gantung yg nonton sih
siti27,X,ga sopan bgt ngomong gitu,2024-12-23 15:37:29,negatif,ga sopan bgt ngomong gitu
kamilapudjiastuti,X,ceramah apaan malah ngehina,2024-12-23 15:21:55,negatif,ceramah ngehina
bakiantonasyiah,X,ceramah apaan malah ngehina,2024-12-23 15:50:05,negatif,ceramah ngehina
yahyawaluyo,X,"bener juga sih, kadang netizen terlalu baper",2024-12-23 15:04:17,positif,bener sih kadang netizen baper
gamanibudiman,X,gus miftah harus minta maaf sih ini,2024-12-23 15:41:20,negatif,gus miftah maaf sih
anomlatupono,X,"bener juga sih, kadang netizen terlalu baper",2024-12-23 15:47:08,positif,bener sih kadang netizen baper
padmasariirsad,X,tergantung yg nonton juga sih,2024-12-23 15:51:36,netral,gantung yg nonton sih
sakurasuartini,X,ga tau mau bilang apa,2024-12-23 15:31:49,netral,ga tau bilang
banawawulandari,X,tergantung yg nonton juga sih,2024-12-23 15:31:51,netral,gantung yg nonton sih
namagatiti,X,ga sopan bgt ngomong gitu,2024-12-23 15:33:43,negatif,ga sopan bgt ngomong gitu
artahabibi,X,"ga lucu, malah nyakitin hati yg jualan",2024-12-23 15:09:16,negatif,ga lucu nyakitin hati yg jual
langgengprayoga,X,gw setuju sih ama omongannya gus,2024-12-23 15:02:50,positif,gw tuju sih ama omong gus
tambasaiful,X,gw setuju sih ama omongannya gus,2024-12-23 15:35:38,positif,gw tuju sih ama omong gus
najmudinadinata,X,bisa2 jualan es teh jd insecure 😓,2024-12-23 15:59:06,negatif,jual es teh jd insecure
llazuardi,X,biar agak keras tapi niatnya baik kok,2024-12-23 15:22:03,positif,biar keras niat
simanjuntakokto,X,ni gus emg ada aja kelakuannya 😂,2024-12-23 15:41:49,positif,ni gus emg aja laku
betaniarahmawati,X,bisa2 jualan es teh jd insecure 😓,2024-12-23 15:46:25,negatif,jual es teh jd insecure
windaanggriawan,X,biar agak keras tapi niatnya baik kok,2024-12-23 15:27:06,positif,biar keras niat
nasyidahganjaran,X,"bener juga sih, kadang netizen terlalu baper",2024-12-23 15:52:05,positif,bener sih kadang netizen baper
makuta85,X,tergantung yg nonton juga sih,2024-12-23 15:33:56,netral,gantung yg nonton sih
ymahendra,X,jujurly lucu banget sih ini 😭,2024-12-23 15:40:27,positif,jujurly lucu banget sih
omegantara,X,gw setuju sih ama omongannya gus,2024-12-23 15:13:34,positif,gw tuju sih ama omong gus
kuswoyoamong,X,masih netral aja sih gw liatnya,2024-12-23 15:18:44,netral,netral aja sih gw liat
latuponojoko,X,jujurly lucu banget sih ini 😭,2024-12-23 15:14:44,positif,jujurly lucu banget sih
czulkarnain,X,ni gus emg ada aja kelakuannya 😂,2024-12-23 15:18:25,positif,ni gus emg aja laku
zjailani,X,tergantung yg nonton juga sih,2024-12-23 15:54:14,netral,gantung yg nonton sih
fsudiati,X,bisa2 jualan es teh jd insecure 😓,2024-12-23 15:32:49,negatif,jual es teh jd insecure
kusumoumay,X,biasa aja sih,2024-12-23 15:29:13,netral,aja sih
mandalazulfa,X,gue liat ini ya udah lah ya,2024-12-23 15:32:08,netral,gue liat ya udah ya
astutialika,X,tergantung yg nonton juga sih,2024-12-23 15:26:07,netral,gantung yg nonton sih
shakila91,X,bisa2 jualan es teh jd insecure 😓,2024-12-23 15:59:55,negatif,jual es teh jd insecure
usamahluis,X,tergantung yg nonton juga sih,2024-12-23 15:20:00,netral,gantung yg nonton sih
prasetyomaman,X,"ceramahnya tetep dapet kok, relax aja guys",2024-12-23 15:49:29,positif,ceramah tetep dapet relax aja guys
warjinajmudin,X,hmm no comment deh,2024-12-23 15:45:04,netral,hmm no comment deh
lailasarilurhur,X,tergantung yg nonton juga sih,2024-12-23 15:49:39,netral,gantung yg nonton sih
ikin80,X,"bener juga sih, kadang netizen terlalu baper",2024-12-23 15:41:27,positif,bener sih kadang netizen baper
siraitbanawa,X,masih netral aja sih gw liatnya,2024-12-23 15:51:43,netral,netral aja sih gw liat
galakwahyudin,X,masih netral aja sih gw liatnya,2024-12-23 15:05:45,netral,netral aja sih gw liat
bpratama,X,biasa aja sih,2024-12-23 15:45:33,netral,aja sih
warsita26,X,ceramah apaan malah ngehina,2024-12-23 15:58:58,negatif,ceramah ngehina
gawatipuspasari,X,biar agak keras tapi niatnya baik kok,2024-12-23 15:11:29,positif,biar keras niat
siregaraisyah,X,tergantung yg nonton juga sih,2024-12-23 15:41:58,netral,gantung yg nonton sih
laksitavictoria,X,jujurly lucu banget sih ini 😭,2024-12-23 15:57:31,positif,jujurly lucu banget sih
suartinititi,X,gus miftah harus minta maaf sih ini,2024-12-23 15:15:32,negatif,gus miftah maaf sih
megantarakoko,X,jujurly lucu banget sih ini 😭,2024-12-23 15:21:25,positif,jujurly lucu banget sih
wasitagarang,X,gw setuju sih ama omongannya gus,2024-12-23 15:52:11,positif,gw tuju sih ama omong gus
pandulaksita,X,hmm no comment deh,2024-12-23 15:30:28,netral,hmm no comment deh
hasanahusman,X,waduh ini sih udah kelewat batas,2024-12-23 15:33:56,negatif,sih udah lewat batas
bajraginhidayanto,X,bisa2 jualan es teh jd insecure 😓,2024-12-23 15:31:49,negatif,jual es teh jd insecure
ridwan39,X,"ceramahnya tetep dapet kok, relax aja guys",2024-12-23 15:09:12,positif,ceramah tetep dapet relax aja guys
wkusumo,X,ni gus emg ada aja kelakuannya 😂,2024-12-23 15:20:07,positif,ni gus emg aja laku
cawuk75,X,ni gus emg ada aja kelakuannya 😂,2024-12-23 15:51:33,positif,ni gus emg aja laku
galih79,X,gw setuju sih ama omongannya gus,2024-12-23 15:57:34,positif,gw tuju sih ama omong gus
murti08,X,"ceramahnya tetep dapet kok, relax aja guys",2024-12-23 15:30:52,positif,ceramah tetep dapet relax aja guys
padmasariraina,X,hmm no comment deh,2024-12-23 15:24:14,netral,hmm no comment deh
usadaheryanto,X,waduh ini sih udah kelewat batas,2024-12-23 15:04:06,negatif,sih udah lewat batas
irawanprayogo,X,waduh ini sih udah kelewat batas,2024-12-23 15:38:12,negatif,sih udah lewat batas
nababanaisyah,X,"bener juga sih, kadang netizen terlalu baper",2024-12-23 15:47:16,positif,bener sih kadang netizen baper
ozynasyiah,X,"bener juga sih, kadang netizen terlalu baper",2024-12-23 15:11:06,positif,bener sih kadang netizen baper
michellesitorus,X,tergantung yg nonton juga sih,2024-12-23 15:01:40,netral,gantung yg nonton sih
kasiran36,X,ni gus emg ada aja kelakuannya 😂,2024-12-23 15:14:16,positif,ni gus emg aja laku
nasrullahsuryatmi,X,"ga lucu, malah nyakitin hati yg jualan",2024-12-23 15:05:06,negatif,ga lucu nyakitin hati yg jual
asmuni37,X,hmm no comment deh,2024-12-23 15:06:28,netral,hmm no comment deh
zsaptono,X,biar agak keras tapi niatnya baik kok,2024-12-23 15:37:56,positif,biar keras niat
jaka07,X,masih netral aja sih gw liatnya,2024-12-23 15:09:29,netral,netral aja sih gw liat
namagacandra,X,biasa aja sih,2024-12-23 15:43:24,netral,aja sih
ulva45,X,biasa aja sih,2024-12-23 15:38:00,netral,aja sih
artawanwidodo,X,ga sopan bgt ngomong gitu,2024-12-23 15:24:58,negatif,ga sopan bgt ngomong gitu
maryatikarta,X,"ceramahnya tetep dapet kok, relax aja guys",2024-12-23 15:21:21,positif,ceramah tetep dapet relax aja guys
vero48,X,tergantung yg nonton juga sih,2024-12-23 15:01:03,netral,gantung yg nonton sih
faridamaryadi,X,ni gus emg ada aja kelakuannya 😂,2024-12-23 15:54:44,positif,ni gus emg aja laku
lalahabibi,X,bisa2 jualan es teh jd insecure 😓,2024-12-23 15:24:33,negatif,jual es teh jd insecure
sabrinugroho,X,ceramah apaan malah ngehina,2024-12-23 15:26:39,negatif,ceramah ngehina
zputra,X,"bener juga sih, kadang netizen terlalu baper",2024-12-23 15:21:05,positif,bener sih kadang netizen baper
putragaran,X,"bener juga sih, kadang netizen terlalu baper",2024-12-23 15:11:22,positif,bener sih kadang netizen baper
kala86,X,ga tau mau bilang apa,2024-12-23 15:10:44,netral,ga tau bilang
qharyanto,X,bisa2 jualan es teh jd insecure 😓,2024-12-23 15:29:27,negatif,jual es teh jd insecure
ian17,X,"bener juga sih, kadang netizen terlalu baper",2024-12-23 15:04:20,positif,bener sih kadang netizen baper
wasitalurhur,X,ga sopan bgt ngomong gitu,2024-12-23 15:40:24,negatif,ga sopan bgt ngomong gitu
rendy53,X,"ga lucu, malah nyakitin hati yg jualan",2024-12-23 15:43:57,negatif,ga lucu nyakitin hati yg jual
habibiartawan,X,ga tau mau bilang apa,2024-12-23 15:13:43,netral,ga tau bilang
nwijaya,X,"ga lucu, malah nyakitin hati yg jualan",2024-12-23 15:16:17,negatif,ga lucu nyakitin hati yg jual
ajiman75,X,biasa aja sih,2024-12-23 15:13:53,netral,aja sih
lalita45,X,jujurly lucu banget sih ini 😭,2024-12-23 15:56:57,positif,jujurly lucu banget sih
qhutapea,X,masih netral aja sih gw liatnya,2024-12-23 15:46:59,netral,netral aja sih gw liat
gunawancalista,X,tergantung yg nonton juga sih,2024-12-23 15:58:33,netral,gantung yg nonton sih
ddongoran,X,"bener juga sih, kadang netizen terlalu baper",2024-12-23 15:19:19,positif,bener sih kadang netizen baper
febiyolanda,X,waduh ini sih udah kelewat batas,2024-12-23 15:21:24,negatif,sih udah lewat batas
mayasarimalik,X,waduh ini sih udah kelewat batas,2024-12-23 15:08:34,negatif,sih udah lewat batas
paimanwinarno,X,biar agak keras tapi niatnya baik kok,2024-12-23 15:23:15,positif,biar keras niat
rahimahbalamantri,X,hmm no comment deh,2024-12-23 15:28:19,netral,hmm no comment deh
nashiruddincawisono,X,jujurly lucu banget sih ini 😭,2024-12-23 15:06:06,positif,jujurly lucu banget sih
umayawijaya,X,gw setuju sih ama omongannya gus,2024-12-23 15:23:22,positif,gw tuju sih ama omong gus
suartiniviktor,X,tergantung yg nonton juga sih,2024-12-23 15:20:37,netral,gantung yg nonton sih
novitasariega,X,"ga lucu, malah nyakitin hati yg jualan",2024-12-23 15:25:59,negatif,ga lucu nyakitin hati yg jual
bakti29,X,jujurly lucu banget sih ini 😭,2024-12-23 15:55:06,positif,jujurly lucu banget sih
dianapradipta,X,"bener juga sih, kadang netizen terlalu baper",2024-12-23 15:43:01,positif,bener sih kadang netizen baper
prasetyaunggul,X,masih netral aja sih gw liatnya,2024-12-23 15:23:57,netral,netral aja sih gw liat
ratnapertiwi,X,bisa2 jualan es teh jd insecure 😓,2024-12-23 15:16:00,negatif,jual es teh jd insecure
obudiman,X,"ga lucu, malah nyakitin hati yg jualan",2024-12-23 15:30:52,negatif,ga lucu nyakitin hati yg jual
simbolonkamal,X,bisa2 jualan es teh jd insecure 😓,2024-12-23 15:20:26,negatif,jual es teh jd insecure
padmasarihamzah,X,"ceramahnya tetep dapet kok, relax aja guys",2024-12-23 15:10:12,positif,ceramah tetep dapet relax aja guys
indah43,X,biar agak keras tapi niatnya baik kok,2024-12-23 15:26:14,positif,biar keras niat
ypurwanti,X,ga sopan bgt ngomong gitu,2024-12-23 15:28:32,negatif,ga sopan bgt ngomong gitu
simbolonlurhur,X,ga tau mau bilang apa,2024-12-23 15:35:10,netral,ga tau bilang
zrajata,X,biasa aja sih,2024-12-23 15:50:01,netral,aja sih
vsaefullah,X,masih netral aja sih gw liatnya,2024-12-23 15:06:24,netral,netral aja sih gw liat
natsirwarsita,X,hmm no comment deh,2024-12-23 15:53:41,netral,hmm no comment deh
ohutapea,X,tergantung yg nonton juga sih,2024-12-23 15:02:49,netral,gantung yg nonton sih
paiman19,X,gus miftah harus minta maaf sih ini,2024-12-23 15:30:29,negatif,gus miftah maaf sih
lanjar99,X,ga sopan bgt ngomong gitu,2024-12-23 15:44:51,negatif,ga sopan bgt ngomong gitu
saefullahkiandra,X,waduh ini sih udah kelewat batas,2024-12-23 15:19:16,negatif,sih udah lewat batas
aswaniutami,X,ni gus emg ada aja kelakuannya 😂,2024-12-23 15:29:03,positif,ni gus emg aja laku
hartanagunarto,X,bisa2 jualan es teh jd insecure 😓,2024-12-23 15:12:59,negatif,jual es teh jd insecure
jais43,X,ni gus emg ada aja kelakuannya 😂,2024-12-23 15:19:47,positif,ni gus emg aja laku
aisyahsuwarno,X,tergantung yg nonton juga sih,2024-12-23 15:50:41,netral,gantung yg nonton sih
nasyiahkani,X,biar agak keras tapi niatnya baik kok,2024-12-23 15:14:54,positif,biar keras niat
umay97,X,ga sopan bgt ngomong gitu,2024-12-23 15:37:51,negatif,ga sopan bgt ngomong gitu
natsirlamar,X,biasa aja sih,2024-12-23 15:45:46,netral,aja sih
lnamaga,X,ni gus emg ada aja kelakuannya 😂,2024-12-23 15:09:46,positif,ni gus emg aja laku
galur91,X,gue liat ini ya udah lah ya,2024-12-23 15:34:25,netral,gue liat ya udah ya
marganasimanjuntak,X,masih netral aja sih gw liatnya,2024-12-23 15:23:30,netral,netral aja sih gw liat
jamalialailasari,X,ga sopan bgt ngomong gitu,2024-12-23 15:09:50,negatif,ga sopan bgt ngomong gitu
nadia79,X,biar agak keras tapi niatnya baik kok,2024-12-23 15:46:37,positif,biar keras niat
dabukkekadir,X,ni gus emg ada aja kelakuannya 😂,2024-12-23 15:41:17,positif,ni gus emg aja laku
zulaikapranata,X,biar agak keras tapi niatnya baik kok,2024-12-23 15:45:08,positif,biar keras niat
catur37,X,"bener juga sih, kadang netizen terlalu baper",2024-12-23 15:44:49,positif,bener sih kadang netizen baper
santosolanggeng,X,masih netral aja sih gw liatnya,2024-12-23 15:48:57,netral,netral aja sih gw liat
urajata,X,gue liat ini ya udah lah ya,2024-12-23 15:23:51,netral,gue liat ya udah ya
hastutijarwi,X,hmm no comment deh,2024-12-23 15:09:56,netral,hmm no comment deh
nyolanda,X,waduh ini sih udah kelewat batas,2024-12-23 15:53:14,negatif,sih udah lewat batas
ibrahim43,X,"ceramahnya tetep dapet kok, relax aja guys",2024-12-23 15:22:57,positif,ceramah tetep dapet relax aja guys
harjayanajmudin,X,"ga lucu, malah nyakitin hati yg jualan",2024-12-23 15:11:28,negatif,ga lucu nyakitin hati yg jual
luthfi73,X,ga sopan bgt ngomong gitu,2024-12-23 15:19:01,negatif,ga sopan bgt ngomong gitu
ghaliyatihakim,X,jujurly lucu banget sih ini 😭,2024-12-23 15:17:22,positif,jujurly lucu banget sih
ira91,X,ga tau mau bilang apa,2024-12-23 15:20:22,netral,ga tau bilang
surya92,X,ga sopan bgt ngomong gitu,2024-12-23 15:11:57,negatif,ga sopan bgt ngomong gitu
suryatmiharjo,X,biar agak keras tapi niatnya baik kok,2024-12-23 15:07:17,positif,biar keras niat
zaenab57,X,biar agak keras tapi niatnya baik kok,2024-12-23 15:56:47,positif,biar keras niat
lestarivirman,X,waduh ini sih udah kelewat batas,2024-12-23 15:08:24,negatif,sih udah lewat batas
kasiran21,X,"ceramahnya tetep dapet kok, relax aja guys",2024-12-23 15:51:54,positif,ceramah tetep dapet relax aja guys
bakidin84,X,waduh ini sih udah kelewat batas,2024-12-23 15:49:58,negatif,sih udah lewat batas
karja28,X,biasa aja sih,2024-12-23 15:46:52,netral,aja sih
safitrijono,X,"ga lucu, malah nyakitin hati yg jualan",2024-12-23 15:13:15,negatif,ga lucu nyakitin hati yg jual
kurniawanbalapati,X,biasa aja sih,2024-12-23 15:21:25,netral,aja sih
yunitawijaya,X,gue liat ini ya udah lah ya,2024-12-23 15:45:48,netral,gue liat ya udah ya
ratihsaragih,X,biar agak keras tapi niatnya baik kok,2024-12-23 15:45:21,positif,biar keras niat
suryonojaya,X,"ceramahnya tetep dapet kok, relax aja guys",2024-12-23 15:28:33,positif,ceramah tetep dapet relax aja guys
uyainahdwi,X,bisa2 jualan es teh jd insecure 😓,2024-12-23 15:31:29,negatif,jual es teh jd insecure
emankuswoyo,X,ga sopan bgt ngomong gitu,2024-12-23 15:55:09,negatif,ga sopan bgt ngomong gitu
nasyiahtitin,X,gus miftah harus minta maaf sih ini,2024-12-23 15:27:15,negatif,gus miftah maaf sih
tantrihutapea,X,tergantung yg nonton juga sih,2024-12-23 15:18:12,netral,gantung yg nonton sih
prasetyohimawan,X,gw setuju sih ama omongannya gus,2024-12-23 15:20:05,positif,gw tuju sih ama omong gus
jrajata,X,"ga lucu, malah nyakitin hati yg jualan",2024-12-23 15:53:46,negatif,ga lucu nyakitin hati yg jual
prasetyohafshah,X,gue liat ini ya udah lah ya,2024-12-23 15:17:59,netral,gue liat ya udah ya
ade18,X,waduh ini sih udah kelewat batas,2024-12-23 15:51:25,negatif,sih udah lewat batas
saefullahcindy,X,waduh ini sih udah kelewat batas,2024-12-23 15:56:26,negatif,sih udah lewat batas
galih54,X,bisa2 jualan es teh jd insecure 😓,2024-12-23 15:49:00,negatif,jual es teh jd insecure
cicisusanti,X,jujurly lucu banget sih ini 😭,2024-12-23 15:11:55,positif,jujurly lucu banget sih
mkusumo,X,masih netral aja sih gw liatnya,2024-12-23 15:42:42,netral,netral aja sih gw liat
nyana88,X,ga tau mau bilang apa,2024-12-23 15:12:08,netral,ga tau bilang
latikakuswoyo,X,ga tau mau bilang apa,2024-12-23 15:13:11,netral,ga tau bilang
afirgantoro,X,waduh ini sih udah kelewat batas,2024-12-23 15:51:39,negatif,sih udah lewat batas
kasiranoktaviani,X,gue liat ini ya udah lah ya,2024-12-23 15:01:59,netral,gue liat ya udah ya
gawati99,X,gue liat ini ya udah lah ya,2024-12-23 15:58:52,netral,gue liat ya udah ya
ganepprayoga,X,"bener juga sih, kadang netizen terlalu baper",2024-12-23 15:41:38,positif,bener sih kadang netizen baper
rnainggolan,X,biasa aja sih,2024-12-23 15:03:50,netral,aja sih
marsudi77,X,ga sopan bgt ngomong gitu,2024-12-23 15:43:40,negatif,ga sopan bgt ngomong gitu
balijan15,X,ga sopan bgt ngomong gitu,2024-12-23 15:45:49,negatif,ga sopan bgt ngomong gitu
janemaryati,X,biasa aja sih,2024-12-23 15:02:16,netral,aja sih
dewi23,X,"bener juga sih, kadang netizen terlalu baper",2024-12-23 15:45:35,positif,bener sih kadang netizen baper
siregarclara,X,ni gus emg ada aja kelakuannya 😂,2024-12-23 15:50:04,positif,ni gus emg aja laku
dian24,X,bisa2 jualan es teh jd insecure 😓,2024-12-23 15:13:06,negatif,jual es teh jd insecure
rahman78,X,ceramah apaan malah ngehina,2024-12-23 15:26:12,negatif,ceramah ngehina
qnapitupulu,X,ni gus emg ada aja kelakuannya 😂,2024-12-23 15:39:39,positif,ni gus emg aja laku
sidiqnashiruddin,X,"bener juga sih, kadang netizen terlalu baper",2024-12-23 15:10:46,positif,bener sih kadang netizen baper
clara71,X,"ga lucu, malah nyakitin hati yg jualan",2024-12-23 15:54:43,negatif,ga lucu nyakitin hati yg jual
nurdiyantimahfud,X,biar agak keras tapi niatnya baik kok,2024-12-23 15:56:01,positif,biar keras niat
dimashassanah,X,bisa2 jualan es teh jd insecure 😓,2024-12-23 15:50:42,negatif,jual es teh jd insecure
vanyakusumo,X,bisa2 jualan es teh jd insecure 😓,2024-12-23 15:51:01,negatif,jual es teh jd insecure
karnawinarno,X,tergantung yg nonton juga sih,2024-12-23 15:24:42,netral,gantung yg nonton sih
asirwadajailani,X,biar agak keras tapi niatnya baik kok,2024-12-23 15:24:52,positif,biar keras niat
damanikwani,X,gw setuju sih ama omongannya gus,2024-12-23 15:37:10,positif,gw tuju sih ama omong gus
hsitompul,X,hmm no comment deh,2024-12-23 15:03:55,netral,hmm no comment deh
hamzah87,X,jujurly lucu banget sih ini 😭,2024-12-23 15:55:54,positif,jujurly lucu banget sih
wijayanticayadi,X,masih netral aja sih gw liatnya,2024-12-23 15:04:49,netral,netral aja sih gw liat
bahuraksausamah,X,ceramah apaan malah ngehina,2024-12-23 15:17:37,negatif,ceramah ngehina
kasimpradana,X,hmm no comment deh,2024-12-23 15:50:35,netral,hmm no comment deh
sakurawinarno,X,"ga lucu, malah nyakitin hati yg jualan",2024-12-23 15:33:55,negatif,ga lucu nyakitin hati yg jual
lailasarijati,X,hmm no comment deh,2024-12-23 15:59:45,netral,hmm no comment deh
elvin89,X,"ga lucu, malah nyakitin hati yg jualan",2024-12-23 15:52:26,negatif,ga lucu nyakitin hati yg jual
umar84,X,bisa2 jualan es teh jd insecure 😓,2024-12-23 15:42:49,negatif,jual es teh jd insecure
pradiptabagus,X,ceramah apaan malah ngehina,2024-12-23 15:34:00,negatif,ceramah ngehina
artawansitorus,X,gue liat ini ya udah lah ya,2024-12-23 15:58:00,netral,gue liat ya udah ya
dariatimahendra,X,biar agak keras tapi niatnya baik kok,2024-12-23 15:42:21,positif,biar keras niat
gamblang49,X,gus miftah harus minta maaf sih ini,2024-12-23 15:43:10,negatif,gus miftah maaf sih
galar64,X,"ceramahnya tetep dapet kok, relax aja guys",2024-12-23 15:08:52,positif,ceramah tetep dapet relax aja guys
prabowogunawan,X,ga sopan bgt ngomong gitu,2024-12-23 15:33:02,negatif,ga sopan bgt ngomong gitu
prastutiraden,X,jujurly lucu banget sih ini 😭,2024-12-23 15:15:35,positif,jujurly lucu banget sih
kenariprastuti,X,ni gus emg ada aja kelakuannya 😂,2024-12-23 15:34:33,positif,ni gus emg aja laku
vanesakurniawan,X,"bener juga sih, kadang netizen terlalu baper",2024-12-23 15:41:10,positif,bener sih kadang netizen baper
teddyardianto,X,"bener juga sih, kadang netizen terlalu baper",2024-12-23 15:06:52,positif,bener sih kadang netizen baper
akarsanalatupono,X,"ga lucu, malah nyakitin hati yg jualan",2024-12-23 15:28:02,negatif,ga lucu nyakitin hati yg jual
galihmansur,X,gue liat ini ya udah lah ya,2024-12-23 15:32:29,netral,gue liat ya udah ya
raisa65,X,ni gus emg ada aja kelakuannya 😂,2024-12-23 15:08:10,positif,ni gus emg aja laku
dinda40,X,hmm no comment deh,2024-12-23 15:51:15,netral,hmm no comment deh
jonopangestu,X,masih netral aja sih gw liatnya,2024-12-23 15:12:43,netral,netral aja sih gw liat
cahyasitompul,X,bisa2 jualan es teh jd insecure 😓,2024-12-23 15:06:08,negatif,jual es teh jd insecure
cagerjailani,X,ga sopan bgt ngomong gitu,2024-12-23 15:13:05,negatif,ga sopan bgt ngomong gitu
namagacawisono,X,bisa2 jualan es teh jd insecure 😓,2024-12-23 15:57:34,negatif,jual es teh jd insecure
shandayani,X,masih netral aja sih gw liatnya,2024-12-23 15:48:45,netral,netral aja sih gw liat
zahra23,X,biar agak keras tapi niatnya baik kok,2024-12-23 15:37:46,positif,biar keras niat
kartausamah,X,hmm no comment deh,2024-12-23 15:29:44,netral,hmm no comment deh
hana37,X,gus miftah harus minta maaf sih ini,2024-12-23 15:29:47,negatif,gus miftah maaf sih
uyuniar,X,ga tau mau bilang apa,2024-12-23 15:04:40,netral,ga tau bilang
lailasaribambang,X,biar agak keras tapi niatnya baik kok,2024-12-23 15:01:46,positif,biar keras niat
qpurnawati,X,ga sopan bgt ngomong gitu,2024-12-23 15:22:08,negatif,ga sopan bgt ngomong gitu
ranggamardhiyah,X,waduh ini sih udah kelewat batas,2024-12-23 15:59:26,negatif,sih udah lewat batas
purnawatigangsar,X,hmm no comment deh,2024-12-23 15:23:40,netral,hmm no comment deh
citra83,X,ga sopan bgt ngomong gitu,2024-12-23 15:48:19,negatif,ga sopan bgt ngomong gitu
garang82,X,ceramah apaan malah ngehina,2024-12-23 15:57:55,negatif,ceramah ngehina
haryantobakijan,X,ga tau mau bilang apa,2024-12-23 15:39:39,netral,ga tau bilang
vsirait,X,ga tau mau bilang apa,2024-12-23 15:21:15,netral,ga tau bilang
raisahardiansyah,X,gue liat ini ya udah lah ya,2024-12-23 15:35:10,netral,gue liat ya udah ya
napitupulupaulin,X,ceramah apaan malah ngehina,2024-12-23 15:06:28,negatif,ceramah ngehina
amalia73,X,"ceramahnya tetep dapet kok, relax aja guys",2024-12-23 15:18:33,positif,ceramah tetep dapet relax aja guys
ade63,X,gue liat ini ya udah lah ya,2024-12-23 15:37:01,netral,gue liat ya udah ya
cprasetyo,X,tergantung yg nonton juga sih,2024-12-23 15:09:16,netral,gantung yg nonton sih
nugrahanasyiah,X,gw setuju sih ama omongannya gus,2024-12-23 15:01:22,positif,gw tuju sih ama omong gus
aoktaviani,X,gue liat ini ya udah lah ya,2024-12-23 15:22:59,netral,gue liat ya udah ya
winarnoamong,X,"bener juga sih, kadang netizen terlalu baper",2024-12-23 15:45:56,positif,bener sih kadang netizen baper
zulfa61,X,ni gus emg ada aja kelakuannya 😂,2024-12-23 15:57:21,positif,ni gus emg aja laku
danu85,X,bisa2 jualan es teh jd insecure 😓,2024-12-23 15:43:46,negatif,jual es teh jd insecure
adinatautami,X,biasa aja sih,2024-12-23 15:11:23,netral,aja sih
caketastuti,X,biasa aja sih,2024-12-23 15:52:40,netral,aja sih
daliono35,X,gus miftah harus minta maaf sih ini,2024-12-23 15:05:18,negatif,gus miftah maaf sih
gardaanggriawan,X,"bener juga sih, kadang netizen terlalu baper",2024-12-23 15:15:52,positif,bener sih kadang netizen baper
karimah97,X,"ceramahnya tetep dapet kok, relax aja guys",2024-12-23 15:46:26,positif,ceramah tetep dapet relax aja guys
hakimumaya,X,ga tau mau bilang apa,2024-12-23 15:34:35,netral,ga tau bilang
latuponopangestu,X,biar agak keras tapi niatnya baik kok,2024-12-23 15:38:20,positif,biar keras niat
mursininwulandari,X,hmm no comment deh,2024-12-23 15:31:22,netral,hmm no comment deh
ajeng18,X,ga sopan bgt ngomong gitu,2024-12-23 15:46:19,negatif,ga sopan bgt ngomong gitu
rina90,X,bisa2 jualan es teh jd insecure 😓,2024-12-23 15:18:00,negatif,jual es teh jd insecure
azaleanashiruddin,X,ni gus emg ada aja kelakuannya 😂,2024-12-23 15:23:48,positif,ni gus emg aja laku
lulut87,X,ga sopan bgt ngomong gitu,2024-12-23 15:00:37,negatif,ga sopan bgt ngomong gitu
garatampubolon,X,gus miftah harus minta maaf sih ini,2024-12-23 15:57:50,negatif,gus miftah maaf sih
lasmanto26,X,masih netral aja sih gw liatnya,2024-12-23 15:22:27,netral,netral aja sih gw liat
malalaksmiwati,X,gw setuju sih ama omongannya gus,2024-12-23 15:10:02,positif,gw tuju sih ama omong gus
wasitalanang,X,gue liat ini ya udah lah ya,2024-12-23 15:16:19,netral,gue liat ya udah ya
vanya94,X,tergantung yg nonton juga sih,2024-12-23 15:34:06,netral,gantung yg nonton sih
viman78,X,masih netral aja sih gw liatnya,2024-12-23 15:00:31,netral,netral aja sih gw liat
jsinaga,X,tergantung yg nonton juga sih,2024-12-23 15:56:12,netral,gantung yg nonton sih
gaduhmelani,X,biar agak keras tapi niatnya baik kok,2024-12-23 15:02:18,positif,biar keras niat
wulandaridewi,X,jujurly lucu banget sih ini 😭,2024-12-23 15:06:44,positif,jujurly lucu banget sih
milahidayat,X,ni gus emg ada aja kelakuannya 😂,2024-12-23 15:13:18,positif,ni gus emg aja laku
jatimansur,X,bisa2 jualan es teh jd insecure 😓,2024-12-23 15:13:41,negatif,jual es teh jd insecure
pertiwiviolet,X,"ceramahnya tetep dapet kok, relax aja guys",2024-12-23 15:33:20,positif,ceramah tetep dapet relax aja guys
bakimanusamah,X,ceramah apaan malah ngehina,2024-12-23 15:25:17,negatif,ceramah ngehina
qutami,X,ga sopan bgt ngomong gitu,2024-12-23 15:34:33,negatif,ga sopan bgt ngomong gitu
qpalastri,X,ga sopan bgt ngomong gitu,2024-12-23 15:13:52,negatif,ga sopan bgt ngomong gitu
opan17,X,gw setuju sih ama omongannya gus,2024-12-23 15:40:29,positif,gw tuju sih ama omong gus
vlaksmiwati,X,jujurly lucu banget sih ini 😭,2024-12-23 15:56:18,positif,jujurly lucu banget sih
umiwinarsih,X,waduh ini sih udah kelewat batas,2024-12-23 15:09:37,negatif,sih udah lewat batas
budiyantorika,X,bisa2 jualan es teh jd insecure 😓,2024-12-23 15:49:51,negatif,jual es teh jd insecure
usamahrestu,X,"ga lucu, malah nyakitin hati yg jualan",2024-12-23 15:58:17,negatif,ga lucu nyakitin hati yg jual
elvina70,X,gus miftah harus minta maaf sih ini,2024-12-23 15:20:12,negatif,gus miftah maaf sih
wmelani,X,"ga lucu, malah nyakitin hati yg jualan",2024-12-23 15:29:03,negatif,ga lucu nyakitin hati yg jual
luluh92,X,"ga lucu, malah nyakitin hati yg jualan",2024-12-23 15:04:10,negatif,ga lucu nyakitin hati yg jual
endahmarpaung,X,ceramah apaan malah ngehina,2024-12-23 15:58:55,negatif,ceramah ngehina
darmanto21,X,bisa2 jualan es teh jd insecure 😓,2024-12-23 15:14:56,negatif,jual es teh jd insecure
setiawanrahmat,X,bisa2 jualan es teh jd insecure 😓,2024-12-23 15:55:21,negatif,jual es teh jd insecure
harjasantoso,X,masih netral aja sih gw liatnya,2024-12-23 15:11:32,netral,netral aja sih gw liat
radikayuliarti,X,jujurly lucu banget sih ini 😭,2024-12-23 15:35:59,positif,jujurly lucu banget sih
lantar25,X,biar agak keras tapi niatnya baik kok,2024-12-23 15:43:16,positif,biar keras niat
mahendrakaren,X,tergantung yg nonton juga sih,2024-12-23 15:18:31,netral,gantung yg nonton sih
kusumozizi,X,biasa aja sih,2024-12-23 15:57:58,netral,aja sih
garakuswoyo,X,jujurly lucu banget sih ini 😭,2024-12-23 15:34:09,positif,jujurly lucu banget sih
haryantoputu,X,ni gus emg ada aja kelakuannya 😂,2024-12-23 15:37:55,positif,ni gus emg aja laku
ehalimah,X,biasa aja sih,2024-12-23 15:13:43,netral,aja sih
puspasarizahra,X,waduh ini sih udah kelewat batas,2024-12-23 15:52:33,negatif,sih udah lewat batas
umaysafitri,X,"ga lucu, malah nyakitin hati yg jualan",2024-12-23 15:41:20,negatif,ga lucu nyakitin hati yg jual
maidawahyuni,X,biasa aja sih,2024-12-23 15:32:34,netral,aja sih
prastuticahyadi,X,masih netral aja sih gw liatnya,2024-12-23 15:40:13,netral,netral aja sih gw liat
smandasari,X,"ceramahnya tetep dapet kok, relax aja guys",2024-12-23 15:41:24,positif,ceramah tetep dapet relax aja guys
hardiansyahdewi,X,gue liat ini ya udah lah ya,2024-12-23 15:57:49,netral,gue liat ya udah ya
kfirgantoro,X,ga tau mau bilang apa,2024-12-23 15:40:39,netral,ga tau bilang
juli41,X,waduh ini sih udah kelewat batas,2024-12-23 15:32:10,negatif,sih udah lewat batas
kardihakim,X,ga sopan bgt ngomong gitu,2024-12-23 15:29:41,negatif,ga sopan bgt ngomong gitu
pwijaya,X,"ga lucu, malah nyakitin hati yg jualan",2024-12-23 15:21:05,negatif,ga lucu nyakitin hati yg jual
pudjiastutikarna,X,masih netral aja sih gw liatnya,2024-12-23 15:12:37,netral,netral aja sih gw liat
tomifujiati,X,ga tau mau bilang apa,2024-12-23 15:17:12,netral,ga tau bilang
haryantiira,X,gue liat ini ya udah lah ya,2024-12-23 15:26:40,netral,gue liat ya udah ya
yuniarluthfi,X,gue liat ini ya udah lah ya,2024-12-23 15:27:54,netral,gue liat ya udah ya
gunawankarya,X,gus miftah harus minta maaf sih ini,2024-12-23 15:30:39,negatif,gus miftah maaf sih
lukitarajata,X,tergantung yg nonton juga sih,2024-12-23 15:24:58,netral,gantung yg nonton sih
jais93,X,waduh ini sih udah kelewat batas,2024-12-23 15:30:06,negatif,sih udah lewat batas
suwarnodina,X,tergantung yg nonton juga sih,2024-12-23 15:28:40,netral,gantung yg nonton sih
almirasudiati,X,bisa2 jualan es teh jd insecure 😓,2024-12-23 15:41:44,negatif,jual es teh jd insecure
tfarida,X,"bener juga sih, kadang netizen terlalu baper",2024-12-23 15:57:42,positif,bener sih kadang netizen baper
kemba65,X,waduh ini sih udah kelewat batas,2024-12-23 15:10:00,negatif,sih udah lewat batas
umayanggriawan,X,gus miftah harus minta maaf sih ini,2024-12-23 15:26:52,negatif,gus miftah maaf sih
simonrahayu,X,gue liat ini ya udah lah ya,2024-12-23 15:38:45,netral,gue liat ya udah ya
azaleawahyudin,X,biasa aja sih,2024-12-23 15:54:31,netral,aja sih
simon10,X,bisa2 jualan es teh jd insecure 😓,2024-12-23 15:41:47,negatif,jual es teh jd insecure
yanggraini,X,jujurly lucu banget sih ini 😭,2024-12-23 15:22:00,positif,jujurly lucu banget sih
hasna31,X,hmm no comment deh,2024-12-23 15:08:26,netral,hmm no comment deh
malik83,X,waduh ini sih udah kelewat batas,2024-12-23 15:15:40,negatif,sih udah lewat batas
ypadmasari,X,ni gus emg ada aja kelakuannya 😂,2024-12-23 15:08:42,positif,ni gus emg aja laku
ina89,X,ga sopan bgt ngomong gitu,2024-12-23 15:37:54,negatif,ga sopan bgt ngomong gitu
lailasarikarimah,X,ni gus emg ada aja kelakuannya 😂,2024-12-23 15:19:28,positif,ni gus emg aja laku
maryanto21,X,waduh ini sih udah kelewat batas,2024-12-23 15:50:56,negatif,sih udah lewat batas
ydongoran,X,gus miftah harus minta maaf sih ini,2024-12-23 15:15:26,negatif,gus miftah maaf sih
kawaca09,X,bisa2 jualan es teh jd insecure 😓,2024-12-23 15:02:30,negatif,jual es teh jd insecure
dyuliarti,X,ga tau mau bilang apa,2024-12-23 15:49:39,netral,ga tau bilang
rahman76,X,waduh ini sih udah kelewat batas,2024-12-23 15:46:26,negatif,sih udah lewat batas
haryantobanawa,X,waduh ini sih udah kelewat batas,2024-12-23 15:20:34,negatif,sih udah lewat batas
asmiantonatsir,X,"ga lucu, malah nyakitin hati yg jualan",2024-12-23 15:10:08,negatif,ga lucu nyakitin hati yg jual
zalindra53,X,jujurly lucu banget sih ini 😭,2024-12-23 15:28:26,positif,jujurly lucu banget sih
jagahidayanto,X,biar agak keras tapi niatnya baik kok,2024-12-23 15:16:42,positif,biar keras niat
sitompuljagapati,X,gue liat ini ya udah lah ya,2024-12-23 15:04:40,netral,gue liat ya udah ya
rahmawatihimawan,X,bisa2 jualan es teh jd insecure 😓,2024-12-23 15:32:30,negatif,jual es teh jd insecure
hassanahtri,X,masih netral aja sih gw liatnya,2024-12-23 15:03:11,netral,netral aja sih gw liat
lestaribagya,X,ga tau mau bilang apa,2024-12-23 15:22:24,netral,ga tau bilang
kayunsaptono,X,jujurly lucu banget sih ini 😭,2024-12-23 15:41:55,positif,jujurly lucu banget sih
mayasarireza,X,biasa aja sih,2024-12-23 15:21:55,netral,aja sih
pratamazelda,X,biar agak keras tapi niatnya baik kok,2024-12-23 15:18:25,positif,biar keras niat
ghaliyatimustofa,X,masih netral aja sih gw liatnya,2024-12-23 15:50:42,netral,netral aja sih gw liat
damanikridwan,X,gw setuju sih ama omongannya gus,2024-12-23 15:49:39,positif,gw tuju sih ama omong gus
hutapeabaktiono,X,"ga lucu, malah nyakitin hati yg jualan",2024-12-23 15:57:12,negatif,ga lucu nyakitin hati yg jual
mangunsongnajwa,X,ceramah apaan malah ngehina,2024-12-23 15:48:50,negatif,ceramah ngehina
ghassanah,X,hmm no comment deh,2024-12-23 15:51:19,netral,hmm no comment deh
dwi63,X,gw setuju sih ama omongannya gus,2024-12-23 15:06:37,positif,gw tuju sih ama omong gus
faridajagapati,X,biar agak keras tapi niatnya baik kok,2024-12-23 15:00:14,positif,biar keras niat
nababanwirda,X,hmm no comment deh,2024-12-23 15:57:18,netral,hmm no comment deh
rosman20,X,gus miftah harus minta maaf sih ini,2024-12-23 15:51:59,negatif,gus miftah maaf sih
palastriyunita,X,ceramah apaan malah ngehina,2024-12-23 15:32:31,negatif,ceramah ngehina
purwantiluwes,X,biar agak keras tapi niatnya baik kok,2024-12-23 15:31:15,positif,biar keras niat
tugimanwasita,X,biasa aja sih,2024-12-23 15:34:39,netral,aja sih
harjo12,X,gue liat ini ya udah lah ya,2024-12-23 15:15:50,netral,gue liat ya udah ya
firgantoromahmud,X,masih netral aja sih gw liatnya,2024-12-23 15:56:45,netral,netral aja sih gw liat
marganaadriansyah,X,ceramah apaan malah ngehina,2024-12-23 15:18:40,negatif,ceramah ngehina
luthfisinaga,X,"bener juga sih, kadang netizen terlalu baper",2024-12-23 15:20:27,positif,bener sih kadang netizen baper
rajatadaruna,X,waduh ini sih udah kelewat batas,2024-12-23 15:37:35,negatif,sih udah lewat batas
maida64,X,jujurly lucu banget sih ini 😭,2024-12-23 15:18:31,positif,jujurly lucu banget sih
marsitohastuti,X,gue liat ini ya udah lah ya,2024-12-23 15:45:04,netral,gue liat ya udah ya
qramadan,X,ga sopan bgt ngomong gitu,2024-12-23 15:31:33,negatif,ga sopan bgt ngomong gitu
irnantosuryono,X,gus miftah harus minta maaf sih ini,2024-12-23 15:57:17,negatif,gus miftah maaf sih
bakijanutami,X,biar agak keras tapi niatnya baik kok,2024-12-23 15:42:41,positif,biar keras niat
wijayantiadika,X,ga tau mau bilang apa,2024-12-23 15:31:27,netral,ga tau bilang
jokokusmawati,X,bisa2 jualan es teh jd insecure 😓,2024-12-23 15:56:18,negatif,jual es teh jd insecure
humaira72,X,hmm no comment deh,2024-12-23 15:56:26,netral,hmm no comment deh
vyolanda,X,gue liat ini ya udah lah ya,2024-12-23 15:38:00,netral,gue liat ya udah ya
suciprasetya,X,biasa aja sih,2024-12-23 15:43:07,netral,aja sih
hidayatpangeran,X,tergantung yg nonton juga sih,2024-12-23 15:29:17,netral,gantung yg nonton sih
wacanakanda,X,hmm no comment deh,2024-12-23 15:00:51,netral,hmm no comment deh
vinsen21,X,tergantung yg nonton juga sih,2024-12-23 15:04:09,netral,gantung yg nonton sih
mumpuni64,X,ceramah apaan malah ngehina,2024-12-23 15:05:59,negatif,ceramah ngehina
joko09,X,hmm no comment deh,2024-12-23 15:26:21,netral,hmm no comment deh
dodoharyanti,X,gw setuju sih ama omongannya gus,2024-12-23 15:36:13,positif,gw tuju sih ama omong gus
paulinsudiati,X,gue liat ini ya udah lah ya,2024-12-23 15:22:15,netral,gue liat ya udah ya
gadriansyah,X,jujurly lucu banget sih ini 😭,2024-12-23 15:44:47,positif,jujurly lucu banget sih
itampubolon,X,masih netral aja sih gw liatnya,2024-12-23 15:17:53,netral,netral aja sih gw liat
elma88,X,"ceramahnya tetep dapet kok, relax aja guys",2024-12-23 15:15:02,positif,ceramah tetep dapet relax aja guys
pranowohendra,X,ga sopan bgt ngomong gitu,2024-12-23 15:27:14,negatif,ga sopan bgt ngomong gitu
lanangnugroho,X,biasa aja sih,2024-12-23 15:24:32,netral,aja sih
irfan35,X,biar agak keras tapi niatnya baik kok,2024-12-23 15:19:26,positif,biar keras niat
mariasitompul,X,ceramah apaan malah ngehina,2024-12-23 15:03:02,negatif,ceramah ngehina
kurniawananastasia,X,ga tau mau bilang apa,2024-12-23 15:44:33,netral,ga tau bilang
xkurniawan,X,"ga lucu, malah nyakitin hati yg jualan",2024-12-23 15:58:19,negatif,ga lucu nyakitin hati yg jual
ygunarto,X,ga tau mau bilang apa,2024-12-23 15:56:33,netral,ga tau bilang
sabrinasihotang,X,biar agak keras tapi niatnya baik kok,2024-12-23 15:03:06,positif,biar keras niat
uhalim,X,tergantung yg nonton juga sih,2024-12-23 15:21:01,netral,gantung yg nonton sih
agnesmarpaung,X,masih netral aja sih gw liatnya,2024-12-23 15:55:03,netral,netral aja sih gw liat
ulipangestu,X,ni gus emg ada aja kelakuannya 😂,2024-12-23 15:04:10,positif,ni gus emg aja laku
hasanahbetania,X,waduh ini sih udah kelewat batas,2024-12-23 15:21:11,negatif,sih udah lewat batas
anita09,X,biar agak keras tapi niatnya baik kok,2024-12-23 15:23:03,positif,biar keras niat
tomi02,X,ga sopan bgt ngomong gitu,2024-12-23 15:00:10,negatif,ga sopan bgt ngomong gitu
gambirawasita,X,biasa aja sih,2024-12-23 15:08:18,netral,aja sih
purnawaticengkir,X,"ceramahnya tetep dapet kok, relax aja guys",2024-12-23 15:29:44,positif,ceramah tetep dapet relax aja guys
xpratiwi,X,biar agak keras tapi niatnya baik kok,2024-12-23 15:41:42,positif,biar keras niat
snamaga,X,ga sopan bgt ngomong gitu,2024-12-23 15:15:28,negatif,ga sopan bgt ngomong gitu
budiprabowo,X,ceramah apaan malah ngehina,2024-12-23 15:21:43,negatif,ceramah ngehina
pradanaadiarja,X,ni gus emg ada aja kelakuannya 😂,2024-12-23 15:35:55,positif,ni gus emg aja laku
januardinda,X,tergantung yg nonton juga sih,2024-12-23 15:01:38,netral,gantung yg nonton sih
harsantoanggriawan,X,hmm no comment deh,2024-12-23 15:00:59,netral,hmm no comment deh
eadriansyah,X,jujurly lucu banget sih ini 😭,2024-12-23 15:27:51,positif,jujurly lucu banget sih
mprayoga,X,biasa aja sih,2024-12-23 15:21:39,netral,aja sih
ywacana,X,gus miftah harus minta maaf sih ini,2024-12-23 15:31:23,negatif,gus miftah maaf sih
kpalastri,X,ga sopan bgt ngomong gitu,2024-12-23 15:51:04,negatif,ga sopan bgt ngomong gitu
mamanprasetyo,X,ceramah apaan malah ngehina,2024-12-23 15:51:39,negatif,ceramah ngehina
pudjiastutigalih,X,gw setuju sih ama omongannya gus,2024-12-23 15:01:37,positif,gw tuju sih ama omong gus
owastuti,X,ceramah apaan malah ngehina,2024-12-23 15:49:19,negatif,ceramah ngehina
llaksmiwati,X,masih netral aja sih gw liatnya,2024-12-23 15:44:26,netral,netral aja sih gw liat
himawan51,X,masih netral aja sih gw liatnya,2024-12-23 15:31:52,netral,netral aja sih gw liat
hutasoitaris,X,"ga lucu, malah nyakitin hati yg jualan",2024-12-23 15:50:53,negatif,ga lucu nyakitin hati yg jual
yiswahyudi,X,jujurly lucu banget sih ini 😭,2024-12-23 15:33:54,positif,jujurly lucu banget sih
citrahastuti,X,biar agak keras tapi niatnya baik kok,2024-12-23 15:28:32,positif,biar keras niat
padmasitorus,X,ni gus emg ada aja kelakuannya 😂,2024-12-23 15:34:13,positif,ni gus emg aja laku
umiadriansyah,X,"bener juga sih, kadang netizen terlalu baper",2024-12-23 15:05:38,positif,bener sih kadang netizen baper
gunawandariati,X,jujurly lucu banget sih ini 😭,2024-12-23 15:11:21,positif,jujurly lucu banget sih
usyi07,X,masih netral aja sih gw liatnya,2024-12-23 15:57:35,netral,netral aja sih gw liat
xriyanti,X,tergantung yg nonton juga sih,2024-12-23 15:37:41,netral,gantung yg nonton sih
daruna47,X,"ceramahnya tetep dapet kok, relax aja guys",2024-12-23 15:51:10,positif,ceramah tetep dapet relax aja guys
mulyanidimas,X,biasa aja sih,2024-12-23 15:18:20,netral,aja sih
karimanaryani,X,tergantung yg nonton juga sih,2024-12-23 15:05:34,netral,gantung yg nonton sih
mustika21,X,ga tau mau bilang apa,2024-12-23 15:44:55,netral,ga tau bilang
ibun33,X,biasa aja sih,2024-12-23 15:17:06,netral,aja sih
hartoriyanti,X,gus miftah harus minta maaf sih ini,2024-12-23 15:08:25,negatif,gus miftah maaf sih
cemetinasyidah,X,hmm no comment deh,2024-12-23 15:25:01,netral,hmm no comment deh
rsaptono,X,ceramah apaan malah ngehina,2024-12-23 15:12:00,negatif,ceramah ngehina
wulandarihafshah,X,biar agak keras tapi niatnya baik kok,2024-12-23 15:40:29,positif,biar keras niat
situmoranggangsa,X,waduh ini sih udah kelewat batas,2024-12-23 15:12:51,negatif,sih udah lewat batas
purnawatiwakiman,X,tergantung yg nonton juga sih,2024-12-23 15:19:01,netral,gantung yg nonton sih
imam45,X,biar agak keras tapi niatnya baik kok,2024-12-23 15:48:32,positif,biar keras niat
kalarajata,X,biasa aja sih,2024-12-23 15:44:42,netral,aja sih
tagustina,X,masih netral aja sih gw liatnya,2024-12-23 15:01:29,netral,netral aja sih gw liat
uhardiansyah,X,tergantung yg nonton juga sih,2024-12-23 15:42:53,netral,gantung yg nonton sih
cakrabuana65,X,"bener juga sih, kadang netizen terlalu baper",2024-12-23 15:39:54,positif,bener sih kadang netizen baper
widiastutiganda,X,tergantung yg nonton juga sih,2024-12-23 15:25:42,netral,gantung yg nonton sih
apangestu,X,biar agak keras tapi niatnya baik kok,2024-12-23 15:37:09,positif,biar keras niat
mahendraprayogo,X,ga tau mau bilang apa,2024-12-23 15:42:27,netral,ga tau bilang
efirmansyah,X,biar agak keras tapi niatnya baik kok,2024-12-23 15:51:49,positif,biar keras niat
anom79,X,masih netral aja sih gw liatnya,2024-12-23 15:20:45,netral,netral aja sih gw liat
candrakanta93,X,ni gus emg ada aja kelakuannya 😂,2024-12-23 15:28:26,positif,ni gus emg aja laku
tnuraini,X,ceramah apaan malah ngehina,2024-12-23 15:39:05,negatif,ceramah ngehina
nainggolanilsa,X,biar agak keras tapi niatnya baik kok,2024-12-23 15:44:30,positif,biar keras niat
aurorahartati,X,biasa aja sih,2024-12-23 15:12:35,netral,aja sih
dagel10,X,ga tau mau bilang apa,2024-12-23 15:30:37,netral,ga tau bilang
frajata,X,"ceramahnya tetep dapet kok, relax aja guys",2024-12-23 15:03:25,positif,ceramah tetep dapet relax aja guys
diana48,X,gue liat ini ya udah lah ya,2024-12-23 15:40:54,netral,gue liat ya udah ya
yosefwulandari,X,hmm no comment deh,2024-12-23 15:15:58,netral,hmm no comment deh
azaleasitorus,X,tergantung yg nonton juga sih,2024-12-23 15:52:54,netral,gantung yg nonton sih
hesti65,X,gw setuju sih ama omongannya gus,2024-12-23 15:23:17,positif,gw tuju sih ama omong gus
psinaga,X,gue liat ini ya udah lah ya,2024-12-23 15:47:32,netral,gue liat ya udah ya
nasim12,X,bisa2 jualan es teh jd insecure 😓,2024-12-23 15:56:02,negatif,jual es teh jd insecure
melanikenari,X,ceramah apaan malah ngehina,2024-12-23 15:27:42,negatif,ceramah ngehina
laksitanasim,X,biar agak keras tapi niatnya baik kok,2024-12-23 15:56:41,positif,biar keras niat
handayanitaufan,X,bisa2 jualan es teh jd insecure 😓,2024-12-23 15:19:39,negatif,jual es teh jd insecure
bahuwiryaardianto,X,masih netral aja sih gw liatnya,2024-12-23 15:55:42,netral,netral aja sih gw liat
asafitri,X,bisa2 jualan es teh jd insecure 😓,2024-12-23 15:48:57,negatif,jual es teh jd insecure
tirta68,X,tergantung yg nonton juga sih,2024-12-23 15:41:26,netral,gantung yg nonton sih
widiastutisidiq,X,biar agak keras tapi niatnya baik kok,2024-12-23 15:16:15,positif,biar keras niat
nsuartini,X,masih netral aja sih gw liatnya,2024-12-23 15:52:31,netral,netral aja sih gw liat
darmana02,X,masih netral aja sih gw liatnya,2024-12-23 15:54:42,netral,netral aja sih gw liat
marpaungjaya,X,"bener juga sih, kadang netizen terlalu baper",2024-12-23 15:45:25,positif,bener sih kadang netizen baper
atmajafarida,X,"ceramahnya tetep dapet kok, relax aja guys",2024-12-23 15:42:57,positif,ceramah tetep dapet relax aja guys
estiawan89,X,biasa aja sih,2024-12-23 15:38:11,netral,aja sih
warjimardhiyah,X,biasa aja sih,2024-12-23 15:36:39,netral,aja sih
ibrahimnashiruddin,X,"ceramahnya tetep dapet kok, relax aja guys",2024-12-23 15:00:48,positif,ceramah tetep dapet relax aja guys
prastutidasa,X,gw setuju sih ama omongannya gus,2024-12-23 15:34:43,positif,gw tuju sih ama omong gus
nasyiahilyas,X,ni gus emg ada aja kelakuannya 😂,2024-12-23 15:28:37,positif,ni gus emg aja laku
najamwahyuni,X,"ceramahnya tetep dapet kok, relax aja guys",2024-12-23 15:53:58,positif,ceramah tetep dapet relax aja guys
nasrullahhutapea,X,ceramah apaan malah ngehina,2024-12-23 15:14:24,negatif,ceramah ngehina
ratna87,X,biasa aja sih,2024-12-23 15:57:53,netral,aja sih
prabupermadi,X,ga tau mau bilang apa,2024-12-23 15:08:37,netral,ga tau bilang
sastuti,X,jujurly lucu banget sih ini 😭,2024-12-23 15:14:58,positif,jujurly lucu banget sih
zulaikafitria,X,jujurly lucu banget sih ini 😭,2024-12-23 15:56:30,positif,jujurly lucu banget sih
wasitajohan,X,gw setuju sih ama omongannya gus,2024-12-23 15:40:34,positif,gw tuju sih ama omong gus
usamahsalman,X,"bener juga sih, kadang netizen terlalu baper",2024-12-23 15:59:14,positif,bener sih kadang netizen baper
jaka08,X,ni gus emg ada aja kelakuannya 😂,2024-12-23 15:56:39,positif,ni gus emg aja laku
mahendralanggeng,X,ni gus emg ada aja kelakuannya 😂,2024-12-23 15:43:23,positif,ni gus emg aja laku
pudjiastutiami,X,hmm no comment deh,2024-12-23 15:58:58,netral,hmm no comment deh
cakrajiya43,X,gue liat ini ya udah lah ya,2024-12-23 15:21:32,netral,gue liat ya udah ya
wulandariperkasa,X,tergantung yg nonton juga sih,2024-12-23 15:47:41,netral,gantung yg nonton sih
suartininurul,X,gus miftah harus minta maaf sih ini,2024-12-23 15:40:36,negatif,gus miftah maaf sih
xhutapea,X,ga sopan bgt ngomong gitu,2024-12-23 15:57:41,negatif,ga sopan bgt ngomong gitu
aditya98,X,biasa aja sih,2024-12-23 15:31:48,netral,aja sih
banawarahmawati,X,hmm no comment deh,2024-12-23 15:23:05,netral,hmm no comment deh
manahnurdiyanti,X,"ceramahnya tetep dapet kok, relax aja guys",2024-12-23 15:47:51,positif,ceramah tetep dapet relax aja guys
rhandayani,X,"ga lucu, malah nyakitin hati yg jualan",2024-12-23 15:43:20,negatif,ga lucu nyakitin hati yg jual
cayadi33,X,ceramah apaan malah ngehina,2024-12-23 15:41:40,negatif,ceramah ngehina
septi38,X,"ceramahnya tetep dapet kok, relax aja guys",2024-12-23 15:16:56,positif,ceramah tetep dapet relax aja guys
legawawulandari,X,tergantung yg nonton juga sih,2024-12-23 15:05:15,netral,gantung yg nonton sih
gandriani,X,ga tau mau bilang apa,2024-12-23 15:59:16,netral,ga tau bilang
isusanti,X,tergantung yg nonton juga sih,2024-12-23 15:30:35,netral,gantung yg nonton sih
lamar38,X,gue liat ini ya udah lah ya,2024-12-23 15:04:00,netral,gue liat ya udah ya
ciaobellasiregar,X,biar agak keras tapi niatnya baik kok,2024-12-23 15:44:44,positif,biar keras niat
budiyantomuni,X,bisa2 jualan es teh jd insecure 😓,2024-12-23 15:26:48,negatif,jual es teh jd insecure
ani97,X,gue liat ini ya udah lah ya,2024-12-23 15:27:51,netral,gue liat ya udah ya
gaimanpuspita,X,gw setuju sih ama omongannya gus,2024-12-23 15:27:25,positif,gw tuju sih ama omong gus
