user,platform,komentar,timestamp,sentimen
ika33,Instagram,"Hati-hati omongan, banyak yg denger loh",2024-12-23 15:29:15,negatif
xandriani,Instagram,"Islam tuh lembut, bukan hina-hina orang jualan",2024-12-23 15:15:50,negatif
gadang89,Instagram,"Seharusnya klarifikasi sih, ini udah bikin resah",2024-12-23 15:09:59,negatif
harja59,Instagram,"Ustadz tuh panutan, jangan ngomong kasar dong",2024-12-23 15:50:57,negatif
irwanyuliarti,Instagram,Nyesek sih liat ustadz ngomong kayak gini 😔,2024-12-23 15:58:50,negatif
uli45,Instagram,Beneran sedih denger ini dari seorang ustadz,2024-12-23 15:05:36,negatif
yolandaeja,Instagram,Ceramah harusnya ngajak kebaikan bukan malah nyakitin,2024-12-23 15:24:27,negatif
raina23,Instagram,"Ustadz tuh panutan, jangan ngomong kasar dong",2024-12-23 15:24:41,negatif
janetnuraini,Instagram,"Kalau becanda, becanda aja ga usah bawa goblok-goblokan",2024-12-23 15:14:37,negatif
halimarahimah,Instagram,"Ustadz tuh panutan, jangan ngomong kasar dong",2024-12-23 15:54:44,negatif
asirwada90,Instagram,"Ustadz tuh panutan, jangan ngomong kasar dong",2024-12-23 15:53:33,negatif
cwidiastuti,Instagram,Jadi takut ikut pengajian kalo gini modelnya,2024-12-23 15:37:36,negatif
bakda38,Instagram,"Pak ustadz harus lebih bijak, ini udah ga lucu",2024-12-23 15:54:52,negatif
dimas72,Instagram,Beneran sedih denger ini dari seorang ustadz,2024-12-23 15:00:36,negatif
zahra54,Instagram,ga tau mau bilang apa,2024-12-23 15:40:41,netral
umaya61,Instagram,hmm no comment deh,2024-12-23 15:21:53,netral
cnuraini,Instagram,masih netral aja sih gw liatnya,2024-12-23 15:43:37,netral
jonozulaika,Instagram,gw setuju sih ama omongannya gus,2024-12-23 15:37:06,positif
gwacana,Instagram,"bener juga sih, kadang netizen terlalu baper",2024-12-23 15:35:41,positif
kasiyahwinarsih,Instagram,waduh ini sih udah kelewat batas,2024-12-23 15:29:22,negatif
isihotang,Instagram,biasa aja sih,2024-12-23 15:49:53,netral
yuliartipranawa,Instagram,jujurly lucu banget sih ini 😭,2024-12-23 15:20:22,positif
kemalprakasa,Instagram,biar agak keras tapi niatnya baik kok,2024-12-23 15:38:16,positif
almirafirmansyah,Instagram,bisa2 jualan es teh jd insecure 😓,2024-12-23 15:24:49,negatif
salsabila58,Instagram,biasa aja sih,2024-12-23 15:03:21,netral
cayadianggriawan,Instagram,jujurly lucu banget sih ini 😭,2024-12-23 15:23:58,positif
pwibowo,Instagram,hmm no comment deh,2024-12-23 15:36:02,netral
simonsitumorang,Instagram,tergantung yg nonton juga sih,2024-12-23 15:10:08,netral
kartikaagustina,Instagram,"ceramahnya tetep dapet kok, relax aja guys",2024-12-23 15:33:34,positif
kenes51,Instagram,ga tau mau bilang apa,2024-12-23 15:14:15,netral
jpratama,Instagram,gus miftah harus minta maaf sih ini,2024-12-23 15:37:47,negatif
puspasariargono,Instagram,biasa aja sih,2024-12-23 15:50:31,netral
kemalrahayu,Instagram,tergantung yg nonton juga sih,2024-12-23 15:30:42,netral
spurwanti,Instagram,hmm no comment deh,2024-12-23 15:51:49,netral
queen30,Instagram,biasa aja sih,2024-12-23 15:51:20,netral
shabibi,Instagram,gw setuju sih ama omongannya gus,2024-12-23 15:51:18,positif
naradisaptono,Instagram,gw setuju sih ama omongannya gus,2024-12-23 15:34:44,positif
elvinauwais,Instagram,bisa2 jualan es teh jd insecure 😓,2024-12-23 15:46:44,negatif
samsullestari,Instagram,"bener juga sih, kadang netizen terlalu baper",2024-12-23 15:27:55,positif
lailasarianastasia,Instagram,"bener juga sih, kadang netizen terlalu baper",2024-12-23 15:26:50,positif
dharyanti,Instagram,"bener juga sih, kadang netizen terlalu baper",2024-12-23 15:29:33,positif
hasanahgenta,Instagram,gus miftah harus minta maaf sih ini,2024-12-23 15:14:49,negatif
diah61,Instagram,masih netral aja sih gw liatnya,2024-12-23 15:24:39,netral
vivithamrin,Instagram,"bener juga sih, kadang netizen terlalu baper",2024-12-23 15:55:44,positif
simanjuntakcapa,Instagram,ceramah apaan malah ngehina,2024-12-23 15:39:28,negatif
bhalimah,Instagram,gus miftah harus minta maaf sih ini,2024-12-23 15:10:56,negatif
prayogabaktiono,Instagram,ga sopan bgt ngomong gitu,2024-12-23 15:32:52,negatif
nasrullah31,Instagram,ni gus emg ada aja kelakuannya 😂,2024-12-23 15:53:08,positif
asmadi35,Instagram,ceramah apaan malah ngehina,2024-12-23 15:27:35,negatif
gara14,Instagram,"ga lucu, malah nyakitin hati yg jualan",2024-12-23 15:50:00,negatif
imam35,Instagram,jujurly lucu banget sih ini 😭,2024-12-23 15:15:43,positif
joko99,Instagram,"bener juga sih, kadang netizen terlalu baper",2024-12-23 15:51:09,positif
legawibowo,Instagram,gus miftah harus minta maaf sih ini,2024-12-23 15:25:05,negatif
hartanawibowo,Instagram,biar agak keras tapi niatnya baik kok,2024-12-23 15:42:14,positif
ywidodo,Instagram,ni gus emg ada aja kelakuannya 😂,2024-12-23 15:48:49,positif
iwijayanti,Instagram,jujurly lucu banget sih ini 😭,2024-12-23 15:47:53,positif
queen12,Instagram,ni gus emg ada aja kelakuannya 😂,2024-12-23 15:21:50,positif
rafinababan,Instagram,bisa2 jualan es teh jd insecure 😓,2024-12-23 15:48:14,negatif
qori33,Instagram,ceramah apaan malah ngehina,2024-12-23 15:28:50,negatif
maryanto40,Instagram,ga tau mau bilang apa,2024-12-23 15:46:59,netral
yuni76,Instagram,ni gus emg ada aja kelakuannya 😂,2024-12-23 15:15:36,positif
prakasacarla,Instagram,masih netral aja sih gw liatnya,2024-12-23 15:08:25,netral
bprastuti,Instagram,biasa aja sih,2024-12-23 15:21:51,netral
eka51,Instagram,ga tau mau bilang apa,2024-12-23 15:50:54,netral
rrajasa,Instagram,tergantung yg nonton juga sih,2024-12-23 15:52:56,netral
naradimulyani,Instagram,gue liat ini ya udah lah ya,2024-12-23 15:01:11,netral
gandi44,Instagram,"ceramahnya tetep dapet kok, relax aja guys",2024-12-23 15:05:32,positif
clazuardi,Instagram,jujurly lucu banget sih ini 😭,2024-12-23 15:23:10,positif
edisonpradipta,Instagram,jujurly lucu banget sih ini 😭,2024-12-23 15:31:53,positif
nwaluyo,Instagram,jujurly lucu banget sih ini 😭,2024-12-23 15:49:47,positif
phariyah,Instagram,jujurly lucu banget sih ini 😭,2024-12-23 15:37:58,positif
tambaeka,Instagram,ga tau mau bilang apa,2024-12-23 15:09:45,netral
lalasuartini,Instagram,waduh ini sih udah kelewat batas,2024-12-23 15:48:38,negatif
marsito59,Instagram,biasa aja sih,2024-12-23 15:06:23,netral
bagas66,Instagram,tergantung yg nonton juga sih,2024-12-23 15:55:13,netral
wulandarigalur,Instagram,gw setuju sih ama omongannya gus,2024-12-23 15:11:17,positif
imahendra,Instagram,"ga lucu, malah nyakitin hati yg jualan",2024-12-23 15:05:10,negatif
narjijailani,Instagram,tergantung yg nonton juga sih,2024-12-23 15:36:04,netral
nainggolanibun,Instagram,waduh ini sih udah kelewat batas,2024-12-23 15:24:39,negatif
rachel55,Instagram,ceramah apaan malah ngehina,2024-12-23 15:18:27,negatif
sdongoran,Instagram,bisa2 jualan es teh jd insecure 😓,2024-12-23 15:53:44,negatif
martanapudjiastuti,Instagram,"ga lucu, malah nyakitin hati yg jualan",2024-12-23 15:21:24,negatif
edi42,Instagram,ceramah apaan malah ngehina,2024-12-23 15:46:07,negatif
imam50,Instagram,"ga lucu, malah nyakitin hati yg jualan",2024-12-23 15:12:48,negatif
jumarimandala,Instagram,tergantung yg nonton juga sih,2024-12-23 15:34:15,netral
atmadongoran,Instagram,biasa aja sih,2024-12-23 15:13:15,netral
msuryatmi,Instagram,jujurly lucu banget sih ini 😭,2024-12-23 15:00:54,positif
mardhiyahkambali,Instagram,tergantung yg nonton juga sih,2024-12-23 15:29:48,netral
rsamosir,Instagram,ga sopan bgt ngomong gitu,2024-12-23 15:05:46,negatif
daryaniwaluyo,Instagram,ga sopan bgt ngomong gitu,2024-12-23 15:37:28,negatif
haripudjiastuti,Instagram,bisa2 jualan es teh jd insecure 😓,2024-12-23 15:45:07,negatif
asmuni13,Instagram,ga tau mau bilang apa,2024-12-23 15:33:36,netral
januargaiman,Instagram,ceramah apaan malah ngehina,2024-12-23 15:18:35,negatif
gprasetyo,Instagram,masih netral aja sih gw liatnya,2024-12-23 15:41:45,netral
nugrohodacin,Instagram,waduh ini sih udah kelewat batas,2024-12-23 15:57:14,negatif
kpudjiastuti,Instagram,hmm no comment deh,2024-12-23 15:41:37,netral
qhartati,Instagram,jujurly lucu banget sih ini 😭,2024-12-23 15:23:01,positif
radenkuswandari,Instagram,ga sopan bgt ngomong gitu,2024-12-23 15:35:33,negatif
pertiwipuspa,Instagram,ga tau mau bilang apa,2024-12-23 15:47:18,netral
lnuraini,Instagram,"ga lucu, malah nyakitin hati yg jualan",2024-12-23 15:20:19,negatif
cakrajiya34,Instagram,ga sopan bgt ngomong gitu,2024-12-23 15:49:28,negatif
firgantorojulia,Instagram,jujurly lucu banget sih ini 😭,2024-12-23 15:07:16,positif
samiah59,Instagram,gue liat ini ya udah lah ya,2024-12-23 15:05:38,netral
ghaliyati82,Instagram,ga sopan bgt ngomong gitu,2024-12-23 15:44:27,negatif
purwadi66,Instagram,"ga lucu, malah nyakitin hati yg jualan",2024-12-23 15:50:02,negatif
prasastatari,Instagram,biasa aja sih,2024-12-23 15:38:52,netral
jarwamangunsong,Instagram,waduh ini sih udah kelewat batas,2024-12-23 15:23:31,negatif
violet59,Instagram,"bener juga sih, kadang netizen terlalu baper",2024-12-23 15:23:16,positif
gfarida,Instagram,biasa aja sih,2024-12-23 15:18:08,netral
prastutisabrina,Instagram,gw setuju sih ama omongannya gus,2024-12-23 15:24:03,positif
cawisadiutami,Instagram,biasa aja sih,2024-12-23 15:35:04,netral
saragihbalamantri,Instagram,hmm no comment deh,2024-12-23 15:33:30,netral
kasimfirgantoro,Instagram,"bener juga sih, kadang netizen terlalu baper",2024-12-23 15:33:18,positif
wwaluyo,Instagram,ga tau mau bilang apa,2024-12-23 15:53:55,netral
sihotangputi,Instagram,ni gus emg ada aja kelakuannya 😂,2024-12-23 15:40:02,positif
taniamandasari,Instagram,hmm no comment deh,2024-12-23 15:00:50,netral
vwahyuni,Instagram,"bener juga sih, kadang netizen terlalu baper",2024-12-23 15:22:08,positif
kuncarapangestu,Instagram,gw setuju sih ama omongannya gus,2024-12-23 15:00:32,positif
nurdiyantilukita,Instagram,ceramah apaan malah ngehina,2024-12-23 15:29:14,negatif
hastutiputu,Instagram,jujurly lucu banget sih ini 😭,2024-12-23 15:59:30,positif
fpudjiastuti,Instagram,biasa aja sih,2024-12-23 15:50:33,netral
bhutasoit,Instagram,gue liat ini ya udah lah ya,2024-12-23 15:29:21,netral
susantioliva,Instagram,gus miftah harus minta maaf sih ini,2024-12-23 15:05:27,negatif
oktavianifebi,Instagram,waduh ini sih udah kelewat batas,2024-12-23 15:52:48,negatif
dimaz07,Instagram,tergantung yg nonton juga sih,2024-12-23 15:51:57,netral
enugroho,Instagram,hmm no comment deh,2024-12-23 15:24:48,netral
cakrabuana15,Instagram,ceramah apaan malah ngehina,2024-12-23 15:10:58,negatif
upradipta,Instagram,biar agak keras tapi niatnya baik kok,2024-12-23 15:41:55,positif
ivanadriansyah,Instagram,"ceramahnya tetep dapet kok, relax aja guys",2024-12-23 15:49:58,positif
ypuspita,Instagram,hmm no comment deh,2024-12-23 15:13:07,netral
makara15,Instagram,waduh ini sih udah kelewat batas,2024-12-23 15:39:47,negatif
smarbun,Instagram,ni gus emg ada aja kelakuannya 😂,2024-12-23 15:44:56,positif
septi15,Instagram,bisa2 jualan es teh jd insecure 😓,2024-12-23 15:08:42,negatif
xsinaga,Instagram,"bener juga sih, kadang netizen terlalu baper",2024-12-23 15:30:03,positif
prayogacakrajiya,Instagram,"ga lucu, malah nyakitin hati yg jualan",2024-12-23 15:20:46,negatif
muhammad10,Instagram,biar agak keras tapi niatnya baik kok,2024-12-23 15:45:35,positif
prasetyamaheswara,Instagram,gus miftah harus minta maaf sih ini,2024-12-23 15:49:58,negatif
nasyiahpanji,Instagram,hmm no comment deh,2024-12-23 15:59:30,netral
chelseapradipta,Instagram,ga tau mau bilang apa,2024-12-23 15:15:28,netral
kutama,Instagram,hmm no comment deh,2024-12-23 15:31:10,netral
galuhsuartini,Instagram,bisa2 jualan es teh jd insecure 😓,2024-12-23 15:59:57,negatif
virmansafitri,Instagram,"ceramahnya tetep dapet kok, relax aja guys",2024-12-23 15:47:46,positif
fitria83,Instagram,ga sopan bgt ngomong gitu,2024-12-23 15:19:10,negatif
rajasanabila,Instagram,gus miftah harus minta maaf sih ini,2024-12-23 15:48:32,negatif
budimangina,Instagram,ni gus emg ada aja kelakuannya 😂,2024-12-23 15:55:01,positif
zmandasari,Instagram,bisa2 jualan es teh jd insecure 😓,2024-12-23 15:30:39,negatif
ehutasoit,Instagram,ga sopan bgt ngomong gitu,2024-12-23 15:36:28,negatif
karen53,Instagram,tergantung yg nonton juga sih,2024-12-23 15:08:24,netral
calista63,Instagram,"bener juga sih, kadang netizen terlalu baper",2024-12-23 15:18:17,positif
maheswarabakidin,Instagram,"ceramahnya tetep dapet kok, relax aja guys",2024-12-23 15:21:22,positif
raden47,Instagram,gus miftah harus minta maaf sih ini,2024-12-23 15:40:02,negatif
bsuryatmi,Instagram,gw setuju sih ama omongannya gus,2024-12-23 15:26:03,positif
hhutagalung,Instagram,jujurly lucu banget sih ini 😭,2024-12-23 15:20:19,positif
koko29,Instagram,gus miftah harus minta maaf sih ini,2024-12-23 15:18:17,negatif
margana29,Instagram,biar agak keras tapi niatnya baik kok,2024-12-23 15:35:09,positif
teguhzulkarnain,Instagram,jujurly lucu banget sih ini 😭,2024-12-23 15:16:44,positif
fujiatipardi,Instagram,ga tau mau bilang apa,2024-12-23 15:35:48,netral
endahpermata,Instagram,"ceramahnya tetep dapet kok, relax aja guys",2024-12-23 15:58:35,positif
maulanaana,Instagram,tergantung yg nonton juga sih,2024-12-23 15:23:24,netral
viktorpranowo,Instagram,bisa2 jualan es teh jd insecure 😓,2024-12-23 15:36:13,negatif
nurainikurnia,Instagram,ga tau mau bilang apa,2024-12-23 15:10:14,netral
hwijayanti,Instagram,ga sopan bgt ngomong gitu,2024-12-23 15:22:02,negatif
dodo87,Instagram,ga tau mau bilang apa,2024-12-23 15:39:07,netral
najwa72,Instagram,"bener juga sih, kadang netizen terlalu baper",2024-12-23 15:59:45,positif
ida23,Instagram,gus miftah harus minta maaf sih ini,2024-12-23 15:31:40,negatif
tlestari,Instagram,"bener juga sih, kadang netizen terlalu baper",2024-12-23 15:53:31,positif
cemaniuyainah,Instagram,ga sopan bgt ngomong gitu,2024-12-23 15:56:18,negatif
jelita15,Instagram,gue liat ini ya udah lah ya,2024-12-23 15:56:28,netral
okuswandari,Instagram,bisa2 jualan es teh jd insecure 😓,2024-12-23 15:28:08,negatif
zulkarnainbetania,Instagram,ni gus emg ada aja kelakuannya 😂,2024-12-23 15:42:22,positif
makutawibisono,Instagram,tergantung yg nonton juga sih,2024-12-23 15:51:39,netral
jkuswandari,Instagram,"bener juga sih, kadang netizen terlalu baper",2024-12-23 15:38:16,positif
hartaka43,Instagram,bisa2 jualan es teh jd insecure 😓,2024-12-23 15:57:00,negatif
danang84,Instagram,gue liat ini ya udah lah ya,2024-12-23 15:36:10,netral
rahayu85,Instagram,jujurly lucu banget sih ini 😭,2024-12-23 15:49:26,positif
inapitupulu,Instagram,"bener juga sih, kadang netizen terlalu baper",2024-12-23 15:10:32,positif
pujimegantara,Instagram,ceramah apaan malah ngehina,2024-12-23 15:09:37,negatif
ekasirait,Instagram,waduh ini sih udah kelewat batas,2024-12-23 15:46:53,negatif
estiawansuartini,Instagram,gw setuju sih ama omongannya gus,2024-12-23 15:18:10,positif
estiawanwacana,Instagram,"ga lucu, malah nyakitin hati yg jualan",2024-12-23 15:43:59,negatif
zsitompul,Instagram,masih netral aja sih gw liatnya,2024-12-23 15:36:01,netral
vkuswandari,Instagram,bisa2 jualan es teh jd insecure 😓,2024-12-23 15:13:48,negatif
kuswandaridiana,Instagram,gus miftah harus minta maaf sih ini,2024-12-23 15:36:31,negatif
vpranowo,Instagram,biar agak keras tapi niatnya baik kok,2024-12-23 15:53:09,positif
irianariyanti,Instagram,waduh ini sih udah kelewat batas,2024-12-23 15:53:02,negatif
darsirahwastuti,Instagram,gus miftah harus minta maaf sih ini,2024-12-23 15:00:59,negatif
adriansyahgilang,Instagram,biasa aja sih,2024-12-23 15:57:54,netral
gzulkarnain,Instagram,jujurly lucu banget sih ini 😭,2024-12-23 15:24:09,positif
fkurniawan,Instagram,bisa2 jualan es teh jd insecure 😓,2024-12-23 15:19:39,negatif
fwaluyo,Instagram,ga sopan bgt ngomong gitu,2024-12-23 15:25:21,negatif
patriciamahendra,Instagram,"bener juga sih, kadang netizen terlalu baper",2024-12-23 15:30:05,positif
nurainihafshah,Instagram,"bener juga sih, kadang netizen terlalu baper",2024-12-23 15:20:37,positif
luwarmayasari,Instagram,jujurly lucu banget sih ini 😭,2024-12-23 15:37:01,positif
ihsansinaga,Instagram,ceramah apaan malah ngehina,2024-12-23 15:06:41,negatif
psiregar,Instagram,gus miftah harus minta maaf sih ini,2024-12-23 15:31:16,negatif
bhutapea,Instagram,ni gus emg ada aja kelakuannya 😂,2024-12-23 15:58:45,positif
elisihombing,Instagram,jujurly lucu banget sih ini 😭,2024-12-23 15:57:40,positif
rendypradipta,Instagram,gus miftah harus minta maaf sih ini,2024-12-23 15:38:29,negatif
tirtahutapea,Instagram,masih netral aja sih gw liatnya,2024-12-23 15:54:23,netral
wmegantara,Instagram,ga tau mau bilang apa,2024-12-23 15:29:06,netral
rahayu04,Instagram,ga tau mau bilang apa,2024-12-23 15:07:10,netral
cahyadi81,Instagram,tergantung yg nonton juga sih,2024-12-23 15:40:27,netral
sihotangpadmi,Instagram,"ga lucu, malah nyakitin hati yg jualan",2024-12-23 15:19:15,negatif
nadinefirgantoro,Instagram,gus miftah harus minta maaf sih ini,2024-12-23 15:37:49,negatif
julimardhiyah,Instagram,ga sopan bgt ngomong gitu,2024-12-23 15:05:37,negatif
usetiawan,Instagram,hmm no comment deh,2024-12-23 15:37:43,netral
rsihombing,Instagram,gw setuju sih ama omongannya gus,2024-12-23 15:23:49,positif
adeadriansyah,Instagram,gus miftah harus minta maaf sih ini,2024-12-23 15:15:35,negatif
marpaungpuput,Instagram,tergantung yg nonton juga sih,2024-12-23 15:49:21,netral
jessica64,Instagram,ceramah apaan malah ngehina,2024-12-23 15:05:43,negatif
aisyah98,Instagram,masih netral aja sih gw liatnya,2024-12-23 15:10:55,netral
sinagakarja,Instagram,"ceramahnya tetep dapet kok, relax aja guys",2024-12-23 15:33:50,positif
tarihorankusuma,Instagram,hmm no comment deh,2024-12-23 15:42:51,netral
haryanticager,Instagram,tergantung yg nonton juga sih,2024-12-23 15:58:54,netral
ibunsuwarno,Instagram,biar agak keras tapi niatnya baik kok,2024-12-23 15:47:10,positif
lasmanto97,Instagram,bisa2 jualan es teh jd insecure 😓,2024-12-23 15:24:45,negatif
budimandigdaya,Instagram,"bener juga sih, kadang netizen terlalu baper",2024-12-23 15:54:55,positif
lestarieli,Instagram,ga sopan bgt ngomong gitu,2024-12-23 15:54:29,negatif
saadatgunarto,Instagram,ga sopan bgt ngomong gitu,2024-12-23 15:14:39,negatif
dmarpaung,Instagram,waduh ini sih udah kelewat batas,2024-12-23 15:08:54,negatif
ksiregar,Instagram,biasa aja sih,2024-12-23 15:11:04,netral
gandewamansur,Instagram,"bener juga sih, kadang netizen terlalu baper",2024-12-23 15:49:09,positif
mahendragara,Instagram,ceramah apaan malah ngehina,2024-12-23 15:42:26,negatif
puspasariluis,Instagram,gue liat ini ya udah lah ya,2024-12-23 15:21:59,netral
csiregar,Instagram,gue liat ini ya udah lah ya,2024-12-23 15:39:30,netral
oman24,Instagram,"ga lucu, malah nyakitin hati yg jualan",2024-12-23 15:18:57,negatif
ellisdamanik,Instagram,gw setuju sih ama omongannya gus,2024-12-23 15:58:32,positif
isaragih,Instagram,"ga lucu, malah nyakitin hati yg jualan",2024-12-23 15:27:14,negatif
darman76,Instagram,ceramah apaan malah ngehina,2024-12-23 15:10:26,negatif
harimurti90,Instagram,gue liat ini ya udah lah ya,2024-12-23 15:57:05,netral
permatahumaira,Instagram,ni gus emg ada aja kelakuannya 😂,2024-12-23 15:01:17,positif
bsusanti,Instagram,"ceramahnya tetep dapet kok, relax aja guys",2024-12-23 15:20:49,positif
nprasetyo,Instagram,ga tau mau bilang apa,2024-12-23 15:46:56,netral
banawalatupono,Instagram,tergantung yg nonton juga sih,2024-12-23 15:45:49,netral
nurainicarla,Instagram,ga tau mau bilang apa,2024-12-23 15:08:53,netral
irma18,Instagram,gw setuju sih ama omongannya gus,2024-12-23 15:54:53,positif
mursitapratama,Instagram,tergantung yg nonton juga sih,2024-12-23 15:43:35,netral
bakda19,Instagram,hmm no comment deh,2024-12-23 15:01:54,netral
julilailasari,Instagram,gue liat ini ya udah lah ya,2024-12-23 15:10:18,netral
prabowokasusra,Instagram,ga tau mau bilang apa,2024-12-23 15:34:08,netral
sihombingkiandra,Instagram,"ceramahnya tetep dapet kok, relax aja guys",2024-12-23 15:56:00,positif
hamimaoktaviani,Instagram,gus miftah harus minta maaf sih ini,2024-12-23 15:16:34,negatif
hendra66,Instagram,hmm no comment deh,2024-12-23 15:49:13,netral
harjasa28,Instagram,"bener juga sih, kadang netizen terlalu baper",2024-12-23 15:26:31,positif
riyantianom,Instagram,jujurly lucu banget sih ini 😭,2024-12-23 15:00:55,positif
gada59,Instagram,biasa aja sih,2024-12-23 15:29:02,netral
jefrifirmansyah,Instagram,gue liat ini ya udah lah ya,2024-12-23 15:14:43,netral
diswahyudi,Instagram,masih netral aja sih gw liatnya,2024-12-23 15:57:33,netral
mhardiansyah,Instagram,"ceramahnya tetep dapet kok, relax aja guys",2024-12-23 15:13:35,positif
tampubolonzaenab,Instagram,ni gus emg ada aja kelakuannya 😂,2024-12-23 15:53:21,positif
dimas69,Instagram,waduh ini sih udah kelewat batas,2024-12-23 15:36:25,negatif
prayogatirtayasa,Instagram,bisa2 jualan es teh jd insecure 😓,2024-12-23 15:24:33,negatif
betania97,Instagram,ni gus emg ada aja kelakuannya 😂,2024-12-23 15:16:46,positif
fmaheswara,Instagram,gw setuju sih ama omongannya gus,2024-12-23 15:20:29,positif
almiranainggolan,Instagram,gue liat ini ya udah lah ya,2024-12-23 15:59:02,netral
warsa21,Instagram,ceramah apaan malah ngehina,2024-12-23 15:09:25,negatif
dabukkenarji,Instagram,gue liat ini ya udah lah ya,2024-12-23 15:49:28,netral
nashiruddingabriella,Instagram,gus miftah harus minta maaf sih ini,2024-12-23 15:14:04,negatif
ratna99,Instagram,gw setuju sih ama omongannya gus,2024-12-23 15:50:45,positif
qwahyuni,Instagram,jujurly lucu banget sih ini 😭,2024-12-23 15:32:12,positif
rhutapea,Instagram,biasa aja sih,2024-12-23 15:18:28,netral
simbolonwarji,Instagram,ga sopan bgt ngomong gitu,2024-12-23 15:00:34,negatif
irawankamidin,Instagram,ga sopan bgt ngomong gitu,2024-12-23 15:08:04,negatif
uliharyanti,Instagram,ni gus emg ada aja kelakuannya 😂,2024-12-23 15:30:39,positif
gnatsir,Instagram,gus miftah harus minta maaf sih ini,2024-12-23 15:39:30,negatif
purwasuryono,Instagram,biar agak keras tapi niatnya baik kok,2024-12-23 15:42:35,positif
opung01,Instagram,tergantung yg nonton juga sih,2024-12-23 15:53:03,netral
yusamah,Instagram,ceramah apaan malah ngehina,2024-12-23 15:40:44,negatif
kurniawanlintang,Instagram,jujurly lucu banget sih ini 😭,2024-12-23 15:17:43,positif
qsaragih,Instagram,gue liat ini ya udah lah ya,2024-12-23 15:14:10,netral
hartonasyidah,Instagram,ni gus emg ada aja kelakuannya 😂,2024-12-23 15:56:56,positif
jaimanpangestu,Instagram,"ceramahnya tetep dapet kok, relax aja guys",2024-12-23 15:13:19,positif
hakimtitin,Instagram,tergantung yg nonton juga sih,2024-12-23 15:18:57,netral
egunawan,Instagram,biasa aja sih,2024-12-23 15:59:28,netral
ramadankania,Instagram,"ceramahnya tetep dapet kok, relax aja guys",2024-12-23 15:55:04,positif
bakda02,Instagram,"ga lucu, malah nyakitin hati yg jualan",2024-12-23 15:53:17,negatif
maheswaramarsudi,Instagram,bisa2 jualan es teh jd insecure 😓,2024-12-23 15:25:57,negatif
olga65,Instagram,bisa2 jualan es teh jd insecure 😓,2024-12-23 15:48:12,negatif
paiman74,Instagram,hmm no comment deh,2024-12-23 15:54:52,netral
novitasaribanara,Instagram,masih netral aja sih gw liatnya,2024-12-23 15:09:02,netral
marpaungvanesa,Instagram,ni gus emg ada aja kelakuannya 😂,2024-12-23 15:34:03,positif
udapradana,Instagram,gue liat ini ya udah lah ya,2024-12-23 15:55:31,netral
wakimanhidayanto,Instagram,gus miftah harus minta maaf sih ini,2024-12-23 15:03:07,negatif
qlailasari,Instagram,ga sopan bgt ngomong gitu,2024-12-23 15:21:06,negatif
zrahimah,Instagram,tergantung yg nonton juga sih,2024-12-23 15:29:52,netral
danggraini,Instagram,gue liat ini ya udah lah ya,2024-12-23 15:52:17,netral
dwibudiyanto,Instagram,ni gus emg ada aja kelakuannya 😂,2024-12-23 15:46:49,positif
shastuti,Instagram,gus miftah harus minta maaf sih ini,2024-12-23 15:06:51,negatif
ukusumo,Instagram,biar agak keras tapi niatnya baik kok,2024-12-23 15:24:32,positif
isiregar,Instagram,"ceramahnya tetep dapet kok, relax aja guys",2024-12-23 15:08:57,positif
usadakardi,Instagram,gue liat ini ya udah lah ya,2024-12-23 15:12:24,netral
ajeng21,Instagram,biar agak keras tapi niatnya baik kok,2024-12-23 15:37:37,positif
osaefullah,Instagram,gue liat ini ya udah lah ya,2024-12-23 15:39:02,netral
laksitagatra,Instagram,waduh ini sih udah kelewat batas,2024-12-23 15:27:56,negatif
nmulyani,Instagram,hmm no comment deh,2024-12-23 15:57:11,netral
ppudjiastuti,Instagram,"ga lucu, malah nyakitin hati yg jualan",2024-12-23 15:01:09,negatif
drajatmaryati,Instagram,gus miftah harus minta maaf sih ini,2024-12-23 15:22:13,negatif
novitasariumaya,Instagram,gus miftah harus minta maaf sih ini,2024-12-23 15:40:06,negatif
hutagalungmulyanto,Instagram,jujurly lucu banget sih ini 😭,2024-12-23 15:58:45,positif
wasismandala,Instagram,hmm no comment deh,2024-12-23 15:17:24,netral
enababan,Instagram,gue liat ini ya udah lah ya,2024-12-23 15:25:16,netral
sitompultina,Instagram,tergantung yg nonton juga sih,2024-12-23 15:08:02,netral
hasanahsiti,Instagram,ga sopan bgt ngomong gitu,2024-12-23 15:56:16,negatif
endra23,Instagram,bisa2 jualan es teh jd insecure 😓,2024-12-23 15:20:58,negatif
pardiyuniar,Instagram,gw setuju sih ama omongannya gus,2024-12-23 15:10:38,positif
vhariyah,Instagram,ga sopan bgt ngomong gitu,2024-12-23 15:50:20,negatif
radenriyanti,Instagram,gw setuju sih ama omongannya gus,2024-12-23 15:28:53,positif
aryaninurul,Instagram,biar agak keras tapi niatnya baik kok,2024-12-23 15:26:38,positif
baktiantojanuar,Instagram,waduh ini sih udah kelewat batas,2024-12-23 15:31:25,negatif
dasaastuti,Instagram,biasa aja sih,2024-12-23 15:00:01,netral
fyulianti,Instagram,jujurly lucu banget sih ini 😭,2024-12-23 15:51:18,positif
anastasiatarihoran,Instagram,ga sopan bgt ngomong gitu,2024-12-23 15:03:47,negatif
vsafitri,Instagram,"ga lucu, malah nyakitin hati yg jualan",2024-12-23 15:26:34,negatif
balidinpurnawati,Instagram,gue liat ini ya udah lah ya,2024-12-23 15:17:53,netral
mahmudmarbun,Instagram,ni gus emg ada aja kelakuannya 😂,2024-12-23 15:11:35,positif
srahayu,Instagram,biar agak keras tapi niatnya baik kok,2024-12-23 15:56:19,positif
putralurhur,Instagram,ga tau mau bilang apa,2024-12-23 15:53:16,netral
eli85,Instagram,bisa2 jualan es teh jd insecure 😓,2024-12-23 15:17:08,negatif
maheswararama,Instagram,gus miftah harus minta maaf sih ini,2024-12-23 15:51:21,negatif
rwulandari,Instagram,tergantung yg nonton juga sih,2024-12-23 15:16:30,netral
purwantiganjaran,Instagram,ga tau mau bilang apa,2024-12-23 15:09:16,netral
flaksmiwati,Instagram,gus miftah harus minta maaf sih ini,2024-12-23 15:38:52,negatif
prabu15,Instagram,"bener juga sih, kadang netizen terlalu baper",2024-12-23 15:37:28,positif
dsirait,Instagram,jujurly lucu banget sih ini 😭,2024-12-23 15:20:04,positif
ika60,Instagram,gue liat ini ya udah lah ya,2024-12-23 15:16:05,netral
bdamanik,Instagram,bisa2 jualan es teh jd insecure 😓,2024-12-23 15:44:34,negatif
wprayoga,Instagram,tergantung yg nonton juga sih,2024-12-23 15:31:26,netral
tugimantarihoran,Instagram,"ceramahnya tetep dapet kok, relax aja guys",2024-12-23 15:10:06,positif
mulya57,Instagram,gue liat ini ya udah lah ya,2024-12-23 15:51:19,netral
maryantosimanjuntak,Instagram,gw setuju sih ama omongannya gus,2024-12-23 15:57:22,positif
anamustofa,Instagram,gw setuju sih ama omongannya gus,2024-12-23 15:23:03,positif
sihombingilyas,Instagram,waduh ini sih udah kelewat batas,2024-12-23 15:56:42,negatif
pratamanasim,Instagram,"bener juga sih, kadang netizen terlalu baper",2024-12-23 15:07:23,positif
irsad86,Instagram,"ga lucu, malah nyakitin hati yg jualan",2024-12-23 15:24:34,negatif
hhalim,Instagram,tergantung yg nonton juga sih,2024-12-23 15:48:59,netral
isaefullah,Instagram,"ceramahnya tetep dapet kok, relax aja guys",2024-12-23 15:23:29,positif
pranawa95,Instagram,hmm no comment deh,2024-12-23 15:17:47,netral
adiarja40,Instagram,"bener juga sih, kadang netizen terlalu baper",2024-12-23 15:56:31,positif
putri95,Instagram,jujurly lucu banget sih ini 😭,2024-12-23 15:47:12,positif
ediardianto,Instagram,masih netral aja sih gw liatnya,2024-12-23 15:06:07,netral
verorahayu,Instagram,gus miftah harus minta maaf sih ini,2024-12-23 15:25:30,negatif
gbudiman,Instagram,biar agak keras tapi niatnya baik kok,2024-12-23 15:08:36,positif
ssuartini,Instagram,gus miftah harus minta maaf sih ini,2024-12-23 15:06:07,negatif
namagaamong,Instagram,"ceramahnya tetep dapet kok, relax aja guys",2024-12-23 15:30:18,positif
rwahyudin,Instagram,"ceramahnya tetep dapet kok, relax aja guys",2024-12-23 15:11:52,positif
himawan22,Instagram,gus miftah harus minta maaf sih ini,2024-12-23 15:14:11,negatif
vino19,Instagram,bisa2 jualan es teh jd insecure 😓,2024-12-23 15:44:05,negatif
shakilamandala,Instagram,ceramah apaan malah ngehina,2024-12-23 15:55:59,negatif
padminababan,Instagram,gus miftah harus minta maaf sih ini,2024-12-23 15:34:32,negatif
queen96,Instagram,"bener juga sih, kadang netizen terlalu baper",2024-12-23 15:02:59,positif
ianggraini,Instagram,"bener juga sih, kadang netizen terlalu baper",2024-12-23 15:20:55,positif
winarsihmustofa,Instagram,"ceramahnya tetep dapet kok, relax aja guys",2024-12-23 15:06:09,positif
dodo47,Instagram,gw setuju sih ama omongannya gus,2024-12-23 15:18:06,positif
ikalestari,Instagram,gw setuju sih ama omongannya gus,2024-12-23 15:06:07,positif
widiastutilatif,Instagram,jujurly lucu banget sih ini 😭,2024-12-23 15:49:40,positif
sihombingprabu,Instagram,ni gus emg ada aja kelakuannya 😂,2024-12-23 15:09:28,positif
eluhfujiati,Instagram,"bener juga sih, kadang netizen terlalu baper",2024-12-23 15:59:23,positif
tari60,Instagram,gue liat ini ya udah lah ya,2024-12-23 15:03:32,netral
oanggriawan,Instagram,"ceramahnya tetep dapet kok, relax aja guys",2024-12-23 15:39:35,positif
warji13,Instagram,biasa aja sih,2024-12-23 15:03:12,netral
cahyadiprasetyo,Instagram,biar agak keras tapi niatnya baik kok,2024-12-23 15:13:28,positif
emarbun,Instagram,biar agak keras tapi niatnya baik kok,2024-12-23 15:40:24,positif
hakimwarsa,Instagram,"bener juga sih, kadang netizen terlalu baper",2024-12-23 15:16:42,positif
adriansyahkemal,Instagram,ga sopan bgt ngomong gitu,2024-12-23 15:06:39,negatif
bakiadi78,Instagram,"ceramahnya tetep dapet kok, relax aja guys",2024-12-23 15:06:58,positif
yuliantijatmiko,Instagram,masih netral aja sih gw liatnya,2024-12-23 15:05:23,netral
vino90,Instagram,gue liat ini ya udah lah ya,2024-12-23 15:03:20,netral
musamah,Instagram,hmm no comment deh,2024-12-23 15:50:00,netral
dianprasetya,Instagram,jujurly lucu banget sih ini 😭,2024-12-23 15:52:20,positif
lpertiwi,Instagram,ceramah apaan malah ngehina,2024-12-23 15:26:51,negatif
shariyah,Instagram,ga tau mau bilang apa,2024-12-23 15:37:22,netral
septihutasoit,Instagram,masih netral aja sih gw liatnya,2024-12-23 15:40:56,netral
melinda08,Instagram,biar agak keras tapi niatnya baik kok,2024-12-23 15:14:07,positif
natalia24,Instagram,hmm no comment deh,2024-12-23 15:33:48,netral
ajimin68,Instagram,jujurly lucu banget sih ini 😭,2024-12-23 15:08:41,positif
bagiyalatupono,Instagram,hmm no comment deh,2024-12-23 15:45:47,netral
yuliantivirman,Instagram,"ceramahnya tetep dapet kok, relax aja guys",2024-12-23 15:50:11,positif
melanitimbul,Instagram,jujurly lucu banget sih ini 😭,2024-12-23 15:28:40,positif
gabriellasantoso,Instagram,ga tau mau bilang apa,2024-12-23 15:58:06,netral
mustofayulianti,Instagram,"ceramahnya tetep dapet kok, relax aja guys",2024-12-23 15:58:54,positif
cici96,Instagram,ni gus emg ada aja kelakuannya 😂,2024-12-23 15:14:27,positif
budimancatur,Instagram,biasa aja sih,2024-12-23 15:00:25,netral
bhidayat,Instagram,ceramah apaan malah ngehina,2024-12-23 15:20:55,negatif
purwadi07,Instagram,bisa2 jualan es teh jd insecure 😓,2024-12-23 15:47:05,negatif
kandasuartini,Instagram,tergantung yg nonton juga sih,2024-12-23 15:46:42,netral
opanpuspasari,Instagram,"ceramahnya tetep dapet kok, relax aja guys",2024-12-23 15:00:25,positif
asmunihasanah,Instagram,jujurly lucu banget sih ini 😭,2024-12-23 15:15:21,positif
kokohandayani,Instagram,biasa aja sih,2024-12-23 15:49:12,netral
vinsensiregar,Instagram,jujurly lucu banget sih ini 😭,2024-12-23 15:42:57,positif
puspasaricapa,Instagram,gus miftah harus minta maaf sih ini,2024-12-23 15:34:46,negatif
cakrabirawawacana,Instagram,waduh ini sih udah kelewat batas,2024-12-23 15:22:01,negatif
purwanto51,Instagram,ga tau mau bilang apa,2024-12-23 15:48:24,netral
vanyayulianti,Instagram,masih netral aja sih gw liatnya,2024-12-23 15:02:14,netral
taswirnuraini,Instagram,jujurly lucu banget sih ini 😭,2024-12-23 15:40:43,positif
ganepnurdiyanti,Instagram,waduh ini sih udah kelewat batas,2024-12-23 15:14:34,negatif
maryadicawisono,Instagram,gw setuju sih ama omongannya gus,2024-12-23 15:32:44,positif
prakasaumi,Instagram,"ga lucu, malah nyakitin hati yg jualan",2024-12-23 15:01:17,negatif
umaylailasari,Instagram,"ceramahnya tetep dapet kok, relax aja guys",2024-12-23 15:12:22,positif
znovitasari,Instagram,tergantung yg nonton juga sih,2024-12-23 15:16:37,netral
wacanahalim,Instagram,tergantung yg nonton juga sih,2024-12-23 15:48:14,netral
fprabowo,Instagram,"ga lucu, malah nyakitin hati yg jualan",2024-12-23 15:09:46,negatif
gastibudiman,Instagram,masih netral aja sih gw liatnya,2024-12-23 15:18:30,netral
cwidodo,Instagram,waduh ini sih udah kelewat batas,2024-12-23 15:17:33,negatif
ardiantoyunita,Instagram,tergantung yg nonton juga sih,2024-12-23 15:24:01,netral
hardiansyahaswani,Instagram,gw setuju sih ama omongannya gus,2024-12-23 15:54:56,positif
harsayawibisono,Instagram,ni gus emg ada aja kelakuannya 😂,2024-12-23 15:38:42,positif
prasetyowastuti,Instagram,tergantung yg nonton juga sih,2024-12-23 15:35:24,netral
hidayatrachel,Instagram,"ceramahnya tetep dapet kok, relax aja guys",2024-12-23 15:05:05,positif
ajiono80,Instagram,gue liat ini ya udah lah ya,2024-12-23 15:07:22,netral
emelani,Instagram,masih netral aja sih gw liatnya,2024-12-23 15:54:06,netral
lhastuti,Instagram,"bener juga sih, kadang netizen terlalu baper",2024-12-23 15:44:10,positif
srajasa,Instagram,bisa2 jualan es teh jd insecure 😓,2024-12-23 15:09:33,negatif
drajat89,Instagram,ceramah apaan malah ngehina,2024-12-23 15:45:05,negatif
uwahyuni,Instagram,tergantung yg nonton juga sih,2024-12-23 15:07:53,netral
puspasaridamar,Instagram,ni gus emg ada aja kelakuannya 😂,2024-12-23 15:12:36,positif
xnugroho,Instagram,biasa aja sih,2024-12-23 15:52:46,netral
cwijayanti,Instagram,ga sopan bgt ngomong gitu,2024-12-23 15:15:05,negatif
gamanmangunsong,Instagram,ni gus emg ada aja kelakuannya 😂,2024-12-23 15:39:49,positif
jsaefullah,Instagram,tergantung yg nonton juga sih,2024-12-23 15:17:54,netral
atma48,Instagram,"bener juga sih, kadang netizen terlalu baper",2024-12-23 15:28:39,positif
hidayantoluthfi,Instagram,"ceramahnya tetep dapet kok, relax aja guys",2024-12-23 15:59:53,positif
mursita60,Instagram,ga tau mau bilang apa,2024-12-23 15:45:44,netral
dbudiyanto,Instagram,gus miftah harus minta maaf sih ini,2024-12-23 15:41:05,negatif
irfannasyiah,Instagram,gw setuju sih ama omongannya gus,2024-12-23 15:41:58,positif
rafi80,Instagram,ni gus emg ada aja kelakuannya 😂,2024-12-23 15:35:31,positif
jwinarno,Instagram,waduh ini sih udah kelewat batas,2024-12-23 15:37:34,negatif
hutapeazizi,Instagram,ni gus emg ada aja kelakuannya 😂,2024-12-23 15:00:42,positif
dlatupono,Instagram,"ga lucu, malah nyakitin hati yg jualan",2024-12-23 15:05:44,negatif
hakimtantri,Instagram,tergantung yg nonton juga sih,2024-12-23 15:37:03,netral
phartati,Instagram,jujurly lucu banget sih ini 😭,2024-12-23 15:13:32,positif
nasyiahargono,Instagram,"bener juga sih, kadang netizen terlalu baper",2024-12-23 15:20:44,positif
dewi14,Instagram,gus miftah harus minta maaf sih ini,2024-12-23 15:57:01,negatif
wuwais,Instagram,gue liat ini ya udah lah ya,2024-12-23 15:54:55,netral
cakrabirawa14,Instagram,hmm no comment deh,2024-12-23 15:56:24,netral
tami09,Instagram,bisa2 jualan es teh jd insecure 😓,2024-12-23 15:22:47,negatif
sidiq59,Instagram,biasa aja sih,2024-12-23 15:53:34,netral
czulaika,Instagram,ga sopan bgt ngomong gitu,2024-12-23 15:31:18,negatif
jusada,Instagram,"bener juga sih, kadang netizen terlalu baper",2024-12-23 15:51:37,positif
mandalaedi,Instagram,gus miftah harus minta maaf sih ini,2024-12-23 15:40:03,negatif
ega10,Instagram,ni gus emg ada aja kelakuannya 😂,2024-12-23 15:35:40,positif
pradiptaprayitna,Instagram,ni gus emg ada aja kelakuannya 😂,2024-12-23 15:54:50,positif
vhidayat,Instagram,ni gus emg ada aja kelakuannya 😂,2024-12-23 15:07:11,positif
mustofanurdiyanti,Instagram,ga tau mau bilang apa,2024-12-23 15:10:45,netral
janetmayasari,Instagram,"bener juga sih, kadang netizen terlalu baper",2024-12-23 15:22:45,positif
xrajata,Instagram,waduh ini sih udah kelewat batas,2024-12-23 15:56:13,negatif
taufik34,Instagram,gw setuju sih ama omongannya gus,2024-12-23 15:11:39,positif
hana07,Instagram,jujurly lucu banget sih ini 😭,2024-12-23 15:41:36,positif
prasetyacaraka,Instagram,"ceramahnya tetep dapet kok, relax aja guys",2024-12-23 15:35:14,positif
fsiregar,Instagram,gus miftah harus minta maaf sih ini,2024-12-23 15:43:40,negatif
handayanijatmiko,Instagram,jujurly lucu banget sih ini 😭,2024-12-23 15:02:20,positif
najmudinnajib,Instagram,"ga lucu, malah nyakitin hati yg jualan",2024-12-23 15:57:07,negatif
jokopratama,Instagram,ceramah apaan malah ngehina,2024-12-23 15:34:44,negatif
usadagabriella,Instagram,biasa aja sih,2024-12-23 15:12:45,netral
adityafujiati,Instagram,ni gus emg ada aja kelakuannya 😂,2024-12-23 15:44:56,positif
karyaiswahyudi,Instagram,bisa2 jualan es teh jd insecure 😓,2024-12-23 15:55:55,negatif
wardi82,Instagram,hmm no comment deh,2024-12-23 15:27:12,netral
rajataharjaya,Instagram,"bener juga sih, kadang netizen terlalu baper",2024-12-23 15:58:41,positif
ibun97,Instagram,ceramah apaan malah ngehina,2024-12-23 15:18:54,negatif
galih06,Instagram,"ga lucu, malah nyakitin hati yg jualan",2024-12-23 15:51:09,negatif
anisitumorang,Instagram,ga tau mau bilang apa,2024-12-23 15:32:59,netral
kuswoyodarimin,Instagram,biasa aja sih,2024-12-23 15:11:25,netral
enajmudin,Instagram,hmm no comment deh,2024-12-23 15:47:45,netral
putami,Instagram,"ceramahnya tetep dapet kok, relax aja guys",2024-12-23 15:05:47,positif
danujajanuar,Instagram,gus miftah harus minta maaf sih ini,2024-12-23 15:45:22,negatif
galangwidodo,Instagram,biar agak keras tapi niatnya baik kok,2024-12-23 15:07:58,positif
ilyas16,Instagram,ga tau mau bilang apa,2024-12-23 15:28:45,netral
gatotkusumo,Instagram,ni gus emg ada aja kelakuannya 😂,2024-12-23 15:03:24,positif
jpalastri,Instagram,gue liat ini ya udah lah ya,2024-12-23 15:39:36,netral
winarsihmustika,Instagram,"ga lucu, malah nyakitin hati yg jualan",2024-12-23 15:48:30,negatif
uwinarsih,Instagram,masih netral aja sih gw liatnya,2024-12-23 15:48:17,netral
ajimanhandayani,Instagram,jujurly lucu banget sih ini 😭,2024-12-23 15:26:29,positif
qori55,Instagram,gue liat ini ya udah lah ya,2024-12-23 15:14:30,netral
cinta94,Instagram,tergantung yg nonton juga sih,2024-12-23 15:34:03,netral
mahmudhassanah,Instagram,tergantung yg nonton juga sih,2024-12-23 15:04:18,netral
pranawapradana,Instagram,ga sopan bgt ngomong gitu,2024-12-23 15:45:50,negatif
hani89,Instagram,ga sopan bgt ngomong gitu,2024-12-23 15:11:24,negatif
suartiniozy,Instagram,biasa aja sih,2024-12-23 15:46:41,netral
ssudiati,Instagram,"ceramahnya tetep dapet kok, relax aja guys",2024-12-23 15:12:46,positif
ade85,Instagram,gus miftah harus minta maaf sih ini,2024-12-23 15:40:38,negatif
situmorangpuji,Instagram,"ceramahnya tetep dapet kok, relax aja guys",2024-12-23 15:34:10,positif
salahudinikin,Instagram,ceramah apaan malah ngehina,2024-12-23 15:39:00,negatif
tinauyainah,Instagram,waduh ini sih udah kelewat batas,2024-12-23 15:07:11,negatif
jelita42,Instagram,ni gus emg ada aja kelakuannya 😂,2024-12-23 15:41:26,positif
arta52,Instagram,ga sopan bgt ngomong gitu,2024-12-23 15:12:07,negatif
utamijayadi,Instagram,biasa aja sih,2024-12-23 15:33:05,netral
najmudinsatya,Instagram,ni gus emg ada aja kelakuannya 😂,2024-12-23 15:58:22,positif
juli35,Instagram,bisa2 jualan es teh jd insecure 😓,2024-12-23 15:11:45,negatif
maheswaravega,Instagram,biar agak keras tapi niatnya baik kok,2024-12-23 15:14:27,positif
kalim71,Instagram,ni gus emg ada aja kelakuannya 😂,2024-12-23 15:19:25,positif
spranowo,Instagram,ni gus emg ada aja kelakuannya 😂,2024-12-23 15:39:09,positif
suryonodaruna,Instagram,gw setuju sih ama omongannya gus,2024-12-23 15:50:54,positif
clara80,Instagram,jujurly lucu banget sih ini 😭,2024-12-23 15:30:33,positif
umisamosir,Instagram,ni gus emg ada aja kelakuannya 😂,2024-12-23 15:01:13,positif
ywidiastuti,Instagram,hmm no comment deh,2024-12-23 15:04:36,netral
vprasetya,Instagram,jujurly lucu banget sih ini 😭,2024-12-23 15:15:31,positif
kemba72,Instagram,gw setuju sih ama omongannya gus,2024-12-23 15:24:49,positif
laras07,Instagram,gw setuju sih ama omongannya gus,2024-12-23 15:08:22,positif
putrajefri,Instagram,hmm no comment deh,2024-12-23 15:50:03,netral
kania67,Instagram,gw setuju sih ama omongannya gus,2024-12-23 15:40:05,positif
saputraluhung,Instagram,jujurly lucu banget sih ini 😭,2024-12-23 15:27:08,positif
prasetyo96,Instagram,ni gus emg ada aja kelakuannya 😂,2024-12-23 15:33:55,positif
pnajmudin,Instagram,gue liat ini ya udah lah ya,2024-12-23 15:43:23,netral
situmorangrosman,Instagram,waduh ini sih udah kelewat batas,2024-12-23 15:35:11,negatif
malik32,Instagram,ga sopan bgt ngomong gitu,2024-12-23 15:15:18,negatif
hutagalungnilam,Instagram,biasa aja sih,2024-12-23 15:29:22,netral
khutapea,Instagram,gw setuju sih ama omongannya gus,2024-12-23 15:49:39,positif
wibisonomulyanto,Instagram,"ceramahnya tetep dapet kok, relax aja guys",2024-12-23 15:02:00,positif
yfirmansyah,Instagram,ga sopan bgt ngomong gitu,2024-12-23 15:47:20,negatif
simbolondaru,Instagram,gue liat ini ya udah lah ya,2024-12-23 15:49:02,netral
opung80,Instagram,hmm no comment deh,2024-12-23 15:37:49,netral
samosiryuliana,Instagram,ga sopan bgt ngomong gitu,2024-12-23 15:43:57,negatif
prayogacawuk,Instagram,gw setuju sih ama omongannya gus,2024-12-23 15:33:01,positif
azaleaiswahyudi,Instagram,ga sopan bgt ngomong gitu,2024-12-23 15:17:40,negatif
endrapangestu,Instagram,ga tau mau bilang apa,2024-12-23 15:07:30,netral
ohandayani,Instagram,tergantung yg nonton juga sih,2024-12-23 15:43:33,netral
gentapratama,Instagram,"ceramahnya tetep dapet kok, relax aja guys",2024-12-23 15:03:49,positif
hani49,Instagram,hmm no comment deh,2024-12-23 15:08:35,netral
khutagalung,Instagram,tergantung yg nonton juga sih,2024-12-23 15:55:54,netral
viktormegantara,Instagram,biasa aja sih,2024-12-23 15:07:25,netral
bancar47,Instagram,"ceramahnya tetep dapet kok, relax aja guys",2024-12-23 15:30:19,positif
purwantihana,Instagram,waduh ini sih udah kelewat batas,2024-12-23 15:52:17,negatif
eman52,Instagram,tergantung yg nonton juga sih,2024-12-23 15:54:23,netral
vnashiruddin,Instagram,ni gus emg ada aja kelakuannya 😂,2024-12-23 15:28:11,positif
haryantigenta,Instagram,biasa aja sih,2024-12-23 15:57:38,netral
sudiatisabrina,Instagram,hmm no comment deh,2024-12-23 15:15:20,netral
darijan32,Instagram,ni gus emg ada aja kelakuannya 😂,2024-12-23 15:52:45,positif
habibimulyono,Instagram,biasa aja sih,2024-12-23 15:42:46,netral
novitasarioni,Instagram,"ceramahnya tetep dapet kok, relax aja guys",2024-12-23 15:15:57,positif
latuponozelaya,Instagram,ga sopan bgt ngomong gitu,2024-12-23 15:30:55,negatif
maya01,Instagram,ga sopan bgt ngomong gitu,2024-12-23 15:26:51,negatif
putrazamira,Instagram,ni gus emg ada aja kelakuannya 😂,2024-12-23 15:16:55,positif
dongoranhumaira,Instagram,gus miftah harus minta maaf sih ini,2024-12-23 15:32:32,negatif
glazuardi,Instagram,jujurly lucu banget sih ini 😭,2024-12-23 15:01:53,positif
gilda01,Instagram,tergantung yg nonton juga sih,2024-12-23 16:00:00,netral
xusada,Instagram,"bener juga sih, kadang netizen terlalu baper",2024-12-23 15:46:44,positif
haryantifarah,Instagram,biar agak keras tapi niatnya baik kok,2024-12-23 15:37:29,positif
galionopurnawati,Instagram,ga tau mau bilang apa,2024-12-23 15:10:25,netral
wardayawaluyo,Instagram,gus miftah harus minta maaf sih ini,2024-12-23 15:24:11,negatif
vnovitasari,Instagram,ga tau mau bilang apa,2024-12-23 15:24:15,netral
aswani53,Instagram,biar agak keras tapi niatnya baik kok,2024-12-23 15:13:13,positif
lwidodo,Instagram,biar agak keras tapi niatnya baik kok,2024-12-23 15:05:49,positif
prayogakasusra,Instagram,masih netral aja sih gw liatnya,2024-12-23 15:45:45,netral
hartakahartati,Instagram,"bener juga sih, kadang netizen terlalu baper",2024-12-23 15:17:20,positif
kuswandariarta,Instagram,tergantung yg nonton juga sih,2024-12-23 15:44:39,netral
kuncaramaulana,Instagram,gue liat ini ya udah lah ya,2024-12-23 15:28:22,netral
daruyulianti,Instagram,ga sopan bgt ngomong gitu,2024-12-23 15:55:03,negatif
habibiraden,Instagram,hmm no comment deh,2024-12-23 15:16:55,netral
tamiyolanda,Instagram,biasa aja sih,2024-12-23 15:21:25,netral
rtarihoran,Instagram,gw setuju sih ama omongannya gus,2024-12-23 15:06:17,positif
xgunawan,Instagram,gus miftah harus minta maaf sih ini,2024-12-23 15:26:20,negatif
uwibisono,Instagram,gus miftah harus minta maaf sih ini,2024-12-23 15:22:32,negatif
fitriani70,Instagram,biar agak keras tapi niatnya baik kok,2024-12-23 15:59:15,positif
mpudjiastuti,Instagram,gw setuju sih ama omongannya gus,2024-12-23 15:53:43,positif
saputrakenes,Instagram,gw setuju sih ama omongannya gus,2024-12-23 15:50:43,positif
tsitompul,Instagram,biar agak keras tapi niatnya baik kok,2024-12-23 15:45:25,positif
umarbun,Instagram,biar agak keras tapi niatnya baik kok,2024-12-23 15:09:55,positif
radityaadriansyah,Instagram,bisa2 jualan es teh jd insecure 😓,2024-12-23 15:17:32,negatif
tnainggolan,Instagram,ga sopan bgt ngomong gitu,2024-12-23 15:19:09,negatif
siregaribun,Instagram,ga tau mau bilang apa,2024-12-23 15:07:00,netral
nasyiahendah,Instagram,ceramah apaan malah ngehina,2024-12-23 15:26:26,negatif
uprakasa,Instagram,bisa2 jualan es teh jd insecure 😓,2024-12-23 15:11:37,negatif
sitompuldaru,Instagram,ga sopan bgt ngomong gitu,2024-12-23 15:01:10,negatif
hardiansyahgalak,Instagram,ni gus emg ada aja kelakuannya 😂,2024-12-23 15:16:30,positif
bakidin47,Instagram,gw setuju sih ama omongannya gus,2024-12-23 15:28:35,positif
uwaisputu,Instagram,waduh ini sih udah kelewat batas,2024-12-23 15:18:04,negatif
setiawanumaya,Instagram,hmm no comment deh,2024-12-23 15:14:04,netral
qpermata,Instagram,ga tau mau bilang apa,2024-12-23 15:13:50,netral
wahyunigaran,Instagram,"bener juga sih, kadang netizen terlalu baper",2024-12-23 15:06:29,positif
prabowoibrahim,Instagram,ga tau mau bilang apa,2024-12-23 15:23:15,netral
crahayu,Instagram,tergantung yg nonton juga sih,2024-12-23 15:36:52,netral
gildanapitupulu,Instagram,gw setuju sih ama omongannya gus,2024-12-23 15:17:34,positif
zeldawidodo,Instagram,jujurly lucu banget sih ini 😭,2024-12-23 15:29:37,positif
laila36,Instagram,ni gus emg ada aja kelakuannya 😂,2024-12-23 15:05:01,positif
bmaheswara,Instagram,tergantung yg nonton juga sih,2024-12-23 15:43:34,netral
hani81,Instagram,gw setuju sih ama omongannya gus,2024-12-23 15:40:43,positif
zmaryati,Instagram,ga tau mau bilang apa,2024-12-23 15:01:18,netral
edi36,Instagram,tergantung yg nonton juga sih,2024-12-23 15:27:02,netral
handayaniopan,Instagram,gus miftah harus minta maaf sih ini,2024-12-23 15:02:15,negatif
ranggraini,Instagram,biar agak keras tapi niatnya baik kok,2024-12-23 15:36:31,positif
rezamandasari,Instagram,tergantung yg nonton juga sih,2024-12-23 15:59:26,netral
hasta34,Instagram,biasa aja sih,2024-12-23 15:21:20,netral
balamantrisamosir,Instagram,waduh ini sih udah kelewat batas,2024-12-23 15:36:56,negatif
cahyadiwijaya,Instagram,"ceramahnya tetep dapet kok, relax aja guys",2024-12-23 15:34:01,positif
zulfahartati,Instagram,hmm no comment deh,2024-12-23 15:22:21,netral
halimahcalista,Instagram,tergantung yg nonton juga sih,2024-12-23 15:33:41,netral
widiastutidacin,Instagram,jujurly lucu banget sih ini 😭,2024-12-23 15:00:38,positif
bakiman00,Instagram,bisa2 jualan es teh jd insecure 😓,2024-12-23 15:53:39,negatif
prasetya26,Instagram,biar agak keras tapi niatnya baik kok,2024-12-23 15:25:08,positif
candrakantahardiansyah,Instagram,gus miftah harus minta maaf sih ini,2024-12-23 15:46:02,negatif
banawi36,Instagram,tergantung yg nonton juga sih,2024-12-23 15:31:35,netral
emanmarpaung,Instagram,gue liat ini ya udah lah ya,2024-12-23 15:20:01,netral
jail75,Instagram,biar agak keras tapi niatnya baik kok,2024-12-23 15:32:04,positif
bahuwarnazulaika,Instagram,"ga lucu, malah nyakitin hati yg jualan",2024-12-23 15:29:19,negatif
salimahprasetya,Instagram,gus miftah harus minta maaf sih ini,2024-12-23 15:29:59,negatif
faridajono,Instagram,ga tau mau bilang apa,2024-12-23 15:39:36,netral
aslijanwidodo,Instagram,bisa2 jualan es teh jd insecure 😓,2024-12-23 15:57:14,negatif
sinagataufan,Instagram,jujurly lucu banget sih ini 😭,2024-12-23 15:08:05,positif
vegariyanti,Instagram,ga sopan bgt ngomong gitu,2024-12-23 15:03:15,negatif
usamahmaryanto,Instagram,ceramah apaan malah ngehina,2024-12-23 15:55:46,negatif
nsusanti,Instagram,waduh ini sih udah kelewat batas,2024-12-23 15:59:24,negatif
permatapranawa,Instagram,tergantung yg nonton juga sih,2024-12-23 15:10:02,netral
prasetyaluwar,Instagram,waduh ini sih udah kelewat batas,2024-12-23 15:49:21,negatif
estiawanmelani,Instagram,"ga lucu, malah nyakitin hati yg jualan",2024-12-23 15:58:00,negatif
hafshahnasyidah,Instagram,"ga lucu, malah nyakitin hati yg jualan",2024-12-23 15:43:52,negatif
saadat31,Instagram,"ga lucu, malah nyakitin hati yg jualan",2024-12-23 15:14:09,negatif
pangestu16,Instagram,biar agak keras tapi niatnya baik kok,2024-12-23 15:58:52,positif
jamalia32,Instagram,gw setuju sih ama omongannya gus,2024-12-23 15:13:44,positif
kuswoyopandu,Instagram,"ceramahnya tetep dapet kok, relax aja guys",2024-12-23 15:56:47,positif
rafimaryati,Instagram,masih netral aja sih gw liatnya,2024-12-23 15:38:20,netral
santosoprima,Instagram,masih netral aja sih gw liatnya,2024-12-23 15:56:07,netral
olga39,Instagram,waduh ini sih udah kelewat batas,2024-12-23 15:00:34,negatif
oliviawasita,Instagram,bisa2 jualan es teh jd insecure 😓,2024-12-23 15:12:16,negatif
suryonoprabu,Instagram,bisa2 jualan es teh jd insecure 😓,2024-12-23 15:11:00,negatif
kamalusada,Instagram,masih netral aja sih gw liatnya,2024-12-23 15:40:30,netral
budimancici,Instagram,gw setuju sih ama omongannya gus,2024-12-23 15:35:24,positif
andrianiluis,Instagram,waduh ini sih udah kelewat batas,2024-12-23 15:13:32,negatif
jarwi26,Instagram,masih netral aja sih gw liatnya,2024-12-23 15:35:29,netral
dprayoga,Instagram,ga tau mau bilang apa,2024-12-23 15:59:59,netral
ciaobellasihotang,Instagram,ceramah apaan malah ngehina,2024-12-23 15:06:20,negatif
xzulaika,Instagram,ni gus emg ada aja kelakuannya 😂,2024-12-23 15:17:29,positif
pangestuhani,Instagram,ceramah apaan malah ngehina,2024-12-23 15:33:38,negatif
sihombinglintang,Instagram,gue liat ini ya udah lah ya,2024-12-23 15:20:49,netral
labuh54,Instagram,ga tau mau bilang apa,2024-12-23 15:11:52,netral
rwaskita,Instagram,ga sopan bgt ngomong gitu,2024-12-23 15:37:17,negatif
joko75,Instagram,ga tau mau bilang apa,2024-12-23 15:48:45,netral
cahyanto50,Instagram,biasa aja sih,2024-12-23 15:40:16,netral
jdabukke,Instagram,jujurly lucu banget sih ini 😭,2024-12-23 15:15:23,positif
ianmaulana,Instagram,gus miftah harus minta maaf sih ini,2024-12-23 15:04:49,negatif
cawisadilaksmiwati,Instagram,ga sopan bgt ngomong gitu,2024-12-23 15:16:43,negatif
lutfansimbolon,Instagram,biasa aja sih,2024-12-23 15:52:51,netral
eluhnuraini,Instagram,hmm no comment deh,2024-12-23 15:22:27,netral
caket30,Instagram,gue liat ini ya udah lah ya,2024-12-23 15:55:22,netral
utamikacung,Instagram,gue liat ini ya udah lah ya,2024-12-23 15:55:52,netral
dmardhiyah,Instagram,gus miftah harus minta maaf sih ini,2024-12-23 15:40:06,negatif
nasim97,Instagram,masih netral aja sih gw liatnya,2024-12-23 15:00:04,netral
prabowowinarno,Instagram,ceramah apaan malah ngehina,2024-12-23 15:17:22,negatif
indahjailani,Instagram,"ga lucu, malah nyakitin hati yg jualan",2024-12-23 15:22:42,negatif
hardana91,Instagram,gus miftah harus minta maaf sih ini,2024-12-23 15:26:01,negatif
irfanhutagalung,Instagram,ni gus emg ada aja kelakuannya 😂,2024-12-23 15:25:00,positif
slametmaryadi,Instagram,ga tau mau bilang apa,2024-12-23 15:35:10,netral
awaluyo,Instagram,ni gus emg ada aja kelakuannya 😂,2024-12-23 15:17:16,positif
twidiastuti,Instagram,masih netral aja sih gw liatnya,2024-12-23 15:55:49,netral
puspasariasmianto,Instagram,ga tau mau bilang apa,2024-12-23 15:03:49,netral
lyolanda,Instagram,"ceramahnya tetep dapet kok, relax aja guys",2024-12-23 15:15:03,positif
marpaungjarwadi,Instagram,ga tau mau bilang apa,2024-12-23 15:39:10,netral
lnashiruddin,Instagram,gus miftah harus minta maaf sih ini,2024-12-23 15:05:08,negatif
swastuti,Instagram,"ceramahnya tetep dapet kok, relax aja guys",2024-12-23 15:24:05,positif
pratiwigarda,Instagram,ga tau mau bilang apa,2024-12-23 15:44:26,netral
hassanahwarsita,Instagram,ga sopan bgt ngomong gitu,2024-12-23 15:40:32,negatif
saka55,Instagram,ceramah apaan malah ngehina,2024-12-23 15:37:38,negatif
prabumaryati,Instagram,bisa2 jualan es teh jd insecure 😓,2024-12-23 15:21:44,negatif
gamani96,Instagram,masih netral aja sih gw liatnya,2024-12-23 15:57:08,netral
tsaefullah,Instagram,biasa aja sih,2024-12-23 15:52:16,netral
keishamulyani,Instagram,jujurly lucu banget sih ini 😭,2024-12-23 15:07:03,positif
piswahyudi,Instagram,tergantung yg nonton juga sih,2024-12-23 15:37:29,netral
wirda83,Instagram,ceramah apaan malah ngehina,2024-12-23 15:02:33,negatif
rajasafitria,Instagram,gus miftah harus minta maaf sih ini,2024-12-23 15:50:08,negatif
dprabowo,Instagram,ga tau mau bilang apa,2024-12-23 15:28:12,netral
pprasetya,Instagram,gw setuju sih ama omongannya gus,2024-12-23 15:33:18,positif
jessica38,Instagram,bisa2 jualan es teh jd insecure 😓,2024-12-23 15:15:02,negatif
gamblangkusmawati,Instagram,gue liat ini ya udah lah ya,2024-12-23 15:16:45,netral
titihartati,Instagram,hmm no comment deh,2024-12-23 15:25:13,netral
sabrina11,Instagram,biar agak keras tapi niatnya baik kok,2024-12-23 15:29:50,positif
limar34,Instagram,"ceramahnya tetep dapet kok, relax aja guys",2024-12-23 15:16:54,positif
ajimatrahimah,Instagram,ga tau mau bilang apa,2024-12-23 15:30:46,netral
ardiantonasim,Instagram,"bener juga sih, kadang netizen terlalu baper",2024-12-23 15:09:00,positif
lfirgantoro,Instagram,jujurly lucu banget sih ini 😭,2024-12-23 15:02:44,positif
lutfan21,Instagram,gw setuju sih ama omongannya gus,2024-12-23 15:00:51,positif
anovitasari,Instagram,waduh ini sih udah kelewat batas,2024-12-23 15:53:20,negatif
saka85,Instagram,ceramah apaan malah ngehina,2024-12-23 15:33:18,negatif
rinawasita,Instagram,"ceramahnya tetep dapet kok, relax aja guys",2024-12-23 15:47:12,positif
fitriani04,Instagram,waduh ini sih udah kelewat batas,2024-12-23 15:42:45,negatif
dipafarida,Instagram,gw setuju sih ama omongannya gus,2024-12-23 15:57:04,positif
yprasasta,Instagram,jujurly lucu banget sih ini 😭,2024-12-23 15:21:00,positif
purwantiomar,Instagram,tergantung yg nonton juga sih,2024-12-23 15:41:18,netral
zmandala,Instagram,"ga lucu, malah nyakitin hati yg jualan",2024-12-23 15:46:40,negatif
patricia34,Instagram,gue liat ini ya udah lah ya,2024-12-23 15:44:47,netral
cemeti64,Instagram,tergantung yg nonton juga sih,2024-12-23 15:09:29,netral
susantianita,Instagram,gue liat ini ya udah lah ya,2024-12-23 15:45:55,netral
pudjiastutigilang,Instagram,ni gus emg ada aja kelakuannya 😂,2024-12-23 15:36:08,positif
mulyanimaryadi,Instagram,tergantung yg nonton juga sih,2024-12-23 15:25:06,netral
nabila58,Instagram,ni gus emg ada aja kelakuannya 😂,2024-12-23 15:19:14,positif
ajiman98,Instagram,biar agak keras tapi niatnya baik kok,2024-12-23 15:15:21,positif
prabu83,Instagram,waduh ini sih udah kelewat batas,2024-12-23 15:30:49,negatif
mhakim,Instagram,jujurly lucu banget sih ini 😭,2024-12-23 15:25:14,positif
banawiwinarsih,Instagram,waduh ini sih udah kelewat batas,2024-12-23 15:47:51,negatif
jprabowo,Instagram,jujurly lucu banget sih ini 😭,2024-12-23 15:07:34,positif
hastutikaren,Instagram,jujurly lucu banget sih ini 😭,2024-12-23 15:33:30,positif
pratiwiajiman,Instagram,hmm no comment deh,2024-12-23 15:11:37,netral
darmana87,Instagram,"ga lucu, malah nyakitin hati yg jualan",2024-12-23 15:24:34,negatif
mumpuninovitasari,Instagram,"ceramahnya tetep dapet kok, relax aja guys",2024-12-23 15:55:53,positif
zulkarnainedi,Instagram,"bener juga sih, kadang netizen terlalu baper",2024-12-23 15:05:03,positif
gabriellasuwarno,Instagram,waduh ini sih udah kelewat batas,2024-12-23 15:29:47,negatif
wijayapraba,Instagram,ga sopan bgt ngomong gitu,2024-12-23 15:57:48,negatif
unjanigunarto,Instagram,ceramah apaan malah ngehina,2024-12-23 15:27:39,negatif
madriansyah,Instagram,"ceramahnya tetep dapet kok, relax aja guys",2024-12-23 15:58:46,positif
pertiwinrima,Instagram,biar agak keras tapi niatnya baik kok,2024-12-23 15:01:43,positif
yusufprakasa,Instagram,ceramah apaan malah ngehina,2024-12-23 15:04:28,negatif
mhastuti,Instagram,ceramah apaan malah ngehina,2024-12-23 15:16:02,negatif
esusanti,Instagram,masih netral aja sih gw liatnya,2024-12-23 15:21:38,netral
suryatmicakrabirawa,Instagram,gw setuju sih ama omongannya gus,2024-12-23 15:37:52,positif
pdongoran,Instagram,gw setuju sih ama omongannya gus,2024-12-23 15:35:37,positif
setyafarida,Instagram,ceramah apaan malah ngehina,2024-12-23 15:21:16,negatif
danangsusanti,Instagram,biasa aja sih,2024-12-23 15:38:05,netral
fitriani45,Instagram,biar agak keras tapi niatnya baik kok,2024-12-23 15:33:10,positif
palastriviman,Instagram,"ceramahnya tetep dapet kok, relax aja guys",2024-12-23 15:06:18,positif
gfirmansyah,Instagram,masih netral aja sih gw liatnya,2024-12-23 15:16:07,netral
siti30,Instagram,ni gus emg ada aja kelakuannya 😂,2024-12-23 15:18:40,positif
utamakenzie,Instagram,biar agak keras tapi niatnya baik kok,2024-12-23 15:18:23,positif
narpatiika,Instagram,gue liat ini ya udah lah ya,2024-12-23 15:48:21,netral
eka74,Instagram,bisa2 jualan es teh jd insecure 😓,2024-12-23 15:57:07,negatif
tsitorus,Instagram,biar agak keras tapi niatnya baik kok,2024-12-23 15:19:24,positif
bmaryati,Instagram,"bener juga sih, kadang netizen terlalu baper",2024-12-23 15:31:44,positif
raden56,Instagram,ga sopan bgt ngomong gitu,2024-12-23 15:02:47,negatif
mhutagalung,Instagram,"ga lucu, malah nyakitin hati yg jualan",2024-12-23 15:53:53,negatif
fmustofa,Instagram,biasa aja sih,2024-12-23 15:29:17,netral
xanggraini,Instagram,gw setuju sih ama omongannya gus,2024-12-23 15:11:29,positif
suryatmimalik,Instagram,gue liat ini ya udah lah ya,2024-12-23 15:21:03,netral
aurora47,Instagram,"ceramahnya tetep dapet kok, relax aja guys",2024-12-23 15:47:37,positif
yuniarciaobella,Instagram,gus miftah harus minta maaf sih ini,2024-12-23 15:01:12,negatif
putri61,Instagram,waduh ini sih udah kelewat batas,2024-12-23 15:38:21,negatif
wijayawarsita,Instagram,bisa2 jualan es teh jd insecure 😓,2024-12-23 15:38:44,negatif
latiffirmansyah,Instagram,biasa aja sih,2024-12-23 15:18:27,netral
ganjaran13,Instagram,masih netral aja sih gw liatnya,2024-12-23 15:26:27,netral
ismailrahmawati,Instagram,gw setuju sih ama omongannya gus,2024-12-23 15:54:36,positif
jyulianti,Instagram,waduh ini sih udah kelewat batas,2024-12-23 15:24:57,negatif
wartauwais,Instagram,ga tau mau bilang apa,2024-12-23 15:28:38,netral
yuliantiirwan,Instagram,"bener juga sih, kadang netizen terlalu baper",2024-12-23 15:45:39,positif
gsuartini,Instagram,biasa aja sih,2024-12-23 15:30:09,netral
samsul87,Instagram,ceramah apaan malah ngehina,2024-12-23 15:47:06,negatif
jaya40,Instagram,ga sopan bgt ngomong gitu,2024-12-23 15:59:25,negatif
shakila54,Instagram,ga tau mau bilang apa,2024-12-23 15:18:04,netral
purwantiagnes,Instagram,"bener juga sih, kadang netizen terlalu baper",2024-12-23 15:25:12,positif
marbuneluh,Instagram,tergantung yg nonton juga sih,2024-12-23 15:36:56,netral
natsirmartani,Instagram,ni gus emg ada aja kelakuannya 😂,2024-12-23 15:31:01,positif
kajenfirmansyah,Instagram,ga tau mau bilang apa,2024-12-23 15:41:37,netral
napitupulujagaraga,Instagram,biasa aja sih,2024-12-23 15:14:10,netral
candrakanta56,Instagram,ga sopan bgt ngomong gitu,2024-12-23 15:18:41,negatif
bahuraksa00,Instagram,masih netral aja sih gw liatnya,2024-12-23 15:24:46,netral
elon93,Instagram,waduh ini sih udah kelewat batas,2024-12-23 15:54:49,negatif
mustika70,Instagram,"bener juga sih, kadang netizen terlalu baper",2024-12-23 15:59:58,positif
zpratiwi,Instagram,bisa2 jualan es teh jd insecure 😓,2024-12-23 15:17:28,negatif
tmaryadi,Instagram,hmm no comment deh,2024-12-23 15:32:10,netral
nashiruddinmakuta,Instagram,ni gus emg ada aja kelakuannya 😂,2024-12-23 15:37:08,positif
ami09,Instagram,biasa aja sih,2024-12-23 15:16:25,netral
wmanullang,Instagram,ga tau mau bilang apa,2024-12-23 15:31:02,netral
natsirdina,Instagram,gue liat ini ya udah lah ya,2024-12-23 15:59:22,netral
elma60,Instagram,ga tau mau bilang apa,2024-12-23 15:27:58,netral
permatagaluh,Instagram,"ga lucu, malah nyakitin hati yg jualan",2024-12-23 15:11:25,negatif
balamantrimaryati,Instagram,waduh ini sih udah kelewat batas,2024-12-23 15:15:50,negatif
nurdiyantiivan,Instagram,jujurly lucu banget sih ini 😭,2024-12-23 15:52:03,positif
widodocaket,Instagram,waduh ini sih udah kelewat batas,2024-12-23 15:40:06,negatif
iyulianti,Instagram,waduh ini sih udah kelewat batas,2024-12-23 15:34:43,negatif
usimanjuntak,Instagram,ga tau mau bilang apa,2024-12-23 15:06:41,netral
artantomegantara,Instagram,gue liat ini ya udah lah ya,2024-12-23 15:31:08,netral
firmansyahelon,Instagram,ni gus emg ada aja kelakuannya 😂,2024-12-23 15:06:20,positif
nasyiahokta,Instagram,gus miftah harus minta maaf sih ini,2024-12-23 15:03:11,negatif
lazuardijaya,Instagram,gus miftah harus minta maaf sih ini,2024-12-23 15:00:33,negatif
mansurbudi,Instagram,biasa aja sih,2024-12-23 15:36:30,netral
firmansyahbambang,Instagram,"ceramahnya tetep dapet kok, relax aja guys",2024-12-23 15:41:06,positif
wulandariuda,Instagram,ni gus emg ada aja kelakuannya 😂,2024-12-23 15:45:49,positif
cahyogunarto,Instagram,gus miftah harus minta maaf sih ini,2024-12-23 15:25:31,negatif
najmudinnugraha,Instagram,biar agak keras tapi niatnya baik kok,2024-12-23 15:58:25,positif
banarafirgantoro,Instagram,gue liat ini ya udah lah ya,2024-12-23 15:46:38,netral
vera65,Instagram,"ga lucu, malah nyakitin hati yg jualan",2024-12-23 15:29:32,negatif
nababanbaktiono,Instagram,gw setuju sih ama omongannya gus,2024-12-23 15:11:14,positif
ismail53,Instagram,ga sopan bgt ngomong gitu,2024-12-23 15:32:00,negatif
lailasaridaniswara,Instagram,hmm no comment deh,2024-12-23 15:03:36,netral
osimanjuntak,Instagram,tergantung yg nonton juga sih,2024-12-23 15:56:47,netral
purwantibakiono,Instagram,ga sopan bgt ngomong gitu,2024-12-23 15:10:34,negatif
embuhsihombing,Instagram,ga sopan bgt ngomong gitu,2024-12-23 15:22:48,negatif
harsanasitompul,Instagram,jujurly lucu banget sih ini 😭,2024-12-23 15:28:37,positif
anggrainiana,Instagram,ni gus emg ada aja kelakuannya 😂,2024-12-23 15:03:51,positif
slametmaryati,Instagram,ceramah apaan malah ngehina,2024-12-23 15:42:39,negatif
hakimmila,Instagram,jujurly lucu banget sih ini 😭,2024-12-23 15:43:01,positif
jutami,Instagram,jujurly lucu banget sih ini 😭,2024-12-23 15:24:08,positif
nalar56,Instagram,jujurly lucu banget sih ini 😭,2024-12-23 15:03:47,positif
kawaya35,Instagram,ga sopan bgt ngomong gitu,2024-12-23 15:12:06,negatif
kacungkusmawati,Instagram,"ceramahnya tetep dapet kok, relax aja guys",2024-12-23 15:28:06,positif
ulyapalastri,Instagram,gue liat ini ya udah lah ya,2024-12-23 15:20:44,netral
zulaikalabuh,Instagram,ga sopan bgt ngomong gitu,2024-12-23 15:52:36,negatif
rachel47,Instagram,hmm no comment deh,2024-12-23 15:47:18,netral
dsimanjuntak,Instagram,gue liat ini ya udah lah ya,2024-12-23 15:36:36,netral
panjilaksita,Instagram,hmm no comment deh,2024-12-23 15:05:19,netral
anastasia87,Instagram,ga sopan bgt ngomong gitu,2024-12-23 15:53:19,negatif
tambarafi,Instagram,"bener juga sih, kadang netizen terlalu baper",2024-12-23 15:43:19,positif
kamariamardhiyah,Instagram,ga sopan bgt ngomong gitu,2024-12-23 15:29:47,negatif
pratiwiikhsan,Instagram,biar agak keras tapi niatnya baik kok,2024-12-23 15:38:33,positif
padmasaricemeti,Instagram,gw setuju sih ama omongannya gus,2024-12-23 15:06:51,positif
bmahendra,Instagram,hmm no comment deh,2024-12-23 15:32:13,netral
muhammad99,Instagram,masih netral aja sih gw liatnya,2024-12-23 15:17:59,netral
balapatiyolanda,Instagram,"ceramahnya tetep dapet kok, relax aja guys",2024-12-23 15:08:59,positif
hlestari,Instagram,waduh ini sih udah kelewat batas,2024-12-23 15:51:19,negatif
zuyainah,Instagram,hmm no comment deh,2024-12-23 15:08:17,netral
andrianipranata,Instagram,"ga lucu, malah nyakitin hati yg jualan",2024-12-23 15:19:33,negatif
ewahyuni,Instagram,bisa2 jualan es teh jd insecure 😓,2024-12-23 15:10:05,negatif
wacanagalar,Instagram,"ga lucu, malah nyakitin hati yg jualan",2024-12-23 15:23:22,negatif
anastasia73,Instagram,tergantung yg nonton juga sih,2024-12-23 15:30:01,netral
cakrawangsanasyidah,Instagram,jujurly lucu banget sih ini 😭,2024-12-23 15:42:05,positif
emas19,Instagram,ceramah apaan malah ngehina,2024-12-23 15:58:14,negatif
luwardamanik,Instagram,gue liat ini ya udah lah ya,2024-12-23 15:45:47,netral
yoga35,Instagram,gue liat ini ya udah lah ya,2024-12-23 15:15:29,netral
paimanrajasa,Instagram,waduh ini sih udah kelewat batas,2024-12-23 15:53:34,negatif
okta41,Instagram,biar agak keras tapi niatnya baik kok,2024-12-23 15:41:00,positif
kasiyahpangestu,Instagram,"ga lucu, malah nyakitin hati yg jualan",2024-12-23 15:21:02,negatif
tasnimnasyidah,Instagram,ni gus emg ada aja kelakuannya 😂,2024-12-23 15:49:25,positif
asirwandasusanti,Instagram,biasa aja sih,2024-12-23 15:05:09,netral
elisa58,Instagram,gus miftah harus minta maaf sih ini,2024-12-23 15:11:47,negatif
maras05,Instagram,gw setuju sih ama omongannya gus,2024-12-23 15:53:33,positif
hastutiulva,Instagram,ga tau mau bilang apa,2024-12-23 15:46:46,netral
wakimanwasita,Instagram,tergantung yg nonton juga sih,2024-12-23 15:51:07,netral
dalionouwais,Instagram,waduh ini sih udah kelewat batas,2024-12-23 15:17:04,negatif
kambali10,Instagram,gw setuju sih ama omongannya gus,2024-12-23 15:25:57,positif
ratih33,Instagram,jujurly lucu banget sih ini 😭,2024-12-23 15:37:07,positif
sihombingviolet,Instagram,masih netral aja sih gw liatnya,2024-12-23 15:22:02,netral
mayasaribakti,Instagram,ga tau mau bilang apa,2024-12-23 15:08:44,netral
lailasarizelaya,Instagram,biar agak keras tapi niatnya baik kok,2024-12-23 15:27:01,positif
almirafujiati,Instagram,waduh ini sih udah kelewat batas,2024-12-23 15:40:48,negatif
luluhsetiawan,Instagram,ni gus emg ada aja kelakuannya 😂,2024-12-23 15:37:24,positif
dabukkeeman,Instagram,"ceramahnya tetep dapet kok, relax aja guys",2024-12-23 15:05:30,positif
cahyo70,Instagram,gue liat ini ya udah lah ya,2024-12-23 15:07:50,netral
dimas92,Instagram,ga tau mau bilang apa,2024-12-23 15:10:44,netral
xardianto,Instagram,jujurly lucu banget sih ini 😭,2024-12-23 15:46:53,positif
ymegantara,Instagram,ceramah apaan malah ngehina,2024-12-23 15:24:47,negatif
restu80,Instagram,waduh ini sih udah kelewat batas,2024-12-23 15:29:08,negatif
azalea22,Instagram,gus miftah harus minta maaf sih ini,2024-12-23 15:45:11,negatif
haryantositi,Instagram,ni gus emg ada aja kelakuannya 😂,2024-12-23 15:59:47,positif
balamantri36,Instagram,hmm no comment deh,2024-12-23 15:19:28,netral
wwibowo,Instagram,ga sopan bgt ngomong gitu,2024-12-23 15:28:25,negatif
mlaksmiwati,Instagram,gw setuju sih ama omongannya gus,2024-12-23 15:02:14,positif
qwahyudin,Instagram,ga tau mau bilang apa,2024-12-23 15:11:07,netral
nugrohoemil,Instagram,ga sopan bgt ngomong gitu,2024-12-23 15:01:09,negatif
jayadi84,Instagram,biasa aja sih,2024-12-23 15:58:41,netral
kwidiastuti,Instagram,ni gus emg ada aja kelakuannya 😂,2024-12-23 15:05:42,positif
hassanahpuput,Instagram,"ga lucu, malah nyakitin hati yg jualan",2024-12-23 15:33:12,negatif
simon81,Instagram,hmm no comment deh,2024-12-23 15:52:44,netral
winarsihdarsirah,Instagram,gw setuju sih ama omongannya gus,2024-12-23 15:21:26,positif
lukman75,Instagram,ceramah apaan malah ngehina,2024-12-23 15:52:23,negatif
cmarpaung,Instagram,"bener juga sih, kadang netizen terlalu baper",2024-12-23 15:53:36,positif
warsa73,Instagram,tergantung yg nonton juga sih,2024-12-23 15:10:02,netral
jindra99,Instagram,"bener juga sih, kadang netizen terlalu baper",2024-12-23 15:41:52,positif
suryonoteguh,Instagram,masih netral aja sih gw liatnya,2024-12-23 15:22:00,netral
kasiyah75,Instagram,hmm no comment deh,2024-12-23 15:04:22,netral
titinsuryatmi,Instagram,masih netral aja sih gw liatnya,2024-12-23 15:10:27,netral
alambana23,Instagram,ni gus emg ada aja kelakuannya 😂,2024-12-23 15:16:50,positif
rwinarsih,Instagram,bisa2 jualan es teh jd insecure 😓,2024-12-23 15:41:00,negatif
nurdiyanticengkal,Instagram,tergantung yg nonton juga sih,2024-12-23 15:34:52,netral
taufik98,Instagram,gw setuju sih ama omongannya gus,2024-12-23 15:38:51,positif
atmaja06,Instagram,ceramah apaan malah ngehina,2024-12-23 15:36:40,negatif
hwidodo,Instagram,bisa2 jualan es teh jd insecure 😓,2024-12-23 15:17:24,negatif
haryanticagak,Instagram,gus miftah harus minta maaf sih ini,2024-12-23 15:27:08,negatif
wibisonolabuh,Instagram,hmm no comment deh,2024-12-23 15:38:13,netral
widya10,Instagram,biasa aja sih,2024-12-23 15:19:18,netral
cindy49,Instagram,gus miftah harus minta maaf sih ini,2024-12-23 15:46:04,negatif
dian00,Instagram,ga tau mau bilang apa,2024-12-23 15:38:37,netral
sihotangdalimin,Instagram,masih netral aja sih gw liatnya,2024-12-23 15:22:51,netral
kurnia85,Instagram,gw setuju sih ama omongannya gus,2024-12-23 15:58:50,positif
xmandala,Instagram,ga sopan bgt ngomong gitu,2024-12-23 15:26:52,negatif
tampubolonjarwi,Instagram,"bener juga sih, kadang netizen terlalu baper",2024-12-23 15:59:43,positif
kawayaandriani,Instagram,"bener juga sih, kadang netizen terlalu baper",2024-12-23 15:15:08,positif
violetfirgantoro,Instagram,ni gus emg ada aja kelakuannya 😂,2024-12-23 15:22:19,positif
manullangtari,Instagram,"bener juga sih, kadang netizen terlalu baper",2024-12-23 15:21:53,positif
milasimbolon,Instagram,biar agak keras tapi niatnya baik kok,2024-12-23 15:46:35,positif
brahimah,Instagram,waduh ini sih udah kelewat batas,2024-12-23 15:50:36,negatif
bahuwarnakuswandari,Instagram,biasa aja sih,2024-12-23 15:31:05,netral
sandriani,Instagram,biar agak keras tapi niatnya baik kok,2024-12-23 15:41:06,positif
saefullahheru,Instagram,"ceramahnya tetep dapet kok, relax aja guys",2024-12-23 15:20:40,positif
ilsadabukke,Instagram,"bener juga sih, kadang netizen terlalu baper",2024-12-23 15:02:56,positif
hadilailasari,Instagram,masih netral aja sih gw liatnya,2024-12-23 15:05:31,netral
jaeman60,Instagram,"bener juga sih, kadang netizen terlalu baper",2024-12-23 15:45:17,positif
rahayupurwanti,Instagram,gus miftah harus minta maaf sih ini,2024-12-23 15:06:12,negatif
kmaryati,Instagram,bisa2 jualan es teh jd insecure 😓,2024-12-23 15:12:13,negatif
radit72,Instagram,"ga lucu, malah nyakitin hati yg jualan",2024-12-23 15:08:28,negatif
tampubolonedi,Instagram,ga sopan bgt ngomong gitu,2024-12-23 15:22:26,negatif
sihotanggambira,Instagram,ga sopan bgt ngomong gitu,2024-12-23 15:42:20,negatif
asman61,Instagram,gw setuju sih ama omongannya gus,2024-12-23 15:52:33,positif
usmanhutagalung,Instagram,hmm no comment deh,2024-12-23 15:25:29,netral
riyantikalim,Instagram,jujurly lucu banget sih ini 😭,2024-12-23 15:16:40,positif
prayitnaagustina,Instagram,tergantung yg nonton juga sih,2024-12-23 15:47:14,netral
winda10,Instagram,masih netral aja sih gw liatnya,2024-12-23 15:52:43,netral
haryantidarsirah,Instagram,tergantung yg nonton juga sih,2024-12-23 15:08:47,netral
oktavianimakuta,Instagram,"ga lucu, malah nyakitin hati yg jualan",2024-12-23 15:27:32,negatif
mutiatamba,Instagram,gw setuju sih ama omongannya gus,2024-12-23 15:44:48,positif
upikwijayanti,Instagram,jujurly lucu banget sih ini 😭,2024-12-23 15:41:49,positif
virman78,Instagram,"ga lucu, malah nyakitin hati yg jualan",2024-12-23 15:32:00,negatif
nugrahapangestu,Instagram,"ga lucu, malah nyakitin hati yg jualan",2024-12-23 15:26:52,negatif
sabarramadan,Instagram,bisa2 jualan es teh jd insecure 😓,2024-12-23 15:12:09,negatif
damumaheswara,Instagram,hmm no comment deh,2024-12-23 15:05:30,netral
hsinaga,Instagram,hmm no comment deh,2024-12-23 15:16:54,netral
jamillestari,Instagram,"bener juga sih, kadang netizen terlalu baper",2024-12-23 15:12:57,positif
dpadmasari,Instagram,gue liat ini ya udah lah ya,2024-12-23 15:38:41,netral
ellajailani,Instagram,hmm no comment deh,2024-12-23 15:10:19,netral
gasti31,Instagram,gus miftah harus minta maaf sih ini,2024-12-23 15:16:35,negatif
anggabaya24,Instagram,ga tau mau bilang apa,2024-12-23 15:14:21,netral
rajasaqueen,Instagram,bisa2 jualan es teh jd insecure 😓,2024-12-23 15:15:57,negatif
hutasoitjayeng,Instagram,jujurly lucu banget sih ini 😭,2024-12-23 15:24:26,positif
malikmelani,Instagram,gus miftah harus minta maaf sih ini,2024-12-23 15:47:40,negatif
wlazuardi,Instagram,"ceramahnya tetep dapet kok, relax aja guys",2024-12-23 15:57:28,positif
prabawaardianto,Instagram,ga tau mau bilang apa,2024-12-23 15:44:26,netral
kiandra35,Instagram,jujurly lucu banget sih ini 😭,2024-12-23 15:21:47,positif
rosman57,Instagram,tergantung yg nonton juga sih,2024-12-23 15:58:09,netral
restu09,Instagram,ni gus emg ada aja kelakuannya 😂,2024-12-23 15:42:09,positif
kemba76,Instagram,ceramah apaan malah ngehina,2024-12-23 15:34:49,negatif
jessica19,Instagram,ga tau mau bilang apa,2024-12-23 15:20:54,netral
usmanfirgantoro,Instagram,biar agak keras tapi niatnya baik kok,2024-12-23 15:50:31,positif
jaimanhastuti,Instagram,"ga lucu, malah nyakitin hati yg jualan",2024-12-23 15:01:39,negatif
bnainggolan,Instagram,masih netral aja sih gw liatnya,2024-12-23 15:36:24,netral
santosodigdaya,Instagram,jujurly lucu banget sih ini 😭,2024-12-23 15:37:45,positif
pudjiastutialambana,Instagram,biar agak keras tapi niatnya baik kok,2024-12-23 15:22:53,positif
nilam81,Instagram,"ga lucu, malah nyakitin hati yg jualan",2024-12-23 15:31:44,negatif
hassanahkaren,Instagram,biar agak keras tapi niatnya baik kok,2024-12-23 15:35:30,positif
osiregar,Instagram,hmm no comment deh,2024-12-23 15:09:19,netral
handayaniindra,Instagram,gue liat ini ya udah lah ya,2024-12-23 15:11:33,netral
viktorhasanah,Instagram,tergantung yg nonton juga sih,2024-12-23 15:01:37,netral
cawisonokuswoyo,Instagram,gue liat ini ya udah lah ya,2024-12-23 15:16:13,netral
vinsenrajata,Instagram,"ga lucu, malah nyakitin hati yg jualan",2024-12-23 15:25:10,negatif
latika28,Instagram,ga sopan bgt ngomong gitu,2024-12-23 15:25:15,negatif
zulfa58,Instagram,bisa2 jualan es teh jd insecure 😓,2024-12-23 15:59:58,negatif
salahudincager,Instagram,jujurly lucu banget sih ini 😭,2024-12-23 15:15:30,positif
purwantopuspita,Instagram,gw setuju sih ama omongannya gus,2024-12-23 15:57:57,positif
lpermata,Instagram,hmm no comment deh,2024-12-23 15:17:52,netral
inatsir,Instagram,gus miftah harus minta maaf sih ini,2024-12-23 15:19:48,negatif
chalim,Instagram,gus miftah harus minta maaf sih ini,2024-12-23 15:48:42,negatif
hhassanah,Instagram,hmm no comment deh,2024-12-23 15:14:11,netral
harimurtimelani,Instagram,ga sopan bgt ngomong gitu,2024-12-23 15:36:28,negatif
raditya79,Instagram,gue liat ini ya udah lah ya,2024-12-23 15:28:48,netral
rwijaya,Instagram,"bener juga sih, kadang netizen terlalu baper",2024-12-23 15:59:59,positif
kartikahakim,Instagram,masih netral aja sih gw liatnya,2024-12-23 15:45:18,netral
hutapeaian,Instagram,jujurly lucu banget sih ini 😭,2024-12-23 15:19:08,positif
xusamah,Instagram,ga sopan bgt ngomong gitu,2024-12-23 15:55:07,negatif
zulkarnaindiah,Instagram,tergantung yg nonton juga sih,2024-12-23 15:32:34,netral
elisa59,Instagram,jujurly lucu banget sih ini 😭,2024-12-23 15:59:40,positif
ramadanjabal,Instagram,biasa aja sih,2024-12-23 15:56:59,netral
oskarmarpaung,Instagram,biasa aja sih,2024-12-23 15:24:13,netral
dimazmansur,Instagram,"ga lucu, malah nyakitin hati yg jualan",2024-12-23 15:41:19,negatif
santosokarya,Instagram,biar agak keras tapi niatnya baik kok,2024-12-23 15:52:19,positif
mamanrajasa,Instagram,masih netral aja sih gw liatnya,2024-12-23 15:46:44,netral
gunawanbahuraksa,Instagram,waduh ini sih udah kelewat batas,2024-12-23 15:59:37,negatif
anggrainimanah,Instagram,biasa aja sih,2024-12-23 15:18:26,netral
laswibudiman,Instagram,biasa aja sih,2024-12-23 15:08:26,netral
kairavutami,Instagram,biasa aja sih,2024-12-23 15:56:09,netral
fujiatikariman,Instagram,gue liat ini ya udah lah ya,2024-12-23 15:44:14,netral
larastamba,Instagram,hmm no comment deh,2024-12-23 15:19:40,netral
manahmegantara,Instagram,gue liat ini ya udah lah ya,2024-12-23 15:28:30,netral
palastriasmadi,Instagram,jujurly lucu banget sih ini 😭,2024-12-23 15:40:00,positif
balijan24,Instagram,ga sopan bgt ngomong gitu,2024-12-23 15:33:34,negatif
widiastutidaliman,Instagram,bisa2 jualan es teh jd insecure 😓,2024-12-23 15:37:59,negatif
napitupulupaiman,Instagram,biasa aja sih,2024-12-23 15:19:07,netral
kgunawan,Instagram,tergantung yg nonton juga sih,2024-12-23 15:51:09,netral
dono48,Instagram,biasa aja sih,2024-12-23 15:49:12,netral
shania07,Instagram,bisa2 jualan es teh jd insecure 😓,2024-12-23 15:33:48,negatif
usadacemplunk,Instagram,gue liat ini ya udah lah ya,2024-12-23 15:16:55,netral
hutagalungjohan,Instagram,"bener juga sih, kadang netizen terlalu baper",2024-12-23 15:01:31,positif
zulkarnainade,Instagram,tergantung yg nonton juga sih,2024-12-23 15:11:47,netral
gprakasa,Instagram,biasa aja sih,2024-12-23 15:31:28,netral
jefri53,Instagram,biasa aja sih,2024-12-23 15:42:56,netral
lestarigaduh,Instagram,gue liat ini ya udah lah ya,2024-12-23 15:20:52,netral
wastutibakianto,Instagram,ga tau mau bilang apa,2024-12-23 15:39:13,netral
adika82,Instagram,hmm no comment deh,2024-12-23 15:28:01,netral
indahpudjiastuti,Instagram,ga sopan bgt ngomong gitu,2024-12-23 15:33:13,negatif
amayasari,Instagram,biasa aja sih,2024-12-23 15:08:19,netral
timbulsaragih,Instagram,gw setuju sih ama omongannya gus,2024-12-23 15:14:45,positif
pandu96,Instagram,ga tau mau bilang apa,2024-12-23 15:39:03,netral
msihombing,Instagram,ni gus emg ada aja kelakuannya 😂,2024-12-23 15:27:15,positif
kfarida,Instagram,masih netral aja sih gw liatnya,2024-12-23 15:13:07,netral
ramadanopan,Instagram,tergantung yg nonton juga sih,2024-12-23 15:27:15,netral
candrasitompul,Instagram,bisa2 jualan es teh jd insecure 😓,2024-12-23 15:32:52,negatif
owijaya,Instagram,biasa aja sih,2024-12-23 15:25:00,netral
saefullahyosef,Instagram,ga tau mau bilang apa,2024-12-23 15:20:09,netral
nlailasari,Instagram,waduh ini sih udah kelewat batas,2024-12-23 15:24:49,negatif
uadriansyah,Instagram,"bener juga sih, kadang netizen terlalu baper",2024-12-23 15:22:30,positif
narpatimitra,Instagram,biar agak keras tapi niatnya baik kok,2024-12-23 15:08:41,positif
lanjarsitumorang,Instagram,ni gus emg ada aja kelakuannya 😂,2024-12-23 15:04:31,positif
onisalahudin,Instagram,"ceramahnya tetep dapet kok, relax aja guys",2024-12-23 15:49:13,positif
ajionodongoran,Instagram,"ceramahnya tetep dapet kok, relax aja guys",2024-12-23 15:18:40,positif
dianakuswandari,Instagram,biasa aja sih,2024-12-23 15:58:18,netral
wadi62,Instagram,"bener juga sih, kadang netizen terlalu baper",2024-12-23 15:38:34,positif
pratamabudi,Instagram,"ceramahnya tetep dapet kok, relax aja guys",2024-12-23 15:58:27,positif
faizah95,Instagram,biasa aja sih,2024-12-23 15:50:12,netral
suryatmifarah,Instagram,biar agak keras tapi niatnya baik kok,2024-12-23 15:19:24,positif
yunisantoso,Instagram,"bener juga sih, kadang netizen terlalu baper",2024-12-23 15:44:01,positif
zwibisono,Instagram,"ga lucu, malah nyakitin hati yg jualan",2024-12-23 15:27:36,negatif
gunawanilyas,Instagram,"bener juga sih, kadang netizen terlalu baper",2024-12-23 15:24:59,positif
phassanah,Instagram,ni gus emg ada aja kelakuannya 😂,2024-12-23 15:38:36,positif
karen27,Instagram,biar agak keras tapi niatnya baik kok,2024-12-23 15:11:13,positif
pudjiastutianom,Instagram,gue liat ini ya udah lah ya,2024-12-23 15:44:05,netral
bagus22,Instagram,tergantung yg nonton juga sih,2024-12-23 15:24:21,netral
lsalahudin,Instagram,tergantung yg nonton juga sih,2024-12-23 15:07:37,netral
darmanwulandari,Instagram,gus miftah harus minta maaf sih ini,2024-12-23 15:03:14,negatif
gandaprasetya,Instagram,hmm no comment deh,2024-12-23 15:11:28,netral
qmustofa,Instagram,ceramah apaan malah ngehina,2024-12-23 15:09:15,negatif
spalastri,Instagram,jujurly lucu banget sih ini 😭,2024-12-23 15:24:21,positif
johansamosir,Instagram,biar agak keras tapi niatnya baik kok,2024-12-23 15:53:04,positif
lulut72,Instagram,gue liat ini ya udah lah ya,2024-12-23 15:57:06,netral
luwarnababan,Instagram,biar agak keras tapi niatnya baik kok,2024-12-23 15:35:18,positif
harisihotang,Instagram,"ga lucu, malah nyakitin hati yg jualan",2024-12-23 15:29:20,negatif
alambana09,Instagram,biasa aja sih,2024-12-23 15:21:42,netral
cemeti57,Instagram,gw setuju sih ama omongannya gus,2024-12-23 15:30:40,positif
aniprabowo,Instagram,gus miftah harus minta maaf sih ini,2024-12-23 15:56:52,negatif
ohutagalung,Instagram,"ceramahnya tetep dapet kok, relax aja guys",2024-12-23 15:58:26,positif
darsirah01,Instagram,"ceramahnya tetep dapet kok, relax aja guys",2024-12-23 15:15:18,positif
suryatmigadang,Instagram,ga tau mau bilang apa,2024-12-23 15:49:33,netral
anarpati,Instagram,"ceramahnya tetep dapet kok, relax aja guys",2024-12-23 15:42:10,positif
lpudjiastuti,Instagram,ga sopan bgt ngomong gitu,2024-12-23 15:59:52,negatif
wnatsir,Instagram,waduh ini sih udah kelewat batas,2024-12-23 15:48:30,negatif
zuwais,Instagram,waduh ini sih udah kelewat batas,2024-12-23 15:49:28,negatif
zulfa68,Instagram,gus miftah harus minta maaf sih ini,2024-12-23 15:34:39,negatif
bahuraksa97,Instagram,jujurly lucu banget sih ini 😭,2024-12-23 15:52:48,positif
nyulianti,Instagram,"ceramahnya tetep dapet kok, relax aja guys",2024-12-23 15:12:13,positif
girawan,Instagram,bisa2 jualan es teh jd insecure 😓,2024-12-23 15:16:35,negatif
harjayanashiruddin,Instagram,ga tau mau bilang apa,2024-12-23 15:57:54,netral
harsantoyuniar,Instagram,ceramah apaan malah ngehina,2024-12-23 15:09:34,negatif
jrahayu,Instagram,tergantung yg nonton juga sih,2024-12-23 15:12:54,netral
tmandala,Instagram,masih netral aja sih gw liatnya,2024-12-23 15:26:07,netral
vmandala,Instagram,gus miftah harus minta maaf sih ini,2024-12-23 15:21:28,negatif
luwarhutasoit,Instagram,gus miftah harus minta maaf sih ini,2024-12-23 15:54:24,negatif
saptonoira,Instagram,ceramah apaan malah ngehina,2024-12-23 15:58:47,negatif
prabawa52,Instagram,ceramah apaan malah ngehina,2024-12-23 15:19:26,negatif
lanjarpertiwi,Instagram,ceramah apaan malah ngehina,2024-12-23 15:29:38,negatif
suwarnoparis,Instagram,tergantung yg nonton juga sih,2024-12-23 15:53:46,netral
aprakasa,Instagram,"ga lucu, malah nyakitin hati yg jualan",2024-12-23 15:53:04,negatif
wakiman30,Instagram,tergantung yg nonton juga sih,2024-12-23 15:32:02,netral
cahyo30,Instagram,tergantung yg nonton juga sih,2024-12-23 15:38:49,netral
wisnu37,Instagram,waduh ini sih udah kelewat batas,2024-12-23 15:33:39,negatif
satya41,Instagram,ga tau mau bilang apa,2024-12-23 15:57:05,netral
lasmonopratama,Instagram,gw setuju sih ama omongannya gus,2024-12-23 15:42:12,positif
marsito41,Instagram,ceramah apaan malah ngehina,2024-12-23 15:37:34,negatif
labuhsuwarno,Instagram,gue liat ini ya udah lah ya,2024-12-23 15:46:04,netral
parman28,Instagram,waduh ini sih udah kelewat batas,2024-12-23 15:42:06,negatif
jsihombing,Instagram,waduh ini sih udah kelewat batas,2024-12-23 15:50:13,negatif
bpertiwi,Instagram,jujurly lucu banget sih ini 😭,2024-12-23 15:56:46,positif
ivanastuti,Instagram,biasa aja sih,2024-12-23 15:40:41,netral
zulaikacemeti,Instagram,gue liat ini ya udah lah ya,2024-12-23 15:45:18,netral
muhammad93,Instagram,ni gus emg ada aja kelakuannya 😂,2024-12-23 15:50:51,positif
mulyanihadi,Instagram,"ceramahnya tetep dapet kok, relax aja guys",2024-12-23 15:37:26,positif
hafshah35,Instagram,ceramah apaan malah ngehina,2024-12-23 15:29:37,negatif
setyasamosir,Instagram,biar agak keras tapi niatnya baik kok,2024-12-23 15:40:28,positif
keishahastuti,Instagram,"ga lucu, malah nyakitin hati yg jualan",2024-12-23 15:28:24,negatif
suartiniatma,Instagram,"ga lucu, malah nyakitin hati yg jualan",2024-12-23 15:42:05,negatif
dodosantoso,Instagram,ga sopan bgt ngomong gitu,2024-12-23 15:07:29,negatif
cahya68,Instagram,biar agak keras tapi niatnya baik kok,2024-12-23 15:54:52,positif
cahyadisalahudin,Instagram,gw setuju sih ama omongannya gus,2024-12-23 15:46:57,positif
irasuartini,Instagram,bisa2 jualan es teh jd insecure 😓,2024-12-23 15:49:43,negatif
saptonoviktor,Instagram,ga tau mau bilang apa,2024-12-23 15:38:13,netral
betaniasafitri,Instagram,masih netral aja sih gw liatnya,2024-12-23 15:39:46,netral
hendri27,Instagram,ga sopan bgt ngomong gitu,2024-12-23 15:52:45,negatif
olgahutasoit,Instagram,"ga lucu, malah nyakitin hati yg jualan",2024-12-23 15:49:11,negatif
dalima13,Instagram,waduh ini sih udah kelewat batas,2024-12-23 15:25:04,negatif
prasetyoliman,Instagram,ga tau mau bilang apa,2024-12-23 15:46:40,netral
kairavjanuar,Instagram,bisa2 jualan es teh jd insecure 😓,2024-12-23 15:50:55,negatif
yuniarnajwa,Instagram,"ceramahnya tetep dapet kok, relax aja guys",2024-12-23 15:13:45,positif
pfarida,Instagram,ni gus emg ada aja kelakuannya 😂,2024-12-23 15:32:01,positif
kiandrawastuti,Instagram,biar agak keras tapi niatnya baik kok,2024-12-23 15:21:12,positif
heru97,Instagram,jujurly lucu banget sih ini 😭,2024-12-23 15:21:41,positif
zpalastri,Instagram,masih netral aja sih gw liatnya,2024-12-23 15:11:19,netral
ksaefullah,Instagram,"ga lucu, malah nyakitin hati yg jualan",2024-12-23 15:00:53,negatif
putralabuh,Instagram,ga tau mau bilang apa,2024-12-23 15:01:57,netral
budimanvinsen,Instagram,ga sopan bgt ngomong gitu,2024-12-23 15:13:11,negatif
wastutiwidya,Instagram,ga sopan bgt ngomong gitu,2024-12-23 15:17:34,negatif
farah56,Instagram,biasa aja sih,2024-12-23 15:44:27,netral
pzulkarnain,Instagram,ga sopan bgt ngomong gitu,2024-12-23 15:57:47,negatif
diah65,Instagram,jujurly lucu banget sih ini 😭,2024-12-23 15:55:42,positif
wfirgantoro,Instagram,"ga lucu, malah nyakitin hati yg jualan",2024-12-23 15:08:47,negatif
siregarghaliyati,Instagram,biar agak keras tapi niatnya baik kok,2024-12-23 15:32:18,positif
marpaungalambana,Instagram,tergantung yg nonton juga sih,2024-12-23 15:45:29,netral
umarpradana,Instagram,waduh ini sih udah kelewat batas,2024-12-23 15:43:07,negatif
kawaca86,Instagram,biar agak keras tapi niatnya baik kok,2024-12-23 15:00:19,positif
yanibudiman,Instagram,biar agak keras tapi niatnya baik kok,2024-12-23 15:58:46,positif
ohabibi,Instagram,bisa2 jualan es teh jd insecure 😓,2024-12-23 15:06:59,negatif
harsanaprasetya,Instagram,biar agak keras tapi niatnya baik kok,2024-12-23 15:56:09,positif
bwacana,Instagram,ga sopan bgt ngomong gitu,2024-12-23 15:46:34,negatif
wahyunijarwi,Instagram,"ceramahnya tetep dapet kok, relax aja guys",2024-12-23 15:24:25,positif
empluk59,Instagram,"ga lucu, malah nyakitin hati yg jualan",2024-12-23 15:19:23,negatif
halimahhasan,Instagram,biasa aja sih,2024-12-23 15:59:57,netral
lala28,Instagram,biar agak keras tapi niatnya baik kok,2024-12-23 15:28:06,positif
jayeng77,Instagram,biasa aja sih,2024-12-23 15:05:03,netral
ratih46,Instagram,ceramah apaan malah ngehina,2024-12-23 15:23:44,negatif
waskitaprakosa,Instagram,tergantung yg nonton juga sih,2024-12-23 15:16:29,netral
ichahariyah,Instagram,jujurly lucu banget sih ini 😭,2024-12-23 15:45:24,positif
gatra09,Instagram,hmm no comment deh,2024-12-23 15:21:53,netral
tantri65,Instagram,biar agak keras tapi niatnya baik kok,2024-12-23 15:49:52,positif
umaheswara,Instagram,masih netral aja sih gw liatnya,2024-12-23 15:54:22,netral
wasitayunita,Instagram,masih netral aja sih gw liatnya,2024-12-23 15:22:56,netral
claksita,Instagram,ga tau mau bilang apa,2024-12-23 15:08:37,netral
lrahimah,Instagram,gw setuju sih ama omongannya gus,2024-12-23 15:16:37,positif
vpudjiastuti,Instagram,ceramah apaan malah ngehina,2024-12-23 15:11:02,negatif
simon16,Instagram,bisa2 jualan es teh jd insecure 😓,2024-12-23 15:30:10,negatif
taswir68,Instagram,biar agak keras tapi niatnya baik kok,2024-12-23 15:56:23,positif
karenmansur,Instagram,"ceramahnya tetep dapet kok, relax aja guys",2024-12-23 15:11:57,positif
krahimah,Instagram,jujurly lucu banget sih ini 😭,2024-12-23 15:44:16,positif
maulanapaiman,Instagram,tergantung yg nonton juga sih,2024-12-23 15:04:52,netral
cawisono24,Instagram,biar agak keras tapi niatnya baik kok,2024-12-23 15:41:24,positif
putifirmansyah,Instagram,ni gus emg ada aja kelakuannya 😂,2024-12-23 15:59:57,positif
apuspita,Instagram,hmm no comment deh,2024-12-23 15:23:33,netral
halimahbahuwarna,Instagram,ceramah apaan malah ngehina,2024-12-23 15:09:20,negatif
pertiwikajen,Instagram,hmm no comment deh,2024-12-23 15:48:26,netral
dono69,Instagram,gue liat ini ya udah lah ya,2024-12-23 15:25:18,netral
nurainichandra,Instagram,ceramah apaan malah ngehina,2024-12-23 15:16:01,negatif
shakilanovitasari,Instagram,biasa aja sih,2024-12-23 15:16:26,netral
hakimcahya,Instagram,ceramah apaan malah ngehina,2024-12-23 15:16:35,negatif
ghalim,Instagram,masih netral aja sih gw liatnya,2024-12-23 15:46:26,netral
mwinarno,Instagram,jujurly lucu banget sih ini 😭,2024-12-23 15:50:52,positif
galak54,Instagram,ga tau mau bilang apa,2024-12-23 15:06:13,netral
hasanahwira,Instagram,gus miftah harus minta maaf sih ini,2024-12-23 15:07:16,negatif
yuliana73,Instagram,hmm no comment deh,2024-12-23 15:50:32,netral
vkusumo,Instagram,masih netral aja sih gw liatnya,2024-12-23 15:59:10,netral
laksitarusman,Instagram,"ceramahnya tetep dapet kok, relax aja guys",2024-12-23 15:24:23,positif
ana18,Instagram,biasa aja sih,2024-12-23 15:52:29,netral
hlailasari,Instagram,masih netral aja sih gw liatnya,2024-12-23 15:35:03,netral
irfan93,Instagram,ceramah apaan malah ngehina,2024-12-23 15:16:31,negatif
siregarpuji,Instagram,jujurly lucu banget sih ini 😭,2024-12-23 15:20:30,positif
mustofajayeng,Instagram,"ceramahnya tetep dapet kok, relax aja guys",2024-12-23 15:38:40,positif
sinagadinda,Instagram,ni gus emg ada aja kelakuannya 😂,2024-12-23 15:55:48,positif
hafshahyolanda,Instagram,ni gus emg ada aja kelakuannya 😂,2024-12-23 15:09:31,positif
akarsana71,Instagram,bisa2 jualan es teh jd insecure 😓,2024-12-23 15:20:49,negatif
bahuwiryasafitri,Instagram,ga tau mau bilang apa,2024-12-23 15:30:31,netral
kunthara85,Instagram,jujurly lucu banget sih ini 😭,2024-12-23 15:27:24,positif
kairavsirait,Instagram,ga sopan bgt ngomong gitu,2024-12-23 15:43:23,negatif
pkurniawan,Instagram,hmm no comment deh,2024-12-23 15:17:45,netral
qmegantara,Instagram,tergantung yg nonton juga sih,2024-12-23 15:52:58,netral
lalasantoso,Instagram,ga sopan bgt ngomong gitu,2024-12-23 15:50:04,negatif
prasetyawakiman,Instagram,ga sopan bgt ngomong gitu,2024-12-23 15:58:53,negatif
eli95,Instagram,tergantung yg nonton juga sih,2024-12-23 15:13:38,netral
prabawa44,Instagram,masih netral aja sih gw liatnya,2024-12-23 15:38:01,netral
cahyadi78,Instagram,biar agak keras tapi niatnya baik kok,2024-12-23 15:10:57,positif
lestarilasmanto,Instagram,biar agak keras tapi niatnya baik kok,2024-12-23 15:09:10,positif
langgeng82,Instagram,ga tau mau bilang apa,2024-12-23 15:07:14,netral
kalim54,Instagram,jujurly lucu banget sih ini 😭,2024-12-23 15:33:44,positif
eriyanti,Instagram,ga sopan bgt ngomong gitu,2024-12-23 15:31:25,negatif
calistahutapea,Instagram,jujurly lucu banget sih ini 😭,2024-12-23 15:17:24,positif
gprabowo,Instagram,ni gus emg ada aja kelakuannya 😂,2024-12-23 15:05:57,positif
kalapadmasari,Instagram,"bener juga sih, kadang netizen terlalu baper",2024-12-23 15:44:48,positif
sadina67,Instagram,ni gus emg ada aja kelakuannya 😂,2024-12-23 15:57:13,positif
nababanmala,Instagram,ni gus emg ada aja kelakuannya 😂,2024-12-23 15:47:52,positif
alatupono,Instagram,tergantung yg nonton juga sih,2024-12-23 15:00:13,netral
prakasakawaca,Instagram,bisa2 jualan es teh jd insecure 😓,2024-12-23 15:39:33,negatif
ssuryatmi,Instagram,gw setuju sih ama omongannya gus,2024-12-23 15:05:18,positif
pranatasetiawan,Instagram,"bener juga sih, kadang netizen terlalu baper",2024-12-23 15:53:42,positif
yonouyainah,Instagram,ga sopan bgt ngomong gitu,2024-12-23 15:29:58,negatif
imegantara,Instagram,"bener juga sih, kadang netizen terlalu baper",2024-12-23 15:24:52,positif
hasanahviolet,Instagram,hmm no comment deh,2024-12-23 15:31:16,netral
kpadmasari,Instagram,hmm no comment deh,2024-12-23 15:00:48,netral
laksitadiah,Instagram,"bener juga sih, kadang netizen terlalu baper",2024-12-23 15:30:37,positif
wardimanullang,Instagram,jujurly lucu banget sih ini 😭,2024-12-23 15:58:31,positif
usman20,Instagram,gus miftah harus minta maaf sih ini,2024-12-23 15:00:57,negatif
maheswarabala,Instagram,ga sopan bgt ngomong gitu,2024-12-23 15:30:37,negatif
umaya17,Instagram,"ceramahnya tetep dapet kok, relax aja guys",2024-12-23 15:48:49,positif
xsitorus,Instagram,"bener juga sih, kadang netizen terlalu baper",2024-12-23 15:50:13,positif
jaemanmaulana,Instagram,"ceramahnya tetep dapet kok, relax aja guys",2024-12-23 15:41:14,positif
usihotang,Instagram,gw setuju sih ama omongannya gus,2024-12-23 15:53:18,positif
rpertiwi,Instagram,ceramah apaan malah ngehina,2024-12-23 15:32:21,negatif
vadriansyah,Instagram,biasa aja sih,2024-12-23 15:20:44,netral
ibrani98,Instagram,bisa2 jualan es teh jd insecure 😓,2024-12-23 15:17:10,negatif
ehutapea,Instagram,"ga lucu, malah nyakitin hati yg jualan",2024-12-23 15:03:08,negatif
yaniutami,Instagram,tergantung yg nonton juga sih,2024-12-23 15:49:31,netral
vmahendra,Instagram,tergantung yg nonton juga sih,2024-12-23 15:29:10,netral
citra53,Instagram,biar agak keras tapi niatnya baik kok,2024-12-23 15:28:20,positif
jamalnajmudin,Instagram,bisa2 jualan es teh jd insecure 😓,2024-12-23 15:29:02,negatif
kmaheswara,Instagram,jujurly lucu banget sih ini 😭,2024-12-23 15:00:29,positif
sramadan,Instagram,biasa aja sih,2024-12-23 15:12:19,netral
heru09,Instagram,biar agak keras tapi niatnya baik kok,2024-12-23 15:02:41,positif
ghaliyati41,Instagram,"ceramahnya tetep dapet kok, relax aja guys",2024-12-23 15:16:37,positif
ihsanrahimah,Instagram,biar agak keras tapi niatnya baik kok,2024-12-23 15:20:33,positif
catursimbolon,Instagram,ceramah apaan malah ngehina,2024-12-23 15:37:19,negatif
latuponoraina,Instagram,biar agak keras tapi niatnya baik kok,2024-12-23 15:17:33,positif
karimaharyani,Instagram,gw setuju sih ama omongannya gus,2024-12-23 15:16:36,positif
eka63,Instagram,gw setuju sih ama omongannya gus,2024-12-23 15:44:58,positif
shakila24,Instagram,masih netral aja sih gw liatnya,2024-12-23 15:49:07,netral
asmanhassanah,Instagram,ceramah apaan malah ngehina,2024-12-23 15:27:21,negatif
cemetisitompul,Instagram,ceramah apaan malah ngehina,2024-12-23 15:38:56,negatif
yulia13,Instagram,biar agak keras tapi niatnya baik kok,2024-12-23 15:11:33,positif
tnasyiah,Instagram,bisa2 jualan es teh jd insecure 😓,2024-12-23 15:08:08,negatif
bmegantara,Instagram,jujurly lucu banget sih ini 😭,2024-12-23 15:06:05,positif
winarnochelsea,Instagram,gus miftah harus minta maaf sih ini,2024-12-23 15:15:38,negatif
mpurwanti,Instagram,"bener juga sih, kadang netizen terlalu baper",2024-12-23 15:33:09,positif
hani96,Instagram,gue liat ini ya udah lah ya,2024-12-23 15:09:41,netral
rendy58,Instagram,biar agak keras tapi niatnya baik kok,2024-12-23 15:09:58,positif
ldamanik,Instagram,"ceramahnya tetep dapet kok, relax aja guys",2024-12-23 15:02:13,positif
upurnawati,Instagram,ga sopan bgt ngomong gitu,2024-12-23 15:45:40,negatif
permatamarwata,Instagram,ga sopan bgt ngomong gitu,2024-12-23 15:31:09,negatif
dsusanti,Instagram,gue liat ini ya udah lah ya,2024-12-23 15:22:06,netral
simanjuntakrespati,Instagram,"bener juga sih, kadang netizen terlalu baper",2024-12-23 15:04:59,positif
prasetyomansur,Instagram,gue liat ini ya udah lah ya,2024-12-23 15:17:58,netral
klailasari,Instagram,ceramah apaan malah ngehina,2024-12-23 15:52:22,negatif
mulyonolaksmiwati,Instagram,jujurly lucu banget sih ini 😭,2024-12-23 15:07:31,positif
hmaryadi,Instagram,gus miftah harus minta maaf sih ini,2024-12-23 15:18:19,negatif
oskar35,Instagram,ni gus emg ada aja kelakuannya 😂,2024-12-23 15:32:06,positif
tania30,Instagram,gw setuju sih ama omongannya gus,2024-12-23 15:54:37,positif
balidinmarpaung,Instagram,hmm no comment deh,2024-12-23 15:18:07,netral
maulanalega,Instagram,gw setuju sih ama omongannya gus,2024-12-23 15:38:18,positif
ghaliyati22,Instagram,gue liat ini ya udah lah ya,2024-12-23 15:24:42,netral
bakiadipurwanti,Instagram,bisa2 jualan es teh jd insecure 😓,2024-12-23 15:58:17,negatif
luis34,Instagram,masih netral aja sih gw liatnya,2024-12-23 15:29:04,netral
uuwais,Instagram,ga sopan bgt ngomong gitu,2024-12-23 15:59:14,negatif
tarihasanah,Instagram,"ceramahnya tetep dapet kok, relax aja guys",2024-12-23 15:07:48,positif
nwidodo,Instagram,masih netral aja sih gw liatnya,2024-12-23 15:24:58,netral
kacung95,Instagram,biasa aja sih,2024-12-23 15:16:00,netral
wani10,Instagram,ga tau mau bilang apa,2024-12-23 15:50:37,netral
dabukkejumari,Instagram,biar agak keras tapi niatnya baik kok,2024-12-23 15:40:47,positif
salahudindarijan,Instagram,ni gus emg ada aja kelakuannya 😂,2024-12-23 15:46:29,positif
maras13,Instagram,hmm no comment deh,2024-12-23 15:40:28,netral
malik00,Instagram,"ga lucu, malah nyakitin hati yg jualan",2024-12-23 15:37:52,negatif
fujiatielon,Instagram,"ga lucu, malah nyakitin hati yg jualan",2024-12-23 15:52:08,negatif
kayungunarto,Instagram,waduh ini sih udah kelewat batas,2024-12-23 15:28:29,negatif
humaira54,Instagram,waduh ini sih udah kelewat batas,2024-12-23 15:36:02,negatif
lsihotang,Instagram,waduh ini sih udah kelewat batas,2024-12-23 15:24:41,negatif
laksana85,Instagram,gue liat ini ya udah lah ya,2024-12-23 15:59:01,netral
hidayatlintang,Instagram,bisa2 jualan es teh jd insecure 😓,2024-12-23 15:57:27,negatif
narpatisaka,Instagram,"ceramahnya tetep dapet kok, relax aja guys",2024-12-23 15:10:47,positif
wardayanababan,Instagram,ceramah apaan malah ngehina,2024-12-23 15:36:57,negatif
yhalim,Instagram,jujurly lucu banget sih ini 😭,2024-12-23 15:52:05,positif
hartanawahyudin,Instagram,gw setuju sih ama omongannya gus,2024-12-23 15:12:57,positif
kartika54,Instagram,bisa2 jualan es teh jd insecure 😓,2024-12-23 15:21:02,negatif
twinarno,Instagram,gue liat ini ya udah lah ya,2024-12-23 15:32:43,netral
irawanpia,Instagram,"bener juga sih, kadang netizen terlalu baper",2024-12-23 15:38:34,positif
nadiazulkarnain,Instagram,ceramah apaan malah ngehina,2024-12-23 15:08:09,negatif
ysirait,Instagram,ceramah apaan malah ngehina,2024-12-23 15:21:34,negatif
estionomaryadi,Instagram,"ga lucu, malah nyakitin hati yg jualan",2024-12-23 15:15:59,negatif
hardiansyahhafshah,Instagram,jujurly lucu banget sih ini 😭,2024-12-23 15:39:09,positif
hmahendra,Instagram,gue liat ini ya udah lah ya,2024-12-23 15:16:14,netral
kania45,Instagram,masih netral aja sih gw liatnya,2024-12-23 15:10:50,netral
darman95,Instagram,ga tau mau bilang apa,2024-12-23 15:07:09,netral
gada81,Instagram,ga sopan bgt ngomong gitu,2024-12-23 15:29:00,negatif
nasim00,Instagram,ni gus emg ada aja kelakuannya 😂,2024-12-23 15:06:43,positif
mhutasoit,Instagram,gue liat ini ya udah lah ya,2024-12-23 15:04:16,netral
alambanasamosir,Instagram,biar agak keras tapi niatnya baik kok,2024-12-23 15:18:08,positif
hartatiraina,Instagram,jujurly lucu banget sih ini 😭,2024-12-23 15:41:58,positif
galuhhardiansyah,Instagram,waduh ini sih udah kelewat batas,2024-12-23 15:15:51,negatif
adinata89,Instagram,masih netral aja sih gw liatnya,2024-12-23 15:16:07,netral
mangunsongelisa,Instagram,gue liat ini ya udah lah ya,2024-12-23 15:26:35,netral
martakahasanah,Instagram,waduh ini sih udah kelewat batas,2024-12-23 15:41:31,negatif
gjailani,Instagram,ga tau mau bilang apa,2024-12-23 15:45:48,netral
prayitnabudiyanto,Instagram,waduh ini sih udah kelewat batas,2024-12-23 15:29:05,negatif
plaksmiwati,Instagram,tergantung yg nonton juga sih,2024-12-23 15:02:49,netral
bambang13,Instagram,waduh ini sih udah kelewat batas,2024-12-23 15:35:47,negatif
putralutfan,Instagram,tergantung yg nonton juga sih,2024-12-23 15:09:50,netral
prastutiendra,Instagram,biar agak keras tapi niatnya baik kok,2024-12-23 15:29:49,positif
eka83,Instagram,ceramah apaan malah ngehina,2024-12-23 15:46:22,negatif
djanuar,Instagram,ga sopan bgt ngomong gitu,2024-12-23 15:13:05,negatif
prasetyarespati,Instagram,gue liat ini ya udah lah ya,2024-12-23 15:03:25,netral
januardaniswara,Instagram,ga sopan bgt ngomong gitu,2024-12-23 15:59:44,negatif
waskitadaliono,Instagram,tergantung yg nonton juga sih,2024-12-23 15:18:01,netral
prakasafarah,Instagram,masih netral aja sih gw liatnya,2024-12-23 15:20:46,netral
dadi43,Instagram,"bener juga sih, kadang netizen terlalu baper",2024-12-23 15:08:46,positif
nugroholalita,Instagram,ni gus emg ada aja kelakuannya 😂,2024-12-23 15:50:13,positif
haniwidodo,Instagram,gw setuju sih ama omongannya gus,2024-12-23 15:23:31,positif
sihombinggalur,Instagram,masih netral aja sih gw liatnya,2024-12-23 15:45:28,netral
ridwan21,Instagram,"ceramahnya tetep dapet kok, relax aja guys",2024-12-23 15:54:09,positif
zelda48,Instagram,bisa2 jualan es teh jd insecure 😓,2024-12-23 15:06:12,negatif
permatatira,Instagram,tergantung yg nonton juga sih,2024-12-23 15:53:20,netral
dinatampubolon,Instagram,tergantung yg nonton juga sih,2024-12-23 15:15:32,netral
nasyiahjaya,Instagram,jujurly lucu banget sih ini 😭,2024-12-23 15:02:48,positif
cawuk40,Instagram,biar agak keras tapi niatnya baik kok,2024-12-23 15:13:19,positif
tania52,Instagram,"bener juga sih, kadang netizen terlalu baper",2024-12-23 15:25:31,positif
darsirahmardhiyah,Instagram,"ga lucu, malah nyakitin hati yg jualan",2024-12-23 15:35:12,negatif
omaheswara,Instagram,gue liat ini ya udah lah ya,2024-12-23 15:42:58,netral
garan94,Instagram,biar agak keras tapi niatnya baik kok,2024-12-23 15:20:10,positif
najibsitompul,Instagram,ga sopan bgt ngomong gitu,2024-12-23 15:57:15,negatif
fnuraini,Instagram,"bener juga sih, kadang netizen terlalu baper",2024-12-23 15:37:23,positif
carlanababan,Instagram,tergantung yg nonton juga sih,2024-12-23 15:57:45,netral
zelayasuryatmi,Instagram,jujurly lucu banget sih ini 😭,2024-12-23 15:03:49,positif
wibisonocawuk,Instagram,ceramah apaan malah ngehina,2024-12-23 15:07:57,negatif
jagaragasuryatmi,Instagram,tergantung yg nonton juga sih,2024-12-23 15:58:02,netral
hharyanti,Instagram,bisa2 jualan es teh jd insecure 😓,2024-12-23 15:22:36,negatif
ldongoran,Instagram,bisa2 jualan es teh jd insecure 😓,2024-12-23 15:49:16,negatif
najwaardianto,Instagram,hmm no comment deh,2024-12-23 15:57:11,netral
jmandasari,Instagram,biasa aja sih,2024-12-23 15:25:31,netral
tsinaga,Instagram,hmm no comment deh,2024-12-23 15:38:16,netral
karyani,Instagram,bisa2 jualan es teh jd insecure 😓,2024-12-23 15:56:09,negatif
wardimaryati,Instagram,gus miftah harus minta maaf sih ini,2024-12-23 15:01:43,negatif
wagepadmasari,Instagram,biasa aja sih,2024-12-23 15:49:50,netral
danang88,Instagram,biasa aja sih,2024-12-23 15:47:03,netral
ahutasoit,Instagram,gw setuju sih ama omongannya gus,2024-12-23 15:56:52,positif
titin54,Instagram,gw setuju sih ama omongannya gus,2024-12-23 15:38:53,positif
nhidayanto,Instagram,gue liat ini ya udah lah ya,2024-12-23 15:51:48,netral
fhalimah,Instagram,ga tau mau bilang apa,2024-12-23 15:15:11,netral
wartamandala,Instagram,waduh ini sih udah kelewat batas,2024-12-23 15:20:22,negatif
najam05,Instagram,"ceramahnya tetep dapet kok, relax aja guys",2024-12-23 15:40:35,positif
ina38,Instagram,gus miftah harus minta maaf sih ini,2024-12-23 15:27:48,negatif
narjihutasoit,Instagram,bisa2 jualan es teh jd insecure 😓,2024-12-23 15:41:13,negatif
wawanpertiwi,Instagram,tergantung yg nonton juga sih,2024-12-23 15:48:09,netral
cengkal66,Instagram,biar agak keras tapi niatnya baik kok,2024-12-23 15:05:16,positif
ckusmawati,Instagram,ni gus emg ada aja kelakuannya 😂,2024-12-23 15:43:42,positif
dmarbun,Instagram,ceramah apaan malah ngehina,2024-12-23 15:09:51,negatif
fsantoso,Instagram,tergantung yg nonton juga sih,2024-12-23 15:24:58,netral
laksanasiregar,Instagram,ga sopan bgt ngomong gitu,2024-12-23 15:55:09,negatif
gpuspasari,Instagram,tergantung yg nonton juga sih,2024-12-23 15:15:22,netral
hutasoitluwar,Instagram,gw setuju sih ama omongannya gus,2024-12-23 15:12:43,positif
kasiyahutama,Instagram,tergantung yg nonton juga sih,2024-12-23 15:34:19,netral
mustofa89,Instagram,tergantung yg nonton juga sih,2024-12-23 15:07:42,netral
rafisuwarno,Instagram,ga tau mau bilang apa,2024-12-23 15:45:50,netral
banara06,Instagram,masih netral aja sih gw liatnya,2024-12-23 15:38:37,netral
luwes15,Instagram,"ga lucu, malah nyakitin hati yg jualan",2024-12-23 15:19:45,negatif
ihsan22,Instagram,hmm no comment deh,2024-12-23 15:09:53,netral
wisnuprasetya,Instagram,ga tau mau bilang apa,2024-12-23 15:21:34,netral
yahyaprasetyo,Instagram,gue liat ini ya udah lah ya,2024-12-23 15:10:53,netral
vanesa87,Instagram,gue liat ini ya udah lah ya,2024-12-23 15:21:13,netral
siregarrama,Instagram,waduh ini sih udah kelewat batas,2024-12-23 15:34:30,negatif
umayausamah,Instagram,gue liat ini ya udah lah ya,2024-12-23 15:27:27,netral
tambasakti,Instagram,ni gus emg ada aja kelakuannya 😂,2024-12-23 15:02:20,positif
faridacindy,Instagram,bisa2 jualan es teh jd insecure 😓,2024-12-23 15:59:19,negatif
jindra41,Instagram,ga sopan bgt ngomong gitu,2024-12-23 15:07:59,negatif
auroraandriani,Instagram,gw setuju sih ama omongannya gus,2024-12-23 15:30:00,positif
sihotangsalsabila,Instagram,gw setuju sih ama omongannya gus,2024-12-23 15:07:53,positif
cirawan,Instagram,gw setuju sih ama omongannya gus,2024-12-23 15:18:50,positif
unggul15,Instagram,ceramah apaan malah ngehina,2024-12-23 15:44:38,negatif
vero37,Instagram,ni gus emg ada aja kelakuannya 😂,2024-12-23 15:15:20,positif
dabukkekarsa,Instagram,biar agak keras tapi niatnya baik kok,2024-12-23 15:17:18,positif
setiawanlamar,Instagram,waduh ini sih udah kelewat batas,2024-12-23 15:07:55,negatif
satyabudiyanto,Instagram,biasa aja sih,2024-12-23 15:17:05,netral
mursinin37,Instagram,waduh ini sih udah kelewat batas,2024-12-23 15:23:27,negatif
jaiman13,Instagram,biasa aja sih,2024-12-23 15:51:38,netral
pranowocornelia,Instagram,jujurly lucu banget sih ini 😭,2024-12-23 15:48:01,positif
upuspasari,Instagram,"ga lucu, malah nyakitin hati yg jualan",2024-12-23 15:11:29,negatif
haryantinovi,Instagram,gus miftah harus minta maaf sih ini,2024-12-23 15:58:40,negatif
knuraini,Instagram,ceramah apaan malah ngehina,2024-12-23 15:40:01,negatif
pertiwiputri,Instagram,"ceramahnya tetep dapet kok, relax aja guys",2024-12-23 15:56:19,positif
ana29,Instagram,ga tau mau bilang apa,2024-12-23 15:53:54,netral
humairapradipta,Instagram,ni gus emg ada aja kelakuannya 😂,2024-12-23 15:37:39,positif
bakidin89,Instagram,gus miftah harus minta maaf sih ini,2024-12-23 15:46:51,negatif
maheswaraelvina,Instagram,waduh ini sih udah kelewat batas,2024-12-23 15:29:51,negatif
wadioktaviani,Instagram,gus miftah harus minta maaf sih ini,2024-12-23 15:32:25,negatif
dewi06,Instagram,bisa2 jualan es teh jd insecure 😓,2024-12-23 15:54:23,negatif
kusmawatitirtayasa,Instagram,masih netral aja sih gw liatnya,2024-12-23 15:45:10,netral
wastutijuli,Instagram,biar agak keras tapi niatnya baik kok,2024-12-23 15:06:05,positif
wyuliarti,Instagram,gue liat ini ya udah lah ya,2024-12-23 15:39:19,netral
kuntharamaryadi,Instagram,"ga lucu, malah nyakitin hati yg jualan",2024-12-23 15:53:53,negatif
omar06,Instagram,ni gus emg ada aja kelakuannya 😂,2024-12-23 15:24:13,positif
adikara94,Instagram,ceramah apaan malah ngehina,2024-12-23 15:10:17,negatif
maryatiagnes,Instagram,hmm no comment deh,2024-12-23 15:22:26,netral
hdongoran,Instagram,ga tau mau bilang apa,2024-12-23 15:18:19,netral
jhidayanto,Instagram,"ceramahnya tetep dapet kok, relax aja guys",2024-12-23 15:13:47,positif
lantar57,Instagram,gue liat ini ya udah lah ya,2024-12-23 15:42:02,netral
aprasasta,Instagram,ceramah apaan malah ngehina,2024-12-23 15:04:59,negatif
rahayusalwa,Instagram,waduh ini sih udah kelewat batas,2024-12-23 15:47:26,negatif
cayadi20,Instagram,biasa aja sih,2024-12-23 15:21:34,netral
nadine18,Instagram,"bener juga sih, kadang netizen terlalu baper",2024-12-23 15:50:43,positif
arta91,Instagram,ni gus emg ada aja kelakuannya 😂,2024-12-23 15:12:43,positif
lutfansitumorang,Instagram,"ceramahnya tetep dapet kok, relax aja guys",2024-12-23 15:05:19,positif
bsamosir,Instagram,waduh ini sih udah kelewat batas,2024-12-23 15:46:49,negatif
atmajanuar,Instagram,masih netral aja sih gw liatnya,2024-12-23 15:57:03,netral
dabukkeikhsan,Instagram,ga tau mau bilang apa,2024-12-23 15:18:29,netral
jabalwinarsih,Instagram,ceramah apaan malah ngehina,2024-12-23 15:27:22,negatif
nasrullah11,Instagram,bisa2 jualan es teh jd insecure 😓,2024-12-23 15:39:55,negatif
hutapeaempluk,Instagram,hmm no comment deh,2024-12-23 15:04:28,netral
sidiqprakasa,Instagram,"ga lucu, malah nyakitin hati yg jualan",2024-12-23 15:43:28,negatif
julianarpati,Instagram,jujurly lucu banget sih ini 😭,2024-12-23 15:15:01,positif
cahyantonarpati,Instagram,gw setuju sih ama omongannya gus,2024-12-23 15:07:27,positif
laksitamahmud,Instagram,hmm no comment deh,2024-12-23 15:16:17,netral
siregarkiandra,Instagram,ga sopan bgt ngomong gitu,2024-12-23 15:41:47,negatif
anggrainiputu,Instagram,masih netral aja sih gw liatnya,2024-12-23 15:26:22,netral
sabri98,Instagram,gus miftah harus minta maaf sih ini,2024-12-23 15:52:57,negatif
yjailani,Instagram,ga sopan bgt ngomong gitu,2024-12-23 15:14:01,negatif
queenbudiyanto,Instagram,"ga lucu, malah nyakitin hati yg jualan",2024-12-23 15:37:22,negatif
limarwinarno,Instagram,ni gus emg ada aja kelakuannya 😂,2024-12-23 15:06:45,positif
ltarihoran,Instagram,biar agak keras tapi niatnya baik kok,2024-12-23 15:38:53,positif
ratna96,Instagram,ga tau mau bilang apa,2024-12-23 15:45:16,netral
jailanikemba,Instagram,ga sopan bgt ngomong gitu,2024-12-23 15:51:29,negatif
candrakanta12,Instagram,ga tau mau bilang apa,2024-12-23 15:36:27,netral
rahayuanggabaya,Instagram,biar agak keras tapi niatnya baik kok,2024-12-23 15:00:13,positif
nyomansaragih,Instagram,gus miftah harus minta maaf sih ini,2024-12-23 15:04:38,negatif
dhidayat,Instagram,ni gus emg ada aja kelakuannya 😂,2024-12-23 15:32:03,positif
sihombinglanang,Instagram,waduh ini sih udah kelewat batas,2024-12-23 15:43:22,negatif
embuhnurdiyanti,Instagram,"ceramahnya tetep dapet kok, relax aja guys",2024-12-23 15:18:59,positif
darmanasirait,Instagram,biar agak keras tapi niatnya baik kok,2024-12-23 15:51:29,positif
vutami,Instagram,waduh ini sih udah kelewat batas,2024-12-23 15:47:49,negatif
suwarnosilvia,Instagram,jujurly lucu banget sih ini 😭,2024-12-23 15:56:10,positif
olivanatsir,Instagram,"ga lucu, malah nyakitin hati yg jualan",2024-12-23 15:14:22,negatif
inasyiah,Instagram,ni gus emg ada aja kelakuannya 😂,2024-12-23 15:06:59,positif
mustofariyanti,Instagram,jujurly lucu banget sih ini 😭,2024-12-23 15:47:24,positif
bancar82,Instagram,waduh ini sih udah kelewat batas,2024-12-23 15:47:47,negatif
kmustofa,Instagram,hmm no comment deh,2024-12-23 15:44:20,netral
enasyiah,Instagram,jujurly lucu banget sih ini 😭,2024-12-23 15:00:02,positif
sihombingaisyah,Instagram,tergantung yg nonton juga sih,2024-12-23 15:30:21,netral
marbunrestu,Instagram,gue liat ini ya udah lah ya,2024-12-23 15:40:32,netral
asaputra,Instagram,biasa aja sih,2024-12-23 15:38:03,netral
maheswaradarmaji,Instagram,hmm no comment deh,2024-12-23 15:02:05,netral
bwijayanti,Instagram,ni gus emg ada aja kelakuannya 😂,2024-12-23 15:53:45,positif
tira37,Instagram,hmm no comment deh,2024-12-23 15:05:59,netral
banawahutapea,Instagram,hmm no comment deh,2024-12-23 15:47:21,netral
pradanaartanto,Instagram,ga sopan bgt ngomong gitu,2024-12-23 15:06:14,negatif
gambirawidodo,Instagram,biasa aja sih,2024-12-23 15:36:32,netral
balanggahidayat,Instagram,tergantung yg nonton juga sih,2024-12-23 15:27:18,netral
khalimah,Instagram,gue liat ini ya udah lah ya,2024-12-23 15:52:23,netral
chelseasaefullah,Instagram,biar agak keras tapi niatnya baik kok,2024-12-23 15:20:25,positif
yancewahyudin,Instagram,tergantung yg nonton juga sih,2024-12-23 15:28:53,netral
aputra,Instagram,"bener juga sih, kadang netizen terlalu baper",2024-12-23 15:05:24,positif
mayasariheryanto,Instagram,"ga lucu, malah nyakitin hati yg jualan",2024-12-23 15:30:07,negatif
kenzieyuliarti,Instagram,tergantung yg nonton juga sih,2024-12-23 15:58:02,netral
hendri82,Instagram,hmm no comment deh,2024-12-23 15:06:20,netral
harsanahandayani,Instagram,ga tau mau bilang apa,2024-12-23 15:57:16,netral
ywinarno,Instagram,biar agak keras tapi niatnya baik kok,2024-12-23 15:55:08,positif
limar00,Instagram,bisa2 jualan es teh jd insecure 😓,2024-12-23 15:04:39,negatif
mprasetya,Instagram,gw setuju sih ama omongannya gus,2024-12-23 15:55:39,positif
wzulkarnain,Instagram,biasa aja sih,2024-12-23 15:18:01,netral
zmarbun,Instagram,gue liat ini ya udah lah ya,2024-12-23 15:21:17,netral
cahyono73,Instagram,gue liat ini ya udah lah ya,2024-12-23 15:58:42,netral
zaenabnuraini,Instagram,"ceramahnya tetep dapet kok, relax aja guys",2024-12-23 15:54:40,positif
gunartomulyono,Instagram,gue liat ini ya udah lah ya,2024-12-23 15:11:03,netral
kurniawanokta,Instagram,hmm no comment deh,2024-12-23 15:25:19,netral
fzulkarnain,Instagram,jujurly lucu banget sih ini 😭,2024-12-23 15:12:12,positif
veganurdiyanti,Instagram,ga tau mau bilang apa,2024-12-23 15:09:06,netral
sabrinanuraini,Instagram,tergantung yg nonton juga sih,2024-12-23 15:52:21,netral
lhartati,Instagram,ga tau mau bilang apa,2024-12-23 15:46:22,netral
mustofadanang,Instagram,bisa2 jualan es teh jd insecure 😓,2024-12-23 15:34:21,negatif
pranawa92,Instagram,ga tau mau bilang apa,2024-12-23 15:24:45,netral
hzulkarnain,Instagram,ceramah apaan malah ngehina,2024-12-23 15:06:01,negatif
ekahariyah,Instagram,ni gus emg ada aja kelakuannya 😂,2024-12-23 15:39:00,positif
bsitorus,Instagram,biasa aja sih,2024-12-23 15:36:43,netral
yuliantielma,Instagram,bisa2 jualan es teh jd insecure 😓,2024-12-23 15:47:46,negatif
safina33,Instagram,"ceramahnya tetep dapet kok, relax aja guys",2024-12-23 15:23:42,positif
vivi46,Instagram,biasa aja sih,2024-12-23 15:22:42,netral
tina87,Instagram,hmm no comment deh,2024-12-23 15:54:54,netral
novitasaridwi,Instagram,masih netral aja sih gw liatnya,2024-12-23 15:48:06,netral
lilimelani,Instagram,jujurly lucu banget sih ini 😭,2024-12-23 15:27:20,positif
gunawanlatif,Instagram,jujurly lucu banget sih ini 😭,2024-12-23 15:33:05,positif
akarsana63,Instagram,jujurly lucu banget sih ini 😭,2024-12-23 15:35:31,positif
dimassafitri,Instagram,biar agak keras tapi niatnya baik kok,2024-12-23 15:33:25,positif
enashiruddin,Instagram,masih netral aja sih gw liatnya,2024-12-23 15:29:41,netral
ellasitumorang,Instagram,tergantung yg nonton juga sih,2024-12-23 15:11:53,netral
nurdiyantipadma,Instagram,masih netral aja sih gw liatnya,2024-12-23 15:31:02,netral
palastriemil,Instagram,waduh ini sih udah kelewat batas,2024-12-23 15:55:56,negatif
dpurwanti,Instagram,biar agak keras tapi niatnya baik kok,2024-12-23 15:57:27,positif
hnababan,Instagram,bisa2 jualan es teh jd insecure 😓,2024-12-23 15:21:30,negatif
futama,Instagram,ceramah apaan malah ngehina,2024-12-23 15:59:20,negatif
mzulaika,Instagram,biasa aja sih,2024-12-23 15:37:44,netral
garasinaga,Instagram,masih netral aja sih gw liatnya,2024-12-23 15:57:07,netral
jaisutama,Instagram,masih netral aja sih gw liatnya,2024-12-23 15:40:52,netral
puspa91,Instagram,gus miftah harus minta maaf sih ini,2024-12-23 15:37:23,negatif
novitasaricornelia,Instagram,"ceramahnya tetep dapet kok, relax aja guys",2024-12-23 15:44:04,positif
ttamba,Instagram,"ceramahnya tetep dapet kok, relax aja guys",2024-12-23 15:18:19,positif
saefullahgadang,Instagram,gw setuju sih ama omongannya gus,2024-12-23 15:02:59,positif
reksawibowo,Instagram,biar agak keras tapi niatnya baik kok,2024-12-23 15:23:31,positif
hassanahhendri,Instagram,hmm no comment deh,2024-12-23 15:17:11,netral
tpermata,Instagram,tergantung yg nonton juga sih,2024-12-23 15:22:13,netral
laksmiwaticemeti,Instagram,hmm no comment deh,2024-12-23 15:37:50,netral
manullangmalika,Instagram,ga tau mau bilang apa,2024-12-23 15:38:04,netral
wnababan,Instagram,ni gus emg ada aja kelakuannya 😂,2024-12-23 15:48:03,positif
pjanuar,Instagram,waduh ini sih udah kelewat batas,2024-12-23 15:09:04,negatif
cusamah,Instagram,gus miftah harus minta maaf sih ini,2024-12-23 15:53:08,negatif
rsuwarno,Instagram,ga sopan bgt ngomong gitu,2024-12-23 15:12:27,negatif
cagaklailasari,Instagram,ni gus emg ada aja kelakuannya 😂,2024-12-23 15:09:01,positif
wirapadmasari,Instagram,ga sopan bgt ngomong gitu,2024-12-23 15:16:20,negatif
rahayu51,Instagram,biar agak keras tapi niatnya baik kok,2024-12-23 15:02:55,positif
puspasariclara,Instagram,ni gus emg ada aja kelakuannya 😂,2024-12-23 15:17:34,positif
lwidiastuti,Instagram,gus miftah harus minta maaf sih ini,2024-12-23 15:05:13,negatif
fpadmasari,Instagram,waduh ini sih udah kelewat batas,2024-12-23 15:51:50,negatif
cemani34,Instagram,biasa aja sih,2024-12-23 15:15:15,netral
lutfan43,Instagram,"ceramahnya tetep dapet kok, relax aja guys",2024-12-23 15:39:19,positif
asitompul,Instagram,"ceramahnya tetep dapet kok, relax aja guys",2024-12-23 15:20:17,positif
emongriyanti,Instagram,waduh ini sih udah kelewat batas,2024-12-23 15:20:25,negatif
xrahimah,Instagram,waduh ini sih udah kelewat batas,2024-12-23 15:25:38,negatif
nainggolanjindra,Instagram,masih netral aja sih gw liatnya,2024-12-23 15:27:19,netral
kadriansyah,Instagram,ga sopan bgt ngomong gitu,2024-12-23 15:33:57,negatif
sihombinggading,Instagram,masih netral aja sih gw liatnya,2024-12-23 15:30:31,netral
farhunnisawasita,Instagram,"ga lucu, malah nyakitin hati yg jualan",2024-12-23 15:43:53,negatif
aswani77,Instagram,gus miftah harus minta maaf sih ini,2024-12-23 15:20:23,negatif
okurniawan,Instagram,ceramah apaan malah ngehina,2024-12-23 15:59:23,negatif
hasanhariyah,Instagram,ga tau mau bilang apa,2024-12-23 15:02:09,netral
laswiusada,Instagram,"bener juga sih, kadang netizen terlalu baper",2024-12-23 15:04:15,positif
nababandiana,Instagram,biasa aja sih,2024-12-23 15:47:36,netral
asmiantosaefullah,Instagram,"ga lucu, malah nyakitin hati yg jualan",2024-12-23 15:53:09,negatif
thamrinharjasa,Instagram,biar agak keras tapi niatnya baik kok,2024-12-23 15:40:23,positif
huwais,Instagram,"bener juga sih, kadang netizen terlalu baper",2024-12-23 15:16:42,positif
galak50,Instagram,tergantung yg nonton juga sih,2024-12-23 15:34:02,netral
jagaraga94,Instagram,bisa2 jualan es teh jd insecure 😓,2024-12-23 15:28:21,negatif
shania19,Instagram,jujurly lucu banget sih ini 😭,2024-12-23 15:26:03,positif
faridabaktianto,Instagram,hmm no comment deh,2024-12-23 15:02:23,netral
pratiwilurhur,Instagram,ceramah apaan malah ngehina,2024-12-23 15:56:08,negatif
hwaskita,Instagram,gw setuju sih ama omongannya gus,2024-12-23 15:05:21,positif
sihotangnabila,Instagram,bisa2 jualan es teh jd insecure 😓,2024-12-23 15:46:06,negatif
fiswahyudi,Instagram,jujurly lucu banget sih ini 😭,2024-12-23 15:39:24,positif
nasrullah18,Instagram,hmm no comment deh,2024-12-23 15:52:32,netral
karimah63,Instagram,ceramah apaan malah ngehina,2024-12-23 15:35:44,negatif
psafitri,Instagram,ga sopan bgt ngomong gitu,2024-12-23 15:15:42,negatif
legawawahyuni,Instagram,masih netral aja sih gw liatnya,2024-12-23 15:29:44,netral
nurainitasnim,Instagram,"bener juga sih, kadang netizen terlalu baper",2024-12-23 15:04:03,positif
yulianasamosir,Instagram,ga sopan bgt ngomong gitu,2024-12-23 15:54:26,negatif
limar20,Instagram,tergantung yg nonton juga sih,2024-12-23 15:21:38,netral
maulanalutfan,Instagram,waduh ini sih udah kelewat batas,2024-12-23 15:09:58,negatif
elipuspita,Instagram,ga sopan bgt ngomong gitu,2024-12-23 15:49:02,negatif
jprasetyo,Instagram,biasa aja sih,2024-12-23 15:21:45,netral
rachelmaheswara,Instagram,hmm no comment deh,2024-12-23 15:17:56,netral
kemal95,Instagram,biasa aja sih,2024-12-23 15:16:46,netral
uhasanah,Instagram,waduh ini sih udah kelewat batas,2024-12-23 15:04:11,negatif
wahyuniluhung,Instagram,gue liat ini ya udah lah ya,2024-12-23 15:50:42,netral
yusufhidayanto,Instagram,biasa aja sih,2024-12-23 15:15:24,netral
gatot89,Instagram,ceramah apaan malah ngehina,2024-12-23 15:44:47,negatif
nyanafirgantoro,Instagram,"ga lucu, malah nyakitin hati yg jualan",2024-12-23 15:40:39,negatif
iswahyudijabal,Instagram,ceramah apaan malah ngehina,2024-12-23 15:15:43,negatif
halimahzulfa,Instagram,bisa2 jualan es teh jd insecure 😓,2024-12-23 15:59:11,negatif
simbolonmariadi,Instagram,hmm no comment deh,2024-12-23 15:16:26,netral
cagakdabukke,Instagram,ga sopan bgt ngomong gitu,2024-12-23 15:50:21,negatif
kpranowo,Instagram,bisa2 jualan es teh jd insecure 😓,2024-12-23 15:29:01,negatif
darimin15,Instagram,"ga lucu, malah nyakitin hati yg jualan",2024-12-23 15:04:31,negatif
vwulandari,Instagram,jujurly lucu banget sih ini 😭,2024-12-23 15:25:33,positif
salimah07,Instagram,biar agak keras tapi niatnya baik kok,2024-12-23 15:51:41,positif
ajimin27,Instagram,gus miftah harus minta maaf sih ini,2024-12-23 15:30:31,negatif
sudiatibalidin,Instagram,ga sopan bgt ngomong gitu,2024-12-23 15:53:14,negatif
devipermadi,Instagram,"bener juga sih, kadang netizen terlalu baper",2024-12-23 15:10:41,positif
gangsa76,Instagram,"ceramahnya tetep dapet kok, relax aja guys",2024-12-23 15:07:30,positif
makuta60,Instagram,masih netral aja sih gw liatnya,2024-12-23 15:38:23,netral
shidayat,Instagram,masih netral aja sih gw liatnya,2024-12-23 15:55:44,netral
jailwibisono,Instagram,gue liat ini ya udah lah ya,2024-12-23 15:32:53,netral
upik20,Instagram,"ga lucu, malah nyakitin hati yg jualan",2024-12-23 15:29:52,negatif
xwacana,Instagram,ceramah apaan malah ngehina,2024-12-23 15:48:19,negatif
taufik44,Instagram,hmm no comment deh,2024-12-23 15:21:46,netral
restu07,Instagram,masih netral aja sih gw liatnya,2024-12-23 15:34:37,netral
usman41,Instagram,hmm no comment deh,2024-12-23 15:54:44,netral
umaynugroho,Instagram,ni gus emg ada aja kelakuannya 😂,2024-12-23 15:07:16,positif
samosirkusuma,Instagram,"ceramahnya tetep dapet kok, relax aja guys",2024-12-23 15:37:00,positif
halimprayoga,Instagram,biar agak keras tapi niatnya baik kok,2024-12-23 15:53:40,positif
waluyoulya,Instagram,masih netral aja sih gw liatnya,2024-12-23 15:08:37,netral
mangunsongmaryadi,Instagram,waduh ini sih udah kelewat batas,2024-12-23 15:14:50,negatif
queensaragih,Instagram,biasa aja sih,2024-12-23 15:34:23,netral
yunitafujiati,Instagram,hmm no comment deh,2024-12-23 15:33:24,netral
cahyanto20,Instagram,masih netral aja sih gw liatnya,2024-12-23 15:57:29,netral
puputhutagalung,Instagram,waduh ini sih udah kelewat batas,2024-12-23 15:41:02,negatif
sinagagamani,Instagram,gue liat ini ya udah lah ya,2024-12-23 15:13:51,netral
baktiadi68,Instagram,"ga lucu, malah nyakitin hati yg jualan",2024-12-23 15:58:36,negatif
sudiatigilang,Instagram,ceramah apaan malah ngehina,2024-12-23 15:21:28,negatif
indahardianto,Instagram,"ga lucu, malah nyakitin hati yg jualan",2024-12-23 15:09:02,negatif
sakti62,Instagram,gus miftah harus minta maaf sih ini,2024-12-23 15:00:04,negatif
martana19,Instagram,waduh ini sih udah kelewat batas,2024-12-23 15:23:20,negatif
padmasariyulia,Instagram,jujurly lucu banget sih ini 😭,2024-12-23 15:20:00,positif
cakrabuanasalahudin,Instagram,gw setuju sih ama omongannya gus,2024-12-23 15:58:34,positif
bagas88,Instagram,gue liat ini ya udah lah ya,2024-12-23 15:56:29,netral
puspasaridariati,Instagram,gw setuju sih ama omongannya gus,2024-12-23 15:56:42,positif
pangestutamba,Instagram,ni gus emg ada aja kelakuannya 😂,2024-12-23 15:49:44,positif
damanikraditya,Instagram,biasa aja sih,2024-12-23 15:38:20,netral
zwacana,Instagram,hmm no comment deh,2024-12-23 15:29:29,netral
hpranowo,Instagram,"ceramahnya tetep dapet kok, relax aja guys",2024-12-23 15:42:41,positif
nainggolandaryani,Instagram,ceramah apaan malah ngehina,2024-12-23 15:04:03,negatif
rpangestu,Instagram,gw setuju sih ama omongannya gus,2024-12-23 15:38:07,positif
dabukkejamalia,Instagram,tergantung yg nonton juga sih,2024-12-23 15:01:00,netral
zprasetyo,Instagram,ga sopan bgt ngomong gitu,2024-12-23 15:04:33,negatif
slametprasetyo,Instagram,"bener juga sih, kadang netizen terlalu baper",2024-12-23 15:51:04,positif
hnashiruddin,Instagram,biar agak keras tapi niatnya baik kok,2024-12-23 15:47:12,positif
oskarfirgantoro,Instagram,gus miftah harus minta maaf sih ini,2024-12-23 15:12:10,negatif
siregarbelinda,Instagram,biasa aja sih,2024-12-23 15:55:43,netral
jakawastuti,Instagram,ni gus emg ada aja kelakuannya 😂,2024-12-23 15:46:54,positif
fhassanah,Instagram,ga sopan bgt ngomong gitu,2024-12-23 15:14:18,negatif
bhariyah,Instagram,ni gus emg ada aja kelakuannya 😂,2024-12-23 15:40:42,positif
mandasarihasan,Instagram,biasa aja sih,2024-12-23 15:22:09,netral
vera23,Instagram,"ga lucu, malah nyakitin hati yg jualan",2024-12-23 15:00:19,negatif
drajatmandala,Instagram,biasa aja sih,2024-12-23 15:10:32,netral
kbudiyanto,Instagram,gw setuju sih ama omongannya gus,2024-12-23 15:55:06,positif
pjailani,Instagram,ceramah apaan malah ngehina,2024-12-23 15:35:27,negatif
irawantugiman,Instagram,gue liat ini ya udah lah ya,2024-12-23 15:02:03,netral
darunawaluyo,Instagram,jujurly lucu banget sih ini 😭,2024-12-23 15:52:40,positif
emong68,Instagram,biar agak keras tapi niatnya baik kok,2024-12-23 15:04:31,positif
bpratiwi,Instagram,jujurly lucu banget sih ini 😭,2024-12-23 15:54:11,positif
kamariasetiawan,Instagram,masih netral aja sih gw liatnya,2024-12-23 15:18:27,netral
taliahariyah,Instagram,waduh ini sih udah kelewat batas,2024-12-23 15:00:12,negatif
puspitaana,Instagram,jujurly lucu banget sih ini 😭,2024-12-23 15:04:56,positif
lailasaridadi,Instagram,bisa2 jualan es teh jd insecure 😓,2024-12-23 15:24:44,negatif
mnuraini,Instagram,waduh ini sih udah kelewat batas,2024-12-23 15:52:35,negatif
prajata,Instagram,jujurly lucu banget sih ini 😭,2024-12-23 15:49:45,positif
yuliartiajimin,Instagram,jujurly lucu banget sih ini 😭,2024-12-23 15:58:55,positif
faridaicha,Instagram,biar agak keras tapi niatnya baik kok,2024-12-23 15:12:58,positif
dsiregar,Instagram,biasa aja sih,2024-12-23 15:33:03,netral
januarbanawi,Instagram,ni gus emg ada aja kelakuannya 😂,2024-12-23 15:39:47,positif
onovitasari,Instagram,jujurly lucu banget sih ini 😭,2024-12-23 15:30:12,positif
radenmarbun,Instagram,gus miftah harus minta maaf sih ini,2024-12-23 15:07:49,negatif
halimyoga,Instagram,waduh ini sih udah kelewat batas,2024-12-23 15:19:18,negatif
mansurcawisadi,Instagram,biasa aja sih,2024-12-23 15:21:35,netral
chelsea35,Instagram,jujurly lucu banget sih ini 😭,2024-12-23 15:13:39,positif
iswahyudiluwar,Instagram,"ga lucu, malah nyakitin hati yg jualan",2024-12-23 15:36:15,negatif
saadat15,Instagram,biasa aja sih,2024-12-23 15:21:35,netral
lantar79,Instagram,ga tau mau bilang apa,2024-12-23 15:37:52,netral
msusanti,Instagram,ceramah apaan malah ngehina,2024-12-23 15:55:24,negatif
harimurti74,Instagram,biar agak keras tapi niatnya baik kok,2024-12-23 15:12:32,positif
nataliabudiman,Instagram,gw setuju sih ama omongannya gus,2024-12-23 15:44:55,positif
rini33,Instagram,"ceramahnya tetep dapet kok, relax aja guys",2024-12-23 15:53:02,positif
vino18,Instagram,biasa aja sih,2024-12-23 15:07:42,netral
ynugroho,Instagram,biasa aja sih,2024-12-23 15:57:57,netral
fujiatiyuliana,Instagram,gus miftah harus minta maaf sih ini,2024-12-23 15:16:41,negatif
respatihalim,Instagram,ni gus emg ada aja kelakuannya 😂,2024-12-23 15:31:04,positif
prastutijanet,Instagram,hmm no comment deh,2024-12-23 15:36:19,netral
glailasari,Instagram,gue liat ini ya udah lah ya,2024-12-23 15:02:22,netral
puspaprasetyo,Instagram,gw setuju sih ama omongannya gus,2024-12-23 15:47:57,positif
aryaniempluk,Instagram,tergantung yg nonton juga sih,2024-12-23 15:03:28,netral
farah75,Instagram,gw setuju sih ama omongannya gus,2024-12-23 15:58:30,positif
unajmudin,Instagram,"ga lucu, malah nyakitin hati yg jualan",2024-12-23 15:32:06,negatif
suryonomartani,Instagram,tergantung yg nonton juga sih,2024-12-23 15:21:22,netral
prasetyo33,Instagram,ceramah apaan malah ngehina,2024-12-23 15:56:09,negatif
hariyahmarsudi,Instagram,gus miftah harus minta maaf sih ini,2024-12-23 15:37:40,negatif
mutia61,Instagram,gw setuju sih ama omongannya gus,2024-12-23 15:37:44,positif
hakimerik,Instagram,ga sopan bgt ngomong gitu,2024-12-23 15:52:51,negatif
hzulaika,Instagram,ga tau mau bilang apa,2024-12-23 15:41:45,netral
adriansyahgamblang,Instagram,ga sopan bgt ngomong gitu,2024-12-23 15:37:14,negatif
siregarmaria,Instagram,biar agak keras tapi niatnya baik kok,2024-12-23 15:10:13,positif
adityalestari,Instagram,"bener juga sih, kadang netizen terlalu baper",2024-12-23 15:09:00,positif
rahayumargana,Instagram,"ceramahnya tetep dapet kok, relax aja guys",2024-12-23 15:07:40,positif
kuswandarilalita,Instagram,ceramah apaan malah ngehina,2024-12-23 15:22:00,negatif
sitompulnasrullah,Instagram,bisa2 jualan es teh jd insecure 😓,2024-12-23 15:01:18,negatif
hana64,Instagram,jujurly lucu banget sih ini 😭,2024-12-23 15:06:04,positif
tugiman98,Instagram,masih netral aja sih gw liatnya,2024-12-23 15:29:31,netral
baktianto24,Instagram,biar agak keras tapi niatnya baik kok,2024-12-23 15:39:55,positif
putupradana,Instagram,biar agak keras tapi niatnya baik kok,2024-12-23 15:00:20,positif
inamaga,Instagram,waduh ini sih udah kelewat batas,2024-12-23 15:58:33,negatif
gantarmarbun,Instagram,ni gus emg ada aja kelakuannya 😂,2024-12-23 15:01:16,positif
zulaikavinsen,Instagram,ga tau mau bilang apa,2024-12-23 15:19:59,netral
wputra,Instagram,bisa2 jualan es teh jd insecure 😓,2024-12-23 15:36:56,negatif
lzulkarnain,Instagram,biar agak keras tapi niatnya baik kok,2024-12-23 15:12:39,positif
wahyunidina,Instagram,ga sopan bgt ngomong gitu,2024-12-23 15:24:03,negatif
tpurnawati,Instagram,biasa aja sih,2024-12-23 15:16:12,netral
vnarpati,Instagram,"bener juga sih, kadang netizen terlalu baper",2024-12-23 15:40:35,positif
nurulsantoso,Instagram,jujurly lucu banget sih ini 😭,2024-12-23 15:24:44,positif
amaheswara,Instagram,biar agak keras tapi niatnya baik kok,2024-12-23 15:17:17,positif
siregarumay,Instagram,masih netral aja sih gw liatnya,2024-12-23 15:22:43,netral
tpratiwi,Instagram,tergantung yg nonton juga sih,2024-12-23 15:02:55,netral
sitorusjaeman,Instagram,"bener juga sih, kadang netizen terlalu baper",2024-12-23 15:05:20,positif
rajasaedward,Instagram,gw setuju sih ama omongannya gus,2024-12-23 15:04:00,positif
agussirait,Instagram,masih netral aja sih gw liatnya,2024-12-23 15:40:50,netral
eman93,Instagram,"bener juga sih, kadang netizen terlalu baper",2024-12-23 15:20:43,positif
giswahyudi,Instagram,ceramah apaan malah ngehina,2024-12-23 15:37:06,negatif
sihombingmakara,Instagram,ga sopan bgt ngomong gitu,2024-12-23 15:15:07,negatif
umaykuswandari,Instagram,"ceramahnya tetep dapet kok, relax aja guys",2024-12-23 15:40:10,positif
puyainah,Instagram,ceramah apaan malah ngehina,2024-12-23 15:12:16,negatif
ibunanggriawan,Instagram,biasa aja sih,2024-12-23 15:25:35,netral
onuraini,Instagram,ni gus emg ada aja kelakuannya 😂,2024-12-23 15:30:20,positif
upermadi,Instagram,ga tau mau bilang apa,2024-12-23 15:42:57,netral
febisuryatmi,Instagram,gue liat ini ya udah lah ya,2024-12-23 15:42:25,netral
wibisonofebi,Instagram,gus miftah harus minta maaf sih ini,2024-12-23 15:24:07,negatif
gawatisitompul,Instagram,gw setuju sih ama omongannya gus,2024-12-23 15:42:04,positif
ukurniawan,Instagram,ceramah apaan malah ngehina,2024-12-23 15:02:38,negatif
dacinsitumorang,Instagram,ni gus emg ada aja kelakuannya 😂,2024-12-23 15:57:38,positif
pangesturatna,Instagram,hmm no comment deh,2024-12-23 15:06:21,netral
manahwastuti,Instagram,bisa2 jualan es teh jd insecure 😓,2024-12-23 15:46:44,negatif
thidayat,Instagram,jujurly lucu banget sih ini 😭,2024-12-23 15:48:57,positif
mandalaadiarja,Instagram,ga sopan bgt ngomong gitu,2024-12-23 15:01:36,negatif
bakimanmardhiyah,Instagram,gus miftah harus minta maaf sih ini,2024-12-23 15:49:44,negatif
lprasetya,Instagram,waduh ini sih udah kelewat batas,2024-12-23 15:31:11,negatif
afirmansyah,Instagram,jujurly lucu banget sih ini 😭,2024-12-23 15:08:46,positif
gangsa06,Instagram,gue liat ini ya udah lah ya,2024-12-23 15:23:41,netral
ibranipalastri,Instagram,ceramah apaan malah ngehina,2024-12-23 15:19:20,negatif
opan08,Instagram,biar agak keras tapi niatnya baik kok,2024-12-23 15:40:29,positif
nyomantarihoran,Instagram,"ceramahnya tetep dapet kok, relax aja guys",2024-12-23 15:36:46,positif
wusada,Instagram,"bener juga sih, kadang netizen terlalu baper",2024-12-23 15:45:28,positif
nasyiahbancar,Instagram,"bener juga sih, kadang netizen terlalu baper",2024-12-23 15:37:08,positif
ajimin77,Instagram,jujurly lucu banget sih ini 😭,2024-12-23 15:45:50,positif
agustinalaksana,Instagram,"bener juga sih, kadang netizen terlalu baper",2024-12-23 15:20:51,positif
arsipatrahidayanto,Instagram,ceramah apaan malah ngehina,2024-12-23 15:07:35,negatif
cawuk78,Instagram,tergantung yg nonton juga sih,2024-12-23 15:22:00,netral
jaswadihassanah,Instagram,"ceramahnya tetep dapet kok, relax aja guys",2024-12-23 15:18:37,positif
lasmono23,Instagram,biasa aja sih,2024-12-23 15:32:21,netral
nurainiemil,Instagram,ga sopan bgt ngomong gitu,2024-12-23 15:00:27,negatif
jthamrin,Instagram,gue liat ini ya udah lah ya,2024-12-23 15:20:36,netral
veromarpaung,Instagram,biar agak keras tapi niatnya baik kok,2024-12-23 15:03:45,positif
paramitaprasasta,Instagram,biar agak keras tapi niatnya baik kok,2024-12-23 15:36:21,positif
suartinidarsirah,Instagram,gw setuju sih ama omongannya gus,2024-12-23 15:31:05,positif
lamarprastuti,Instagram,"ga lucu, malah nyakitin hati yg jualan",2024-12-23 15:26:00,negatif
dalima80,Instagram,biasa aja sih,2024-12-23 15:15:49,netral
andrianibakianto,Instagram,biar agak keras tapi niatnya baik kok,2024-12-23 15:41:16,positif
tomisusanti,Instagram,ga tau mau bilang apa,2024-12-23 15:47:30,netral
vjailani,Instagram,gus miftah harus minta maaf sih ini,2024-12-23 15:05:55,negatif
farhunnisa50,Instagram,"bener juga sih, kadang netizen terlalu baper",2024-12-23 15:53:30,positif
sriyanti,Instagram,"ceramahnya tetep dapet kok, relax aja guys",2024-12-23 15:50:30,positif
kenarihardiansyah,Instagram,gue liat ini ya udah lah ya,2024-12-23 15:24:39,netral
firgantorogada,Instagram,"ga lucu, malah nyakitin hati yg jualan",2024-12-23 15:05:34,negatif
safitriharjo,Instagram,biar agak keras tapi niatnya baik kok,2024-12-23 15:32:35,positif
nasyiahyulia,Instagram,"ga lucu, malah nyakitin hati yg jualan",2024-12-23 15:34:24,negatif
qirawan,Instagram,gw setuju sih ama omongannya gus,2024-12-23 15:50:30,positif
firgantorotari,Instagram,ni gus emg ada aja kelakuannya 😂,2024-12-23 15:59:21,positif
sihombingprayoga,Instagram,ni gus emg ada aja kelakuannya 😂,2024-12-23 15:07:00,positif
prayitna58,Instagram,jujurly lucu banget sih ini 😭,2024-12-23 15:57:04,positif
cindy91,Instagram,hmm no comment deh,2024-12-23 15:17:39,netral
pradanauchita,Instagram,"ceramahnya tetep dapet kok, relax aja guys",2024-12-23 15:01:24,positif
mulyaniharimurti,Instagram,hmm no comment deh,2024-12-23 15:15:58,netral
kairavusada,Instagram,ga sopan bgt ngomong gitu,2024-12-23 15:13:53,negatif
ade57,Instagram,"bener juga sih, kadang netizen terlalu baper",2024-12-23 15:56:51,positif
najwasihombing,Instagram,bisa2 jualan es teh jd insecure 😓,2024-12-23 15:40:22,negatif
latikahasanah,Instagram,hmm no comment deh,2024-12-23 15:50:30,netral
ellis07,Instagram,ceramah apaan malah ngehina,2024-12-23 15:21:22,negatif
narpatiajeng,Instagram,biasa aja sih,2024-12-23 15:21:12,netral
cahyanto35,Instagram,biar agak keras tapi niatnya baik kok,2024-12-23 15:29:38,positif
nashiruddindarmanto,Instagram,"ga lucu, malah nyakitin hati yg jualan",2024-12-23 15:48:12,negatif
nhabibi,Instagram,tergantung yg nonton juga sih,2024-12-23 15:33:06,netral
prayogajessica,Instagram,gus miftah harus minta maaf sih ini,2024-12-23 15:44:52,negatif
wulandaritina,Instagram,tergantung yg nonton juga sih,2024-12-23 15:17:15,netral
ytampubolon,Instagram,ga tau mau bilang apa,2024-12-23 15:20:19,netral
calista47,Instagram,gus miftah harus minta maaf sih ini,2024-12-23 15:01:12,negatif
rini58,Instagram,masih netral aja sih gw liatnya,2024-12-23 15:46:55,netral
astutihalima,Instagram,ceramah apaan malah ngehina,2024-12-23 15:39:07,negatif
npradipta,Instagram,ga tau mau bilang apa,2024-12-23 15:35:10,netral
ikinastuti,Instagram,ni gus emg ada aja kelakuannya 😂,2024-12-23 15:09:57,positif
zhabibi,Instagram,biasa aja sih,2024-12-23 15:03:24,netral
putiwaskita,Instagram,ga sopan bgt ngomong gitu,2024-12-23 15:56:42,negatif
vinsen41,Instagram,gue liat ini ya udah lah ya,2024-12-23 15:14:27,netral
daruwastuti,Instagram,jujurly lucu banget sih ini 😭,2024-12-23 15:23:51,positif
sprasetyo,Instagram,"ga lucu, malah nyakitin hati yg jualan",2024-12-23 15:25:48,negatif
saadatsitompul,Instagram,ga tau mau bilang apa,2024-12-23 15:03:21,netral
bwinarno,Instagram,gus miftah harus minta maaf sih ini,2024-12-23 15:52:01,negatif
salsabilasiregar,Instagram,gus miftah harus minta maaf sih ini,2024-12-23 15:33:53,negatif
ella33,Instagram,hmm no comment deh,2024-12-23 15:39:23,netral
irahimah,Instagram,"ga lucu, malah nyakitin hati yg jualan",2024-12-23 15:29:01,negatif
prasetyaprabowo,Instagram,ga tau mau bilang apa,2024-12-23 15:39:47,netral
kayun75,Instagram,ga sopan bgt ngomong gitu,2024-12-23 15:54:34,negatif
hgunarto,Instagram,biar agak keras tapi niatnya baik kok,2024-12-23 15:48:13,positif
hasanahmaras,Instagram,"ga lucu, malah nyakitin hati yg jualan",2024-12-23 15:12:23,negatif
mursinin56,Instagram,"bener juga sih, kadang netizen terlalu baper",2024-12-23 15:34:15,positif
rajatarama,Instagram,gus miftah harus minta maaf sih ini,2024-12-23 15:29:37,negatif
luisnasyidah,Instagram,"ga lucu, malah nyakitin hati yg jualan",2024-12-23 15:40:01,negatif
winarsihomar,Instagram,gw setuju sih ama omongannya gus,2024-12-23 15:50:34,positif
ganda04,Instagram,gw setuju sih ama omongannya gus,2024-12-23 15:57:24,positif
indah01,Instagram,ga tau mau bilang apa,2024-12-23 15:14:54,netral
faizahardianto,Instagram,ceramah apaan malah ngehina,2024-12-23 15:13:28,negatif
puspitaqori,Instagram,masih netral aja sih gw liatnya,2024-12-23 15:20:35,netral
jayeng28,Instagram,ga sopan bgt ngomong gitu,2024-12-23 15:29:16,negatif
prayogakarta,Instagram,ga tau mau bilang apa,2024-12-23 15:09:03,netral
lantar66,Instagram,"ga lucu, malah nyakitin hati yg jualan",2024-12-23 15:05:11,negatif
yani54,Instagram,"bener juga sih, kadang netizen terlalu baper",2024-12-23 15:15:15,positif
darmanariyanti,Instagram,ceramah apaan malah ngehina,2024-12-23 15:15:12,negatif
adriansyahlanggeng,Instagram,masih netral aja sih gw liatnya,2024-12-23 15:50:13,netral
ghaliyati01,Instagram,jujurly lucu banget sih ini 😭,2024-12-23 15:34:35,positif
candrakantakuswoyo,Instagram,gw setuju sih ama omongannya gus,2024-12-23 15:54:35,positif
tfirmansyah,Instagram,masih netral aja sih gw liatnya,2024-12-23 15:19:16,netral
keisha93,Instagram,masih netral aja sih gw liatnya,2024-12-23 15:13:30,netral
patricia65,Instagram,tergantung yg nonton juga sih,2024-12-23 15:57:47,netral
sihombingjaga,Instagram,"ga lucu, malah nyakitin hati yg jualan",2024-12-23 15:12:54,negatif
xjailani,Instagram,"bener juga sih, kadang netizen terlalu baper",2024-12-23 15:05:11,positif
gadingtamba,Instagram,biasa aja sih,2024-12-23 15:12:44,netral
andrianimursita,Instagram,"bener juga sih, kadang netizen terlalu baper",2024-12-23 15:09:31,positif
mulyanidaniswara,Instagram,gus miftah harus minta maaf sih ini,2024-12-23 15:16:57,negatif
sinagavivi,Instagram,gw setuju sih ama omongannya gus,2024-12-23 15:48:42,positif
olatupono,Instagram,bisa2 jualan es teh jd insecure 😓,2024-12-23 15:53:36,negatif
cawukusamah,Instagram,ni gus emg ada aja kelakuannya 😂,2024-12-23 15:54:26,positif
rinidamanik,Instagram,gw setuju sih ama omongannya gus,2024-12-23 15:53:45,positif
ukusmawati,Instagram,ceramah apaan malah ngehina,2024-12-23 15:42:26,negatif
ega55,Instagram,"ceramahnya tetep dapet kok, relax aja guys",2024-12-23 15:10:59,positif
tugimaniswahyudi,Instagram,biasa aja sih,2024-12-23 15:51:08,netral
gaduhsaputra,Instagram,tergantung yg nonton juga sih,2024-12-23 15:34:28,netral
xlaksmiwati,Instagram,gw setuju sih ama omongannya gus,2024-12-23 15:09:26,positif
tri42,Instagram,"bener juga sih, kadang netizen terlalu baper",2024-12-23 15:29:50,positif
ilyas96,Instagram,"ceramahnya tetep dapet kok, relax aja guys",2024-12-23 15:51:24,positif
aryanisurya,Instagram,ga sopan bgt ngomong gitu,2024-12-23 15:03:01,negatif
samosirdamar,Instagram,gw setuju sih ama omongannya gus,2024-12-23 15:54:05,positif
mardhiyahvero,Instagram,jujurly lucu banget sih ini 😭,2024-12-23 15:44:40,positif
langgeng08,Instagram,hmm no comment deh,2024-12-23 15:25:09,netral
skuswoyo,Instagram,jujurly lucu banget sih ini 😭,2024-12-23 15:24:45,positif
dodo10,Instagram,gus miftah harus minta maaf sih ini,2024-12-23 15:58:19,negatif
palastrinurul,Instagram,ga sopan bgt ngomong gitu,2024-12-23 15:11:24,negatif
hdabukke,Instagram,ni gus emg ada aja kelakuannya 😂,2024-12-23 15:25:17,positif
plaksita,Instagram,biasa aja sih,2024-12-23 15:10:34,netral
niyagakuswandari,Instagram,jujurly lucu banget sih ini 😭,2024-12-23 15:03:06,positif
labuh11,Instagram,ni gus emg ada aja kelakuannya 😂,2024-12-23 15:45:26,positif
habibibakiman,Instagram,gue liat ini ya udah lah ya,2024-12-23 15:33:26,netral
rharyanti,Instagram,masih netral aja sih gw liatnya,2024-12-23 15:23:54,netral
bakda89,Instagram,"ceramahnya tetep dapet kok, relax aja guys",2024-12-23 15:03:01,positif
belindawinarsih,Instagram,hmm no comment deh,2024-12-23 15:29:20,netral
xmarbun,Instagram,ni gus emg ada aja kelakuannya 😂,2024-12-23 15:25:51,positif
cecep49,Instagram,"ceramahnya tetep dapet kok, relax aja guys",2024-12-23 15:26:43,positif
limarmandasari,Instagram,jujurly lucu banget sih ini 😭,2024-12-23 15:29:16,positif
pwaskita,Instagram,jujurly lucu banget sih ini 😭,2024-12-23 15:42:25,positif
setya83,Instagram,ceramah apaan malah ngehina,2024-12-23 15:41:50,negatif
ssihombing,Instagram,masih netral aja sih gw liatnya,2024-12-23 15:34:36,netral
fsirait,Instagram,ni gus emg ada aja kelakuannya 😂,2024-12-23 15:19:55,positif
paiman07,Instagram,gus miftah harus minta maaf sih ini,2024-12-23 15:46:52,negatif
ediwulandari,Instagram,ga tau mau bilang apa,2024-12-23 15:49:44,netral
khariyah,Instagram,masih netral aja sih gw liatnya,2024-12-23 15:27:54,netral
situmorangcornelia,Instagram,gus miftah harus minta maaf sih ini,2024-12-23 15:33:25,negatif
omarwibisono,Instagram,gw setuju sih ama omongannya gus,2024-12-23 15:56:43,positif
darijan69,Instagram,"ga lucu, malah nyakitin hati yg jualan",2024-12-23 15:41:03,negatif
bgunawan,Instagram,gus miftah harus minta maaf sih ini,2024-12-23 15:53:32,negatif
mardhiyahjaga,Instagram,masih netral aja sih gw liatnya,2024-12-23 15:55:53,netral
gandihassanah,Instagram,"ga lucu, malah nyakitin hati yg jualan",2024-12-23 15:18:40,negatif
ida06,Instagram,hmm no comment deh,2024-12-23 15:36:06,netral
mulyanidwi,Instagram,ga sopan bgt ngomong gitu,2024-12-23 15:15:38,negatif
nhalimah,Instagram,gus miftah harus minta maaf sih ini,2024-12-23 15:16:50,negatif
warsitasihombing,Instagram,waduh ini sih udah kelewat batas,2024-12-23 15:41:03,negatif
andrianitirta,Instagram,"ceramahnya tetep dapet kok, relax aja guys",2024-12-23 15:25:47,positif
rizki25,Instagram,"ga lucu, malah nyakitin hati yg jualan",2024-12-23 15:23:57,negatif
harsanapranowo,Instagram,"ga lucu, malah nyakitin hati yg jualan",2024-12-23 15:44:10,negatif
saefullahliman,Instagram,ceramah apaan malah ngehina,2024-12-23 15:40:44,negatif
jaga99,Instagram,gue liat ini ya udah lah ya,2024-12-23 15:04:14,netral
mitrasiregar,Instagram,biasa aja sih,2024-12-23 15:51:12,netral
zsitumorang,Instagram,gus miftah harus minta maaf sih ini,2024-12-23 15:20:07,negatif
janesusanti,Instagram,masih netral aja sih gw liatnya,2024-12-23 15:29:54,netral
ibrahim58,Instagram,hmm no comment deh,2024-12-23 15:33:52,netral
dodopalastri,Instagram,gw setuju sih ama omongannya gus,2024-12-23 15:09:08,positif
hendra56,Instagram,ceramah apaan malah ngehina,2024-12-23 15:21:37,negatif
ayuniar,Instagram,"bener juga sih, kadang netizen terlalu baper",2024-12-23 15:08:20,positif
latika82,Instagram,ni gus emg ada aja kelakuannya 😂,2024-12-23 15:57:57,positif
mmarpaung,Instagram,masih netral aja sih gw liatnya,2024-12-23 15:01:08,netral
rafid35,Instagram,hmm no comment deh,2024-12-23 15:41:05,netral
ciaobellanapitupulu,Instagram,jujurly lucu banget sih ini 😭,2024-12-23 15:11:27,positif
purwantonapitupulu,Instagram,hmm no comment deh,2024-12-23 15:47:20,netral
nurainidadi,Instagram,ceramah apaan malah ngehina,2024-12-23 15:25:48,negatif
vrahmawati,Instagram,"ga lucu, malah nyakitin hati yg jualan",2024-12-23 15:35:50,negatif
bpermata,Instagram,masih netral aja sih gw liatnya,2024-12-23 15:26:30,netral
jsuryono,Instagram,hmm no comment deh,2024-12-23 15:16:54,netral
laksmiwatiarta,Instagram,tergantung yg nonton juga sih,2024-12-23 15:56:44,netral
juliakuswoyo,Instagram,gue liat ini ya udah lah ya,2024-12-23 15:44:01,netral
pradanasarah,Instagram,bisa2 jualan es teh jd insecure 😓,2024-12-23 15:16:34,negatif
cutami,Instagram,waduh ini sih udah kelewat batas,2024-12-23 15:40:59,negatif
habibijaya,Instagram,gue liat ini ya udah lah ya,2024-12-23 15:50:28,netral
nurdiyantihumaira,Instagram,gus miftah harus minta maaf sih ini,2024-12-23 15:19:54,negatif
hastutioliva,Instagram,masih netral aja sih gw liatnya,2024-12-23 15:52:53,netral
galuh07,Instagram,biar agak keras tapi niatnya baik kok,2024-12-23 15:51:56,positif
lwahyudin,Instagram,biar agak keras tapi niatnya baik kok,2024-12-23 15:06:58,positif
kutami,Instagram,ceramah apaan malah ngehina,2024-12-23 15:57:38,negatif
pratamadamu,Instagram,gw setuju sih ama omongannya gus,2024-12-23 15:30:18,positif
lutama,Instagram,"ga lucu, malah nyakitin hati yg jualan",2024-12-23 15:53:47,negatif
maida85,Instagram,gw setuju sih ama omongannya gus,2024-12-23 15:02:24,positif
gunartotina,Instagram,ga tau mau bilang apa,2024-12-23 15:26:29,netral
ami51,Instagram,"ceramahnya tetep dapet kok, relax aja guys",2024-12-23 15:41:13,positif
kawacaandriani,Instagram,biar agak keras tapi niatnya baik kok,2024-12-23 15:48:02,positif
anggrainiluthfi,Instagram,biar agak keras tapi niatnya baik kok,2024-12-23 15:36:59,positif
marwatawibowo,Instagram,gue liat ini ya udah lah ya,2024-12-23 15:49:47,netral
ira40,Instagram,bisa2 jualan es teh jd insecure 😓,2024-12-23 15:45:45,negatif
endra18,Instagram,biasa aja sih,2024-12-23 15:46:45,netral
hildahardiansyah,Instagram,waduh ini sih udah kelewat batas,2024-12-23 15:08:28,negatif
simonnashiruddin,Instagram,masih netral aja sih gw liatnya,2024-12-23 15:51:11,netral
azalea55,Instagram,gw setuju sih ama omongannya gus,2024-12-23 15:52:48,positif
jagaragasitompul,Instagram,gue liat ini ya udah lah ya,2024-12-23 15:13:40,netral
wasitazalindra,Instagram,tergantung yg nonton juga sih,2024-12-23 15:41:45,netral
jaiman06,Instagram,waduh ini sih udah kelewat batas,2024-12-23 15:29:04,negatif
anggriawanmahdi,Instagram,waduh ini sih udah kelewat batas,2024-12-23 15:46:52,negatif
astutivivi,Instagram,"ceramahnya tetep dapet kok, relax aja guys",2024-12-23 15:12:31,positif
elma54,Instagram,masih netral aja sih gw liatnya,2024-12-23 15:48:18,netral
balamantriprasasta,Instagram,jujurly lucu banget sih ini 😭,2024-12-23 15:01:05,positif
daryanilaksita,Instagram,ga tau mau bilang apa,2024-12-23 15:44:58,netral
vera58,Instagram,"ga lucu, malah nyakitin hati yg jualan",2024-12-23 15:35:00,negatif
puti46,Instagram,"bener juga sih, kadang netizen terlalu baper",2024-12-23 15:27:55,positif
ewaskita,Instagram,gus miftah harus minta maaf sih ini,2024-12-23 15:06:07,negatif
ianrajasa,Instagram,biar agak keras tapi niatnya baik kok,2024-12-23 15:11:01,positif
satya93,Instagram,ga sopan bgt ngomong gitu,2024-12-23 15:10:10,negatif
cakrawala00,Instagram,gue liat ini ya udah lah ya,2024-12-23 15:18:37,netral
gaduhsafitri,Instagram,gus miftah harus minta maaf sih ini,2024-12-23 15:06:43,negatif
tugimanrahayu,Instagram,gw setuju sih ama omongannya gus,2024-12-23 15:58:55,positif
zelayatampubolon,Instagram,bisa2 jualan es teh jd insecure 😓,2024-12-23 15:22:40,negatif
mulyonosuryatmi,Instagram,jujurly lucu banget sih ini 😭,2024-12-23 15:01:55,positif
legasuryono,Instagram,"bener juga sih, kadang netizen terlalu baper",2024-12-23 15:20:49,positif
dirjasafitri,Instagram,bisa2 jualan es teh jd insecure 😓,2024-12-23 15:26:45,negatif
wasitajaiman,Instagram,gw setuju sih ama omongannya gus,2024-12-23 15:26:25,positif
prasastagalih,Instagram,waduh ini sih udah kelewat batas,2024-12-23 15:07:18,negatif
ida50,Instagram,"bener juga sih, kadang netizen terlalu baper",2024-12-23 15:18:16,positif
clara13,Instagram,gus miftah harus minta maaf sih ini,2024-12-23 15:55:16,negatif
xuwais,Instagram,"ceramahnya tetep dapet kok, relax aja guys",2024-12-23 15:32:56,positif
jatiwinarsih,Instagram,gw setuju sih ama omongannya gus,2024-12-23 15:00:05,positif
santososamiah,Instagram,hmm no comment deh,2024-12-23 15:56:42,netral
galur14,Instagram,masih netral aja sih gw liatnya,2024-12-23 15:33:02,netral
tdamanik,Instagram,"ga lucu, malah nyakitin hati yg jualan",2024-12-23 15:53:52,negatif
nwasita,Instagram,"ceramahnya tetep dapet kok, relax aja guys",2024-12-23 15:50:59,positif
prabuwastuti,Instagram,ni gus emg ada aja kelakuannya 😂,2024-12-23 15:27:54,positif
uyainahcapa,Instagram,ga tau mau bilang apa,2024-12-23 15:02:05,netral
hassanahsabrina,Instagram,hmm no comment deh,2024-12-23 15:23:53,netral
ivan12,Instagram,masih netral aja sih gw liatnya,2024-12-23 15:16:07,netral
limanlailasari,Instagram,tergantung yg nonton juga sih,2024-12-23 15:28:35,netral
rwastuti,Instagram,"ga lucu, malah nyakitin hati yg jualan",2024-12-23 15:31:36,negatif
queenyuliarti,Instagram,gw setuju sih ama omongannya gus,2024-12-23 15:06:47,positif
jayadiusada,Instagram,gus miftah harus minta maaf sih ini,2024-12-23 15:15:50,negatif
hsihombing,Instagram,ceramah apaan malah ngehina,2024-12-23 15:09:39,negatif
hhandayani,Instagram,gus miftah harus minta maaf sih ini,2024-12-23 15:32:48,negatif
jaeman19,Instagram,hmm no comment deh,2024-12-23 15:50:17,netral
qanggriawan,Instagram,waduh ini sih udah kelewat batas,2024-12-23 15:45:18,negatif
kyolanda,Instagram,gw setuju sih ama omongannya gus,2024-12-23 15:00:35,positif
setiawanrizki,Instagram,biasa aja sih,2024-12-23 15:16:17,netral
voktaviani,Instagram,ceramah apaan malah ngehina,2024-12-23 15:34:04,negatif
vinsenputra,Instagram,"ceramahnya tetep dapet kok, relax aja guys",2024-12-23 15:45:42,positif
fitrianisimanjuntak,Instagram,"ceramahnya tetep dapet kok, relax aja guys",2024-12-23 15:51:26,positif
rastuti,Instagram,bisa2 jualan es teh jd insecure 😓,2024-12-23 15:00:15,negatif
wulanprasasta,Instagram,hmm no comment deh,2024-12-23 15:30:00,netral
fmahendra,Instagram,"bener juga sih, kadang netizen terlalu baper",2024-12-23 15:21:30,positif
ayu81,Instagram,biasa aja sih,2024-12-23 15:40:44,netral
pmanullang,Instagram,masih netral aja sih gw liatnya,2024-12-23 15:44:23,netral
safina05,Instagram,hmm no comment deh,2024-12-23 15:48:41,netral
prahmawati,Instagram,hmm no comment deh,2024-12-23 15:19:29,netral
gangsasinaga,Instagram,tergantung yg nonton juga sih,2024-12-23 15:18:31,netral
yaryani,Instagram,gw setuju sih ama omongannya gus,2024-12-23 15:48:43,positif
situmorangwarji,Instagram,"ga lucu, malah nyakitin hati yg jualan",2024-12-23 15:09:20,negatif
okuswoyo,Instagram,tergantung yg nonton juga sih,2024-12-23 15:48:37,netral
irnanto12,Instagram,bisa2 jualan es teh jd insecure 😓,2024-12-23 15:32:45,negatif
mahmudusada,Instagram,tergantung yg nonton juga sih,2024-12-23 15:40:30,netral
wahyudinkariman,Instagram,ga sopan bgt ngomong gitu,2024-12-23 15:01:54,negatif
suwarnoatma,Instagram,tergantung yg nonton juga sih,2024-12-23 15:14:18,netral
oktavianixanana,Instagram,bisa2 jualan es teh jd insecure 😓,2024-12-23 15:19:19,negatif
rachelwastuti,Instagram,ga tau mau bilang apa,2024-12-23 15:10:01,netral
atmaastuti,Instagram,jujurly lucu banget sih ini 😭,2024-12-23 15:00:05,positif
rahmawatisyahrini,Instagram,ga tau mau bilang apa,2024-12-23 15:52:14,netral
kusmawatiendah,Instagram,"ga lucu, malah nyakitin hati yg jualan",2024-12-23 15:31:11,negatif
salsabila94,Instagram,bisa2 jualan es teh jd insecure 😓,2024-12-23 15:02:43,negatif
salahudinnardi,Instagram,waduh ini sih udah kelewat batas,2024-12-23 15:23:05,negatif
budimanjatmiko,Instagram,waduh ini sih udah kelewat batas,2024-12-23 15:01:45,negatif
tnugroho,Instagram,bisa2 jualan es teh jd insecure 😓,2024-12-23 15:21:47,negatif
ega05,Instagram,jujurly lucu banget sih ini 😭,2024-12-23 15:46:51,positif
asinaga,Instagram,"ga lucu, malah nyakitin hati yg jualan",2024-12-23 15:11:24,negatif
fzulaika,Instagram,ga tau mau bilang apa,2024-12-23 15:03:19,netral
wahyunireksa,Instagram,hmm no comment deh,2024-12-23 15:09:30,netral
caryani,Instagram,bisa2 jualan es teh jd insecure 😓,2024-12-23 15:46:22,negatif
paramitasuwarno,Instagram,"ceramahnya tetep dapet kok, relax aja guys",2024-12-23 15:31:48,positif
rahimahjaiman,Instagram,ga sopan bgt ngomong gitu,2024-12-23 15:52:03,negatif
rikajailani,Instagram,biasa aja sih,2024-12-23 15:38:28,netral
pratiwibalamantri,Instagram,ni gus emg ada aja kelakuannya 😂,2024-12-23 15:26:35,positif
twulandari,Instagram,"ga lucu, malah nyakitin hati yg jualan",2024-12-23 15:38:05,negatif
pmardhiyah,Instagram,gue liat ini ya udah lah ya,2024-12-23 15:57:18,netral
cemeti79,Instagram,biar agak keras tapi niatnya baik kok,2024-12-23 15:57:06,positif
pudjiastutiasmuni,Instagram,hmm no comment deh,2024-12-23 15:27:57,netral
efarida,Instagram,waduh ini sih udah kelewat batas,2024-12-23 15:58:28,negatif
marbundasa,Instagram,biar agak keras tapi niatnya baik kok,2024-12-23 15:46:03,positif
mulyaniharja,Instagram,jujurly lucu banget sih ini 😭,2024-12-23 15:49:03,positif
jarwa71,Instagram,tergantung yg nonton juga sih,2024-12-23 15:10:26,netral
tnurdiyanti,Instagram,tergantung yg nonton juga sih,2024-12-23 15:20:01,netral
iswahyudinardi,Instagram,"bener juga sih, kadang netizen terlalu baper",2024-12-23 15:42:14,positif
dodo64,Instagram,ni gus emg ada aja kelakuannya 😂,2024-12-23 15:44:14,positif
esihotang,Instagram,jujurly lucu banget sih ini 😭,2024-12-23 15:56:27,positif
elvin88,Instagram,ga tau mau bilang apa,2024-12-23 15:07:23,netral
ibrahim65,Instagram,gus miftah harus minta maaf sih ini,2024-12-23 15:03:34,negatif
mansurasman,Instagram,gw setuju sih ama omongannya gus,2024-12-23 15:07:21,positif
qnugroho,Instagram,biasa aja sih,2024-12-23 15:47:22,netral
lailasaribella,Instagram,biar agak keras tapi niatnya baik kok,2024-12-23 15:02:15,positif
prabuiswahyudi,Instagram,tergantung yg nonton juga sih,2024-12-23 15:30:12,netral
atmajanajmudin,Instagram,biar agak keras tapi niatnya baik kok,2024-12-23 15:19:17,positif
gandaadriansyah,Instagram,biar agak keras tapi niatnya baik kok,2024-12-23 15:49:41,positif
novitasarijaga,Instagram,bisa2 jualan es teh jd insecure 😓,2024-12-23 15:58:00,negatif
sihotangolivia,Instagram,biasa aja sih,2024-12-23 15:08:58,netral
lailasarikardi,Instagram,hmm no comment deh,2024-12-23 15:08:02,netral
sihotangcaraka,Instagram,gus miftah harus minta maaf sih ini,2024-12-23 15:43:52,negatif
wasitaestiono,Instagram,biar agak keras tapi niatnya baik kok,2024-12-23 15:19:55,positif
lastuti,Instagram,"ga lucu, malah nyakitin hati yg jualan",2024-12-23 15:38:51,negatif
harjasasitompul,Instagram,"ceramahnya tetep dapet kok, relax aja guys",2024-12-23 15:24:45,positif
natsirirma,Instagram,ga tau mau bilang apa,2024-12-23 15:08:03,netral
wani59,Instagram,"ceramahnya tetep dapet kok, relax aja guys",2024-12-23 15:30:48,positif
puspasaridodo,Instagram,waduh ini sih udah kelewat batas,2024-12-23 15:57:39,negatif
mnugroho,Instagram,masih netral aja sih gw liatnya,2024-12-23 15:24:39,netral
wawan71,Instagram,ga tau mau bilang apa,2024-12-23 15:02:22,netral
vino77,Instagram,masih netral aja sih gw liatnya,2024-12-23 15:10:23,netral
lrajata,Instagram,gw setuju sih ama omongannya gus,2024-12-23 15:38:42,positif
suwarnokardi,Instagram,ceramah apaan malah ngehina,2024-12-23 15:17:38,negatif
fsalahudin,Instagram,hmm no comment deh,2024-12-23 15:28:03,netral
mahendraikin,Instagram,"bener juga sih, kadang netizen terlalu baper",2024-12-23 15:27:29,positif
marsudi39,Instagram,biar agak keras tapi niatnya baik kok,2024-12-23 15:28:25,positif
mahmud48,Instagram,ga sopan bgt ngomong gitu,2024-12-23 15:37:47,negatif
maryadiharimurti,Instagram,tergantung yg nonton juga sih,2024-12-23 15:06:10,netral
vickywaskita,Instagram,gw setuju sih ama omongannya gus,2024-12-23 15:58:49,positif
dsimbolon,Instagram,jujurly lucu banget sih ini 😭,2024-12-23 15:19:57,positif
yaninurdiyanti,Instagram,hmm no comment deh,2024-12-23 15:43:31,netral
hasimnainggolan,Instagram,tergantung yg nonton juga sih,2024-12-23 15:26:12,netral
hardiansyahprabowo,Instagram,"ceramahnya tetep dapet kok, relax aja guys",2024-12-23 15:40:37,positif
baktiono72,Instagram,"ga lucu, malah nyakitin hati yg jualan",2024-12-23 15:14:18,negatif
farahsiregar,Instagram,"ga lucu, malah nyakitin hati yg jualan",2024-12-23 15:05:06,negatif
xmangunsong,Instagram,"ga lucu, malah nyakitin hati yg jualan",2024-12-23 15:09:53,negatif
thalim,Instagram,gw setuju sih ama omongannya gus,2024-12-23 15:28:56,positif
wastuti,Instagram,gue liat ini ya udah lah ya,2024-12-23 15:20:30,netral
indahrajata,Instagram,ceramah apaan malah ngehina,2024-12-23 15:45:06,negatif
jfarida,Instagram,hmm no comment deh,2024-12-23 15:26:48,netral
galarmaheswara,Instagram,hmm no comment deh,2024-12-23 15:48:44,netral
pratamalamar,Instagram,ni gus emg ada aja kelakuannya 😂,2024-12-23 15:49:34,positif
asmuni67,Instagram,ceramah apaan malah ngehina,2024-12-23 15:27:12,negatif
mursitahalimah,Instagram,ni gus emg ada aja kelakuannya 😂,2024-12-23 15:53:41,positif
koko07,Instagram,bisa2 jualan es teh jd insecure 😓,2024-12-23 15:07:24,negatif
legasimanjuntak,Instagram,ceramah apaan malah ngehina,2024-12-23 15:57:43,negatif
usadaida,Instagram,hmm no comment deh,2024-12-23 15:22:48,netral
kuntharathamrin,Instagram,gw setuju sih ama omongannya gus,2024-12-23 15:52:09,positif
dadi24,Instagram,ceramah apaan malah ngehina,2024-12-23 15:15:24,negatif
balapatisuartini,Instagram,tergantung yg nonton juga sih,2024-12-23 15:41:01,netral
milasitompul,Instagram,biar agak keras tapi niatnya baik kok,2024-12-23 15:02:09,positif
nashiruddinviktor,Instagram,ga tau mau bilang apa,2024-12-23 15:57:44,netral
qsamosir,Instagram,hmm no comment deh,2024-12-23 15:41:58,netral
dabukkehani,Instagram,"ga lucu, malah nyakitin hati yg jualan",2024-12-23 15:28:09,negatif
viktor68,Instagram,biar agak keras tapi niatnya baik kok,2024-12-23 15:31:13,positif
budimanzaenab,Instagram,gus miftah harus minta maaf sih ini,2024-12-23 15:06:36,negatif
mangunsongkiandra,Instagram,ni gus emg ada aja kelakuannya 😂,2024-12-23 15:27:56,positif
wahyunilembah,Instagram,bisa2 jualan es teh jd insecure 😓,2024-12-23 15:27:13,negatif
cmarbun,Instagram,"bener juga sih, kadang netizen terlalu baper",2024-12-23 15:19:03,positif
emandala,Instagram,masih netral aja sih gw liatnya,2024-12-23 15:05:05,netral
usadareza,Instagram,tergantung yg nonton juga sih,2024-12-23 15:51:34,netral
jaeman04,Instagram,gw setuju sih ama omongannya gus,2024-12-23 15:20:22,positif
prasetyo12,Instagram,biar agak keras tapi niatnya baik kok,2024-12-23 15:05:20,positif
pangestucagak,Instagram,"bener juga sih, kadang netizen terlalu baper",2024-12-23 15:44:06,positif
panduprabowo,Instagram,biar agak keras tapi niatnya baik kok,2024-12-23 15:59:01,positif
zwaluyo,Instagram,gw setuju sih ama omongannya gus,2024-12-23 15:12:23,positif
wpangestu,Instagram,tergantung yg nonton juga sih,2024-12-23 15:07:50,netral
lembah03,Instagram,waduh ini sih udah kelewat batas,2024-12-23 15:41:12,negatif
rahmi93,Instagram,"bener juga sih, kadang netizen terlalu baper",2024-12-23 15:36:41,positif
heryanto30,Instagram,"bener juga sih, kadang netizen terlalu baper",2024-12-23 15:02:46,positif
sakurasuryatmi,Instagram,gw setuju sih ama omongannya gus,2024-12-23 15:42:16,positif
ajengsamosir,Instagram,waduh ini sih udah kelewat batas,2024-12-23 15:27:31,negatif
gamantosihotang,Instagram,gw setuju sih ama omongannya gus,2024-12-23 15:25:32,positif
januarhairyanto,Instagram,"bener juga sih, kadang netizen terlalu baper",2024-12-23 15:49:10,positif
gatra28,Instagram,ceramah apaan malah ngehina,2024-12-23 15:47:34,negatif
vicky37,Instagram,hmm no comment deh,2024-12-23 15:58:42,netral
purwadijanuar,Instagram,ceramah apaan malah ngehina,2024-12-23 15:58:31,negatif
tambafarhunnisa,Instagram,waduh ini sih udah kelewat batas,2024-12-23 15:02:14,negatif
gunartoprayoga,Instagram,ceramah apaan malah ngehina,2024-12-23 15:17:55,negatif
marpaungjaiman,Instagram,ceramah apaan malah ngehina,2024-12-23 15:43:30,negatif
karenkusmawati,Instagram,ceramah apaan malah ngehina,2024-12-23 15:30:32,negatif
ayugunawan,Instagram,biasa aja sih,2024-12-23 15:08:27,netral
dirjapratama,Instagram,biasa aja sih,2024-12-23 15:07:17,netral
agnes37,Instagram,gus miftah harus minta maaf sih ini,2024-12-23 15:44:15,negatif
nataliahabibi,Instagram,biasa aja sih,2024-12-23 15:12:08,netral
teddysitompul,Instagram,"ceramahnya tetep dapet kok, relax aja guys",2024-12-23 15:00:58,positif
yani75,Instagram,biasa aja sih,2024-12-23 15:30:09,netral
karimansaefullah,Instagram,tergantung yg nonton juga sih,2024-12-23 15:53:07,netral
lwaskita,Instagram,gue liat ini ya udah lah ya,2024-12-23 15:07:25,netral
labuhjanuar,Instagram,masih netral aja sih gw liatnya,2024-12-23 15:23:17,netral
irianawasita,Instagram,tergantung yg nonton juga sih,2024-12-23 15:27:27,netral
setyasaputra,Instagram,waduh ini sih udah kelewat batas,2024-12-23 15:12:46,negatif
galak82,Instagram,ga sopan bgt ngomong gitu,2024-12-23 15:05:52,negatif
jprasasta,Instagram,bisa2 jualan es teh jd insecure 😓,2024-12-23 15:41:00,negatif
nurdiyantigarda,Instagram,"bener juga sih, kadang netizen terlalu baper",2024-12-23 15:15:03,positif
sabri47,Instagram,biar agak keras tapi niatnya baik kok,2024-12-23 15:02:00,positif
gandimelani,Instagram,bisa2 jualan es teh jd insecure 😓,2024-12-23 15:09:50,negatif
qnuraini,Instagram,gue liat ini ya udah lah ya,2024-12-23 15:59:41,netral
suartiniindra,Instagram,tergantung yg nonton juga sih,2024-12-23 15:42:23,netral
dwacana,Instagram,waduh ini sih udah kelewat batas,2024-12-23 15:11:22,negatif
banawitarihoran,Instagram,"ga lucu, malah nyakitin hati yg jualan",2024-12-23 15:02:47,negatif
agustinakarimah,Instagram,jujurly lucu banget sih ini 😭,2024-12-23 15:34:58,positif
yuniaremin,Instagram,bisa2 jualan es teh jd insecure 😓,2024-12-23 15:34:17,negatif
marwata84,Instagram,ceramah apaan malah ngehina,2024-12-23 15:37:21,negatif
gaimandongoran,Instagram,waduh ini sih udah kelewat batas,2024-12-23 15:47:29,negatif
catur14,Instagram,biar agak keras tapi niatnya baik kok,2024-12-23 15:51:00,positif
tkurniawan,Instagram,ni gus emg ada aja kelakuannya 😂,2024-12-23 15:27:56,positif
wijayantisakti,Instagram,ni gus emg ada aja kelakuannya 😂,2024-12-23 15:02:46,positif
prasetyazaenab,Instagram,"ceramahnya tetep dapet kok, relax aja guys",2024-12-23 15:32:13,positif
yunimarbun,Instagram,ga tau mau bilang apa,2024-12-23 15:11:42,netral
harsanto94,Instagram,masih netral aja sih gw liatnya,2024-12-23 15:46:53,netral
psetiawan,Instagram,ga sopan bgt ngomong gitu,2024-12-23 15:47:01,negatif
cemeti33,Instagram,bisa2 jualan es teh jd insecure 😓,2024-12-23 15:54:15,negatif
ozyrahmawati,Instagram,ga sopan bgt ngomong gitu,2024-12-23 15:54:12,negatif
rahmawatijelita,Instagram,gw setuju sih ama omongannya gus,2024-12-23 15:00:26,positif
yuliartiraden,Instagram,gue liat ini ya udah lah ya,2024-12-23 15:39:50,netral
yuniarsaka,Instagram,waduh ini sih udah kelewat batas,2024-12-23 15:24:55,negatif
prastutitirta,Instagram,jujurly lucu banget sih ini 😭,2024-12-23 15:27:01,positif
restuprakasa,Instagram,jujurly lucu banget sih ini 😭,2024-12-23 15:39:23,positif
ajeng17,Instagram,hmm no comment deh,2024-12-23 15:49:41,netral
fandriani,Instagram,"ga lucu, malah nyakitin hati yg jualan",2024-12-23 15:01:49,negatif
osetiawan,Instagram,biar agak keras tapi niatnya baik kok,2024-12-23 15:47:32,positif
bmansur,Instagram,gw setuju sih ama omongannya gus,2024-12-23 15:56:00,positif
kusumarahmawati,Instagram,biar agak keras tapi niatnya baik kok,2024-12-23 15:25:36,positif
rizki92,Instagram,"ga lucu, malah nyakitin hati yg jualan",2024-12-23 15:50:02,negatif
zhandayani,Instagram,bisa2 jualan es teh jd insecure 😓,2024-12-23 15:23:04,negatif
blazuardi,Instagram,ga tau mau bilang apa,2024-12-23 15:45:42,netral
nadiawaskita,Instagram,"ga lucu, malah nyakitin hati yg jualan",2024-12-23 15:17:16,negatif
putrajamalia,Instagram,gw setuju sih ama omongannya gus,2024-12-23 15:31:03,positif
aryaniridwan,Instagram,ni gus emg ada aja kelakuannya 😂,2024-12-23 15:22:02,positif
laraspranowo,Instagram,masih netral aja sih gw liatnya,2024-12-23 15:50:44,netral
zhutagalung,Instagram,"ceramahnya tetep dapet kok, relax aja guys",2024-12-23 15:29:37,positif
oktavianinova,Instagram,"ceramahnya tetep dapet kok, relax aja guys",2024-12-23 15:56:11,positif
glestari,Instagram,waduh ini sih udah kelewat batas,2024-12-23 15:41:03,negatif
umayahidayanto,Instagram,"ceramahnya tetep dapet kok, relax aja guys",2024-12-23 15:53:28,positif
mhalim,Instagram,gus miftah harus minta maaf sih ini,2024-12-23 15:38:12,negatif
ellasuwarno,Instagram,ceramah apaan malah ngehina,2024-12-23 15:07:18,negatif
yulianamustofa,Instagram,biar agak keras tapi niatnya baik kok,2024-12-23 15:08:15,positif
maryadiraden,Instagram,waduh ini sih udah kelewat batas,2024-12-23 15:37:43,negatif
melanigading,Instagram,"bener juga sih, kadang netizen terlalu baper",2024-12-23 15:06:05,positif
nuyainah,Instagram,biar agak keras tapi niatnya baik kok,2024-12-23 15:57:12,positif
gandimanullang,Instagram,masih netral aja sih gw liatnya,2024-12-23 15:20:12,netral
kkuswoyo,Instagram,gus miftah harus minta maaf sih ini,2024-12-23 15:51:57,negatif
keisha44,Instagram,ceramah apaan malah ngehina,2024-12-23 15:05:35,negatif
jaeman11,Instagram,tergantung yg nonton juga sih,2024-12-23 15:02:11,netral
dian36,Instagram,ceramah apaan malah ngehina,2024-12-23 15:27:52,negatif
yuliantisilvia,Instagram,gw setuju sih ama omongannya gus,2024-12-23 15:25:34,positif
qpradipta,Instagram,gw setuju sih ama omongannya gus,2024-12-23 15:57:39,positif
jnovitasari,Instagram,masih netral aja sih gw liatnya,2024-12-23 15:04:45,netral
emilsaefullah,Instagram,bisa2 jualan es teh jd insecure 😓,2024-12-23 15:49:51,negatif
harjayawijayanti,Instagram,ceramah apaan malah ngehina,2024-12-23 15:08:09,negatif
fujiatiadhiarja,Instagram,gw setuju sih ama omongannya gus,2024-12-23 15:56:00,positif
saragihjagaraga,Instagram,gw setuju sih ama omongannya gus,2024-12-23 15:47:26,positif
tambarusman,Instagram,"bener juga sih, kadang netizen terlalu baper",2024-12-23 15:37:23,positif
eva78,Instagram,tergantung yg nonton juga sih,2024-12-23 15:08:02,netral
asirait,Instagram,"ga lucu, malah nyakitin hati yg jualan",2024-12-23 15:48:53,negatif
marbunzalindra,Instagram,gue liat ini ya udah lah ya,2024-12-23 15:42:03,netral
tirapratiwi,Instagram,jujurly lucu banget sih ini 😭,2024-12-23 15:56:03,positif
maryanto99,Instagram,jujurly lucu banget sih ini 😭,2024-12-23 15:52:45,positif
psihombing,Instagram,gw setuju sih ama omongannya gus,2024-12-23 15:45:56,positif
nasyidahwasis,Instagram,ga tau mau bilang apa,2024-12-23 15:12:55,netral
andrianilurhur,Instagram,jujurly lucu banget sih ini 😭,2024-12-23 15:28:25,positif
cutama,Instagram,jujurly lucu banget sih ini 😭,2024-12-23 15:31:26,positif
prasastanasrullah,Instagram,ga sopan bgt ngomong gitu,2024-12-23 15:05:40,negatif
jati83,Instagram,"ceramahnya tetep dapet kok, relax aja guys",2024-12-23 15:02:23,positif
sagustina,Instagram,"ga lucu, malah nyakitin hati yg jualan",2024-12-23 15:16:06,negatif
hardana35,Instagram,"ceramahnya tetep dapet kok, relax aja guys",2024-12-23 15:24:47,positif
riyantisabar,Instagram,ni gus emg ada aja kelakuannya 😂,2024-12-23 15:09:34,positif
mayasaricalista,Instagram,hmm no comment deh,2024-12-23 15:38:31,netral
intanfirmansyah,Instagram,hmm no comment deh,2024-12-23 15:31:04,netral
prayitnasuryatmi,Instagram,"ga lucu, malah nyakitin hati yg jualan",2024-12-23 15:02:31,negatif
cmaryati,Instagram,ga sopan bgt ngomong gitu,2024-12-23 15:10:44,negatif
victoriawaluyo,Instagram,gue liat ini ya udah lah ya,2024-12-23 15:39:00,netral
htamba,Instagram,"bener juga sih, kadang netizen terlalu baper",2024-12-23 15:18:40,positif
hardana31,Instagram,ga tau mau bilang apa,2024-12-23 15:00:22,netral
jane34,Instagram,ni gus emg ada aja kelakuannya 😂,2024-12-23 15:45:06,positif
artalaksita,Instagram,"bener juga sih, kadang netizen terlalu baper",2024-12-23 15:28:13,positif
kamilalailasari,Instagram,ni gus emg ada aja kelakuannya 😂,2024-12-23 15:56:39,positif
darmanto44,Instagram,bisa2 jualan es teh jd insecure 😓,2024-12-23 15:20:54,negatif
enuraini,Instagram,gw setuju sih ama omongannya gus,2024-12-23 15:48:47,positif
pwastuti,Instagram,waduh ini sih udah kelewat batas,2024-12-23 15:24:47,negatif
ganda46,Instagram,ceramah apaan malah ngehina,2024-12-23 15:34:35,negatif
aswanisaragih,Instagram,masih netral aja sih gw liatnya,2024-12-23 15:53:40,netral
fhasanah,Instagram,jujurly lucu banget sih ini 😭,2024-12-23 15:32:30,positif
makutasiregar,Instagram,waduh ini sih udah kelewat batas,2024-12-23 15:34:20,negatif
lembahgunawan,Instagram,gw setuju sih ama omongannya gus,2024-12-23 15:16:30,positif
purwamarpaung,Instagram,bisa2 jualan es teh jd insecure 😓,2024-12-23 15:16:24,negatif
sidiqpranowo,Instagram,biar agak keras tapi niatnya baik kok,2024-12-23 15:01:53,positif
anggriawantomi,Instagram,ni gus emg ada aja kelakuannya 😂,2024-12-23 15:34:44,positif
wira92,Instagram,ga sopan bgt ngomong gitu,2024-12-23 15:23:02,negatif
firmansyahrachel,Instagram,ceramah apaan malah ngehina,2024-12-23 15:52:52,negatif
zaenabmandasari,Instagram,biar agak keras tapi niatnya baik kok,2024-12-23 15:08:06,positif
megantarairiana,Instagram,gue liat ini ya udah lah ya,2024-12-23 15:30:33,netral
endahardianto,Instagram,hmm no comment deh,2024-12-23 15:10:31,netral
firgantoroempluk,Instagram,ga tau mau bilang apa,2024-12-23 15:56:36,netral
nhutasoit,Instagram,"bener juga sih, kadang netizen terlalu baper",2024-12-23 15:09:59,positif
yuniarkamaria,Instagram,jujurly lucu banget sih ini 😭,2024-12-23 15:11:44,positif
rpalastri,Instagram,ni gus emg ada aja kelakuannya 😂,2024-12-23 15:50:17,positif
puspitaemas,Instagram,gus miftah harus minta maaf sih ini,2024-12-23 15:30:45,negatif
unugroho,Instagram,tergantung yg nonton juga sih,2024-12-23 15:26:20,netral
fpuspita,Instagram,ga tau mau bilang apa,2024-12-23 15:19:59,netral
hafshahnugroho,Instagram,biar agak keras tapi niatnya baik kok,2024-12-23 15:56:21,positif
citra21,Instagram,biar agak keras tapi niatnya baik kok,2024-12-23 15:15:55,positif
yuliarticici,Instagram,ceramah apaan malah ngehina,2024-12-23 15:59:37,negatif
hassanahkenes,Instagram,gue liat ini ya udah lah ya,2024-12-23 15:53:18,netral
emilmulyani,Instagram,hmm no comment deh,2024-12-23 15:53:37,netral
kuswandariyuliana,Instagram,bisa2 jualan es teh jd insecure 😓,2024-12-23 15:08:45,negatif
pratamahafshah,Instagram,"ceramahnya tetep dapet kok, relax aja guys",2024-12-23 15:08:54,positif
busada,Instagram,"ga lucu, malah nyakitin hati yg jualan",2024-12-23 15:27:37,negatif
wagemardhiyah,Instagram,biasa aja sih,2024-12-23 15:01:05,netral
oskar23,Instagram,biasa aja sih,2024-12-23 15:32:06,netral
sinagasalimah,Instagram,"ceramahnya tetep dapet kok, relax aja guys",2024-12-23 15:12:58,positif
hartodamanik,Instagram,biasa aja sih,2024-12-23 15:48:01,netral
bagas29,Instagram,gus miftah harus minta maaf sih ini,2024-12-23 15:16:48,negatif
cpratama,Instagram,biasa aja sih,2024-12-23 15:18:00,netral
pmaryadi,Instagram,"bener juga sih, kadang netizen terlalu baper",2024-12-23 15:47:11,positif
hamima19,Instagram,gue liat ini ya udah lah ya,2024-12-23 15:48:38,netral
wartasuwarno,Instagram,"ga lucu, malah nyakitin hati yg jualan",2024-12-23 15:41:42,negatif
tantri20,Instagram,hmm no comment deh,2024-12-23 15:14:42,netral
damartarihoran,Instagram,"bener juga sih, kadang netizen terlalu baper",2024-12-23 15:31:38,positif
thidayanto,Instagram,"ga lucu, malah nyakitin hati yg jualan",2024-12-23 15:17:24,negatif
yulia74,Instagram,hmm no comment deh,2024-12-23 15:48:58,netral
jarwadi14,Instagram,"bener juga sih, kadang netizen terlalu baper",2024-12-23 15:37:06,positif
radityahariyah,Instagram,waduh ini sih udah kelewat batas,2024-12-23 15:28:32,negatif
haryantoanita,Instagram,ceramah apaan malah ngehina,2024-12-23 15:15:17,negatif
garang50,Instagram,tergantung yg nonton juga sih,2024-12-23 15:47:50,netral
lidya75,Instagram,jujurly lucu banget sih ini 😭,2024-12-23 15:44:02,positif
catur32,Instagram,ga sopan bgt ngomong gitu,2024-12-23 15:44:44,negatif
widodokiandra,Instagram,gus miftah harus minta maaf sih ini,2024-12-23 15:58:11,negatif
latuponoprabu,Instagram,ga tau mau bilang apa,2024-12-23 15:24:57,netral
bagya54,Instagram,tergantung yg nonton juga sih,2024-12-23 15:38:00,netral
kardi74,Instagram,biasa aja sih,2024-12-23 15:35:25,netral
rina88,Instagram,biar agak keras tapi niatnya baik kok,2024-12-23 15:40:17,positif
hanggriawan,Instagram,bisa2 jualan es teh jd insecure 😓,2024-12-23 15:33:59,negatif
mursita98,Instagram,gus miftah harus minta maaf sih ini,2024-12-23 15:31:04,negatif
marwata95,Instagram,tergantung yg nonton juga sih,2024-12-23 15:17:55,netral
dabukkesabar,Instagram,gue liat ini ya udah lah ya,2024-12-23 15:45:34,netral
pradiptaluwar,Instagram,gus miftah harus minta maaf sih ini,2024-12-23 15:37:06,negatif
mahdi54,Instagram,"bener juga sih, kadang netizen terlalu baper",2024-12-23 15:09:00,positif
nainggolanbahuwarna,Instagram,gue liat ini ya udah lah ya,2024-12-23 15:21:01,netral
nrahayu,Instagram,tergantung yg nonton juga sih,2024-12-23 15:54:12,netral
yance46,Instagram,biasa aja sih,2024-12-23 15:41:21,netral
putri43,Instagram,hmm no comment deh,2024-12-23 15:22:14,netral
zahra79,Instagram,"ga lucu, malah nyakitin hati yg jualan",2024-12-23 15:54:04,negatif
asuryatmi,Instagram,"ga lucu, malah nyakitin hati yg jualan",2024-12-23 15:22:13,negatif
wulandaridarmana,Instagram,ga sopan bgt ngomong gitu,2024-12-23 15:50:30,negatif
erikyulianti,Instagram,masih netral aja sih gw liatnya,2024-12-23 15:25:37,netral
damanikbalamantri,Instagram,ga sopan bgt ngomong gitu,2024-12-23 15:30:11,negatif
snatsir,Instagram,gw setuju sih ama omongannya gus,2024-12-23 15:33:31,positif
atmatarihoran,Instagram,ni gus emg ada aja kelakuannya 😂,2024-12-23 15:42:24,positif
cemani45,Instagram,gue liat ini ya udah lah ya,2024-12-23 15:00:39,netral
swijayanti,Instagram,bisa2 jualan es teh jd insecure 😓,2024-12-23 15:01:22,negatif
fjailani,Instagram,gus miftah harus minta maaf sih ini,2024-12-23 15:15:42,negatif
wibowocarla,Instagram,biasa aja sih,2024-12-23 15:26:46,netral
smaryati,Instagram,ceramah apaan malah ngehina,2024-12-23 15:48:31,negatif
dhardiansyah,Instagram,gue liat ini ya udah lah ya,2024-12-23 15:30:43,netral
arta59,Instagram,ni gus emg ada aja kelakuannya 😂,2024-12-23 15:29:00,positif
kpermata,Instagram,"ceramahnya tetep dapet kok, relax aja guys",2024-12-23 15:11:30,positif
ibrani31,Instagram,tergantung yg nonton juga sih,2024-12-23 15:10:47,netral
unasyidah,Instagram,"bener juga sih, kadang netizen terlalu baper",2024-12-23 15:33:55,positif
damanikprasetyo,Instagram,ga tau mau bilang apa,2024-12-23 15:28:28,netral
hartakawastuti,Instagram,biasa aja sih,2024-12-23 15:43:16,netral
harja33,Instagram,gus miftah harus minta maaf sih ini,2024-12-23 15:44:12,negatif
qwibowo,Instagram,waduh ini sih udah kelewat batas,2024-12-23 15:21:34,negatif
humaira19,Instagram,"ceramahnya tetep dapet kok, relax aja guys",2024-12-23 15:44:08,positif
karnausada,Instagram,biasa aja sih,2024-12-23 15:41:50,netral
artantowinarsih,Instagram,jujurly lucu banget sih ini 😭,2024-12-23 15:53:43,positif
ysaragih,Instagram,jujurly lucu banget sih ini 😭,2024-12-23 15:04:43,positif
wijayaupik,Instagram,hmm no comment deh,2024-12-23 15:29:19,netral
zulfasiregar,Instagram,biasa aja sih,2024-12-23 15:24:10,netral
wprasasta,Instagram,masih netral aja sih gw liatnya,2024-12-23 15:56:34,netral
mandalaeka,Instagram,ceramah apaan malah ngehina,2024-12-23 15:42:50,negatif
hyuniar,Instagram,jujurly lucu banget sih ini 😭,2024-12-23 15:44:30,positif
twahyuni,Instagram,bisa2 jualan es teh jd insecure 😓,2024-12-23 15:57:54,negatif
yessi68,Instagram,gw setuju sih ama omongannya gus,2024-12-23 15:16:37,positif
pangesturaditya,Instagram,bisa2 jualan es teh jd insecure 😓,2024-12-23 15:31:48,negatif
hairyanto44,Instagram,jujurly lucu banget sih ini 😭,2024-12-23 15:11:39,positif
bakiman14,Instagram,bisa2 jualan es teh jd insecure 😓,2024-12-23 15:46:05,negatif
edward75,Instagram,gus miftah harus minta maaf sih ini,2024-12-23 15:06:20,negatif
bakidinwastuti,Instagram,gus miftah harus minta maaf sih ini,2024-12-23 15:41:19,negatif
marwata94,Instagram,jujurly lucu banget sih ini 😭,2024-12-23 15:27:14,positif
kenziekuswandari,Instagram,masih netral aja sih gw liatnya,2024-12-23 15:00:38,netral
saptonodiana,Instagram,waduh ini sih udah kelewat batas,2024-12-23 15:25:34,negatif
cayadisetiawan,Instagram,hmm no comment deh,2024-12-23 15:04:29,netral
hpermadi,Instagram,gus miftah harus minta maaf sih ini,2024-12-23 15:46:45,negatif
mangunsongtitin,Instagram,bisa2 jualan es teh jd insecure 😓,2024-12-23 15:55:44,negatif
radika20,Instagram,tergantung yg nonton juga sih,2024-12-23 15:06:13,netral
nasyiahajeng,Instagram,gue liat ini ya udah lah ya,2024-12-23 15:28:33,netral
narjisaputra,Instagram,masih netral aja sih gw liatnya,2024-12-23 15:12:49,netral
tarihorandarman,Instagram,masih netral aja sih gw liatnya,2024-12-23 15:03:21,netral
mmaheswara,Instagram,"ceramahnya tetep dapet kok, relax aja guys",2024-12-23 15:48:01,positif
harirahimah,Instagram,jujurly lucu banget sih ini 😭,2024-12-23 15:23:33,positif
sihombingoskar,Instagram,"ga lucu, malah nyakitin hati yg jualan",2024-12-23 15:44:21,negatif
himawanhutasoit,Instagram,"ga lucu, malah nyakitin hati yg jualan",2024-12-23 15:10:54,negatif
suwarnocaturangga,Instagram,"ga lucu, malah nyakitin hati yg jualan",2024-12-23 15:42:34,negatif
wahyudingambira,Instagram,ga sopan bgt ngomong gitu,2024-12-23 15:30:17,negatif
dwi03,Instagram,waduh ini sih udah kelewat batas,2024-12-23 15:02:27,negatif
adikara67,Instagram,biasa aja sih,2024-12-23 15:18:37,netral
cawisadinarpati,Instagram,ga tau mau bilang apa,2024-12-23 15:09:43,netral
epuspasari,Instagram,gus miftah harus minta maaf sih ini,2024-12-23 15:08:32,negatif
fwibisono,Instagram,ceramah apaan malah ngehina,2024-12-23 15:02:39,negatif
qwulandari,Instagram,ga sopan bgt ngomong gitu,2024-12-23 15:48:12,negatif
maryadibagya,Instagram,tergantung yg nonton juga sih,2024-12-23 15:23:16,netral
cakrawalaanggriawan,Instagram,ni gus emg ada aja kelakuannya 😂,2024-12-23 15:53:04,positif
dodomansur,Instagram,"bener juga sih, kadang netizen terlalu baper",2024-12-23 15:45:15,positif
dian19,Instagram,masih netral aja sih gw liatnya,2024-12-23 15:38:35,netral
omankuswandari,Instagram,gus miftah harus minta maaf sih ini,2024-12-23 15:30:11,negatif
agustinahasta,Instagram,gue liat ini ya udah lah ya,2024-12-23 15:20:18,netral
purwahakim,Instagram,"ga lucu, malah nyakitin hati yg jualan",2024-12-23 15:40:41,negatif
ardiantoluis,Instagram,hmm no comment deh,2024-12-23 15:26:22,netral
baktiono88,Instagram,tergantung yg nonton juga sih,2024-12-23 15:22:42,netral
bakimansuryatmi,Instagram,biasa aja sih,2024-12-23 15:01:35,netral
simbolonzahra,Instagram,gw setuju sih ama omongannya gus,2024-12-23 15:05:28,positif
mustofatirta,Instagram,ceramah apaan malah ngehina,2024-12-23 15:05:18,negatif
yuwais,Instagram,hmm no comment deh,2024-12-23 15:06:13,netral
nrahmawati,Instagram,biasa aja sih,2024-12-23 15:25:16,netral
karsatampubolon,Instagram,ga sopan bgt ngomong gitu,2024-12-23 15:42:37,negatif
murti07,Instagram,"ga lucu, malah nyakitin hati yg jualan",2024-12-23 15:23:40,negatif
wmandasari,Instagram,jujurly lucu banget sih ini 😭,2024-12-23 15:38:11,positif
gantar08,Instagram,tergantung yg nonton juga sih,2024-12-23 15:45:55,netral
dadap38,Instagram,ga tau mau bilang apa,2024-12-23 15:02:22,netral
bahuwarnayuliarti,Instagram,"ceramahnya tetep dapet kok, relax aja guys",2024-12-23 15:40:00,positif
estiawanpertiwi,Instagram,"bener juga sih, kadang netizen terlalu baper",2024-12-23 15:10:51,positif
winarsihhadi,Instagram,gue liat ini ya udah lah ya,2024-12-23 15:30:01,netral
fitrianigunarto,Instagram,waduh ini sih udah kelewat batas,2024-12-23 15:31:30,negatif
waryani,Instagram,gue liat ini ya udah lah ya,2024-12-23 15:20:33,netral
lidya22,Instagram,"bener juga sih, kadang netizen terlalu baper",2024-12-23 15:56:06,positif
nmahendra,Instagram,gw setuju sih ama omongannya gus,2024-12-23 15:45:15,positif
spradana,Instagram,bisa2 jualan es teh jd insecure 😓,2024-12-23 15:13:46,negatif
lsitumorang,Instagram,masih netral aja sih gw liatnya,2024-12-23 15:40:32,netral
saefullahwulan,Instagram,ni gus emg ada aja kelakuannya 😂,2024-12-23 15:58:52,positif
natsirwisnu,Instagram,biar agak keras tapi niatnya baik kok,2024-12-23 15:26:26,positif
lpalastri,Instagram,ceramah apaan malah ngehina,2024-12-23 15:23:01,negatif
yuniprastuti,Instagram,gue liat ini ya udah lah ya,2024-12-23 15:55:01,netral
prastutiheru,Instagram,ga tau mau bilang apa,2024-12-23 15:29:40,netral
mandalamaras,Instagram,"ga lucu, malah nyakitin hati yg jualan",2024-12-23 15:51:51,negatif
kusuma65,Instagram,tergantung yg nonton juga sih,2024-12-23 15:52:47,netral
dongorangambira,Instagram,ceramah apaan malah ngehina,2024-12-23 15:36:50,negatif
maryanto14,Instagram,hmm no comment deh,2024-12-23 15:27:41,netral
sitimanullang,Instagram,hmm no comment deh,2024-12-23 15:06:01,netral
sakura00,Instagram,bisa2 jualan es teh jd insecure 😓,2024-12-23 15:21:06,negatif
solehhartati,Instagram,hmm no comment deh,2024-12-23 15:24:40,netral
kusmawatiasirwada,Instagram,gw setuju sih ama omongannya gus,2024-12-23 15:00:00,positif
wpratiwi,Instagram,tergantung yg nonton juga sih,2024-12-23 15:55:07,netral
jayahakim,Instagram,gw setuju sih ama omongannya gus,2024-12-23 15:25:14,positif
uhakim,Instagram,ga sopan bgt ngomong gitu,2024-12-23 15:35:45,negatif
tugiman56,Instagram,masih netral aja sih gw liatnya,2024-12-23 15:32:14,netral
dabukkeghaliyati,Instagram,"ceramahnya tetep dapet kok, relax aja guys",2024-12-23 15:18:27,positif
xmaryati,Instagram,ceramah apaan malah ngehina,2024-12-23 15:23:03,negatif
faridatiara,Instagram,tergantung yg nonton juga sih,2024-12-23 15:17:36,netral
cmahendra,Instagram,gw setuju sih ama omongannya gus,2024-12-23 15:26:23,positif
corneliamaryadi,Instagram,gue liat ini ya udah lah ya,2024-12-23 15:23:00,netral
simbolonjaeman,Instagram,tergantung yg nonton juga sih,2024-12-23 15:31:19,netral
ikhsan43,Instagram,biar agak keras tapi niatnya baik kok,2024-12-23 15:37:27,positif
jasmin51,Instagram,tergantung yg nonton juga sih,2024-12-23 15:22:10,netral
yhakim,Instagram,ceramah apaan malah ngehina,2024-12-23 15:15:05,negatif
dalima41,Instagram,ceramah apaan malah ngehina,2024-12-23 15:20:07,negatif
swibowo,Instagram,hmm no comment deh,2024-12-23 15:21:12,netral
eluhmardhiyah,Instagram,gw setuju sih ama omongannya gus,2024-12-23 15:48:29,positif
nurulnovitasari,Instagram,gue liat ini ya udah lah ya,2024-12-23 15:59:15,netral
bagas42,Instagram,bisa2 jualan es teh jd insecure 😓,2024-12-23 15:21:27,negatif
dacinastuti,Instagram,bisa2 jualan es teh jd insecure 😓,2024-12-23 15:58:07,negatif
damar96,Instagram,ga tau mau bilang apa,2024-12-23 15:25:39,netral
rudi59,Instagram,tergantung yg nonton juga sih,2024-12-23 15:17:44,netral
nasyidahrama,Instagram,ga tau mau bilang apa,2024-12-23 15:37:33,netral
fnapitupulu,Instagram,tergantung yg nonton juga sih,2024-12-23 15:49:05,netral
nababangangsar,Instagram,biar agak keras tapi niatnya baik kok,2024-12-23 15:00:16,positif
shakilahutapea,Instagram,"ga lucu, malah nyakitin hati yg jualan",2024-12-23 15:48:36,negatif
purwantiputu,Instagram,ga tau mau bilang apa,2024-12-23 15:05:02,netral
kawacaanggraini,Instagram,ga sopan bgt ngomong gitu,2024-12-23 15:33:54,negatif
siskarahmawati,Instagram,ga sopan bgt ngomong gitu,2024-12-23 15:34:43,negatif
niswahyudi,Instagram,hmm no comment deh,2024-12-23 15:38:54,netral
bagya43,Instagram,ni gus emg ada aja kelakuannya 😂,2024-12-23 15:44:46,positif
nasyidahcahya,Instagram,biar agak keras tapi niatnya baik kok,2024-12-23 15:20:32,positif
ami98,Instagram,biar agak keras tapi niatnya baik kok,2024-12-23 15:26:06,positif
yuliartieli,Instagram,biasa aja sih,2024-12-23 15:17:42,netral
pranatausamah,Instagram,biasa aja sih,2024-12-23 15:10:35,netral
nababandodo,Instagram,masih netral aja sih gw liatnya,2024-12-23 15:12:45,netral
umaya96,Instagram,masih netral aja sih gw liatnya,2024-12-23 15:33:47,netral
npalastri,Instagram,ga sopan bgt ngomong gitu,2024-12-23 15:15:02,negatif
esitorus,Instagram,tergantung yg nonton juga sih,2024-12-23 15:56:26,netral
puspitanilam,Instagram,gue liat ini ya udah lah ya,2024-12-23 15:20:15,netral
riyantiemong,Instagram,tergantung yg nonton juga sih,2024-12-23 15:31:36,netral
vwasita,Instagram,tergantung yg nonton juga sih,2024-12-23 15:28:54,netral
warsa33,Instagram,"ceramahnya tetep dapet kok, relax aja guys",2024-12-23 15:46:55,positif
galuh56,Instagram,ceramah apaan malah ngehina,2024-12-23 15:21:10,negatif
galionopuspasari,Instagram,gus miftah harus minta maaf sih ini,2024-12-23 15:46:42,negatif
lazuardigarang,Instagram,"ga lucu, malah nyakitin hati yg jualan",2024-12-23 15:03:38,negatif
hpudjiastuti,Instagram,biar agak keras tapi niatnya baik kok,2024-12-23 15:49:45,positif
cprastuti,Instagram,ga sopan bgt ngomong gitu,2024-12-23 15:13:41,negatif
najmudinchelsea,Instagram,tergantung yg nonton juga sih,2024-12-23 15:53:31,netral
vsetiawan,Instagram,"ga lucu, malah nyakitin hati yg jualan",2024-12-23 15:01:31,negatif
ckuswandari,Instagram,gue liat ini ya udah lah ya,2024-12-23 15:43:03,netral
nyoman73,Instagram,"ceramahnya tetep dapet kok, relax aja guys",2024-12-23 15:18:35,positif
carub43,Instagram,gw setuju sih ama omongannya gus,2024-12-23 15:49:59,positif
pradiptamuhammad,Instagram,"bener juga sih, kadang netizen terlalu baper",2024-12-23 15:00:29,positif
jono55,Instagram,jujurly lucu banget sih ini 😭,2024-12-23 15:56:15,positif
eli86,Instagram,"ga lucu, malah nyakitin hati yg jualan",2024-12-23 15:42:21,negatif
halim87,Instagram,ga tau mau bilang apa,2024-12-23 15:40:47,netral
utamibajragin,Instagram,gue liat ini ya udah lah ya,2024-12-23 15:43:07,netral
hhidayanto,Instagram,bisa2 jualan es teh jd insecure 😓,2024-12-23 15:23:39,negatif
gamanto74,Instagram,ni gus emg ada aja kelakuannya 😂,2024-12-23 15:50:10,positif
cfirgantoro,Instagram,biasa aja sih,2024-12-23 15:07:54,netral
sabar47,Instagram,masih netral aja sih gw liatnya,2024-12-23 15:43:50,netral
purwanto27,Instagram,ceramah apaan malah ngehina,2024-12-23 15:52:39,negatif
ymaheswara,Instagram,ni gus emg ada aja kelakuannya 😂,2024-12-23 15:23:01,positif
zulaikakasim,Instagram,ga sopan bgt ngomong gitu,2024-12-23 15:38:24,negatif
pbudiman,Instagram,ga sopan bgt ngomong gitu,2024-12-23 15:19:21,negatif
jayeng79,Instagram,gus miftah harus minta maaf sih ini,2024-12-23 15:15:32,negatif
hasanahdewi,Instagram,ga sopan bgt ngomong gitu,2024-12-23 15:10:03,negatif
hmansur,Instagram,"ceramahnya tetep dapet kok, relax aja guys",2024-12-23 15:22:25,positif
praba84,Instagram,masih netral aja sih gw liatnya,2024-12-23 15:35:23,netral
gamanimanullang,Instagram,biar agak keras tapi niatnya baik kok,2024-12-23 15:46:38,positif
lutfan78,Instagram,gw setuju sih ama omongannya gus,2024-12-23 15:24:31,positif
xnababan,Instagram,ni gus emg ada aja kelakuannya 😂,2024-12-23 15:56:57,positif
ywinarsih,Instagram,ni gus emg ada aja kelakuannya 😂,2024-12-23 15:39:59,positif
raharjanarpati,Instagram,ga sopan bgt ngomong gitu,2024-12-23 15:29:55,negatif
kuswandariuda,Instagram,gus miftah harus minta maaf sih ini,2024-12-23 15:37:40,negatif
rika72,Instagram,jujurly lucu banget sih ini 😭,2024-12-23 15:10:36,positif
jindra54,Instagram,"bener juga sih, kadang netizen terlalu baper",2024-12-23 15:51:39,positif
budiyantoputri,Instagram,bisa2 jualan es teh jd insecure 😓,2024-12-23 15:58:24,negatif
vivi10,Instagram,biar agak keras tapi niatnya baik kok,2024-12-23 15:11:25,positif
natsirharimurti,Instagram,gw setuju sih ama omongannya gus,2024-12-23 15:44:40,positif
bakda28,Instagram,gue liat ini ya udah lah ya,2024-12-23 15:04:22,netral
vfirgantoro,Instagram,ga tau mau bilang apa,2024-12-23 15:15:19,netral
suryatmierik,Instagram,waduh ini sih udah kelewat batas,2024-12-23 15:16:46,negatif
usyimanullang,Instagram,masih netral aja sih gw liatnya,2024-12-23 15:57:33,netral
twijayanti,Instagram,gw setuju sih ama omongannya gus,2024-12-23 15:46:10,positif
lasmono36,Instagram,ga sopan bgt ngomong gitu,2024-12-23 15:04:53,negatif
clarauyainah,Instagram,tergantung yg nonton juga sih,2024-12-23 15:03:56,netral
carub63,Instagram,ceramah apaan malah ngehina,2024-12-23 15:26:13,negatif
fitriagunarto,Instagram,ni gus emg ada aja kelakuannya 😂,2024-12-23 15:52:06,positif
kayunanggriawan,Instagram,gue liat ini ya udah lah ya,2024-12-23 15:51:00,netral
ciaobellamarpaung,Instagram,bisa2 jualan es teh jd insecure 😓,2024-12-23 15:30:03,negatif
prayogomansur,Instagram,tergantung yg nonton juga sih,2024-12-23 15:18:33,netral
fuyainah,Instagram,ga sopan bgt ngomong gitu,2024-12-23 15:41:12,negatif
wahyudinqori,Instagram,ga tau mau bilang apa,2024-12-23 15:12:12,netral
lalitaaryani,Instagram,ga sopan bgt ngomong gitu,2024-12-23 15:39:21,negatif
raihantampubolon,Instagram,hmm no comment deh,2024-12-23 15:05:16,netral
wibowoirnanto,Instagram,masih netral aja sih gw liatnya,2024-12-23 15:29:11,netral
jnababan,Instagram,jujurly lucu banget sih ini 😭,2024-12-23 15:06:05,positif
gandakusumo,Instagram,tergantung yg nonton juga sih,2024-12-23 15:36:14,netral
julisitumorang,Instagram,biar agak keras tapi niatnya baik kok,2024-12-23 15:00:23,positif
jagapatisetiawan,Instagram,biar agak keras tapi niatnya baik kok,2024-12-23 15:34:54,positif
hutagalunggalur,Instagram,bisa2 jualan es teh jd insecure 😓,2024-12-23 15:43:42,negatif
prayogaismail,Instagram,gue liat ini ya udah lah ya,2024-12-23 15:55:25,netral
mulyariyanti,Instagram,biar agak keras tapi niatnya baik kok,2024-12-23 15:00:43,positif
winarnozulaikha,Instagram,"ceramahnya tetep dapet kok, relax aja guys",2024-12-23 15:41:09,positif
sihotangeva,Instagram,masih netral aja sih gw liatnya,2024-12-23 15:36:20,netral
iramangunsong,Instagram,"ga lucu, malah nyakitin hati yg jualan",2024-12-23 15:44:42,negatif
cawisonoadriansyah,Instagram,"bener juga sih, kadang netizen terlalu baper",2024-12-23 15:07:35,positif
omarsaptono,Instagram,gus miftah harus minta maaf sih ini,2024-12-23 15:45:27,negatif
winarnokarsana,Instagram,"ceramahnya tetep dapet kok, relax aja guys",2024-12-23 15:22:03,positif
hariyahdiah,Instagram,"ga lucu, malah nyakitin hati yg jualan",2024-12-23 15:48:21,negatif
jagaragahardiansyah,Instagram,"bener juga sih, kadang netizen terlalu baper",2024-12-23 15:45:19,positif
nugrohoimam,Instagram,"bener juga sih, kadang netizen terlalu baper",2024-12-23 15:40:21,positif
anastasiawastuti,Instagram,masih netral aja sih gw liatnya,2024-12-23 15:08:30,netral
faizahsuryono,Instagram,waduh ini sih udah kelewat batas,2024-12-23 15:23:10,negatif
napitupuluharsana,Instagram,hmm no comment deh,2024-12-23 15:08:52,netral
fpradipta,Instagram,bisa2 jualan es teh jd insecure 😓,2024-12-23 15:09:40,negatif
elon06,Instagram,jujurly lucu banget sih ini 😭,2024-12-23 15:11:35,positif
rosman35,Instagram,waduh ini sih udah kelewat batas,2024-12-23 15:44:22,negatif
prayoga75,Instagram,gw setuju sih ama omongannya gus,2024-12-23 15:19:21,positif
irianautama,Instagram,gw setuju sih ama omongannya gus,2024-12-23 15:26:52,positif
zahradamanik,Instagram,"ga lucu, malah nyakitin hati yg jualan",2024-12-23 15:26:26,negatif
hwibisono,Instagram,jujurly lucu banget sih ini 😭,2024-12-23 15:48:14,positif
natsirnilam,Instagram,gue liat ini ya udah lah ya,2024-12-23 15:02:53,netral
kunthara66,Instagram,ni gus emg ada aja kelakuannya 😂,2024-12-23 15:06:55,positif
mumpuni38,Instagram,bisa2 jualan es teh jd insecure 😓,2024-12-23 15:28:55,negatif
kambaliaryani,Instagram,"ceramahnya tetep dapet kok, relax aja guys",2024-12-23 15:42:27,positif
tiarapertiwi,Instagram,gus miftah harus minta maaf sih ini,2024-12-23 15:52:36,negatif
putri53,Instagram,"ceramahnya tetep dapet kok, relax aja guys",2024-12-23 15:47:07,positif
lukitasuryatmi,Instagram,gue liat ini ya udah lah ya,2024-12-23 15:33:51,netral
tirtayasawibowo,Instagram,bisa2 jualan es teh jd insecure 😓,2024-12-23 15:38:54,negatif
wahyu85,Instagram,"ceramahnya tetep dapet kok, relax aja guys",2024-12-23 15:25:25,positif
fujiatidarimin,Instagram,"ga lucu, malah nyakitin hati yg jualan",2024-12-23 15:22:44,negatif
hutapeaprabawa,Instagram,gw setuju sih ama omongannya gus,2024-12-23 15:20:27,positif
puspa69,Instagram,ceramah apaan malah ngehina,2024-12-23 15:23:47,negatif
sabrina31,Instagram,"bener juga sih, kadang netizen terlalu baper",2024-12-23 15:21:52,positif
novi07,Instagram,jujurly lucu banget sih ini 😭,2024-12-23 15:04:36,positif
gamanihartati,Instagram,"bener juga sih, kadang netizen terlalu baper",2024-12-23 15:32:10,positif
almiramelani,Instagram,"ceramahnya tetep dapet kok, relax aja guys",2024-12-23 15:09:57,positif
manullangciaobella,Instagram,masih netral aja sih gw liatnya,2024-12-23 15:49:45,netral
kambali29,Instagram,"ga lucu, malah nyakitin hati yg jualan",2024-12-23 15:28:55,negatif
padmi10,Instagram,"ceramahnya tetep dapet kok, relax aja guys",2024-12-23 15:55:18,positif
laksmiwatihartana,Instagram,biasa aja sih,2024-12-23 15:33:33,netral
msitumorang,Instagram,"ga lucu, malah nyakitin hati yg jualan",2024-12-23 15:08:45,negatif
daru99,Instagram,tergantung yg nonton juga sih,2024-12-23 15:21:00,netral
eminhutapea,Instagram,ga sopan bgt ngomong gitu,2024-12-23 15:34:54,negatif
hardiansyahlili,Instagram,gus miftah harus minta maaf sih ini,2024-12-23 15:39:39,negatif
luwar09,Instagram,masih netral aja sih gw liatnya,2024-12-23 15:37:08,netral
anita03,Instagram,ni gus emg ada aja kelakuannya 😂,2024-12-23 15:51:05,positif
kkurniawan,Instagram,masih netral aja sih gw liatnya,2024-12-23 15:22:30,netral
siraitkaren,Instagram,ni gus emg ada aja kelakuannya 😂,2024-12-23 15:32:07,positif
anggriawanlasmanto,Instagram,ga sopan bgt ngomong gitu,2024-12-23 15:56:03,negatif
rbudiman,Instagram,hmm no comment deh,2024-12-23 15:23:50,netral
karsa87,Instagram,"ga lucu, malah nyakitin hati yg jualan",2024-12-23 15:46:00,negatif
tasnim28,Instagram,"ga lucu, malah nyakitin hati yg jualan",2024-12-23 15:58:58,negatif
ipradipta,Instagram,waduh ini sih udah kelewat batas,2024-12-23 15:47:21,negatif
caturanggaputra,Instagram,tergantung yg nonton juga sih,2024-12-23 15:12:01,netral
gentanababan,Instagram,ceramah apaan malah ngehina,2024-12-23 15:11:19,negatif
wahyudinleo,Instagram,tergantung yg nonton juga sih,2024-12-23 15:44:32,netral
lukman79,Instagram,waduh ini sih udah kelewat batas,2024-12-23 15:55:32,negatif
bakijanmahendra,Instagram,ga tau mau bilang apa,2024-12-23 15:06:58,netral
lpermadi,Instagram,bisa2 jualan es teh jd insecure 😓,2024-12-23 15:21:51,negatif
tnababan,Instagram,"bener juga sih, kadang netizen terlalu baper",2024-12-23 15:36:20,positif
wibisonoasirwada,Instagram,bisa2 jualan es teh jd insecure 😓,2024-12-23 15:13:37,negatif
manullangjaeman,Instagram,jujurly lucu banget sih ini 😭,2024-12-23 15:33:39,positif
kzulaika,Instagram,bisa2 jualan es teh jd insecure 😓,2024-12-23 15:21:43,negatif
cahyono41,Instagram,ga tau mau bilang apa,2024-12-23 15:04:49,netral
kasim95,Instagram,ga sopan bgt ngomong gitu,2024-12-23 15:31:13,negatif
lalahutagalung,Instagram,waduh ini sih udah kelewat batas,2024-12-23 15:04:06,negatif
mustofa16,Instagram,waduh ini sih udah kelewat batas,2024-12-23 15:57:27,negatif
zanggraini,Instagram,"bener juga sih, kadang netizen terlalu baper",2024-12-23 15:25:06,positif
ypangestu,Instagram,gus miftah harus minta maaf sih ini,2024-12-23 15:42:07,negatif
pratiwibagas,Instagram,gw setuju sih ama omongannya gus,2024-12-23 15:52:00,positif
rsitorus,Instagram,tergantung yg nonton juga sih,2024-12-23 15:04:46,netral
usamahbahuwirya,Instagram,tergantung yg nonton juga sih,2024-12-23 15:00:44,netral
vanya60,Instagram,biar agak keras tapi niatnya baik kok,2024-12-23 15:39:14,positif
zulaikha70,Instagram,"ga lucu, malah nyakitin hati yg jualan",2024-12-23 15:21:57,negatif
byolanda,Instagram,ga sopan bgt ngomong gitu,2024-12-23 15:12:44,negatif
xmaheswara,Instagram,ga sopan bgt ngomong gitu,2024-12-23 15:39:32,negatif
siraitgaiman,Instagram,ni gus emg ada aja kelakuannya 😂,2024-12-23 15:05:19,positif
anom21,Instagram,ceramah apaan malah ngehina,2024-12-23 15:43:34,negatif
olga50,Instagram,ga sopan bgt ngomong gitu,2024-12-23 15:42:50,negatif
asirwadautami,Instagram,"ceramahnya tetep dapet kok, relax aja guys",2024-12-23 15:17:48,positif
jmansur,Instagram,jujurly lucu banget sih ini 😭,2024-12-23 15:51:59,positif
permadimursita,Instagram,hmm no comment deh,2024-12-23 15:18:42,netral
cagaktarihoran,Instagram,gue liat ini ya udah lah ya,2024-12-23 15:42:39,netral
dalimin26,Instagram,masih netral aja sih gw liatnya,2024-12-23 15:00:38,netral
raditwidodo,Instagram,jujurly lucu banget sih ini 😭,2024-12-23 15:51:00,positif
gaiman39,Instagram,biar agak keras tapi niatnya baik kok,2024-12-23 15:26:15,positif
chardiansyah,Instagram,waduh ini sih udah kelewat batas,2024-12-23 15:18:14,negatif
asmunisudiati,Instagram,masih netral aja sih gw liatnya,2024-12-23 15:43:39,netral
bakiman62,Instagram,biasa aja sih,2024-12-23 15:38:29,netral
astutiwisnu,Instagram,"ga lucu, malah nyakitin hati yg jualan",2024-12-23 15:22:39,negatif
jarwipangestu,Instagram,gw setuju sih ama omongannya gus,2024-12-23 15:50:47,positif
hdamanik,Instagram,biar agak keras tapi niatnya baik kok,2024-12-23 15:14:43,positif
bahuwirya66,Instagram,ceramah apaan malah ngehina,2024-12-23 15:35:20,negatif
csaputra,Instagram,tergantung yg nonton juga sih,2024-12-23 15:45:45,netral
faridakenari,Instagram,"ga lucu, malah nyakitin hati yg jualan",2024-12-23 15:12:54,negatif
xananapurnawati,Instagram,"ceramahnya tetep dapet kok, relax aja guys",2024-12-23 15:28:05,positif
elon43,Instagram,biar agak keras tapi niatnya baik kok,2024-12-23 15:00:47,positif
fsimbolon,Instagram,bisa2 jualan es teh jd insecure 😓,2024-12-23 15:17:52,negatif
hutapeawakiman,Instagram,"ceramahnya tetep dapet kok, relax aja guys",2024-12-23 15:05:10,positif
mustofagandewa,Instagram,ni gus emg ada aja kelakuannya 😂,2024-12-23 15:39:28,positif
kprakasa,Instagram,tergantung yg nonton juga sih,2024-12-23 15:39:40,netral
empluk75,Instagram,ni gus emg ada aja kelakuannya 😂,2024-12-23 15:51:42,positif
nainggolangantar,Instagram,bisa2 jualan es teh jd insecure 😓,2024-12-23 15:59:46,negatif
tpudjiastuti,Instagram,jujurly lucu banget sih ini 😭,2024-12-23 15:36:55,positif
suwarnojindra,Instagram,ceramah apaan malah ngehina,2024-12-23 15:44:59,negatif
sbudiman,Instagram,bisa2 jualan es teh jd insecure 😓,2024-12-23 15:02:13,negatif
shaniarahayu,Instagram,"ga lucu, malah nyakitin hati yg jualan",2024-12-23 15:32:44,negatif
putrilaksita,Instagram,masih netral aja sih gw liatnya,2024-12-23 15:52:28,netral
jais24,Instagram,gus miftah harus minta maaf sih ini,2024-12-23 15:49:36,negatif
kasiran65,Instagram,waduh ini sih udah kelewat batas,2024-12-23 15:14:17,negatif
lagustina,Instagram,tergantung yg nonton juga sih,2024-12-23 15:44:58,netral
wardaya82,Instagram,waduh ini sih udah kelewat batas,2024-12-23 15:02:13,negatif
tsusanti,Instagram,masih netral aja sih gw liatnya,2024-12-23 15:38:07,netral
gsaefullah,Instagram,"ceramahnya tetep dapet kok, relax aja guys",2024-12-23 15:05:16,positif
sihombingbancar,Instagram,tergantung yg nonton juga sih,2024-12-23 15:15:21,netral
zulkarnainmumpuni,Instagram,tergantung yg nonton juga sih,2024-12-23 15:38:18,netral
vicky68,Instagram,"bener juga sih, kadang netizen terlalu baper",2024-12-23 15:32:46,positif
daliminanggraini,Instagram,"bener juga sih, kadang netizen terlalu baper",2024-12-23 15:25:16,positif
bella15,Instagram,biar agak keras tapi niatnya baik kok,2024-12-23 15:38:50,positif
yolandailyas,Instagram,ni gus emg ada aja kelakuannya 😂,2024-12-23 15:28:53,positif
yogaagustina,Instagram,jujurly lucu banget sih ini 😭,2024-12-23 15:47:23,positif
padmahalim,Instagram,waduh ini sih udah kelewat batas,2024-12-23 15:42:54,negatif
qmaheswara,Instagram,biar agak keras tapi niatnya baik kok,2024-12-23 15:48:51,positif
rudi28,Instagram,gue liat ini ya udah lah ya,2024-12-23 15:53:31,netral
vwibisono,Instagram,gus miftah harus minta maaf sih ini,2024-12-23 15:31:19,negatif
andrianiella,Instagram,ni gus emg ada aja kelakuannya 😂,2024-12-23 15:49:39,positif
oskarmaheswara,Instagram,hmm no comment deh,2024-12-23 15:50:46,netral
jonosaptono,Instagram,biar agak keras tapi niatnya baik kok,2024-12-23 15:30:09,positif
dadapnurdiyanti,Instagram,bisa2 jualan es teh jd insecure 😓,2024-12-23 15:50:36,negatif
sudiaticecep,Instagram,tergantung yg nonton juga sih,2024-12-23 15:15:36,netral
ufirgantoro,Instagram,biar agak keras tapi niatnya baik kok,2024-12-23 15:39:58,positif
mandalafarhunnisa,Instagram,ga sopan bgt ngomong gitu,2024-12-23 15:55:40,negatif
wahyudinhalima,Instagram,ga sopan bgt ngomong gitu,2024-12-23 15:56:40,negatif
maryadiwinarno,Instagram,"ga lucu, malah nyakitin hati yg jualan",2024-12-23 15:10:50,negatif
umaya32,Instagram,masih netral aja sih gw liatnya,2024-12-23 15:24:59,netral
rinawibowo,Instagram,bisa2 jualan es teh jd insecure 😓,2024-12-23 15:27:53,negatif
mandalabaktianto,Instagram,"ceramahnya tetep dapet kok, relax aja guys",2024-12-23 15:58:59,positif
maras24,Instagram,"ceramahnya tetep dapet kok, relax aja guys",2024-12-23 15:55:29,positif
naradi68,Instagram,gw setuju sih ama omongannya gus,2024-12-23 15:28:38,positif
nainggolanghani,Instagram,tergantung yg nonton juga sih,2024-12-23 15:33:56,netral
tirta46,Instagram,ga tau mau bilang apa,2024-12-23 15:43:35,netral
mwaskita,Instagram,masih netral aja sih gw liatnya,2024-12-23 15:19:53,netral
situmorangellis,Instagram,biar agak keras tapi niatnya baik kok,2024-12-23 15:17:45,positif
maryadilutfan,Instagram,biar agak keras tapi niatnya baik kok,2024-12-23 15:29:43,positif
taufanbudiman,Instagram,jujurly lucu banget sih ini 😭,2024-12-23 15:12:41,positif
jzulkarnain,Instagram,bisa2 jualan es teh jd insecure 😓,2024-12-23 15:30:48,negatif
erikramadan,Instagram,"ceramahnya tetep dapet kok, relax aja guys",2024-12-23 15:02:29,positif
xyuliarti,Instagram,gus miftah harus minta maaf sih ini,2024-12-23 15:22:45,negatif
wijayadamar,Instagram,biasa aja sih,2024-12-23 15:21:19,netral
srajata,Instagram,"ceramahnya tetep dapet kok, relax aja guys",2024-12-23 15:02:44,positif
jasmaniyolanda,Instagram,"ceramahnya tetep dapet kok, relax aja guys",2024-12-23 15:28:31,positif
rajatawarsa,Instagram,ni gus emg ada aja kelakuannya 😂,2024-12-23 15:29:55,positif
edi93,Instagram,tergantung yg nonton juga sih,2024-12-23 15:43:41,netral
anom02,Instagram,waduh ini sih udah kelewat batas,2024-12-23 15:26:32,negatif
wuyainah,Instagram,ga tau mau bilang apa,2024-12-23 15:20:31,netral
tzulkarnain,Instagram,tergantung yg nonton juga sih,2024-12-23 15:26:54,netral
jagaragabudiman,Instagram,"ceramahnya tetep dapet kok, relax aja guys",2024-12-23 15:58:17,positif
artanto77,Instagram,ga sopan bgt ngomong gitu,2024-12-23 15:52:44,negatif
padmibudiyanto,Instagram,"ceramahnya tetep dapet kok, relax aja guys",2024-12-23 15:20:11,positif
utamipanji,Instagram,bisa2 jualan es teh jd insecure 😓,2024-12-23 15:38:00,negatif
nadia13,Instagram,"ceramahnya tetep dapet kok, relax aja guys",2024-12-23 15:12:08,positif
hutagalungalambana,Instagram,jujurly lucu banget sih ini 😭,2024-12-23 15:44:50,positif
martakariyanti,Instagram,"ceramahnya tetep dapet kok, relax aja guys",2024-12-23 15:19:12,positif
yoganasyidah,Instagram,masih netral aja sih gw liatnya,2024-12-23 15:53:46,netral
gatrapurnawati,Instagram,biasa aja sih,2024-12-23 15:46:19,netral
ppermadi,Instagram,gw setuju sih ama omongannya gus,2024-12-23 15:35:20,positif
hsimbolon,Instagram,biar agak keras tapi niatnya baik kok,2024-12-23 15:14:54,positif
ramadanokto,Instagram,hmm no comment deh,2024-12-23 15:40:23,netral
pwaluyo,Instagram,masih netral aja sih gw liatnya,2024-12-23 15:03:22,netral
jagapati61,Instagram,gw setuju sih ama omongannya gus,2024-12-23 15:14:41,positif
ysiregar,Instagram,tergantung yg nonton juga sih,2024-12-23 15:22:45,netral
manah46,Instagram,"bener juga sih, kadang netizen terlalu baper",2024-12-23 15:00:24,positif
gina90,Instagram,ceramah apaan malah ngehina,2024-12-23 15:22:45,negatif
nadinewibowo,Instagram,gw setuju sih ama omongannya gus,2024-12-23 15:25:22,positif
gandaprabowo,Instagram,gw setuju sih ama omongannya gus,2024-12-23 15:02:12,positif
gamblangpuspasari,Instagram,waduh ini sih udah kelewat batas,2024-12-23 15:15:43,negatif
kajen38,Instagram,masih netral aja sih gw liatnya,2024-12-23 15:48:14,netral
cfarida,Instagram,ceramah apaan malah ngehina,2024-12-23 15:45:38,negatif
damanikwardaya,Instagram,ceramah apaan malah ngehina,2024-12-23 15:06:26,negatif
oktopratama,Instagram,biasa aja sih,2024-12-23 15:21:31,netral
simboloncakrabirawa,Instagram,biasa aja sih,2024-12-23 15:44:41,netral
haryantiida,Instagram,waduh ini sih udah kelewat batas,2024-12-23 15:35:58,negatif
wsantoso,Instagram,biasa aja sih,2024-12-23 15:20:32,netral
gada51,Instagram,gw setuju sih ama omongannya gus,2024-12-23 15:11:32,positif
opangestu,Instagram,"ceramahnya tetep dapet kok, relax aja guys",2024-12-23 15:52:17,positif
nuwais,Instagram,"ga lucu, malah nyakitin hati yg jualan",2024-12-23 15:06:46,negatif
uhalimah,Instagram,jujurly lucu banget sih ini 😭,2024-12-23 15:21:00,positif
vsaragih,Instagram,gue liat ini ya udah lah ya,2024-12-23 15:27:51,netral
tampubolonmuhammad,Instagram,jujurly lucu banget sih ini 😭,2024-12-23 15:21:02,positif
nyananurdiyanti,Instagram,masih netral aja sih gw liatnya,2024-12-23 15:05:00,netral
titinnainggolan,Instagram,masih netral aja sih gw liatnya,2024-12-23 15:34:33,netral
vegajanuar,Instagram,biasa aja sih,2024-12-23 15:48:41,netral
ykuswandari,Instagram,ceramah apaan malah ngehina,2024-12-23 15:10:16,negatif
zeldalazuardi,Instagram,masih netral aja sih gw liatnya,2024-12-23 15:35:25,netral
labuh09,Instagram,biasa aja sih,2024-12-23 15:09:31,netral
nsimbolon,Instagram,gw setuju sih ama omongannya gus,2024-12-23 15:18:03,positif
dkusmawati,Instagram,masih netral aja sih gw liatnya,2024-12-23 15:42:36,netral
mursitawahyudin,Instagram,"ga lucu, malah nyakitin hati yg jualan",2024-12-23 15:27:14,negatif
dlazuardi,Instagram,ni gus emg ada aja kelakuannya 😂,2024-12-23 15:58:37,positif
rfirmansyah,Instagram,gw setuju sih ama omongannya gus,2024-12-23 15:25:07,positif
andrianiupik,Instagram,bisa2 jualan es teh jd insecure 😓,2024-12-23 15:53:18,negatif
harjalazuardi,Instagram,tergantung yg nonton juga sih,2024-12-23 15:24:49,netral
rajasasaiful,Instagram,"ga lucu, malah nyakitin hati yg jualan",2024-12-23 15:16:04,negatif
tsaputra,Instagram,waduh ini sih udah kelewat batas,2024-12-23 15:48:53,negatif
uyainahhasta,Instagram,masih netral aja sih gw liatnya,2024-12-23 15:11:45,netral
prabapradana,Instagram,"bener juga sih, kadang netizen terlalu baper",2024-12-23 15:05:12,positif
wibisonoganjaran,Instagram,gus miftah harus minta maaf sih ini,2024-12-23 15:17:32,negatif
unasyiah,Instagram,ga sopan bgt ngomong gitu,2024-12-23 15:39:11,negatif
dnarpati,Instagram,ga sopan bgt ngomong gitu,2024-12-23 15:52:59,negatif
nasim71,Instagram,ceramah apaan malah ngehina,2024-12-23 15:03:03,negatif
hutasoitrizki,Instagram,jujurly lucu banget sih ini 😭,2024-12-23 15:53:17,positif
viman28,Instagram,biar agak keras tapi niatnya baik kok,2024-12-23 15:38:43,positif
omarwibowo,Instagram,gw setuju sih ama omongannya gus,2024-12-23 15:21:36,positif
hhutapea,Instagram,ceramah apaan malah ngehina,2024-12-23 15:15:42,negatif
uhartati,Instagram,biar agak keras tapi niatnya baik kok,2024-12-23 15:13:36,positif
fitriani00,Instagram,"ga lucu, malah nyakitin hati yg jualan",2024-12-23 15:04:00,negatif
tirtayasa22,Instagram,tergantung yg nonton juga sih,2024-12-23 15:31:34,netral
shidayanto,Instagram,biasa aja sih,2024-12-23 15:53:18,netral
prasetya53,Instagram,ni gus emg ada aja kelakuannya 😂,2024-12-23 15:51:50,positif
waluyocahyadi,Instagram,ga tau mau bilang apa,2024-12-23 15:46:38,netral
kawacayulianti,Instagram,"bener juga sih, kadang netizen terlalu baper",2024-12-23 15:35:45,positif
karsanawastuti,Instagram,gus miftah harus minta maaf sih ini,2024-12-23 15:26:53,negatif
tirtayasamulyani,Instagram,biar agak keras tapi niatnya baik kok,2024-12-23 15:32:30,positif
cahyantosimanjuntak,Instagram,gw setuju sih ama omongannya gus,2024-12-23 15:18:12,positif
bsudiati,Instagram,tergantung yg nonton juga sih,2024-12-23 15:23:59,netral
jaga19,Instagram,biar agak keras tapi niatnya baik kok,2024-12-23 15:36:36,positif
msuartini,Instagram,ga tau mau bilang apa,2024-12-23 15:22:50,netral
simanjuntakkardi,Instagram,hmm no comment deh,2024-12-23 15:56:59,netral
malika31,Instagram,jujurly lucu banget sih ini 😭,2024-12-23 15:10:49,positif
fwahyudin,Instagram,ceramah apaan malah ngehina,2024-12-23 15:45:23,negatif
michelle22,Instagram,gue liat ini ya udah lah ya,2024-12-23 15:13:45,netral
zhidayanto,Instagram,biar agak keras tapi niatnya baik kok,2024-12-23 15:28:14,positif
nnarpati,Instagram,biar agak keras tapi niatnya baik kok,2024-12-23 15:26:30,positif
timbul87,Instagram,biasa aja sih,2024-12-23 15:54:31,netral
imam31,Instagram,biasa aja sih,2024-12-23 15:24:48,netral
purnawatieman,Instagram,"ceramahnya tetep dapet kok, relax aja guys",2024-12-23 15:22:30,positif
usyi08,Instagram,masih netral aja sih gw liatnya,2024-12-23 15:14:08,netral
imam46,Instagram,ni gus emg ada aja kelakuannya 😂,2024-12-23 15:50:47,positif
timbul01,Instagram,ga sopan bgt ngomong gitu,2024-12-23 15:58:01,negatif
ardiantojasmin,Instagram,"bener juga sih, kadang netizen terlalu baper",2024-12-23 15:11:23,positif
jwastuti,Instagram,"ceramahnya tetep dapet kok, relax aja guys",2024-12-23 15:57:22,positif
prasastaoskar,Instagram,gw setuju sih ama omongannya gus,2024-12-23 15:51:07,positif
fitriamayasari,Instagram,gus miftah harus minta maaf sih ini,2024-12-23 15:45:11,negatif
tedipurnawati,Instagram,bisa2 jualan es teh jd insecure 😓,2024-12-23 15:35:43,negatif
erik96,Instagram,"ga lucu, malah nyakitin hati yg jualan",2024-12-23 15:33:13,negatif
najmudinwidya,Instagram,ga tau mau bilang apa,2024-12-23 15:12:25,netral
siskautama,Instagram,gus miftah harus minta maaf sih ini,2024-12-23 15:47:00,negatif
jsudiati,Instagram,jujurly lucu banget sih ini 😭,2024-12-23 15:20:06,positif
ekomangunsong,Instagram,ga sopan bgt ngomong gitu,2024-12-23 15:46:48,negatif
usalahudin,Instagram,jujurly lucu banget sih ini 😭,2024-12-23 15:07:44,positif
jasmanimustofa,Instagram,masih netral aja sih gw liatnya,2024-12-23 15:05:59,netral
kambali95,Instagram,gus miftah harus minta maaf sih ini,2024-12-23 15:24:47,negatif
mujur76,Instagram,gue liat ini ya udah lah ya,2024-12-23 15:06:33,netral
msirait,Instagram,biar agak keras tapi niatnya baik kok,2024-12-23 15:57:45,positif
silvia38,Instagram,masih netral aja sih gw liatnya,2024-12-23 15:17:21,netral
shartati,Instagram,"bener juga sih, kadang netizen terlalu baper",2024-12-23 15:04:25,positif
balanggalestari,Instagram,ga tau mau bilang apa,2024-12-23 15:12:51,netral
fujiatigangsa,Instagram,gw setuju sih ama omongannya gus,2024-12-23 15:24:27,positif
nabila23,Instagram,biasa aja sih,2024-12-23 15:29:00,netral
jessicasihotang,Instagram,"ga lucu, malah nyakitin hati yg jualan",2024-12-23 15:37:05,negatif
hassanahcornelia,Instagram,gw setuju sih ama omongannya gus,2024-12-23 15:07:28,positif
aswanitampubolon,Instagram,bisa2 jualan es teh jd insecure 😓,2024-12-23 15:13:49,negatif
gmustofa,Instagram,hmm no comment deh,2024-12-23 15:26:33,netral
mayasaritedi,Instagram,masih netral aja sih gw liatnya,2024-12-23 15:21:14,netral
hardi77,Instagram,masih netral aja sih gw liatnya,2024-12-23 15:23:09,netral
rudimandala,Instagram,gue liat ini ya udah lah ya,2024-12-23 15:24:57,netral
citra07,Instagram,masih netral aja sih gw liatnya,2024-12-23 15:06:56,netral
cusada,Instagram,gue liat ini ya udah lah ya,2024-12-23 15:25:52,netral
dariminhutagalung,Instagram,bisa2 jualan es teh jd insecure 😓,2024-12-23 15:34:02,negatif
darsirah64,Instagram,bisa2 jualan es teh jd insecure 😓,2024-12-23 15:09:35,negatif
hesti59,Instagram,gue liat ini ya udah lah ya,2024-12-23 15:00:45,netral
budiyantoanom,Instagram,gus miftah harus minta maaf sih ini,2024-12-23 15:05:48,negatif
wulandarigilda,Instagram,gus miftah harus minta maaf sih ini,2024-12-23 15:16:16,negatif
hidayantoedi,Instagram,"bener juga sih, kadang netizen terlalu baper",2024-12-23 15:12:37,positif
sitompulbanara,Instagram,"bener juga sih, kadang netizen terlalu baper",2024-12-23 15:31:11,positif
najwahalimah,Instagram,"ga lucu, malah nyakitin hati yg jualan",2024-12-23 15:34:49,negatif
emil01,Instagram,gw setuju sih ama omongannya gus,2024-12-23 15:36:16,positif
nurdiyantioni,Instagram,biasa aja sih,2024-12-23 15:55:58,netral
jaga66,Instagram,gue liat ini ya udah lah ya,2024-12-23 15:51:34,netral
fsaptono,Instagram,hmm no comment deh,2024-12-23 15:16:53,netral
prayitna35,Instagram,ga tau mau bilang apa,2024-12-23 15:06:16,netral
sihotangpranata,Instagram,ceramah apaan malah ngehina,2024-12-23 15:51:24,negatif
edirahmawati,Instagram,tergantung yg nonton juga sih,2024-12-23 15:20:48,netral
nnuraini,Instagram,"ga lucu, malah nyakitin hati yg jualan",2024-12-23 15:09:19,negatif
daryani,Instagram,ceramah apaan malah ngehina,2024-12-23 15:43:56,negatif
utamaemas,Instagram,biasa aja sih,2024-12-23 15:40:02,netral
dabukkebetania,Instagram,gue liat ini ya udah lah ya,2024-12-23 15:34:35,netral
salwaanggraini,Instagram,biar agak keras tapi niatnya baik kok,2024-12-23 15:43:34,positif
adika38,Instagram,jujurly lucu banget sih ini 😭,2024-12-23 15:44:28,positif
pertiwidirja,Instagram,gw setuju sih ama omongannya gus,2024-12-23 15:07:48,positif
oktavianigaman,Instagram,biasa aja sih,2024-12-23 15:11:30,netral
hardanamardhiyah,Instagram,ni gus emg ada aja kelakuannya 😂,2024-12-23 15:54:16,positif
jaemansuryatmi,Instagram,masih netral aja sih gw liatnya,2024-12-23 15:06:07,netral
kamilasitorus,Instagram,biasa aja sih,2024-12-23 15:15:21,netral
yuliartijati,Instagram,"ga lucu, malah nyakitin hati yg jualan",2024-12-23 15:04:06,negatif
rnasyidah,Instagram,masih netral aja sih gw liatnya,2024-12-23 15:13:11,netral
padmasarikawaya,Instagram,waduh ini sih udah kelewat batas,2024-12-23 15:55:01,negatif
jmaulana,Instagram,masih netral aja sih gw liatnya,2024-12-23 15:40:11,netral
ziziyolanda,Instagram,ga sopan bgt ngomong gitu,2024-12-23 15:56:45,negatif
twacana,Instagram,"ga lucu, malah nyakitin hati yg jualan",2024-12-23 15:40:17,negatif
ranggairawan,Instagram,gw setuju sih ama omongannya gus,2024-12-23 15:55:46,positif
darimin34,Instagram,"bener juga sih, kadang netizen terlalu baper",2024-12-23 15:35:12,positif
gastimulyani,Instagram,"ceramahnya tetep dapet kok, relax aja guys",2024-12-23 15:50:03,positif
maimunah25,Instagram,ga sopan bgt ngomong gitu,2024-12-23 15:43:53,negatif
ajeng35,Instagram,ga sopan bgt ngomong gitu,2024-12-23 15:32:02,negatif
fsihotang,Instagram,tergantung yg nonton juga sih,2024-12-23 15:28:05,netral
zaryani,Instagram,biasa aja sih,2024-12-23 15:31:16,netral
drajatprayoga,Instagram,ga tau mau bilang apa,2024-12-23 15:56:25,netral
marsudi31,Instagram,ga tau mau bilang apa,2024-12-23 15:47:29,netral
martakamelani,Instagram,gue liat ini ya udah lah ya,2024-12-23 15:50:31,netral
prasetyasinaga,Instagram,biasa aja sih,2024-12-23 15:48:38,netral
wiramahendra,Instagram,gw setuju sih ama omongannya gus,2024-12-23 15:07:54,positif
samiahsalahudin,Instagram,hmm no comment deh,2024-12-23 15:57:37,netral
amardhiyah,Instagram,ga sopan bgt ngomong gitu,2024-12-23 15:06:18,negatif
gpratama,Instagram,masih netral aja sih gw liatnya,2024-12-23 15:03:09,netral
isudiati,Instagram,biar agak keras tapi niatnya baik kok,2024-12-23 15:18:04,positif
safitriumi,Instagram,bisa2 jualan es teh jd insecure 😓,2024-12-23 15:55:38,negatif
samosirwawan,Instagram,gus miftah harus minta maaf sih ini,2024-12-23 15:26:47,negatif
kanda91,Instagram,gw setuju sih ama omongannya gus,2024-12-23 15:23:47,positif
fujiatititin,Instagram,"bener juga sih, kadang netizen terlalu baper",2024-12-23 15:29:35,positif
kusmawatirudi,Instagram,jujurly lucu banget sih ini 😭,2024-12-23 15:08:28,positif
wadi15,Instagram,gue liat ini ya udah lah ya,2024-12-23 15:12:51,netral
wijayadarmana,Instagram,ni gus emg ada aja kelakuannya 😂,2024-12-23 15:29:36,positif
nyuniar,Instagram,gue liat ini ya udah lah ya,2024-12-23 15:16:01,netral
qzulaika,Instagram,biar agak keras tapi niatnya baik kok,2024-12-23 15:30:44,positif
tasnim99,Instagram,ceramah apaan malah ngehina,2024-12-23 15:11:44,negatif
ratih82,Instagram,"bener juga sih, kadang netizen terlalu baper",2024-12-23 15:18:31,positif
usantoso,Instagram,"ceramahnya tetep dapet kok, relax aja guys",2024-12-23 15:34:55,positif
safina20,Instagram,"ceramahnya tetep dapet kok, relax aja guys",2024-12-23 15:52:36,positif
capa94,Instagram,biar agak keras tapi niatnya baik kok,2024-12-23 15:10:58,positif
septi37,Instagram,"ceramahnya tetep dapet kok, relax aja guys",2024-12-23 15:12:40,positif
bambanghartati,Instagram,ceramah apaan malah ngehina,2024-12-23 15:41:15,negatif
pratamasaiful,Instagram,gue liat ini ya udah lah ya,2024-12-23 15:18:21,netral
cmansur,Instagram,jujurly lucu banget sih ini 😭,2024-12-23 15:05:07,positif
uchitamandasari,Instagram,masih netral aja sih gw liatnya,2024-12-23 15:03:48,netral
rahayudaliono,Instagram,gw setuju sih ama omongannya gus,2024-12-23 15:37:52,positif
prasetyo72,Instagram,"bener juga sih, kadang netizen terlalu baper",2024-12-23 15:58:25,positif
purwadinarpati,Instagram,"ga lucu, malah nyakitin hati yg jualan",2024-12-23 15:03:51,negatif
novitasarisabar,Instagram,biasa aja sih,2024-12-23 15:22:16,netral
natsirgaluh,Instagram,gus miftah harus minta maaf sih ini,2024-12-23 15:56:19,negatif
gilang02,Instagram,ni gus emg ada aja kelakuannya 😂,2024-12-23 15:06:52,positif
balijanjailani,Instagram,"ceramahnya tetep dapet kok, relax aja guys",2024-12-23 15:59:24,positif
prasetyacengkir,Instagram,"bener juga sih, kadang netizen terlalu baper",2024-12-23 15:33:03,positif
mhidayanto,Instagram,jujurly lucu banget sih ini 😭,2024-12-23 15:42:46,positif
fnasyidah,Instagram,ga sopan bgt ngomong gitu,2024-12-23 15:55:50,negatif
kasiyah41,Instagram,bisa2 jualan es teh jd insecure 😓,2024-12-23 15:20:28,negatif
adriansyahharimurti,Instagram,"ceramahnya tetep dapet kok, relax aja guys",2024-12-23 15:21:24,positif
qwijayanti,Instagram,"ga lucu, malah nyakitin hati yg jualan",2024-12-23 15:53:51,negatif
iswahyudimursinin,Instagram,masih netral aja sih gw liatnya,2024-12-23 15:48:41,netral
balamantri26,Instagram,waduh ini sih udah kelewat batas,2024-12-23 15:15:03,negatif
wahyudinami,Instagram,bisa2 jualan es teh jd insecure 😓,2024-12-23 15:14:38,negatif
aryaniajimin,Instagram,biar agak keras tapi niatnya baik kok,2024-12-23 15:06:03,positif
jindrasihotang,Instagram,waduh ini sih udah kelewat batas,2024-12-23 15:05:43,negatif
padmasarimartani,Instagram,tergantung yg nonton juga sih,2024-12-23 15:05:34,netral
embuhsitumorang,Instagram,tergantung yg nonton juga sih,2024-12-23 15:22:32,netral
megantarajasmani,Instagram,jujurly lucu banget sih ini 😭,2024-12-23 15:39:33,positif
pertiwierik,Instagram,bisa2 jualan es teh jd insecure 😓,2024-12-23 15:29:48,negatif
unjani88,Instagram,ga sopan bgt ngomong gitu,2024-12-23 15:32:10,negatif
saragihmustika,Instagram,"ga lucu, malah nyakitin hati yg jualan",2024-12-23 15:17:54,negatif
lukman78,Instagram,tergantung yg nonton juga sih,2024-12-23 15:07:39,netral
embuh20,Instagram,biasa aja sih,2024-12-23 15:39:39,netral
hamzahwasita,Instagram,biar agak keras tapi niatnya baik kok,2024-12-23 15:44:26,positif
natsireka,Instagram,jujurly lucu banget sih ini 😭,2024-12-23 15:22:28,positif
saptonolaras,Instagram,ni gus emg ada aja kelakuannya 😂,2024-12-23 15:47:01,positif
martanawibisono,Instagram,gus miftah harus minta maaf sih ini,2024-12-23 15:05:27,negatif
setiawantari,Instagram,jujurly lucu banget sih ini 😭,2024-12-23 15:11:18,positif
rusmanmarpaung,Instagram,"ga lucu, malah nyakitin hati yg jualan",2024-12-23 15:27:39,negatif
cagak37,Instagram,masih netral aja sih gw liatnya,2024-12-23 15:53:58,netral
kasim10,Instagram,bisa2 jualan es teh jd insecure 😓,2024-12-23 15:13:19,negatif
nasyidahbaktiadi,Instagram,ceramah apaan malah ngehina,2024-12-23 15:29:22,negatif
yaniyuniar,Instagram,waduh ini sih udah kelewat batas,2024-12-23 15:47:30,negatif
nadinepratama,Instagram,"ga lucu, malah nyakitin hati yg jualan",2024-12-23 15:22:37,negatif
adikarafarida,Instagram,masih netral aja sih gw liatnya,2024-12-23 15:31:44,netral
unjani52,Instagram,bisa2 jualan es teh jd insecure 😓,2024-12-23 15:28:41,negatif
jirawan,Instagram,hmm no comment deh,2024-12-23 15:42:09,netral
winarnocayadi,Instagram,ga tau mau bilang apa,2024-12-23 15:10:56,netral
ridwanmaulana,Instagram,biasa aja sih,2024-12-23 15:10:41,netral
vanesamustofa,Instagram,gus miftah harus minta maaf sih ini,2024-12-23 15:55:10,negatif
opadmasari,Instagram,ni gus emg ada aja kelakuannya 😂,2024-12-23 15:29:36,positif
dindaandriani,Instagram,tergantung yg nonton juga sih,2024-12-23 15:13:50,netral
qpuspita,Instagram,hmm no comment deh,2024-12-23 15:14:48,netral
luhung74,Instagram,gue liat ini ya udah lah ya,2024-12-23 15:52:55,netral
paiman69,Instagram,biasa aja sih,2024-12-23 15:56:35,netral
juli22,Instagram,ga sopan bgt ngomong gitu,2024-12-23 15:57:18,negatif
melindanasyiah,Instagram,gue liat ini ya udah lah ya,2024-12-23 15:07:43,netral
najwa41,Instagram,gus miftah harus minta maaf sih ini,2024-12-23 15:26:26,negatif
salmanzulkarnain,Instagram,biasa aja sih,2024-12-23 15:58:53,netral
manullangkala,Instagram,bisa2 jualan es teh jd insecure 😓,2024-12-23 15:05:07,negatif
agustinaadiarja,Instagram,ga tau mau bilang apa,2024-12-23 15:41:22,netral
jaga32,Instagram,hmm no comment deh,2024-12-23 15:43:23,netral
otampubolon,Instagram,ga tau mau bilang apa,2024-12-23 15:31:23,netral
habibikarimah,Instagram,biasa aja sih,2024-12-23 15:03:45,netral
galurpranowo,Instagram,biasa aja sih,2024-12-23 15:29:49,netral
cakrabuana52,Instagram,bisa2 jualan es teh jd insecure 😓,2024-12-23 15:49:56,negatif
tharyanto,Instagram,masih netral aja sih gw liatnya,2024-12-23 15:11:47,netral
bahuwirya37,Instagram,gue liat ini ya udah lah ya,2024-12-23 15:18:31,netral
prasastajaya,Instagram,"ceramahnya tetep dapet kok, relax aja guys",2024-12-23 15:01:54,positif
kusumaprasetya,Instagram,gus miftah harus minta maaf sih ini,2024-12-23 15:30:23,negatif
gwaluyo,Instagram,tergantung yg nonton juga sih,2024-12-23 15:18:36,netral
citrapuspasari,Instagram,ga tau mau bilang apa,2024-12-23 15:31:38,netral
marsudi10,Instagram,ceramah apaan malah ngehina,2024-12-23 15:31:19,negatif
chasanah,Instagram,ga tau mau bilang apa,2024-12-23 15:28:51,netral
wbudiman,Instagram,ga sopan bgt ngomong gitu,2024-12-23 15:02:04,negatif
pranata61,Instagram,tergantung yg nonton juga sih,2024-12-23 15:49:56,netral
ade76,Instagram,ceramah apaan malah ngehina,2024-12-23 15:57:04,negatif
dabukkeemong,Instagram,biasa aja sih,2024-12-23 15:26:58,netral
cnajmudin,Instagram,bisa2 jualan es teh jd insecure 😓,2024-12-23 15:05:17,negatif
lamarmarpaung,Instagram,ni gus emg ada aja kelakuannya 😂,2024-12-23 15:14:36,positif
simonhutasoit,Instagram,masih netral aja sih gw liatnya,2024-12-23 15:52:20,netral
sitompulkasim,Instagram,waduh ini sih udah kelewat batas,2024-12-23 15:34:24,negatif
lulut21,Instagram,biar agak keras tapi niatnya baik kok,2024-12-23 15:48:35,positif
bahuwiryatampubolon,Instagram,gus miftah harus minta maaf sih ini,2024-12-23 15:22:01,negatif
gyuliarti,Instagram,jujurly lucu banget sih ini 😭,2024-12-23 15:25:43,positif
zelda02,Instagram,ga tau mau bilang apa,2024-12-23 15:41:20,netral
vicky50,Instagram,biasa aja sih,2024-12-23 15:02:52,netral
jsetiawan,Instagram,gus miftah harus minta maaf sih ini,2024-12-23 15:20:45,negatif
pratiwimariadi,Instagram,"ga lucu, malah nyakitin hati yg jualan",2024-12-23 15:28:59,negatif
mustofaajimin,Instagram,masih netral aja sih gw liatnya,2024-12-23 15:42:14,netral
cahyantoprasasta,Instagram,tergantung yg nonton juga sih,2024-12-23 15:14:48,netral
mulyanifarhunnisa,Instagram,biasa aja sih,2024-12-23 15:39:27,netral
hasna60,Instagram,ga sopan bgt ngomong gitu,2024-12-23 15:22:40,negatif
opangunarto,Instagram,ceramah apaan malah ngehina,2024-12-23 15:25:11,negatif
ira81,Instagram,jujurly lucu banget sih ini 😭,2024-12-23 15:59:45,positif
hendra89,Instagram,waduh ini sih udah kelewat batas,2024-12-23 15:13:59,negatif
queenyolanda,Instagram,biar agak keras tapi niatnya baik kok,2024-12-23 15:41:04,positif
mhassanah,Instagram,"ceramahnya tetep dapet kok, relax aja guys",2024-12-23 15:44:50,positif
edward63,Instagram,gw setuju sih ama omongannya gus,2024-12-23 15:38:20,positif
carakaagustina,Instagram,waduh ini sih udah kelewat batas,2024-12-23 15:59:28,negatif
mandasarinaradi,Instagram,waduh ini sih udah kelewat batas,2024-12-23 15:30:53,negatif
mhandayani,Instagram,jujurly lucu banget sih ini 😭,2024-12-23 15:19:49,positif
kalim12,Instagram,gw setuju sih ama omongannya gus,2024-12-23 15:29:18,positif
ysuartini,Instagram,hmm no comment deh,2024-12-23 15:51:33,netral
marpaunggarang,Instagram,waduh ini sih udah kelewat batas,2024-12-23 15:55:30,negatif
adinatanashiruddin,Instagram,ni gus emg ada aja kelakuannya 😂,2024-12-23 15:30:23,positif
zyolanda,Instagram,ga tau mau bilang apa,2024-12-23 15:02:47,netral
xanananamaga,Instagram,waduh ini sih udah kelewat batas,2024-12-23 15:09:07,negatif
anggraininugraha,Instagram,waduh ini sih udah kelewat batas,2024-12-23 15:58:49,negatif
rini72,Instagram,tergantung yg nonton juga sih,2024-12-23 15:00:34,netral
sariirawan,Instagram,gue liat ini ya udah lah ya,2024-12-23 15:56:58,netral
samosirkarna,Instagram,"ceramahnya tetep dapet kok, relax aja guys",2024-12-23 15:06:18,positif
widodoyusuf,Instagram,jujurly lucu banget sih ini 😭,2024-12-23 15:25:49,positif
prabumaheswara,Instagram,gue liat ini ya udah lah ya,2024-12-23 15:29:47,netral
brajasa,Instagram,gue liat ini ya udah lah ya,2024-12-23 15:57:21,netral
lestaricinthia,Instagram,ga sopan bgt ngomong gitu,2024-12-23 15:33:20,negatif
vega36,Instagram,jujurly lucu banget sih ini 😭,2024-12-23 15:19:04,positif
edi73,Instagram,biar agak keras tapi niatnya baik kok,2024-12-23 15:16:04,positif
jumadi08,Instagram,ni gus emg ada aja kelakuannya 😂,2024-12-23 15:27:36,positif
rpratiwi,Instagram,ni gus emg ada aja kelakuannya 😂,2024-12-23 15:24:05,positif
endralazuardi,Instagram,ga sopan bgt ngomong gitu,2024-12-23 15:52:56,negatif
phalim,Instagram,hmm no comment deh,2024-12-23 15:24:53,netral
capanamaga,Instagram,waduh ini sih udah kelewat batas,2024-12-23 15:43:43,negatif
qpermadi,Instagram,jujurly lucu banget sih ini 😭,2024-12-23 15:31:12,positif
radenwahyudin,Instagram,hmm no comment deh,2024-12-23 15:14:11,netral
nurdiyantigaiman,Instagram,ni gus emg ada aja kelakuannya 😂,2024-12-23 15:28:18,positif
awaskita,Instagram,"bener juga sih, kadang netizen terlalu baper",2024-12-23 15:02:27,positif
kanda52,Instagram,masih netral aja sih gw liatnya,2024-12-23 15:32:22,netral
nababanlasmono,Instagram,biasa aja sih,2024-12-23 15:33:24,netral
jefrianggriawan,Instagram,biasa aja sih,2024-12-23 15:14:04,netral
najwa68,Instagram,ceramah apaan malah ngehina,2024-12-23 15:05:18,negatif
salwa26,Instagram,hmm no comment deh,2024-12-23 15:39:36,netral
kasiran64,Instagram,bisa2 jualan es teh jd insecure 😓,2024-12-23 15:45:35,negatif
tomi74,Instagram,ceramah apaan malah ngehina,2024-12-23 15:14:59,negatif
adika07,Instagram,biasa aja sih,2024-12-23 15:41:43,netral
damarnasyidah,Instagram,gw setuju sih ama omongannya gus,2024-12-23 15:56:07,positif
swaluyo,Instagram,gue liat ini ya udah lah ya,2024-12-23 15:57:31,netral
ksitompul,Instagram,gus miftah harus minta maaf sih ini,2024-12-23 15:32:28,negatif
nasab21,Instagram,masih netral aja sih gw liatnya,2024-12-23 15:25:00,netral
restumarpaung,Instagram,bisa2 jualan es teh jd insecure 😓,2024-12-23 15:31:08,negatif
dwinarsih,Instagram,gus miftah harus minta maaf sih ini,2024-12-23 15:23:20,negatif
qhidayanto,Instagram,"ga lucu, malah nyakitin hati yg jualan",2024-12-23 15:24:56,negatif
pangeran16,Instagram,gus miftah harus minta maaf sih ini,2024-12-23 15:03:52,negatif
rwasita,Instagram,"ceramahnya tetep dapet kok, relax aja guys",2024-12-23 15:11:50,positif
panji22,Instagram,waduh ini sih udah kelewat batas,2024-12-23 15:17:18,negatif
galur68,Instagram,gw setuju sih ama omongannya gus,2024-12-23 15:15:40,positif
qsiregar,Instagram,biasa aja sih,2024-12-23 15:16:42,netral
ulya07,Instagram,jujurly lucu banget sih ini 😭,2024-12-23 15:58:00,positif
ibrahim36,Instagram,biasa aja sih,2024-12-23 15:04:47,netral
ade77,Instagram,ceramah apaan malah ngehina,2024-12-23 15:10:57,negatif
budiwaluyo,Instagram,hmm no comment deh,2024-12-23 15:20:04,netral
wagustina,Instagram,biasa aja sih,2024-12-23 15:43:25,netral
isaputra,Instagram,biar agak keras tapi niatnya baik kok,2024-12-23 15:31:26,positif
tirtayasa69,Instagram,tergantung yg nonton juga sih,2024-12-23 15:21:28,netral
ida28,Instagram,gus miftah harus minta maaf sih ini,2024-12-23 15:16:43,negatif
sihombingdiana,Instagram,biasa aja sih,2024-12-23 15:52:27,netral
jagaraganasyiah,Instagram,gw setuju sih ama omongannya gus,2024-12-23 15:09:42,positif
gunawankeisha,Instagram,waduh ini sih udah kelewat batas,2024-12-23 15:03:51,negatif
amidabukke,Instagram,biasa aja sih,2024-12-23 15:57:09,netral
permadipuji,Instagram,biar agak keras tapi niatnya baik kok,2024-12-23 15:31:49,positif
saefullahcinthia,Instagram,"ga lucu, malah nyakitin hati yg jualan",2024-12-23 15:19:52,negatif
iriana01,Instagram,masih netral aja sih gw liatnya,2024-12-23 15:10:51,netral
indahtarihoran,Instagram,biar agak keras tapi niatnya baik kok,2024-12-23 15:17:57,positif
banawabudiman,Instagram,"ga lucu, malah nyakitin hati yg jualan",2024-12-23 15:12:11,negatif
kdabukke,Instagram,ga sopan bgt ngomong gitu,2024-12-23 15:20:01,negatif
kfirmansyah,Instagram,ni gus emg ada aja kelakuannya 😂,2024-12-23 15:57:17,positif
nadine63,Instagram,"ceramahnya tetep dapet kok, relax aja guys",2024-12-23 15:42:24,positif
saadat79,Instagram,gw setuju sih ama omongannya gus,2024-12-23 15:42:47,positif
lsiregar,Instagram,masih netral aja sih gw liatnya,2024-12-23 15:10:10,netral
permataunggul,Instagram,"ga lucu, malah nyakitin hati yg jualan",2024-12-23 15:19:45,negatif
dewiiswahyudi,Instagram,gw setuju sih ama omongannya gus,2024-12-23 15:07:48,positif
drajatlaksita,Instagram,ga sopan bgt ngomong gitu,2024-12-23 15:01:55,negatif
heryantopangestu,Instagram,jujurly lucu banget sih ini 😭,2024-12-23 15:58:39,positif
usamahsaiful,Instagram,"bener juga sih, kadang netizen terlalu baper",2024-12-23 15:55:32,positif
halimdabukke,Instagram,ga sopan bgt ngomong gitu,2024-12-23 15:39:54,negatif
banawi98,Instagram,"ceramahnya tetep dapet kok, relax aja guys",2024-12-23 15:09:09,positif
vicky29,Instagram,ni gus emg ada aja kelakuannya 😂,2024-12-23 15:14:25,positif
asmiantomayasari,Instagram,ni gus emg ada aja kelakuannya 😂,2024-12-23 15:35:24,positif
rajasakiandra,Instagram,bisa2 jualan es teh jd insecure 😓,2024-12-23 15:25:46,negatif
eka96,Instagram,biar agak keras tapi niatnya baik kok,2024-12-23 15:08:33,positif
kemal24,Instagram,masih netral aja sih gw liatnya,2024-12-23 15:09:07,netral
pmandala,Instagram,ni gus emg ada aja kelakuannya 😂,2024-12-23 15:32:38,positif
marpaungjanet,Instagram,ga sopan bgt ngomong gitu,2024-12-23 15:14:29,negatif
sari08,Instagram,ga tau mau bilang apa,2024-12-23 15:01:18,netral
kpurnawati,Instagram,waduh ini sih udah kelewat batas,2024-12-23 15:27:04,negatif
nadia54,Instagram,masih netral aja sih gw liatnya,2024-12-23 15:10:40,netral
kadirpradana,Instagram,biar agak keras tapi niatnya baik kok,2024-12-23 15:35:13,positif
bahuwarnaprakasa,Instagram,bisa2 jualan es teh jd insecure 😓,2024-12-23 15:40:47,negatif
dwastuti,Instagram,ni gus emg ada aja kelakuannya 😂,2024-12-23 15:22:07,positif
wmaulana,Instagram,ceramah apaan malah ngehina,2024-12-23 15:23:58,negatif
vega39,Instagram,gw setuju sih ama omongannya gus,2024-12-23 15:03:19,positif
vera54,Instagram,ga tau mau bilang apa,2024-12-23 15:22:25,netral
jlestari,Instagram,tergantung yg nonton juga sih,2024-12-23 15:55:41,netral
banawi83,Instagram,"ga lucu, malah nyakitin hati yg jualan",2024-12-23 15:41:24,negatif
dipagunawan,Instagram,tergantung yg nonton juga sih,2024-12-23 15:20:15,netral
puji32,Instagram,biasa aja sih,2024-12-23 15:03:54,netral
astutiluthfi,Instagram,ga sopan bgt ngomong gitu,2024-12-23 15:23:28,negatif
usmanwulandari,Instagram,ga sopan bgt ngomong gitu,2024-12-23 15:00:01,negatif
prayogoandriani,Instagram,"ga lucu, malah nyakitin hati yg jualan",2024-12-23 15:47:34,negatif
damaniksari,Instagram,hmm no comment deh,2024-12-23 15:01:04,netral
wasiskurniawan,Instagram,"ga lucu, malah nyakitin hati yg jualan",2024-12-23 15:14:05,negatif
ppranowo,Instagram,gus miftah harus minta maaf sih ini,2024-12-23 15:36:28,negatif
slatupono,Instagram,gw setuju sih ama omongannya gus,2024-12-23 15:31:18,positif
radenpermata,Instagram,gus miftah harus minta maaf sih ini,2024-12-23 15:52:42,negatif
winarsihgalih,Instagram,bisa2 jualan es teh jd insecure 😓,2024-12-23 15:01:04,negatif
darmanamelani,Instagram,biasa aja sih,2024-12-23 15:34:06,netral
nadinepermadi,Instagram,tergantung yg nonton juga sih,2024-12-23 15:17:26,netral
ehalim,Instagram,bisa2 jualan es teh jd insecure 😓,2024-12-23 15:46:45,negatif
haryantogaduh,Instagram,gw setuju sih ama omongannya gus,2024-12-23 15:01:14,positif
hestisaragih,Instagram,gw setuju sih ama omongannya gus,2024-12-23 15:06:30,positif
aadriansyah,Instagram,gus miftah harus minta maaf sih ini,2024-12-23 15:44:21,negatif
usadatiara,Instagram,waduh ini sih udah kelewat batas,2024-12-23 15:32:13,negatif
luthfibudiman,Instagram,gus miftah harus minta maaf sih ini,2024-12-23 15:25:43,negatif
gabriellasaragih,Instagram,ga sopan bgt ngomong gitu,2024-12-23 15:12:01,negatif
putu38,Instagram,ga sopan bgt ngomong gitu,2024-12-23 15:05:45,negatif
damunapitupulu,Instagram,tergantung yg nonton juga sih,2024-12-23 15:08:07,netral
esiregar,Instagram,"ceramahnya tetep dapet kok, relax aja guys",2024-12-23 15:28:38,positif
balanatsir,Instagram,biar agak keras tapi niatnya baik kok,2024-12-23 15:10:19,positif
teddysaragih,Instagram,gue liat ini ya udah lah ya,2024-12-23 15:41:37,netral
diah22,Instagram,hmm no comment deh,2024-12-23 15:57:13,netral
manullangkarsana,Instagram,tergantung yg nonton juga sih,2024-12-23 15:11:37,netral
yoga80,Instagram,"bener juga sih, kadang netizen terlalu baper",2024-12-23 15:54:12,positif
parisagustina,Instagram,biar agak keras tapi niatnya baik kok,2024-12-23 15:15:45,positif
ciaobella97,Instagram,ceramah apaan malah ngehina,2024-12-23 15:37:26,negatif
asmunidongoran,Instagram,biar agak keras tapi niatnya baik kok,2024-12-23 15:39:47,positif
anggriawancager,Instagram,biar agak keras tapi niatnya baik kok,2024-12-23 15:06:00,positif
darmaji14,Instagram,"bener juga sih, kadang netizen terlalu baper",2024-12-23 15:48:22,positif
ybudiman,Instagram,ga tau mau bilang apa,2024-12-23 15:56:11,netral
vzulkarnain,Instagram,gus miftah harus minta maaf sih ini,2024-12-23 15:46:19,negatif
edi88,Instagram,hmm no comment deh,2024-12-23 15:38:46,netral
bella60,Instagram,masih netral aja sih gw liatnya,2024-12-23 15:27:32,netral
karimananggraini,Instagram,"ceramahnya tetep dapet kok, relax aja guys",2024-12-23 15:23:51,positif
daruna12,Instagram,gus miftah harus minta maaf sih ini,2024-12-23 15:34:17,negatif
lutfanwacana,Instagram,masih netral aja sih gw liatnya,2024-12-23 15:35:32,netral
karja59,Instagram,tergantung yg nonton juga sih,2024-12-23 15:09:53,netral
gsuryatmi,Instagram,ceramah apaan malah ngehina,2024-12-23 15:29:38,negatif
raihan97,Instagram,tergantung yg nonton juga sih,2024-12-23 15:37:08,netral
gabriella83,Instagram,biar agak keras tapi niatnya baik kok,2024-12-23 15:35:03,positif
sabri51,Instagram,biar agak keras tapi niatnya baik kok,2024-12-23 15:47:43,positif
kamila82,Instagram,biasa aja sih,2024-12-23 15:38:48,netral
orajasa,Instagram,ga sopan bgt ngomong gitu,2024-12-23 15:10:59,negatif
ohidayanto,Instagram,hmm no comment deh,2024-12-23 15:47:58,netral
usyipangestu,Instagram,gw setuju sih ama omongannya gus,2024-12-23 15:25:14,positif
caketprabowo,Instagram,gus miftah harus minta maaf sih ini,2024-12-23 15:37:11,negatif
jailanipardi,Instagram,ga sopan bgt ngomong gitu,2024-12-23 15:58:51,negatif
wahyuniira,Instagram,gus miftah harus minta maaf sih ini,2024-12-23 15:37:35,negatif
psaptono,Instagram,jujurly lucu banget sih ini 😭,2024-12-23 15:22:49,positif
elisawasita,Instagram,biar agak keras tapi niatnya baik kok,2024-12-23 15:35:32,positif
sakuralaksita,Instagram,ga tau mau bilang apa,2024-12-23 15:04:43,netral
yuliartiemong,Instagram,"ga lucu, malah nyakitin hati yg jualan",2024-12-23 15:33:12,negatif
sihotangperkasa,Instagram,"ceramahnya tetep dapet kok, relax aja guys",2024-12-23 15:55:15,positif
jokohakim,Instagram,gus miftah harus minta maaf sih ini,2024-12-23 15:42:56,negatif
jyuniar,Instagram,ceramah apaan malah ngehina,2024-12-23 15:44:26,negatif
wibowotiti,Instagram,waduh ini sih udah kelewat batas,2024-12-23 15:02:56,negatif
oktavianisamsul,Instagram,masih netral aja sih gw liatnya,2024-12-23 15:02:09,netral
setiawanedison,Instagram,jujurly lucu banget sih ini 😭,2024-12-23 15:16:27,positif
pfirgantoro,Instagram,tergantung yg nonton juga sih,2024-12-23 15:28:38,netral
adiarjaputra,Instagram,gus miftah harus minta maaf sih ini,2024-12-23 15:32:36,negatif
qyulianti,Instagram,biasa aja sih,2024-12-23 15:24:50,netral
bakimanrahayu,Instagram,ga sopan bgt ngomong gitu,2024-12-23 15:01:05,negatif
adikahidayat,Instagram,biasa aja sih,2024-12-23 15:03:42,netral
salahudinasirwada,Instagram,gus miftah harus minta maaf sih ini,2024-12-23 15:25:33,negatif
pmarpaung,Instagram,"ga lucu, malah nyakitin hati yg jualan",2024-12-23 15:05:02,negatif
wijayantiviktor,Instagram,gus miftah harus minta maaf sih ini,2024-12-23 15:39:54,negatif
pangestusihombing,Instagram,ga sopan bgt ngomong gitu,2024-12-23 15:05:53,negatif
rusmanprasasta,Instagram,gue liat ini ya udah lah ya,2024-12-23 15:49:26,netral
sabrinalestari,Instagram,waduh ini sih udah kelewat batas,2024-12-23 15:31:36,negatif
rinanatsir,Instagram,ni gus emg ada aja kelakuannya 😂,2024-12-23 15:51:34,positif
haryantoindah,Instagram,gw setuju sih ama omongannya gus,2024-12-23 15:38:58,positif
chidayanto,Instagram,tergantung yg nonton juga sih,2024-12-23 15:10:13,netral
prasetyo07,Instagram,biasa aja sih,2024-12-23 15:39:26,netral
uda99,Instagram,biasa aja sih,2024-12-23 15:59:46,netral
pradanaedi,Instagram,ceramah apaan malah ngehina,2024-12-23 15:52:10,negatif
gilang32,Instagram,"bener juga sih, kadang netizen terlalu baper",2024-12-23 15:11:50,positif
chabibi,Instagram,"ceramahnya tetep dapet kok, relax aja guys",2024-12-23 15:00:52,positif
ppratama,Instagram,ga tau mau bilang apa,2024-12-23 15:25:15,netral
jsiregar,Instagram,ni gus emg ada aja kelakuannya 😂,2024-12-23 15:14:33,positif
gnasyiah,Instagram,jujurly lucu banget sih ini 😭,2024-12-23 15:58:21,positif
puspasarisidiq,Instagram,waduh ini sih udah kelewat batas,2024-12-23 15:32:44,negatif
hastuticahyono,Instagram,hmm no comment deh,2024-12-23 15:24:19,netral
mnarpati,Instagram,waduh ini sih udah kelewat batas,2024-12-23 15:53:42,negatif
emastarihoran,Instagram,ga tau mau bilang apa,2024-12-23 15:11:51,netral
znurdiyanti,Instagram,"bener juga sih, kadang netizen terlalu baper",2024-12-23 15:54:21,positif
zpudjiastuti,Instagram,"bener juga sih, kadang netizen terlalu baper",2024-12-23 15:10:12,positif
hesti94,Instagram,masih netral aja sih gw liatnya,2024-12-23 15:44:03,netral
saefullahsoleh,Instagram,masih netral aja sih gw liatnya,2024-12-23 15:13:26,netral
tirawan,Instagram,ga tau mau bilang apa,2024-12-23 15:15:03,netral
ina47,Instagram,gw setuju sih ama omongannya gus,2024-12-23 15:05:38,positif
prayogalaras,Instagram,"ga lucu, malah nyakitin hati yg jualan",2024-12-23 15:18:51,negatif
chelseasihombing,Instagram,"bener juga sih, kadang netizen terlalu baper",2024-12-23 15:48:16,positif
gardahutasoit,Instagram,"ceramahnya tetep dapet kok, relax aja guys",2024-12-23 15:58:17,positif
utamaoliva,Instagram,gus miftah harus minta maaf sih ini,2024-12-23 15:28:44,negatif
maheswaranova,Instagram,hmm no comment deh,2024-12-23 15:55:43,netral
mariadi76,Instagram,masih netral aja sih gw liatnya,2024-12-23 15:40:20,netral
taufankusumo,Instagram,ni gus emg ada aja kelakuannya 😂,2024-12-23 15:24:38,positif
mayasariwarsa,Instagram,masih netral aja sih gw liatnya,2024-12-23 15:43:49,netral
safina84,Instagram,biasa aja sih,2024-12-23 15:46:09,netral
rusman97,Instagram,biasa aja sih,2024-12-23 15:28:20,netral
kairavthamrin,Instagram,ni gus emg ada aja kelakuannya 😂,2024-12-23 15:34:54,positif
ardiantojarwa,Instagram,bisa2 jualan es teh jd insecure 😓,2024-12-23 15:33:54,negatif
enteng40,Instagram,gw setuju sih ama omongannya gus,2024-12-23 15:44:39,positif
bmarpaung,Instagram,gw setuju sih ama omongannya gus,2024-12-23 15:33:31,positif
yuliabudiman,Instagram,tergantung yg nonton juga sih,2024-12-23 15:00:12,netral
snapitupulu,Instagram,"ceramahnya tetep dapet kok, relax aja guys",2024-12-23 15:03:00,positif
luweshutagalung,Instagram,hmm no comment deh,2024-12-23 15:25:47,netral
pnamaga,Instagram,biasa aja sih,2024-12-23 15:31:52,netral
manah50,Instagram,"ga lucu, malah nyakitin hati yg jualan",2024-12-23 15:44:33,negatif
lestariharsanto,Instagram,ga tau mau bilang apa,2024-12-23 15:12:05,netral
asirwada87,Instagram,ni gus emg ada aja kelakuannya 😂,2024-12-23 15:34:59,positif
wibowoajiono,Instagram,tergantung yg nonton juga sih,2024-12-23 15:21:03,netral
jbudiman,Instagram,biar agak keras tapi niatnya baik kok,2024-12-23 15:57:45,positif
saefullahpurwa,Instagram,ni gus emg ada aja kelakuannya 😂,2024-12-23 15:25:46,positif
langgeng56,Instagram,waduh ini sih udah kelewat batas,2024-12-23 15:13:29,negatif
ffujiati,Instagram,gue liat ini ya udah lah ya,2024-12-23 15:31:43,netral
cemani38,Instagram,ceramah apaan malah ngehina,2024-12-23 15:50:55,negatif
usihombing,Instagram,ga tau mau bilang apa,2024-12-23 15:03:38,netral
inainggolan,Instagram,gus miftah harus minta maaf sih ini,2024-12-23 15:04:15,negatif
gwaskita,Instagram,masih netral aja sih gw liatnya,2024-12-23 15:39:35,netral
mulyanidasa,Instagram,"ga lucu, malah nyakitin hati yg jualan",2024-12-23 15:58:00,negatif
garanghidayat,Instagram,ceramah apaan malah ngehina,2024-12-23 15:07:47,negatif
rahayurahayu,Instagram,gue liat ini ya udah lah ya,2024-12-23 15:09:53,netral
idamanik,Instagram,ga tau mau bilang apa,2024-12-23 15:41:38,netral
wriyanti,Instagram,"ga lucu, malah nyakitin hati yg jualan",2024-12-23 15:20:57,negatif
hutagalungleo,Instagram,ni gus emg ada aja kelakuannya 😂,2024-12-23 15:53:48,positif
aryanirudi,Instagram,waduh ini sih udah kelewat batas,2024-12-23 15:48:27,negatif
nadinesaptono,Instagram,biar agak keras tapi niatnya baik kok,2024-12-23 15:03:59,positif
kuntharamanullang,Instagram,hmm no comment deh,2024-12-23 15:38:31,netral
xpratama,Instagram,ni gus emg ada aja kelakuannya 😂,2024-12-23 15:26:22,positif
natsirsaadat,Instagram,biar agak keras tapi niatnya baik kok,2024-12-23 15:44:26,positif
uwaiskambali,Instagram,masih netral aja sih gw liatnya,2024-12-23 15:26:58,netral
jaswadiwastuti,Instagram,bisa2 jualan es teh jd insecure 😓,2024-12-23 15:23:41,negatif
pradiptakarimah,Instagram,ga tau mau bilang apa,2024-12-23 15:47:51,netral
wakiman35,Instagram,ga sopan bgt ngomong gitu,2024-12-23 15:05:34,negatif
reza53,Instagram,"bener juga sih, kadang netizen terlalu baper",2024-12-23 15:32:33,positif
gaduh78,Instagram,hmm no comment deh,2024-12-23 15:07:34,netral
galur54,Instagram,bisa2 jualan es teh jd insecure 😓,2024-12-23 15:24:14,negatif
rama07,Instagram,ga sopan bgt ngomong gitu,2024-12-23 15:54:16,negatif
ramadantalia,Instagram,gw setuju sih ama omongannya gus,2024-12-23 15:48:09,positif
permadiviman,Instagram,hmm no comment deh,2024-12-23 15:54:39,netral
irmapertiwi,Instagram,masih netral aja sih gw liatnya,2024-12-23 15:41:45,netral
dirjanatsir,Instagram,"ceramahnya tetep dapet kok, relax aja guys",2024-12-23 15:59:42,positif
jaswadi09,Instagram,ga tau mau bilang apa,2024-12-23 15:09:28,netral
gadingpadmasari,Instagram,biasa aja sih,2024-12-23 15:40:46,netral
hasanahbakijan,Instagram,masih netral aja sih gw liatnya,2024-12-23 15:19:08,netral
ktampubolon,Instagram,gue liat ini ya udah lah ya,2024-12-23 15:59:57,netral
npermadi,Instagram,gus miftah harus minta maaf sih ini,2024-12-23 15:03:56,negatif
vwinarsih,Instagram,ga tau mau bilang apa,2024-12-23 15:23:24,netral
pradanahairyanto,Instagram,"ceramahnya tetep dapet kok, relax aja guys",2024-12-23 15:50:02,positif
umayarahmawati,Instagram,biasa aja sih,2024-12-23 15:21:16,netral
dzulaika,Instagram,biar agak keras tapi niatnya baik kok,2024-12-23 15:24:49,positif
hmanullang,Instagram,gue liat ini ya udah lah ya,2024-12-23 15:45:20,netral
firmansyahnrima,Instagram,jujurly lucu banget sih ini 😭,2024-12-23 15:59:35,positif
tpuspita,Instagram,biar agak keras tapi niatnya baik kok,2024-12-23 15:52:05,positif
cager62,Instagram,hmm no comment deh,2024-12-23 15:55:48,netral
ywijaya,Instagram,biar agak keras tapi niatnya baik kok,2024-12-23 15:01:45,positif
kusumafirmansyah,Instagram,waduh ini sih udah kelewat batas,2024-12-23 15:01:00,negatif
simon83,Instagram,masih netral aja sih gw liatnya,2024-12-23 15:25:14,netral
radikawasita,Instagram,gus miftah harus minta maaf sih ini,2024-12-23 15:26:48,negatif
bhastuti,Instagram,gue liat ini ya udah lah ya,2024-12-23 15:27:37,netral
widya67,Instagram,ga sopan bgt ngomong gitu,2024-12-23 15:41:31,negatif
onatsir,Instagram,ni gus emg ada aja kelakuannya 😂,2024-12-23 15:50:28,positif
harsana82,Instagram,waduh ini sih udah kelewat batas,2024-12-23 15:11:30,negatif
ganep66,Instagram,"bener juga sih, kadang netizen terlalu baper",2024-12-23 15:09:05,positif
aanggraini,Instagram,waduh ini sih udah kelewat batas,2024-12-23 15:18:39,negatif
garangprastuti,Instagram,bisa2 jualan es teh jd insecure 😓,2024-12-23 15:05:01,negatif
wijayantifebi,Instagram,"bener juga sih, kadang netizen terlalu baper",2024-12-23 15:32:43,positif
taniaanggriawan,Instagram,ga tau mau bilang apa,2024-12-23 15:58:15,netral
halimpurwadi,Instagram,tergantung yg nonton juga sih,2024-12-23 15:09:14,netral
zdabukke,Instagram,biasa aja sih,2024-12-23 15:48:16,netral
prasetyobahuwarna,Instagram,ni gus emg ada aja kelakuannya 😂,2024-12-23 15:33:41,positif
enovitasari,Instagram,tergantung yg nonton juga sih,2024-12-23 15:50:31,netral
xsirait,Instagram,ceramah apaan malah ngehina,2024-12-23 15:26:01,negatif
ramagunawan,Instagram,ga sopan bgt ngomong gitu,2024-12-23 15:57:56,negatif
suwarnonadine,Instagram,tergantung yg nonton juga sih,2024-12-23 15:55:35,netral
ssiregar,Instagram,hmm no comment deh,2024-12-23 15:33:12,netral
maryadihardana,Instagram,"ga lucu, malah nyakitin hati yg jualan",2024-12-23 15:33:35,negatif
zulkarnaindipa,Instagram,ceramah apaan malah ngehina,2024-12-23 15:07:15,negatif
maidasaputra,Instagram,masih netral aja sih gw liatnya,2024-12-23 15:47:19,netral
zeldatarihoran,Instagram,masih netral aja sih gw liatnya,2024-12-23 15:39:55,netral
chandayani,Instagram,jujurly lucu banget sih ini 😭,2024-12-23 15:21:09,positif
putri58,Instagram,gue liat ini ya udah lah ya,2024-12-23 15:51:57,netral
balanggaastuti,Instagram,biar agak keras tapi niatnya baik kok,2024-12-23 15:44:38,positif
febimaulana,Instagram,ga tau mau bilang apa,2024-12-23 15:40:20,netral
ddamanik,Instagram,ceramah apaan malah ngehina,2024-12-23 15:35:06,negatif
tambaartawan,Instagram,"ceramahnya tetep dapet kok, relax aja guys",2024-12-23 15:02:23,positif
lailasariwirda,Instagram,ga sopan bgt ngomong gitu,2024-12-23 15:55:54,negatif
najammulyani,Instagram,jujurly lucu banget sih ini 😭,2024-12-23 15:55:13,positif
pmayasari,Instagram,ga tau mau bilang apa,2024-12-23 15:19:55,netral
dalimaprasetya,Instagram,ga tau mau bilang apa,2024-12-23 15:24:26,netral
mahendranadia,Instagram,hmm no comment deh,2024-12-23 15:28:35,netral
jindrairawan,Instagram,gue liat ini ya udah lah ya,2024-12-23 15:09:21,netral
kharyanti,Instagram,tergantung yg nonton juga sih,2024-12-23 15:23:29,netral
widodosafina,Instagram,ga sopan bgt ngomong gitu,2024-12-23 15:50:51,negatif
labuh19,Instagram,ga sopan bgt ngomong gitu,2024-12-23 15:40:26,negatif
irwanfarida,Instagram,biar agak keras tapi niatnya baik kok,2024-12-23 15:27:37,positif
nasyiahmala,Instagram,masih netral aja sih gw liatnya,2024-12-23 15:47:15,netral
jfirgantoro,Instagram,gw setuju sih ama omongannya gus,2024-12-23 15:41:55,positif
mursininpertiwi,Instagram,bisa2 jualan es teh jd insecure 😓,2024-12-23 15:40:27,negatif
gadangusada,Instagram,"ceramahnya tetep dapet kok, relax aja guys",2024-12-23 15:46:05,positif
hardiansyahjati,Instagram,ni gus emg ada aja kelakuannya 😂,2024-12-23 15:18:25,positif
widiastutijabal,Instagram,bisa2 jualan es teh jd insecure 😓,2024-12-23 15:27:51,negatif
karjamayasari,Instagram,gus miftah harus minta maaf sih ini,2024-12-23 15:54:41,negatif
maheswarabajragin,Instagram,ceramah apaan malah ngehina,2024-12-23 15:17:39,negatif
prabu79,Instagram,"bener juga sih, kadang netizen terlalu baper",2024-12-23 15:44:41,positif
hutapeaanita,Instagram,gus miftah harus minta maaf sih ini,2024-12-23 15:23:13,negatif
belladongoran,Instagram,bisa2 jualan es teh jd insecure 😓,2024-12-23 15:46:34,negatif
hestiwahyuni,Instagram,bisa2 jualan es teh jd insecure 😓,2024-12-23 15:58:57,negatif
prima08,Instagram,ni gus emg ada aja kelakuannya 😂,2024-12-23 15:29:33,positif
kuswandaricaturangga,Instagram,jujurly lucu banget sih ini 😭,2024-12-23 15:44:50,positif
nilam35,Instagram,tergantung yg nonton juga sih,2024-12-23 15:54:58,netral
slamet06,Instagram,"ceramahnya tetep dapet kok, relax aja guys",2024-12-23 15:33:12,positif
janet23,Instagram,"bener juga sih, kadang netizen terlalu baper",2024-12-23 15:23:03,positif
ypudjiastuti,Instagram,gus miftah harus minta maaf sih ini,2024-12-23 15:39:52,negatif
xmandasari,Instagram,hmm no comment deh,2024-12-23 15:47:29,netral
ophelia24,Instagram,ceramah apaan malah ngehina,2024-12-23 15:34:38,negatif
shakilaiswahyudi,Instagram,"bener juga sih, kadang netizen terlalu baper",2024-12-23 15:26:28,positif
sitoruswawan,Instagram,bisa2 jualan es teh jd insecure 😓,2024-12-23 15:28:00,negatif
rizki20,Instagram,tergantung yg nonton juga sih,2024-12-23 15:31:50,netral
ptarihoran,Instagram,ni gus emg ada aja kelakuannya 😂,2024-12-23 15:19:23,positif
lalitauwais,Instagram,"ga lucu, malah nyakitin hati yg jualan",2024-12-23 15:37:56,negatif
kuswandaribalamantri,Instagram,ni gus emg ada aja kelakuannya 😂,2024-12-23 15:25:09,positif
hartatidono,Instagram,gus miftah harus minta maaf sih ini,2024-12-23 15:47:11,negatif
putiyuliarti,Instagram,gue liat ini ya udah lah ya,2024-12-23 15:47:01,netral
kalimjanuar,Instagram,waduh ini sih udah kelewat batas,2024-12-23 15:57:13,negatif
salahudinnalar,Instagram,waduh ini sih udah kelewat batas,2024-12-23 15:35:50,negatif
adhiarjausamah,Instagram,masih netral aja sih gw liatnya,2024-12-23 15:03:29,netral
dhutagalung,Instagram,masih netral aja sih gw liatnya,2024-12-23 15:05:13,netral
rahayuvanya,Instagram,tergantung yg nonton juga sih,2024-12-23 15:32:47,netral
tantri56,Instagram,jujurly lucu banget sih ini 😭,2024-12-23 15:00:42,positif
jagapatianggriawan,Instagram,tergantung yg nonton juga sih,2024-12-23 15:52:16,netral
saadatutama,Instagram,ceramah apaan malah ngehina,2024-12-23 15:51:26,negatif
eman73,Instagram,"ceramahnya tetep dapet kok, relax aja guys",2024-12-23 15:00:49,positif
ajiminrahimah,Instagram,jujurly lucu banget sih ini 😭,2024-12-23 15:23:53,positif
bambang77,Instagram,"ga lucu, malah nyakitin hati yg jualan",2024-12-23 15:32:13,negatif
nadine40,Instagram,masih netral aja sih gw liatnya,2024-12-23 15:48:09,netral
emin07,Instagram,"bener juga sih, kadang netizen terlalu baper",2024-12-23 15:14:13,positif
cahyapradana,Instagram,hmm no comment deh,2024-12-23 15:15:42,netral
yunitasitompul,Instagram,waduh ini sih udah kelewat batas,2024-12-23 15:14:14,negatif
narpatimarsudi,Instagram,hmm no comment deh,2024-12-23 15:38:40,netral
virmanrahayu,Instagram,"ga lucu, malah nyakitin hati yg jualan",2024-12-23 15:49:34,negatif
emin73,Instagram,waduh ini sih udah kelewat batas,2024-12-23 15:10:40,negatif
snajmudin,Instagram,biasa aja sih,2024-12-23 15:21:16,netral
ffirmansyah,Instagram,hmm no comment deh,2024-12-23 15:16:24,netral
fhakim,Instagram,masih netral aja sih gw liatnya,2024-12-23 15:53:34,netral
hilda63,Instagram,biar agak keras tapi niatnya baik kok,2024-12-23 15:25:48,positif
yhutagalung,Instagram,waduh ini sih udah kelewat batas,2024-12-23 15:55:17,negatif
laksitakarna,Instagram,ga tau mau bilang apa,2024-12-23 15:44:34,netral
purwantimelinda,Instagram,ceramah apaan malah ngehina,2024-12-23 15:47:39,negatif
hutasoitjanet,Instagram,"ga lucu, malah nyakitin hati yg jualan",2024-12-23 15:52:55,negatif
kuncarausada,Instagram,tergantung yg nonton juga sih,2024-12-23 15:22:47,netral
jakaanggraini,Instagram,tergantung yg nonton juga sih,2024-12-23 15:49:45,netral
anggrainikayun,Instagram,waduh ini sih udah kelewat batas,2024-12-23 15:44:44,negatif
kambaliyolanda,Instagram,gw setuju sih ama omongannya gus,2024-12-23 15:28:04,positif
setiawangawati,Instagram,"ga lucu, malah nyakitin hati yg jualan",2024-12-23 15:29:36,negatif
prakasapandu,Instagram,hmm no comment deh,2024-12-23 15:07:34,netral
latuponocengkir,Instagram,waduh ini sih udah kelewat batas,2024-12-23 15:05:42,negatif
wmarpaung,Instagram,biasa aja sih,2024-12-23 15:20:05,netral
titinababan,Instagram,gue liat ini ya udah lah ya,2024-12-23 15:58:59,netral
edwardpurwanti,Instagram,ni gus emg ada aja kelakuannya 😂,2024-12-23 15:27:30,positif
cpadmasari,Instagram,ga sopan bgt ngomong gitu,2024-12-23 15:33:16,negatif
udadongoran,Instagram,biasa aja sih,2024-12-23 15:55:17,netral
gilang71,Instagram,gw setuju sih ama omongannya gus,2024-12-23 15:35:50,positif
marsito19,Instagram,tergantung yg nonton juga sih,2024-12-23 15:31:08,netral
mprasasta,Instagram,hmm no comment deh,2024-12-23 15:03:38,netral
firgantorodaliono,Instagram,jujurly lucu banget sih ini 😭,2024-12-23 15:19:11,positif
gmaheswara,Instagram,ga sopan bgt ngomong gitu,2024-12-23 15:18:11,negatif
spratiwi,Instagram,ga tau mau bilang apa,2024-12-23 15:32:06,netral
rendysuartini,Instagram,ga tau mau bilang apa,2024-12-23 15:27:42,netral
candrakanta47,Instagram,tergantung yg nonton juga sih,2024-12-23 15:34:20,netral
omayasari,Instagram,ni gus emg ada aja kelakuannya 😂,2024-12-23 15:59:22,positif
dmaulana,Instagram,bisa2 jualan es teh jd insecure 😓,2024-12-23 15:45:32,negatif
jayeng48,Instagram,"ga lucu, malah nyakitin hati yg jualan",2024-12-23 15:09:28,negatif
oskarmardhiyah,Instagram,"ga lucu, malah nyakitin hati yg jualan",2024-12-23 15:56:30,negatif
zahrakurniawan,Instagram,biar agak keras tapi niatnya baik kok,2024-12-23 15:45:20,positif
hakimprayogo,Instagram,gus miftah harus minta maaf sih ini,2024-12-23 15:38:30,negatif
oktonasyiah,Instagram,"ceramahnya tetep dapet kok, relax aja guys",2024-12-23 15:11:27,positif
padmiwahyuni,Instagram,"ceramahnya tetep dapet kok, relax aja guys",2024-12-23 15:58:43,positif
mandalawarji,Instagram,tergantung yg nonton juga sih,2024-12-23 15:37:08,netral
victoriamaryati,Instagram,jujurly lucu banget sih ini 😭,2024-12-23 15:00:49,positif
mandasariikhsan,Instagram,ga tau mau bilang apa,2024-12-23 15:07:59,netral
siregarmahesa,Instagram,"bener juga sih, kadang netizen terlalu baper",2024-12-23 15:12:19,positif
cawuknatsir,Instagram,biar agak keras tapi niatnya baik kok,2024-12-23 15:09:11,positif
zsuwarno,Instagram,ni gus emg ada aja kelakuannya 😂,2024-12-23 15:34:26,positif
pmarbun,Instagram,tergantung yg nonton juga sih,2024-12-23 15:19:32,netral
bambang37,Instagram,jujurly lucu banget sih ini 😭,2024-12-23 15:14:32,positif
titin86,Instagram,biasa aja sih,2024-12-23 15:14:08,netral
chandrawinarno,Instagram,bisa2 jualan es teh jd insecure 😓,2024-12-23 15:50:12,negatif
darmajiwaskita,Instagram,"ceramahnya tetep dapet kok, relax aja guys",2024-12-23 15:34:23,positif
novitasarikarma,Instagram,"ceramahnya tetep dapet kok, relax aja guys",2024-12-23 15:51:54,positif
maulanavega,Instagram,gw setuju sih ama omongannya gus,2024-12-23 15:50:47,positif
kusumadabukke,Instagram,ga sopan bgt ngomong gitu,2024-12-23 15:05:59,negatif
harjo73,Instagram,ni gus emg ada aja kelakuannya 😂,2024-12-23 15:38:15,positif
izulaika,Instagram,biar agak keras tapi niatnya baik kok,2024-12-23 15:16:54,positif
hariyahchelsea,Instagram,hmm no comment deh,2024-12-23 15:02:58,netral
rahayubagya,Instagram,ni gus emg ada aja kelakuannya 😂,2024-12-23 15:49:56,positif
simbolonsari,Instagram,biar agak keras tapi niatnya baik kok,2024-12-23 15:27:53,positif
natsirharsaya,Instagram,ceramah apaan malah ngehina,2024-12-23 15:48:44,negatif
triiswahyudi,Instagram,jujurly lucu banget sih ini 😭,2024-12-23 15:11:13,positif
arajasa,Instagram,ga sopan bgt ngomong gitu,2024-12-23 15:01:31,negatif
ridwanhandayani,Instagram,gus miftah harus minta maaf sih ini,2024-12-23 15:14:09,negatif
tprakasa,Instagram,ni gus emg ada aja kelakuannya 😂,2024-12-23 15:57:09,positif
kadirnababan,Instagram,masih netral aja sih gw liatnya,2024-12-23 15:33:10,netral
cahyo69,Instagram,ga tau mau bilang apa,2024-12-23 15:21:14,netral
gastimaryadi,Instagram,ga tau mau bilang apa,2024-12-23 15:35:13,netral
hildaaryani,Instagram,gue liat ini ya udah lah ya,2024-12-23 15:05:06,netral
lazuardiyahya,Instagram,gue liat ini ya udah lah ya,2024-12-23 15:51:28,netral
baktianto86,Instagram,"bener juga sih, kadang netizen terlalu baper",2024-12-23 15:16:08,positif
kusumokanda,Instagram,ga tau mau bilang apa,2024-12-23 15:59:45,netral
ilaksmiwati,Instagram,biar agak keras tapi niatnya baik kok,2024-12-23 15:50:08,positif
gada71,Instagram,waduh ini sih udah kelewat batas,2024-12-23 15:50:47,negatif
rafid89,Instagram,jujurly lucu banget sih ini 😭,2024-12-23 15:27:06,positif
suartinieluh,Instagram,ga sopan bgt ngomong gitu,2024-12-23 15:14:55,negatif
apurnawati,Instagram,gus miftah harus minta maaf sih ini,2024-12-23 15:24:58,negatif
gandewapudjiastuti,Instagram,hmm no comment deh,2024-12-23 15:59:01,netral
rafid08,Instagram,ga tau mau bilang apa,2024-12-23 15:52:45,netral
rsuryatmi,Instagram,jujurly lucu banget sih ini 😭,2024-12-23 15:10:12,positif
arsipatranatsir,Instagram,ga tau mau bilang apa,2024-12-23 15:13:40,netral
narji76,Instagram,waduh ini sih udah kelewat batas,2024-12-23 15:19:46,negatif
asmanharyanto,Instagram,tergantung yg nonton juga sih,2024-12-23 15:32:28,netral
hutapeaintan,Instagram,bisa2 jualan es teh jd insecure 😓,2024-12-23 15:58:49,negatif
septi77,Instagram,bisa2 jualan es teh jd insecure 😓,2024-12-23 15:49:34,negatif
ekamangunsong,Instagram,masih netral aja sih gw liatnya,2024-12-23 15:07:31,netral
usman43,Instagram,"ceramahnya tetep dapet kok, relax aja guys",2024-12-23 15:24:04,positif
owasita,Instagram,biasa aja sih,2024-12-23 15:34:10,netral
putriandriani,Instagram,masih netral aja sih gw liatnya,2024-12-23 15:15:59,netral
hthamrin,Instagram,masih netral aja sih gw liatnya,2024-12-23 15:41:01,netral
bagiya81,Instagram,"ceramahnya tetep dapet kok, relax aja guys",2024-12-23 15:25:16,positif
atarihoran,Instagram,"bener juga sih, kadang netizen terlalu baper",2024-12-23 15:51:42,positif
kuswoyomartaka,Instagram,ga tau mau bilang apa,2024-12-23 15:53:30,netral
oni87,Instagram,ga tau mau bilang apa,2024-12-23 15:14:08,netral
unggulrahmawati,Instagram,masih netral aja sih gw liatnya,2024-12-23 15:40:44,netral
kwasita,Instagram,ga sopan bgt ngomong gitu,2024-12-23 15:47:16,negatif
rajasagasti,Instagram,hmm no comment deh,2024-12-23 15:48:29,netral
lembah69,Instagram,ceramah apaan malah ngehina,2024-12-23 15:31:25,negatif
imayasari,Instagram,ga sopan bgt ngomong gitu,2024-12-23 15:37:03,negatif
raharjaharyanto,Instagram,ceramah apaan malah ngehina,2024-12-23 15:51:05,negatif
twahyudin,Instagram,jujurly lucu banget sih ini 😭,2024-12-23 15:45:29,positif
reza07,Instagram,biasa aja sih,2024-12-23 15:53:01,netral
bakianto94,Instagram,"ceramahnya tetep dapet kok, relax aja guys",2024-12-23 15:34:46,positif
nova94,Instagram,"bener juga sih, kadang netizen terlalu baper",2024-12-23 15:53:41,positif
saragihraisa,Instagram,ga sopan bgt ngomong gitu,2024-12-23 15:42:45,negatif
wastutisuci,Instagram,"ga lucu, malah nyakitin hati yg jualan",2024-12-23 15:34:39,negatif
mrajasa,Instagram,masih netral aja sih gw liatnya,2024-12-23 15:24:02,netral
xnasyiah,Instagram,jujurly lucu banget sih ini 😭,2024-12-23 15:18:42,positif
nasyiahsaadat,Instagram,hmm no comment deh,2024-12-23 15:24:41,netral
rahmilaksmiwati,Instagram,ceramah apaan malah ngehina,2024-12-23 15:00:38,negatif
anom75,Instagram,gue liat ini ya udah lah ya,2024-12-23 15:29:35,netral
hardana49,Instagram,ni gus emg ada aja kelakuannya 😂,2024-12-23 15:05:14,positif
irahayu,Instagram,jujurly lucu banget sih ini 😭,2024-12-23 15:42:33,positif
stampubolon,Instagram,ga sopan bgt ngomong gitu,2024-12-23 15:44:54,negatif
ifirmansyah,Instagram,jujurly lucu banget sih ini 😭,2024-12-23 15:47:04,positif
cayadi21,Instagram,waduh ini sih udah kelewat batas,2024-12-23 15:44:37,negatif
bsaputra,Instagram,waduh ini sih udah kelewat batas,2024-12-23 15:50:52,negatif
yuniarbala,Instagram,"ga lucu, malah nyakitin hati yg jualan",2024-12-23 15:12:56,negatif
galionoandriani,Instagram,jujurly lucu banget sih ini 😭,2024-12-23 15:48:38,positif
wahyu25,Instagram,gue liat ini ya udah lah ya,2024-12-23 15:23:08,netral
ipurwanti,Instagram,ni gus emg ada aja kelakuannya 😂,2024-12-23 15:27:45,positif
ivan56,Instagram,waduh ini sih udah kelewat batas,2024-12-23 15:00:22,negatif
yusufprabowo,Instagram,masih netral aja sih gw liatnya,2024-12-23 15:27:19,netral
luwar96,Instagram,"ga lucu, malah nyakitin hati yg jualan",2024-12-23 15:47:27,negatif
shutapea,Instagram,"bener juga sih, kadang netizen terlalu baper",2024-12-23 15:24:52,positif
pudjiastutikasim,Instagram,"ga lucu, malah nyakitin hati yg jualan",2024-12-23 15:36:38,negatif
estionosiregar,Instagram,masih netral aja sih gw liatnya,2024-12-23 15:42:51,netral
bala54,Instagram,jujurly lucu banget sih ini 😭,2024-12-23 15:38:44,positif
rendy66,Instagram,"ceramahnya tetep dapet kok, relax aja guys",2024-12-23 15:30:33,positif
damanikzalindra,Instagram,ni gus emg ada aja kelakuannya 😂,2024-12-23 15:11:58,positif
tambalintang,Instagram,"ga lucu, malah nyakitin hati yg jualan",2024-12-23 15:41:13,negatif
marpaungradit,Instagram,ni gus emg ada aja kelakuannya 😂,2024-12-23 15:02:56,positif
kusumoanggabaya,Instagram,gw setuju sih ama omongannya gus,2024-12-23 15:04:58,positif
kadirmelani,Instagram,tergantung yg nonton juga sih,2024-12-23 15:30:33,netral
wpermadi,Instagram,biar agak keras tapi niatnya baik kok,2024-12-23 15:51:12,positif
wijayaratna,Instagram,ni gus emg ada aja kelakuannya 😂,2024-12-23 15:49:54,positif
melinda19,Instagram,masih netral aja sih gw liatnya,2024-12-23 15:01:44,netral
adriansyahheru,Instagram,ni gus emg ada aja kelakuannya 😂,2024-12-23 15:22:09,positif
bakti49,Instagram,jujurly lucu banget sih ini 😭,2024-12-23 15:17:30,positif
bakiadi90,Instagram,jujurly lucu banget sih ini 😭,2024-12-23 15:53:21,positif
prayogawarta,Instagram,ga sopan bgt ngomong gitu,2024-12-23 15:10:04,negatif
cawuk30,Instagram,biar agak keras tapi niatnya baik kok,2024-12-23 15:03:17,positif
ikuswandari,Instagram,ni gus emg ada aja kelakuannya 😂,2024-12-23 15:35:02,positif
jagaprasetyo,Instagram,ga tau mau bilang apa,2024-12-23 15:51:44,netral
smardhiyah,Instagram,ceramah apaan malah ngehina,2024-12-23 15:21:55,negatif
harsana00,Instagram,gw setuju sih ama omongannya gus,2024-12-23 15:36:08,positif
dabukkekunthara,Instagram,waduh ini sih udah kelewat batas,2024-12-23 15:56:54,negatif
michellefirgantoro,Instagram,ceramah apaan malah ngehina,2024-12-23 15:57:15,negatif
iswahyudicayadi,Instagram,ga tau mau bilang apa,2024-12-23 15:45:31,netral
catur97,Instagram,gue liat ini ya udah lah ya,2024-12-23 15:54:40,netral
vpadmasari,Instagram,gus miftah harus minta maaf sih ini,2024-12-23 15:42:17,negatif
tambatami,Instagram,bisa2 jualan es teh jd insecure 😓,2024-12-23 15:31:39,negatif
raihan14,Instagram,ni gus emg ada aja kelakuannya 😂,2024-12-23 15:25:53,positif
patricia56,Instagram,bisa2 jualan es teh jd insecure 😓,2024-12-23 15:32:44,negatif
fmaryadi,Instagram,masih netral aja sih gw liatnya,2024-12-23 15:08:25,netral
ivan07,Instagram,gw setuju sih ama omongannya gus,2024-12-23 15:39:58,positif
oktaiswahyudi,Instagram,"ceramahnya tetep dapet kok, relax aja guys",2024-12-23 15:40:45,positif
hsuwarno,Instagram,ceramah apaan malah ngehina,2024-12-23 15:02:46,negatif
gpurnawati,Instagram,bisa2 jualan es teh jd insecure 😓,2024-12-23 15:54:14,negatif
kasimlazuardi,Instagram,jujurly lucu banget sih ini 😭,2024-12-23 15:39:31,positif
laksmiwaticahyanto,Instagram,jujurly lucu banget sih ini 😭,2024-12-23 15:46:48,positif
ilazuardi,Instagram,waduh ini sih udah kelewat batas,2024-12-23 15:48:39,negatif
fmarpaung,Instagram,biar agak keras tapi niatnya baik kok,2024-12-23 15:38:24,positif
umaypermadi,Instagram,gue liat ini ya udah lah ya,2024-12-23 15:19:26,netral
xhalimah,Instagram,ga tau mau bilang apa,2024-12-23 15:41:16,netral
prasastagasti,Instagram,ceramah apaan malah ngehina,2024-12-23 15:24:31,negatif
irnanto21,Instagram,tergantung yg nonton juga sih,2024-12-23 15:04:24,netral
vprayoga,Instagram,hmm no comment deh,2024-12-23 15:45:50,netral
hendra95,Instagram,gue liat ini ya udah lah ya,2024-12-23 15:28:08,netral
ipurnawati,Instagram,ga tau mau bilang apa,2024-12-23 15:30:16,netral
qmelani,Instagram,ceramah apaan malah ngehina,2024-12-23 15:48:24,negatif
wulandarieva,Instagram,waduh ini sih udah kelewat batas,2024-12-23 15:59:32,negatif
agustinabakianto,Instagram,ni gus emg ada aja kelakuannya 😂,2024-12-23 15:46:18,positif
kmangunsong,Instagram,bisa2 jualan es teh jd insecure 😓,2024-12-23 15:51:12,negatif
pardi46,Instagram,ga sopan bgt ngomong gitu,2024-12-23 15:54:27,negatif
poktaviani,Instagram,"ga lucu, malah nyakitin hati yg jualan",2024-12-23 15:44:49,negatif
jindranasyiah,Instagram,tergantung yg nonton juga sih,2024-12-23 15:26:37,netral
tthamrin,Instagram,gus miftah harus minta maaf sih ini,2024-12-23 15:34:21,negatif
irawankemba,Instagram,masih netral aja sih gw liatnya,2024-12-23 15:01:13,netral
yahyaprastuti,Instagram,gus miftah harus minta maaf sih ini,2024-12-23 15:15:39,negatif
satya54,Instagram,gw setuju sih ama omongannya gus,2024-12-23 15:54:58,positif
adriansyahhardi,Instagram,"bener juga sih, kadang netizen terlalu baper",2024-12-23 15:52:55,positif
cakrawangsamandasari,Instagram,ga tau mau bilang apa,2024-12-23 15:39:25,netral
purnawatiluluh,Instagram,waduh ini sih udah kelewat batas,2024-12-23 15:49:53,negatif
ianggriawan,Instagram,jujurly lucu banget sih ini 😭,2024-12-23 15:24:53,positif
pandunovitasari,Instagram,jujurly lucu banget sih ini 😭,2024-12-23 15:18:51,positif
hwidiastuti,Instagram,biasa aja sih,2024-12-23 15:48:53,netral
yuni29,Instagram,bisa2 jualan es teh jd insecure 😓,2024-12-23 15:48:57,negatif
hasanahestiawan,Instagram,"ceramahnya tetep dapet kok, relax aja guys",2024-12-23 15:10:27,positif
jailanidimas,Instagram,gue liat ini ya udah lah ya,2024-12-23 15:49:47,netral
siregarbakda,Instagram,masih netral aja sih gw liatnya,2024-12-23 15:17:56,netral
jamaliawidiastuti,Instagram,biar agak keras tapi niatnya baik kok,2024-12-23 15:58:53,positif
tania59,Instagram,bisa2 jualan es teh jd insecure 😓,2024-12-23 15:43:30,negatif
tambaempluk,Instagram,hmm no comment deh,2024-12-23 15:52:15,netral
wagesudiati,Instagram,ni gus emg ada aja kelakuannya 😂,2024-12-23 15:00:44,positif
rika56,Instagram,waduh ini sih udah kelewat batas,2024-12-23 15:53:51,negatif
elisalazuardi,Instagram,"ga lucu, malah nyakitin hati yg jualan",2024-12-23 15:49:15,negatif
karimah80,Instagram,masih netral aja sih gw liatnya,2024-12-23 15:44:15,netral
ksuryatmi,Instagram,hmm no comment deh,2024-12-23 15:00:38,netral
bahuwiryamansur,Instagram,biasa aja sih,2024-12-23 15:42:13,netral
amarpaung,Instagram,ceramah apaan malah ngehina,2024-12-23 15:34:11,negatif
koko32,Instagram,"ga lucu, malah nyakitin hati yg jualan",2024-12-23 15:17:27,negatif
cahyonowinarsih,Instagram,biasa aja sih,2024-12-23 15:13:09,netral
yahyapurnawati,Instagram,biar agak keras tapi niatnya baik kok,2024-12-23 15:19:43,positif
halimwardaya,Instagram,gus miftah harus minta maaf sih ini,2024-12-23 15:58:00,negatif
ruyainah,Instagram,ni gus emg ada aja kelakuannya 😂,2024-12-23 15:44:41,positif
anggriawandwi,Instagram,jujurly lucu banget sih ini 😭,2024-12-23 15:25:47,positif
wulannasyidah,Instagram,"ceramahnya tetep dapet kok, relax aja guys",2024-12-23 15:35:10,positif
hani06,Instagram,masih netral aja sih gw liatnya,2024-12-23 15:04:06,netral
putranarji,Instagram,gue liat ini ya udah lah ya,2024-12-23 15:03:46,netral
jais69,Instagram,ceramah apaan malah ngehina,2024-12-23 15:01:28,negatif
niyagaprakasa,Instagram,gue liat ini ya udah lah ya,2024-12-23 15:06:20,netral
sadinanamaga,Instagram,"ga lucu, malah nyakitin hati yg jualan",2024-12-23 15:15:36,negatif
aniwahyuni,Instagram,gus miftah harus minta maaf sih ini,2024-12-23 15:25:06,negatif
rmarbun,Instagram,biar agak keras tapi niatnya baik kok,2024-12-23 15:09:07,positif
haryantikayla,Instagram,ni gus emg ada aja kelakuannya 😂,2024-12-23 15:50:39,positif
ikhsan93,Instagram,waduh ini sih udah kelewat batas,2024-12-23 15:22:56,negatif
handayanicakrawala,TikTok,biar agak keras tapi niatnya baik kok,2024-12-23 15:49:56,positif
maulanacaraka,TikTok,ga sopan bgt ngomong gitu,2024-12-23 15:12:45,negatif
pratiwinabila,TikTok,bisa2 jualan es teh jd insecure 😓,2024-12-23 15:12:38,negatif
cahyadi26,TikTok,gue liat ini ya udah lah ya,2024-12-23 15:55:03,netral
nyanakurniawan,TikTok,"ga lucu, malah nyakitin hati yg jualan",2024-12-23 15:34:12,negatif
msaragih,TikTok,biasa aja sih,2024-12-23 15:05:03,netral
mutama,TikTok,jujurly lucu banget sih ini 😭,2024-12-23 15:29:24,positif
krahayu,TikTok,biasa aja sih,2024-12-23 15:55:52,netral
uyainahmaida,TikTok,gue liat ini ya udah lah ya,2024-12-23 15:11:35,netral
anastasiasuryatmi,TikTok,jujurly lucu banget sih ini 😭,2024-12-23 15:47:25,positif
gatra16,TikTok,"ga lucu, malah nyakitin hati yg jualan",2024-12-23 15:50:27,negatif
caketnainggolan,TikTok,ni gus emg ada aja kelakuannya 😂,2024-12-23 15:38:38,positif
margana56,TikTok,biar agak keras tapi niatnya baik kok,2024-12-23 15:43:28,positif
jumadifirmansyah,TikTok,ga sopan bgt ngomong gitu,2024-12-23 15:20:23,negatif
irawanxanana,TikTok,gue liat ini ya udah lah ya,2024-12-23 15:33:18,netral
panji69,TikTok,ni gus emg ada aja kelakuannya 😂,2024-12-23 15:58:03,positif
gunartoulva,TikTok,tergantung yg nonton juga sih,2024-12-23 15:27:16,netral
carubsamosir,TikTok,"ga lucu, malah nyakitin hati yg jualan",2024-12-23 15:51:05,negatif
bakidin04,TikTok,biar agak keras tapi niatnya baik kok,2024-12-23 15:30:09,positif
kalautama,TikTok,biar agak keras tapi niatnya baik kok,2024-12-23 15:50:06,positif
halimprasetyo,TikTok,gue liat ini ya udah lah ya,2024-12-23 15:27:44,netral
mayasariwirda,TikTok,masih netral aja sih gw liatnya,2024-12-23 15:42:35,netral
gputra,TikTok,masih netral aja sih gw liatnya,2024-12-23 15:28:24,netral
ardiantoivan,TikTok,waduh ini sih udah kelewat batas,2024-12-23 15:15:04,negatif
owacana,TikTok,hmm no comment deh,2024-12-23 15:41:05,netral
nprayoga,TikTok,waduh ini sih udah kelewat batas,2024-12-23 15:30:10,negatif
aryanimahesa,TikTok,gus miftah harus minta maaf sih ini,2024-12-23 15:15:25,negatif
ylaksita,TikTok,gw setuju sih ama omongannya gus,2024-12-23 15:00:23,positif
mwulandari,TikTok,hmm no comment deh,2024-12-23 15:54:28,netral
gwahyuni,TikTok,jujurly lucu banget sih ini 😭,2024-12-23 15:03:23,positif
zelda79,TikTok,ni gus emg ada aja kelakuannya 😂,2024-12-23 15:50:22,positif
mmangunsong,TikTok,gw setuju sih ama omongannya gus,2024-12-23 15:31:00,positif
vanesa84,TikTok,ga sopan bgt ngomong gitu,2024-12-23 15:31:43,negatif
kalimpurnawati,TikTok,gw setuju sih ama omongannya gus,2024-12-23 15:55:30,positif
safitriami,TikTok,gw setuju sih ama omongannya gus,2024-12-23 15:18:47,positif
kasiranmelani,TikTok,waduh ini sih udah kelewat batas,2024-12-23 15:35:26,negatif
tiara71,TikTok,ceramah apaan malah ngehina,2024-12-23 15:08:47,negatif
darmana30,TikTok,ni gus emg ada aja kelakuannya 😂,2024-12-23 15:38:43,positif
ssantoso,TikTok,"ga lucu, malah nyakitin hati yg jualan",2024-12-23 15:33:27,negatif
oktavianidadap,TikTok,"bener juga sih, kadang netizen terlalu baper",2024-12-23 15:34:13,positif
firmansyahharjasa,TikTok,gus miftah harus minta maaf sih ini,2024-12-23 15:50:09,negatif
wpradipta,TikTok,gw setuju sih ama omongannya gus,2024-12-23 15:27:38,positif
kardisaefullah,TikTok,"ceramahnya tetep dapet kok, relax aja guys",2024-12-23 15:08:01,positif
purwadisudiati,TikTok,"bener juga sih, kadang netizen terlalu baper",2024-12-23 15:05:53,positif
nurul92,TikTok,jujurly lucu banget sih ini 😭,2024-12-23 15:28:43,positif
lalitamaryadi,TikTok,biasa aja sih,2024-12-23 15:01:39,netral
pia97,TikTok,"ga lucu, malah nyakitin hati yg jualan",2024-12-23 15:23:52,negatif
wijayajane,TikTok,gus miftah harus minta maaf sih ini,2024-12-23 15:01:25,negatif
urajasa,TikTok,biasa aja sih,2024-12-23 15:52:46,netral
uyainahqori,TikTok,masih netral aja sih gw liatnya,2024-12-23 15:28:29,netral
jindra05,TikTok,waduh ini sih udah kelewat batas,2024-12-23 15:33:21,negatif
ameliamaryadi,TikTok,ga tau mau bilang apa,2024-12-23 15:26:19,netral
yusufpermata,TikTok,gw setuju sih ama omongannya gus,2024-12-23 15:01:13,positif
isafitri,TikTok,jujurly lucu banget sih ini 😭,2024-12-23 15:20:34,positif
maheswaratina,TikTok,ga tau mau bilang apa,2024-12-23 15:10:15,netral
sudiatisatya,TikTok,ceramah apaan malah ngehina,2024-12-23 15:33:57,negatif
janet92,TikTok,bisa2 jualan es teh jd insecure 😓,2024-12-23 15:28:00,negatif
bakijan58,TikTok,"bener juga sih, kadang netizen terlalu baper",2024-12-23 15:51:52,positif
ihalim,TikTok,"ga lucu, malah nyakitin hati yg jualan",2024-12-23 15:48:01,negatif
widya85,TikTok,biar agak keras tapi niatnya baik kok,2024-12-23 15:16:18,positif
daryani23,TikTok,tergantung yg nonton juga sih,2024-12-23 15:25:43,netral
marpaungnrima,TikTok,masih netral aja sih gw liatnya,2024-12-23 15:30:22,netral
luluhrajasa,TikTok,ga tau mau bilang apa,2024-12-23 15:00:48,netral
abudiman,TikTok,ga sopan bgt ngomong gitu,2024-12-23 15:37:39,negatif
violetfarida,TikTok,"bener juga sih, kadang netizen terlalu baper",2024-12-23 15:27:05,positif
harimurti52,TikTok,"ga lucu, malah nyakitin hati yg jualan",2024-12-23 15:40:56,negatif
juli55,TikTok,hmm no comment deh,2024-12-23 15:00:54,netral
ldabukke,TikTok,"ga lucu, malah nyakitin hati yg jualan",2024-12-23 15:06:09,negatif
iputra,TikTok,gue liat ini ya udah lah ya,2024-12-23 15:19:37,netral
nasyidahdaliono,TikTok,gue liat ini ya udah lah ya,2024-12-23 15:55:48,netral
handriani,TikTok,jujurly lucu banget sih ini 😭,2024-12-23 15:12:00,positif
lazuardicornelia,TikTok,ga tau mau bilang apa,2024-12-23 15:18:34,netral
asmadisirait,TikTok,waduh ini sih udah kelewat batas,2024-12-23 15:17:24,negatif
nasyidahian,TikTok,ga sopan bgt ngomong gitu,2024-12-23 15:30:05,negatif
kadirprayoga,TikTok,ceramah apaan malah ngehina,2024-12-23 15:59:15,negatif
uyainahkenari,TikTok,gus miftah harus minta maaf sih ini,2024-12-23 15:16:53,negatif
nasyiahlidya,TikTok,biasa aja sih,2024-12-23 15:13:57,netral
pangestujail,TikTok,jujurly lucu banget sih ini 😭,2024-12-23 15:31:34,positif
vsuwarno,TikTok,waduh ini sih udah kelewat batas,2024-12-23 15:11:24,negatif
permatakenes,TikTok,ni gus emg ada aja kelakuannya 😂,2024-12-23 15:25:24,positif
putracakrajiya,TikTok,gus miftah harus minta maaf sih ini,2024-12-23 15:45:06,negatif
timbul35,TikTok,ceramah apaan malah ngehina,2024-12-23 15:07:34,negatif
hana09,TikTok,hmm no comment deh,2024-12-23 15:21:10,netral
lembah70,TikTok,gue liat ini ya udah lah ya,2024-12-23 15:25:00,netral
yosefhandayani,TikTok,ceramah apaan malah ngehina,2024-12-23 15:44:07,negatif
kayla60,TikTok,"ceramahnya tetep dapet kok, relax aja guys",2024-12-23 15:38:15,positif
uwaiseli,TikTok,bisa2 jualan es teh jd insecure 😓,2024-12-23 15:53:23,negatif
siregardarimin,TikTok,biar agak keras tapi niatnya baik kok,2024-12-23 15:24:41,positif
oktavianicayadi,TikTok,bisa2 jualan es teh jd insecure 😓,2024-12-23 15:58:16,negatif
handayanihasna,TikTok,biasa aja sih,2024-12-23 15:25:12,netral
lurhurpalastri,TikTok,ga sopan bgt ngomong gitu,2024-12-23 15:43:56,negatif
hasan46,TikTok,gw setuju sih ama omongannya gus,2024-12-23 15:00:31,positif
anggriawanrina,TikTok,ni gus emg ada aja kelakuannya 😂,2024-12-23 15:55:04,positif
aryanimustofa,TikTok,hmm no comment deh,2024-12-23 15:07:13,netral
balangga13,TikTok,masih netral aja sih gw liatnya,2024-12-23 15:38:51,netral
karyanamaga,TikTok,ceramah apaan malah ngehina,2024-12-23 15:16:12,negatif
cemeti20,TikTok,biasa aja sih,2024-12-23 15:04:18,netral
endahsinaga,TikTok,jujurly lucu banget sih ini 😭,2024-12-23 15:26:30,positif
cmelani,TikTok,gw setuju sih ama omongannya gus,2024-12-23 15:14:49,positif
wsihotang,TikTok,gw setuju sih ama omongannya gus,2024-12-23 15:02:47,positif
luismarpaung,TikTok,gus miftah harus minta maaf sih ini,2024-12-23 15:30:34,negatif
cnatsir,TikTok,ni gus emg ada aja kelakuannya 😂,2024-12-23 15:26:09,positif
ganggraini,TikTok,waduh ini sih udah kelewat batas,2024-12-23 15:45:44,negatif
lmaryadi,TikTok,jujurly lucu banget sih ini 😭,2024-12-23 15:32:38,positif
qputra,TikTok,biasa aja sih,2024-12-23 15:16:24,netral
nasyiahmaras,TikTok,bisa2 jualan es teh jd insecure 😓,2024-12-23 15:29:32,negatif
pertiwiomar,TikTok,ceramah apaan malah ngehina,2024-12-23 15:01:57,negatif
bakidin18,TikTok,tergantung yg nonton juga sih,2024-12-23 15:27:28,netral
radityahasanah,TikTok,bisa2 jualan es teh jd insecure 😓,2024-12-23 15:51:07,negatif
anggrainiyunita,TikTok,gus miftah harus minta maaf sih ini,2024-12-23 15:56:55,negatif
edwardardianto,TikTok,ga tau mau bilang apa,2024-12-23 15:53:31,netral
uwaishana,TikTok,"ga lucu, malah nyakitin hati yg jualan",2024-12-23 15:42:07,negatif
isirait,TikTok,jujurly lucu banget sih ini 😭,2024-12-23 15:09:57,positif
awidiastuti,TikTok,biasa aja sih,2024-12-23 15:47:30,netral
lpurwanti,TikTok,"ceramahnya tetep dapet kok, relax aja guys",2024-12-23 15:40:16,positif
rajataupik,TikTok,biar agak keras tapi niatnya baik kok,2024-12-23 15:50:34,positif
pratiwigalar,TikTok,"ceramahnya tetep dapet kok, relax aja guys",2024-12-23 15:18:08,positif
tsimbolon,TikTok,gw setuju sih ama omongannya gus,2024-12-23 15:41:22,positif
putrarendy,TikTok,ceramah apaan malah ngehina,2024-12-23 15:40:43,negatif
gantar18,TikTok,jujurly lucu banget sih ini 😭,2024-12-23 15:53:45,positif
kuswoyozahra,TikTok,masih netral aja sih gw liatnya,2024-12-23 15:23:02,netral
marsito54,TikTok,jujurly lucu banget sih ini 😭,2024-12-23 15:08:17,positif
hartananababan,TikTok,"ceramahnya tetep dapet kok, relax aja guys",2024-12-23 15:32:25,positif
mayasaridadap,TikTok,hmm no comment deh,2024-12-23 15:33:18,netral
bakiadi54,TikTok,jujurly lucu banget sih ini 😭,2024-12-23 15:19:05,positif
almira50,TikTok,gue liat ini ya udah lah ya,2024-12-23 15:21:01,netral
lhariyah,TikTok,gus miftah harus minta maaf sih ini,2024-12-23 15:46:16,negatif
lestarieka,TikTok,"ceramahnya tetep dapet kok, relax aja guys",2024-12-23 15:27:48,positif
hwinarno,TikTok,ni gus emg ada aja kelakuannya 😂,2024-12-23 15:44:39,positif
lnugroho,TikTok,biasa aja sih,2024-12-23 15:32:47,netral
heru59,TikTok,biasa aja sih,2024-12-23 15:15:31,netral
bsaefullah,TikTok,biar agak keras tapi niatnya baik kok,2024-12-23 15:36:47,positif
namagafebi,TikTok,ga sopan bgt ngomong gitu,2024-12-23 15:01:07,negatif
lnajmudin,TikTok,ga tau mau bilang apa,2024-12-23 15:15:46,netral
drajat10,TikTok,ga sopan bgt ngomong gitu,2024-12-23 15:13:02,negatif
garahabibi,TikTok,"bener juga sih, kadang netizen terlalu baper",2024-12-23 15:44:26,positif
lazuardidevi,TikTok,gw setuju sih ama omongannya gus,2024-12-23 15:56:22,positif
latika12,TikTok,waduh ini sih udah kelewat batas,2024-12-23 15:16:06,negatif
lukitawahyudin,TikTok,"ga lucu, malah nyakitin hati yg jualan",2024-12-23 15:22:02,negatif
siti89,TikTok,bisa2 jualan es teh jd insecure 😓,2024-12-23 15:00:23,negatif
mulyaniganep,TikTok,biar agak keras tapi niatnya baik kok,2024-12-23 15:33:10,positif
ctarihoran,TikTok,biar agak keras tapi niatnya baik kok,2024-12-23 15:23:26,positif
utamitami,TikTok,biasa aja sih,2024-12-23 15:28:56,netral
kurniawanmitra,TikTok,ga tau mau bilang apa,2024-12-23 15:21:59,netral
jarwi95,TikTok,"ceramahnya tetep dapet kok, relax aja guys",2024-12-23 15:54:24,positif
balapati39,TikTok,"ga lucu, malah nyakitin hati yg jualan",2024-12-23 15:20:11,negatif
lpangestu,TikTok,waduh ini sih udah kelewat batas,2024-12-23 15:28:44,negatif
gabriellasusanti,TikTok,ceramah apaan malah ngehina,2024-12-23 15:21:43,negatif
prastutiluthfi,TikTok,ga sopan bgt ngomong gitu,2024-12-23 15:01:06,negatif
rhidayat,TikTok,ga tau mau bilang apa,2024-12-23 15:57:06,netral
tri84,TikTok,hmm no comment deh,2024-12-23 15:53:24,netral
sihotangcakrajiya,TikTok,waduh ini sih udah kelewat batas,2024-12-23 15:23:29,negatif
prima07,TikTok,bisa2 jualan es teh jd insecure 😓,2024-12-23 15:57:30,negatif
garan15,TikTok,gus miftah harus minta maaf sih ini,2024-12-23 15:02:54,negatif
yuliartijagaraga,TikTok,tergantung yg nonton juga sih,2024-12-23 15:26:48,netral
vhartati,TikTok,waduh ini sih udah kelewat batas,2024-12-23 15:12:10,negatif
nababanani,TikTok,"ceramahnya tetep dapet kok, relax aja guys",2024-12-23 15:20:52,positif
balamantri70,TikTok,biar agak keras tapi niatnya baik kok,2024-12-23 15:24:41,positif
zbudiman,TikTok,jujurly lucu banget sih ini 😭,2024-12-23 15:48:36,positif
yogasalahudin,TikTok,hmm no comment deh,2024-12-23 15:24:09,netral
zulfautama,TikTok,ga sopan bgt ngomong gitu,2024-12-23 15:12:54,negatif
suwarnoedward,TikTok,ga tau mau bilang apa,2024-12-23 15:01:24,netral
cager12,TikTok,waduh ini sih udah kelewat batas,2024-12-23 15:23:57,negatif
wibisonomumpuni,TikTok,ga sopan bgt ngomong gitu,2024-12-23 15:19:19,negatif
yusuf12,TikTok,"bener juga sih, kadang netizen terlalu baper",2024-12-23 15:07:00,positif
xhutagalung,TikTok,"ga lucu, malah nyakitin hati yg jualan",2024-12-23 15:06:28,negatif
htampubolon,TikTok,biasa aja sih,2024-12-23 15:35:13,netral
asmianto96,TikTok,gw setuju sih ama omongannya gus,2024-12-23 15:35:27,positif
lutfan18,TikTok,ga sopan bgt ngomong gitu,2024-12-23 15:16:47,negatif
csitorus,TikTok,hmm no comment deh,2024-12-23 15:32:19,netral
rahmimandasari,TikTok,gus miftah harus minta maaf sih ini,2024-12-23 15:57:17,negatif
marbunjuli,TikTok,jujurly lucu banget sih ini 😭,2024-12-23 15:13:18,positif
nadiapradana,TikTok,gw setuju sih ama omongannya gus,2024-12-23 15:08:10,positif
wijayantisepti,TikTok,ceramah apaan malah ngehina,2024-12-23 15:17:09,negatif
viman18,TikTok,ceramah apaan malah ngehina,2024-12-23 15:54:53,negatif
fathonahtarihoran,TikTok,tergantung yg nonton juga sih,2024-12-23 15:02:47,netral
rajasacaturangga,TikTok,"bener juga sih, kadang netizen terlalu baper",2024-12-23 15:40:38,positif
pwacana,TikTok,gue liat ini ya udah lah ya,2024-12-23 15:22:03,netral
dmaheswara,TikTok,gus miftah harus minta maaf sih ini,2024-12-23 15:49:07,negatif
calista02,TikTok,ceramah apaan malah ngehina,2024-12-23 15:13:55,negatif
handayanijarwadi,TikTok,tergantung yg nonton juga sih,2024-12-23 15:01:45,netral
melanikiandra,TikTok,"ga lucu, malah nyakitin hati yg jualan",2024-12-23 15:12:26,negatif
jakasaefullah,TikTok,gus miftah harus minta maaf sih ini,2024-12-23 15:43:22,negatif
rangga40,TikTok,gus miftah harus minta maaf sih ini,2024-12-23 15:52:07,negatif
firgantorofathonah,TikTok,biasa aja sih,2024-12-23 15:13:55,netral
faridaprakosa,TikTok,masih netral aja sih gw liatnya,2024-12-23 15:50:12,netral
lurhurgunawan,TikTok,bisa2 jualan es teh jd insecure 😓,2024-12-23 15:04:49,negatif
queen56,TikTok,ni gus emg ada aja kelakuannya 😂,2024-12-23 15:04:36,positif
asmunimardhiyah,TikTok,"ceramahnya tetep dapet kok, relax aja guys",2024-12-23 15:16:57,positif
himawannababan,TikTok,hmm no comment deh,2024-12-23 15:48:58,netral
prayitnahutasoit,TikTok,hmm no comment deh,2024-12-23 15:26:26,netral
hramadan,TikTok,ceramah apaan malah ngehina,2024-12-23 15:53:15,negatif
tsetiawan,TikTok,"bener juga sih, kadang netizen terlalu baper",2024-12-23 15:47:00,positif
garang53,TikTok,"ceramahnya tetep dapet kok, relax aja guys",2024-12-23 15:06:28,positif
nurul55,TikTok,gue liat ini ya udah lah ya,2024-12-23 15:33:00,netral
kayla77,TikTok,ceramah apaan malah ngehina,2024-12-23 15:47:35,negatif
lnasyiah,TikTok,bisa2 jualan es teh jd insecure 😓,2024-12-23 15:50:35,negatif
putrakuncara,TikTok,tergantung yg nonton juga sih,2024-12-23 15:12:58,netral
satyawinarsih,TikTok,ni gus emg ada aja kelakuannya 😂,2024-12-23 15:31:38,positif
rini88,TikTok,jujurly lucu banget sih ini 😭,2024-12-23 15:04:39,positif
cemplunkpurwanti,TikTok,hmm no comment deh,2024-12-23 15:53:18,netral
qwaskita,TikTok,biasa aja sih,2024-12-23 15:57:39,netral
santosokairav,TikTok,ga sopan bgt ngomong gitu,2024-12-23 15:03:46,negatif
qdamanik,TikTok,ga tau mau bilang apa,2024-12-23 15:58:26,netral
yani91,TikTok,gus miftah harus minta maaf sih ini,2024-12-23 15:27:18,negatif
hutagalungajimin,TikTok,bisa2 jualan es teh jd insecure 😓,2024-12-23 15:54:56,negatif
nandriani,TikTok,"ceramahnya tetep dapet kok, relax aja guys",2024-12-23 15:20:49,positif
ilsa69,TikTok,hmm no comment deh,2024-12-23 15:48:37,netral
hutapeaelvin,TikTok,gue liat ini ya udah lah ya,2024-12-23 15:11:26,netral
saefullahsamsul,TikTok,gus miftah harus minta maaf sih ini,2024-12-23 15:58:17,negatif
cecepnashiruddin,TikTok,"bener juga sih, kadang netizen terlalu baper",2024-12-23 15:13:55,positif
fujiatiabyasa,TikTok,gue liat ini ya udah lah ya,2024-12-23 15:03:34,netral
queenhardiansyah,TikTok,bisa2 jualan es teh jd insecure 😓,2024-12-23 15:10:17,negatif
iwaluyo,TikTok,gw setuju sih ama omongannya gus,2024-12-23 15:49:06,positif
ophelia33,TikTok,"ga lucu, malah nyakitin hati yg jualan",2024-12-23 15:09:39,negatif
winarsiheluh,TikTok,"ga lucu, malah nyakitin hati yg jualan",2024-12-23 15:29:18,negatif
firmansyaherik,TikTok,waduh ini sih udah kelewat batas,2024-12-23 15:54:47,negatif
xnatsir,TikTok,tergantung yg nonton juga sih,2024-12-23 15:28:44,netral
dhasanah,TikTok,biasa aja sih,2024-12-23 15:18:44,netral
purwanticaraka,TikTok,tergantung yg nonton juga sih,2024-12-23 15:20:27,netral
znuraini,TikTok,"ga lucu, malah nyakitin hati yg jualan",2024-12-23 15:24:24,negatif
laksmiwatihasan,TikTok,"bener juga sih, kadang netizen terlalu baper",2024-12-23 15:36:01,positif
emangunsong,TikTok,tergantung yg nonton juga sih,2024-12-23 15:28:28,netral
saktinainggolan,TikTok,ga sopan bgt ngomong gitu,2024-12-23 15:25:39,negatif
natsirjono,TikTok,biasa aja sih,2024-12-23 15:09:19,netral
utamaoskar,TikTok,gue liat ini ya udah lah ya,2024-12-23 15:45:22,netral
budimanartanto,TikTok,ni gus emg ada aja kelakuannya 😂,2024-12-23 15:41:21,positif
ytamba,TikTok,jujurly lucu banget sih ini 😭,2024-12-23 15:38:42,positif
elvinkuswandari,TikTok,jujurly lucu banget sih ini 😭,2024-12-23 15:39:57,positif
siregarcandra,TikTok,ceramah apaan malah ngehina,2024-12-23 15:17:47,negatif
chutapea,TikTok,ga sopan bgt ngomong gitu,2024-12-23 15:26:14,negatif
luwarbudiman,TikTok,bisa2 jualan es teh jd insecure 😓,2024-12-23 15:43:10,negatif
uwaiskarsana,TikTok,tergantung yg nonton juga sih,2024-12-23 15:57:33,netral
tampubolonlukman,TikTok,tergantung yg nonton juga sih,2024-12-23 15:58:00,netral
kusumagunarto,TikTok,ceramah apaan malah ngehina,2024-12-23 15:56:56,negatif
pputra,TikTok,bisa2 jualan es teh jd insecure 😓,2024-12-23 15:08:55,negatif
atmajamayasari,TikTok,hmm no comment deh,2024-12-23 15:03:18,netral
bagyapudjiastuti,TikTok,"ceramahnya tetep dapet kok, relax aja guys",2024-12-23 15:10:42,positif
sabrinalatupono,TikTok,gus miftah harus minta maaf sih ini,2024-12-23 15:32:37,negatif
zaenabhassanah,TikTok,waduh ini sih udah kelewat batas,2024-12-23 15:22:34,negatif
bsuartini,TikTok,bisa2 jualan es teh jd insecure 😓,2024-12-23 15:11:05,negatif
pradiptaliman,TikTok,waduh ini sih udah kelewat batas,2024-12-23 15:03:50,negatif
maryadiharja,TikTok,"ga lucu, malah nyakitin hati yg jualan",2024-12-23 15:26:30,negatif
psantoso,TikTok,ni gus emg ada aja kelakuannya 😂,2024-12-23 15:17:24,positif
pudjiastutilanang,TikTok,ga sopan bgt ngomong gitu,2024-12-23 15:34:57,negatif
mayasarikarimah,TikTok,ceramah apaan malah ngehina,2024-12-23 15:17:23,negatif
rnasyiah,TikTok,hmm no comment deh,2024-12-23 15:53:23,netral
hidayantoganda,TikTok,ga sopan bgt ngomong gitu,2024-12-23 15:05:20,negatif
bakijanagustina,TikTok,gw setuju sih ama omongannya gus,2024-12-23 15:14:19,positif
hari14,TikTok,gw setuju sih ama omongannya gus,2024-12-23 15:06:53,positif
haryantojagaraga,TikTok,gue liat ini ya udah lah ya,2024-12-23 15:37:48,netral
rahmawatilaras,TikTok,biar agak keras tapi niatnya baik kok,2024-12-23 15:44:47,positif
utamihamzah,TikTok,"bener juga sih, kadang netizen terlalu baper",2024-12-23 15:44:18,positif
usamahivan,TikTok,ga tau mau bilang apa,2024-12-23 15:22:36,netral
yprayoga,TikTok,gus miftah harus minta maaf sih ini,2024-12-23 15:26:11,negatif
rajasawira,TikTok,gus miftah harus minta maaf sih ini,2024-12-23 15:52:13,negatif
swahyudin,TikTok,"bener juga sih, kadang netizen terlalu baper",2024-12-23 15:01:30,positif
vfirmansyah,TikTok,gw setuju sih ama omongannya gus,2024-12-23 15:03:56,positif
rusmanhutagalung,TikTok,tergantung yg nonton juga sih,2024-12-23 15:34:37,netral
jgunarto,TikTok,hmm no comment deh,2024-12-23 15:09:59,netral
zmaulana,TikTok,ga tau mau bilang apa,2024-12-23 15:09:41,netral
astutibanara,TikTok,jujurly lucu banget sih ini 😭,2024-12-23 15:33:12,positif
yunita73,TikTok,hmm no comment deh,2024-12-23 15:55:38,netral
siregardono,TikTok,"bener juga sih, kadang netizen terlalu baper",2024-12-23 15:10:39,positif
bpangestu,TikTok,gus miftah harus minta maaf sih ini,2024-12-23 15:53:10,negatif
aris13,TikTok,tergantung yg nonton juga sih,2024-12-23 15:33:28,netral
dasa41,TikTok,gw setuju sih ama omongannya gus,2024-12-23 15:27:03,positif
qprayoga,TikTok,hmm no comment deh,2024-12-23 15:56:54,netral
bakiadipalastri,TikTok,ceramah apaan malah ngehina,2024-12-23 15:37:28,negatif
maimunah34,TikTok,gue liat ini ya udah lah ya,2024-12-23 15:53:09,netral
kayun86,TikTok,masih netral aja sih gw liatnya,2024-12-23 15:13:43,netral
lailasihombing,TikTok,"ga lucu, malah nyakitin hati yg jualan",2024-12-23 15:01:26,negatif
lnurdiyanti,TikTok,ni gus emg ada aja kelakuannya 😂,2024-12-23 15:46:05,positif
saptonocindy,TikTok,ni gus emg ada aja kelakuannya 😂,2024-12-23 15:00:04,positif
nanggraini,TikTok,waduh ini sih udah kelewat batas,2024-12-23 15:40:18,negatif
omar72,TikTok,jujurly lucu banget sih ini 😭,2024-12-23 15:29:34,positif
mfarida,TikTok,biasa aja sih,2024-12-23 15:20:36,netral
wahyudinnova,TikTok,tergantung yg nonton juga sih,2024-12-23 15:39:28,netral
aslijan19,TikTok,hmm no comment deh,2024-12-23 15:53:37,netral
zelda27,TikTok,"bener juga sih, kadang netizen terlalu baper",2024-12-23 15:44:06,positif
cagermaulana,TikTok,gue liat ini ya udah lah ya,2024-12-23 15:20:38,netral
bakijan19,TikTok,hmm no comment deh,2024-12-23 15:52:07,netral
makutanamaga,TikTok,ni gus emg ada aja kelakuannya 😂,2024-12-23 15:46:57,positif
sihombingjaiman,TikTok,"ga lucu, malah nyakitin hati yg jualan",2024-12-23 15:31:44,negatif
damanikkacung,TikTok,ga tau mau bilang apa,2024-12-23 15:01:15,netral
umihutagalung,TikTok,ga sopan bgt ngomong gitu,2024-12-23 15:30:11,negatif
makutasitumorang,TikTok,hmm no comment deh,2024-12-23 15:54:27,netral
gambiradongoran,TikTok,gus miftah harus minta maaf sih ini,2024-12-23 15:14:24,negatif
faridamumpuni,TikTok,"ga lucu, malah nyakitin hati yg jualan",2024-12-23 15:08:58,negatif
lailasarizaenab,TikTok,ga sopan bgt ngomong gitu,2024-12-23 15:27:35,negatif
darmajijanuar,TikTok,hmm no comment deh,2024-12-23 15:19:11,netral
putralulut,TikTok,tergantung yg nonton juga sih,2024-12-23 15:27:15,netral
satya68,TikTok,biar agak keras tapi niatnya baik kok,2024-12-23 15:29:31,positif
astutiakarsana,TikTok,masih netral aja sih gw liatnya,2024-12-23 15:03:18,netral
saifulprakasa,TikTok,jujurly lucu banget sih ini 😭,2024-12-23 15:20:07,positif
pkuswoyo,TikTok,tergantung yg nonton juga sih,2024-12-23 15:04:31,netral
taufikwidodo,TikTok,hmm no comment deh,2024-12-23 15:35:05,netral
xsihotang,TikTok,ni gus emg ada aja kelakuannya 😂,2024-12-23 15:20:02,positif
elma29,TikTok,"ga lucu, malah nyakitin hati yg jualan",2024-12-23 15:50:02,negatif
ulva16,TikTok,"ceramahnya tetep dapet kok, relax aja guys",2024-12-23 15:52:19,positif
tambaami,TikTok,hmm no comment deh,2024-12-23 15:03:33,netral
kawayaharyanto,TikTok,ceramah apaan malah ngehina,2024-12-23 15:17:26,negatif
bhassanah,TikTok,bisa2 jualan es teh jd insecure 😓,2024-12-23 15:17:11,negatif
hafshahrahmawati,TikTok,biasa aja sih,2024-12-23 15:11:00,netral
ami82,TikTok,ceramah apaan malah ngehina,2024-12-23 15:02:13,negatif
ipratama,TikTok,masih netral aja sih gw liatnya,2024-12-23 15:20:23,netral
pranowolanang,TikTok,"ceramahnya tetep dapet kok, relax aja guys",2024-12-23 15:44:33,positif
dabukkekawaya,TikTok,bisa2 jualan es teh jd insecure 😓,2024-12-23 15:49:32,negatif
emannajmudin,TikTok,masih netral aja sih gw liatnya,2024-12-23 15:26:02,netral
nainggolanmaryanto,TikTok,bisa2 jualan es teh jd insecure 😓,2024-12-23 15:59:35,negatif
marwata56,TikTok,ceramah apaan malah ngehina,2024-12-23 15:46:22,negatif
maulanapranawa,TikTok,masih netral aja sih gw liatnya,2024-12-23 15:15:55,netral
fathonahmelani,TikTok,biar agak keras tapi niatnya baik kok,2024-12-23 15:18:31,positif
nalar60,TikTok,"ceramahnya tetep dapet kok, relax aja guys",2024-12-23 15:02:23,positif
siska46,TikTok,biar agak keras tapi niatnya baik kok,2024-12-23 15:48:13,positif
hidayatluthfi,TikTok,bisa2 jualan es teh jd insecure 😓,2024-12-23 15:37:56,negatif
wacanareksa,TikTok,jujurly lucu banget sih ini 😭,2024-12-23 15:33:31,positif
eprakasa,TikTok,gue liat ini ya udah lah ya,2024-12-23 15:31:08,netral
hmaryati,TikTok,gue liat ini ya udah lah ya,2024-12-23 15:36:04,netral
lasmono45,TikTok,waduh ini sih udah kelewat batas,2024-12-23 15:38:43,negatif
pangestuuda,TikTok,"ceramahnya tetep dapet kok, relax aja guys",2024-12-23 15:11:08,positif
anom44,TikTok,biasa aja sih,2024-12-23 15:01:56,netral
malikahabibi,TikTok,gue liat ini ya udah lah ya,2024-12-23 15:24:36,netral
nadinenapitupulu,TikTok,"bener juga sih, kadang netizen terlalu baper",2024-12-23 15:09:41,positif
janet15,TikTok,"ceramahnya tetep dapet kok, relax aja guys",2024-12-23 15:56:07,positif
padmasarihartaka,TikTok,"bener juga sih, kadang netizen terlalu baper",2024-12-23 15:27:12,positif
cahyadiwibowo,TikTok,ceramah apaan malah ngehina,2024-12-23 15:34:43,negatif
argono85,TikTok,tergantung yg nonton juga sih,2024-12-23 15:37:04,netral
cakrawangsa18,TikTok,"ceramahnya tetep dapet kok, relax aja guys",2024-12-23 15:39:07,positif
puput85,TikTok,"ceramahnya tetep dapet kok, relax aja guys",2024-12-23 15:34:22,positif
marpaungnardi,TikTok,bisa2 jualan es teh jd insecure 😓,2024-12-23 15:20:17,negatif
najwa73,TikTok,bisa2 jualan es teh jd insecure 😓,2024-12-23 15:53:36,negatif
jayengkusumo,TikTok,gw setuju sih ama omongannya gus,2024-12-23 15:19:52,positif
maryadiusyi,TikTok,ga tau mau bilang apa,2024-12-23 15:11:29,netral
ekausada,TikTok,gw setuju sih ama omongannya gus,2024-12-23 15:21:01,positif
malikkuswoyo,TikTok,ceramah apaan malah ngehina,2024-12-23 15:37:23,negatif
qsetiawan,TikTok,ceramah apaan malah ngehina,2024-12-23 15:46:44,negatif
ohalim,TikTok,ga sopan bgt ngomong gitu,2024-12-23 15:14:25,negatif
ykuswoyo,TikTok,gw setuju sih ama omongannya gus,2024-12-23 15:48:23,positif
maryatiharto,TikTok,"ceramahnya tetep dapet kok, relax aja guys",2024-12-23 15:13:29,positif
halimanggraini,TikTok,masih netral aja sih gw liatnya,2024-12-23 15:14:48,netral
hardi44,TikTok,biar agak keras tapi niatnya baik kok,2024-12-23 15:50:05,positif
rinariyanti,TikTok,masih netral aja sih gw liatnya,2024-12-23 15:25:07,netral
harsantowidiastuti,TikTok,waduh ini sih udah kelewat batas,2024-12-23 15:31:00,negatif
tugimanwidodo,TikTok,bisa2 jualan es teh jd insecure 😓,2024-12-23 15:28:09,negatif
marsudinurdiyanti,TikTok,waduh ini sih udah kelewat batas,2024-12-23 15:33:47,negatif
aaryani,TikTok,"bener juga sih, kadang netizen terlalu baper",2024-12-23 15:25:28,positif
yulia93,TikTok,"ga lucu, malah nyakitin hati yg jualan",2024-12-23 15:22:30,negatif
hartozulaika,TikTok,bisa2 jualan es teh jd insecure 😓,2024-12-23 15:17:12,negatif
mumpunimandasari,TikTok,masih netral aja sih gw liatnya,2024-12-23 15:05:42,netral
eminhakim,TikTok,masih netral aja sih gw liatnya,2024-12-23 15:37:58,netral
sabri82,TikTok,ceramah apaan malah ngehina,2024-12-23 15:11:03,negatif
devihidayanto,TikTok,"bener juga sih, kadang netizen terlalu baper",2024-12-23 15:04:58,positif
zeldamansur,TikTok,biar agak keras tapi niatnya baik kok,2024-12-23 15:06:37,positif
hlaksmiwati,TikTok,masih netral aja sih gw liatnya,2024-12-23 15:47:06,netral
bsiregar,TikTok,"ceramahnya tetep dapet kok, relax aja guys",2024-12-23 15:30:27,positif
susantipangestu,TikTok,"ga lucu, malah nyakitin hati yg jualan",2024-12-23 15:50:11,negatif
silviawibisono,TikTok,gw setuju sih ama omongannya gus,2024-12-23 15:45:07,positif
wsinaga,TikTok,"bener juga sih, kadang netizen terlalu baper",2024-12-23 15:25:51,positif
jutama,TikTok,jujurly lucu banget sih ini 😭,2024-12-23 15:40:13,positif
vhidayanto,TikTok,gw setuju sih ama omongannya gus,2024-12-23 15:59:52,positif
agnes78,TikTok,waduh ini sih udah kelewat batas,2024-12-23 15:09:14,negatif
uchitaanggraini,TikTok,biar agak keras tapi niatnya baik kok,2024-12-23 15:41:46,positif
vinsen32,TikTok,gw setuju sih ama omongannya gus,2024-12-23 15:36:47,positif
pyuniar,TikTok,biar agak keras tapi niatnya baik kok,2024-12-23 15:07:36,positif
unjani48,TikTok,"ceramahnya tetep dapet kok, relax aja guys",2024-12-23 15:37:11,positif
nprabowo,TikTok,ga sopan bgt ngomong gitu,2024-12-23 15:35:21,negatif
xhandayani,TikTok,waduh ini sih udah kelewat batas,2024-12-23 15:45:41,negatif
puspitawage,TikTok,tergantung yg nonton juga sih,2024-12-23 15:49:26,netral
hfirgantoro,TikTok,ga tau mau bilang apa,2024-12-23 15:33:20,netral
syahrini16,TikTok,tergantung yg nonton juga sih,2024-12-23 15:49:54,netral
nasrullah73,TikTok,waduh ini sih udah kelewat batas,2024-12-23 15:37:10,negatif
gsihombing,TikTok,masih netral aja sih gw liatnya,2024-12-23 15:32:00,netral
tastuti,TikTok,jujurly lucu banget sih ini 😭,2024-12-23 15:14:36,positif
usamahwarta,TikTok,waduh ini sih udah kelewat batas,2024-12-23 15:57:50,negatif
mahendrarahmi,TikTok,jujurly lucu banget sih ini 😭,2024-12-23 15:33:11,positif
kenari97,TikTok,gw setuju sih ama omongannya gus,2024-12-23 15:22:14,positif
wnashiruddin,TikTok,ceramah apaan malah ngehina,2024-12-23 15:01:52,negatif
vhutapea,TikTok,biar agak keras tapi niatnya baik kok,2024-12-23 15:58:05,positif
hardiansyahbaktiadi,TikTok,"ceramahnya tetep dapet kok, relax aja guys",2024-12-23 15:09:48,positif
zsaputra,TikTok,ceramah apaan malah ngehina,2024-12-23 15:29:00,negatif
nmaulana,TikTok,bisa2 jualan es teh jd insecure 😓,2024-12-23 15:16:25,negatif
vsiregar,TikTok,waduh ini sih udah kelewat batas,2024-12-23 15:53:49,negatif
hariyahirsad,TikTok,"bener juga sih, kadang netizen terlalu baper",2024-12-23 15:48:20,positif
tarihoransyahrini,TikTok,"bener juga sih, kadang netizen terlalu baper",2024-12-23 15:59:39,positif
gangsar26,TikTok,ga sopan bgt ngomong gitu,2024-12-23 15:43:17,negatif
cinta28,TikTok,"bener juga sih, kadang netizen terlalu baper",2024-12-23 15:59:43,positif
winarnojamil,TikTok,"bener juga sih, kadang netizen terlalu baper",2024-12-23 15:04:37,positif
qfirmansyah,TikTok,masih netral aja sih gw liatnya,2024-12-23 15:53:46,netral
oyulianti,TikTok,ga tau mau bilang apa,2024-12-23 15:42:42,netral
ajeng89,TikTok,waduh ini sih udah kelewat batas,2024-12-23 15:40:01,negatif
wacanakartika,TikTok,masih netral aja sih gw liatnya,2024-12-23 15:12:48,netral
bancar45,TikTok,gue liat ini ya udah lah ya,2024-12-23 15:10:30,netral
wsalahudin,TikTok,gw setuju sih ama omongannya gus,2024-12-23 15:06:13,positif
kusumahassanah,TikTok,"ceramahnya tetep dapet kok, relax aja guys",2024-12-23 15:42:41,positif
fujiatikalim,TikTok,"bener juga sih, kadang netizen terlalu baper",2024-12-23 15:09:35,positif
nyana24,TikTok,"ceramahnya tetep dapet kok, relax aja guys",2024-12-23 15:42:39,positif
nasyiahmalik,TikTok,jujurly lucu banget sih ini 😭,2024-12-23 15:27:19,positif
dongoranharimurti,TikTok,waduh ini sih udah kelewat batas,2024-12-23 15:56:48,negatif
lalita09,TikTok,biasa aja sih,2024-12-23 15:18:58,netral
nurainipardi,TikTok,biasa aja sih,2024-12-23 15:14:22,netral
novawahyudin,TikTok,biasa aja sih,2024-12-23 15:11:43,netral
jsaputra,TikTok,"ceramahnya tetep dapet kok, relax aja guys",2024-12-23 15:17:17,positif
hasanahmujur,TikTok,waduh ini sih udah kelewat batas,2024-12-23 15:40:33,negatif
atmaja89,TikTok,ga sopan bgt ngomong gitu,2024-12-23 15:46:03,negatif
pradanatitin,TikTok,gue liat ini ya udah lah ya,2024-12-23 15:43:09,netral
wkuswandari,TikTok,jujurly lucu banget sih ini 😭,2024-12-23 15:08:09,positif
empluk36,TikTok,ga sopan bgt ngomong gitu,2024-12-23 15:07:40,negatif
wahyunilantar,TikTok,bisa2 jualan es teh jd insecure 😓,2024-12-23 15:08:01,negatif
jasmani83,TikTok,bisa2 jualan es teh jd insecure 😓,2024-12-23 15:27:46,negatif
narpatidagel,TikTok,tergantung yg nonton juga sih,2024-12-23 15:08:22,netral
tjailani,TikTok,"ceramahnya tetep dapet kok, relax aja guys",2024-12-23 15:32:30,positif
hartananurdiyanti,TikTok,biasa aja sih,2024-12-23 15:16:15,netral
rkuswandari,TikTok,biar agak keras tapi niatnya baik kok,2024-12-23 15:18:24,positif
lili83,TikTok,ni gus emg ada aja kelakuannya 😂,2024-12-23 15:02:24,positif
ulva15,TikTok,ceramah apaan malah ngehina,2024-12-23 15:44:57,negatif
ardiantohendri,TikTok,jujurly lucu banget sih ini 😭,2024-12-23 15:00:26,positif
nugrohomujur,TikTok,gus miftah harus minta maaf sih ini,2024-12-23 15:42:25,negatif
jpurwanti,TikTok,gus miftah harus minta maaf sih ini,2024-12-23 15:48:35,negatif
gmayasari,TikTok,jujurly lucu banget sih ini 😭,2024-12-23 15:52:34,positif
gandi75,TikTok,"bener juga sih, kadang netizen terlalu baper",2024-12-23 15:24:37,positif
nyana74,TikTok,biasa aja sih,2024-12-23 15:19:14,netral
galak66,TikTok,jujurly lucu banget sih ini 😭,2024-12-23 15:18:31,positif
yoga26,TikTok,gus miftah harus minta maaf sih ini,2024-12-23 15:03:30,negatif
mharyanti,TikTok,ceramah apaan malah ngehina,2024-12-23 15:12:30,negatif
mahfudmustofa,TikTok,gw setuju sih ama omongannya gus,2024-12-23 15:27:19,positif
slamet12,TikTok,ceramah apaan malah ngehina,2024-12-23 15:05:23,negatif
awahyudin,TikTok,bisa2 jualan es teh jd insecure 😓,2024-12-23 15:36:21,negatif
hutagalungjinawi,TikTok,"ga lucu, malah nyakitin hati yg jualan",2024-12-23 15:39:08,negatif
ardiantogadang,TikTok,gw setuju sih ama omongannya gus,2024-12-23 15:25:18,positif
lmandasari,TikTok,biar agak keras tapi niatnya baik kok,2024-12-23 15:45:12,positif
zulkarnaindevi,TikTok,gus miftah harus minta maaf sih ini,2024-12-23 15:56:14,negatif
usyidongoran,TikTok,"ceramahnya tetep dapet kok, relax aja guys",2024-12-23 15:00:46,positif
nasyidahokta,TikTok,waduh ini sih udah kelewat batas,2024-12-23 15:09:43,negatif
napitupulujais,TikTok,gus miftah harus minta maaf sih ini,2024-12-23 15:42:26,negatif
pandusuryono,TikTok,ni gus emg ada aja kelakuannya 😂,2024-12-23 15:41:20,positif
mulyonosantoso,TikTok,gus miftah harus minta maaf sih ini,2024-12-23 15:02:21,negatif
permatayulia,TikTok,ni gus emg ada aja kelakuannya 😂,2024-12-23 15:12:29,positif
wsaptono,TikTok,ni gus emg ada aja kelakuannya 😂,2024-12-23 15:10:14,positif
euwais,TikTok,masih netral aja sih gw liatnya,2024-12-23 15:41:54,netral
rahmiwijaya,TikTok,masih netral aja sih gw liatnya,2024-12-23 15:20:33,netral
kardi31,TikTok,"ga lucu, malah nyakitin hati yg jualan",2024-12-23 15:22:47,negatif
cahyantojailani,TikTok,biasa aja sih,2024-12-23 15:36:47,netral
kmardhiyah,TikTok,gue liat ini ya udah lah ya,2024-12-23 15:14:40,netral
darmajiprabowo,TikTok,bisa2 jualan es teh jd insecure 😓,2024-12-23 15:36:55,negatif
lamar80,TikTok,jujurly lucu banget sih ini 😭,2024-12-23 15:14:09,positif
uprasetya,TikTok,ni gus emg ada aja kelakuannya 😂,2024-12-23 15:41:04,positif
mansurbelinda,TikTok,"bener juga sih, kadang netizen terlalu baper",2024-12-23 15:36:34,positif
ksuryono,TikTok,gue liat ini ya udah lah ya,2024-12-23 15:12:02,netral
lsuryatmi,TikTok,ceramah apaan malah ngehina,2024-12-23 15:13:34,negatif
maras66,TikTok,"ga lucu, malah nyakitin hati yg jualan",2024-12-23 15:10:31,negatif
marganasitompul,TikTok,gue liat ini ya udah lah ya,2024-12-23 15:36:07,netral
leopranowo,TikTok,biar agak keras tapi niatnya baik kok,2024-12-23 15:50:34,positif
firmansyahbakijan,TikTok,tergantung yg nonton juga sih,2024-12-23 15:02:13,netral
janenasyidah,TikTok,gw setuju sih ama omongannya gus,2024-12-23 15:25:22,positif
fitriapradana,TikTok,"ga lucu, malah nyakitin hati yg jualan",2024-12-23 15:26:51,negatif
cinta29,TikTok,"ceramahnya tetep dapet kok, relax aja guys",2024-12-23 15:22:27,positif
firgantororespati,TikTok,ga tau mau bilang apa,2024-12-23 15:22:39,netral
indahnashiruddin,TikTok,masih netral aja sih gw liatnya,2024-12-23 15:49:48,netral
cengkir32,TikTok,masih netral aja sih gw liatnya,2024-12-23 15:14:03,netral
kamilausada,TikTok,"ceramahnya tetep dapet kok, relax aja guys",2024-12-23 15:46:29,positif
grahmawati,TikTok,"bener juga sih, kadang netizen terlalu baper",2024-12-23 15:15:38,positif
wulandarilaila,TikTok,ga tau mau bilang apa,2024-12-23 15:33:02,netral
balijan54,TikTok,bisa2 jualan es teh jd insecure 😓,2024-12-23 15:43:01,negatif
xsitumorang,TikTok,biasa aja sih,2024-12-23 15:00:24,netral
zulaikaestiawan,TikTok,masih netral aja sih gw liatnya,2024-12-23 15:31:18,netral
gaman88,TikTok,ga sopan bgt ngomong gitu,2024-12-23 15:15:17,negatif
empluk61,TikTok,ceramah apaan malah ngehina,2024-12-23 15:31:26,negatif
wmayasari,TikTok,masih netral aja sih gw liatnya,2024-12-23 15:05:21,netral
hutapeapuspa,TikTok,ceramah apaan malah ngehina,2024-12-23 15:33:54,negatif
cahyononamaga,TikTok,hmm no comment deh,2024-12-23 15:26:15,netral
irawanlurhur,TikTok,biasa aja sih,2024-12-23 15:51:58,netral
siregaroskar,TikTok,"ceramahnya tetep dapet kok, relax aja guys",2024-12-23 15:25:12,positif
purwantoutami,TikTok,biar agak keras tapi niatnya baik kok,2024-12-23 15:47:36,positif
prayitna49,TikTok,jujurly lucu banget sih ini 😭,2024-12-23 15:19:39,positif
galionopurwanti,TikTok,tergantung yg nonton juga sih,2024-12-23 15:47:53,netral
rsalahudin,TikTok,"ceramahnya tetep dapet kok, relax aja guys",2024-12-23 15:01:30,positif
ajimin73,TikTok,ni gus emg ada aja kelakuannya 😂,2024-12-23 15:04:17,positif
kurniawandagel,TikTok,ceramah apaan malah ngehina,2024-12-23 15:39:09,negatif
putraputri,TikTok,biasa aja sih,2024-12-23 15:01:01,netral
tasnim08,TikTok,"ceramahnya tetep dapet kok, relax aja guys",2024-12-23 15:39:48,positif
kuncara59,TikTok,bisa2 jualan es teh jd insecure 😓,2024-12-23 15:48:00,negatif
gharyanti,TikTok,ga tau mau bilang apa,2024-12-23 15:02:42,netral
kamilahasanah,TikTok,gus miftah harus minta maaf sih ini,2024-12-23 15:17:44,negatif
prasetya24,TikTok,ga sopan bgt ngomong gitu,2024-12-23 15:45:10,negatif
gamanisihotang,TikTok,"ga lucu, malah nyakitin hati yg jualan",2024-12-23 15:06:36,negatif
opung79,TikTok,"ceramahnya tetep dapet kok, relax aja guys",2024-12-23 15:24:29,positif
qmansur,TikTok,"ga lucu, malah nyakitin hati yg jualan",2024-12-23 15:07:57,negatif
gnashiruddin,TikTok,ga tau mau bilang apa,2024-12-23 15:46:26,netral
widiastutisetya,TikTok,"ceramahnya tetep dapet kok, relax aja guys",2024-12-23 15:23:50,positif
lanang71,TikTok,masih netral aja sih gw liatnya,2024-12-23 15:00:26,netral
hutasoitabyasa,TikTok,bisa2 jualan es teh jd insecure 😓,2024-12-23 15:52:02,negatif
saragihzaenab,TikTok,waduh ini sih udah kelewat batas,2024-12-23 15:00:16,negatif
astutibalangga,TikTok,gue liat ini ya udah lah ya,2024-12-23 15:40:20,netral
purwa37,TikTok,masih netral aja sih gw liatnya,2024-12-23 15:35:41,netral
sabri65,TikTok,ga sopan bgt ngomong gitu,2024-12-23 15:39:09,negatif
rahayumayasari,TikTok,gue liat ini ya udah lah ya,2024-12-23 15:25:56,netral
moktaviani,TikTok,ni gus emg ada aja kelakuannya 😂,2024-12-23 15:00:39,positif
setiawanwira,TikTok,hmm no comment deh,2024-12-23 15:12:24,netral
panca03,TikTok,hmm no comment deh,2024-12-23 15:01:49,netral
bella96,TikTok,hmm no comment deh,2024-12-23 15:42:34,netral
kenziehassanah,TikTok,hmm no comment deh,2024-12-23 15:12:17,netral
sarahfarida,TikTok,"bener juga sih, kadang netizen terlalu baper",2024-12-23 15:05:44,positif
zusada,TikTok,gue liat ini ya udah lah ya,2024-12-23 15:29:24,netral
pangestuhandayani,TikTok,gue liat ini ya udah lah ya,2024-12-23 15:07:28,netral
cprasetya,TikTok,biar agak keras tapi niatnya baik kok,2024-12-23 15:13:33,positif
kenzielailasari,TikTok,ga tau mau bilang apa,2024-12-23 15:49:04,netral
tirtayasasitompul,TikTok,"ga lucu, malah nyakitin hati yg jualan",2024-12-23 15:46:24,negatif
prakosa58,TikTok,ga tau mau bilang apa,2024-12-23 15:12:34,netral
olgawaskita,TikTok,gue liat ini ya udah lah ya,2024-12-23 15:28:58,netral
asmianto66,TikTok,ga sopan bgt ngomong gitu,2024-12-23 15:32:32,negatif
iswahyudiluis,TikTok,biasa aja sih,2024-12-23 15:13:48,netral
cprabowo,TikTok,"ga lucu, malah nyakitin hati yg jualan",2024-12-23 15:42:38,negatif
apermadi,TikTok,hmm no comment deh,2024-12-23 15:22:49,netral
marbunmursita,TikTok,gus miftah harus minta maaf sih ini,2024-12-23 15:49:15,negatif
mmayasari,TikTok,gue liat ini ya udah lah ya,2024-12-23 15:13:11,netral
icha86,TikTok,biasa aja sih,2024-12-23 15:05:03,netral
estiawan57,TikTok,bisa2 jualan es teh jd insecure 😓,2024-12-23 15:50:37,negatif
kuswandarifitriani,TikTok,bisa2 jualan es teh jd insecure 😓,2024-12-23 15:00:27,negatif
pardi41,TikTok,ga sopan bgt ngomong gitu,2024-12-23 15:54:34,negatif
bhabibi,TikTok,ceramah apaan malah ngehina,2024-12-23 15:34:28,negatif
legawa32,TikTok,hmm no comment deh,2024-12-23 15:19:05,netral
wacanaumaya,TikTok,jujurly lucu banget sih ini 😭,2024-12-23 15:18:11,positif
pranawa47,TikTok,hmm no comment deh,2024-12-23 15:47:10,netral
azalea28,TikTok,bisa2 jualan es teh jd insecure 😓,2024-12-23 15:00:33,negatif
oardianto,TikTok,waduh ini sih udah kelewat batas,2024-12-23 15:29:18,negatif
safinauwais,TikTok,gw setuju sih ama omongannya gus,2024-12-23 15:52:11,positif
purwantidarijan,TikTok,jujurly lucu banget sih ini 😭,2024-12-23 15:20:15,positif
agus51,TikTok,"ga lucu, malah nyakitin hati yg jualan",2024-12-23 15:42:59,negatif
rizkiusada,TikTok,tergantung yg nonton juga sih,2024-12-23 15:41:56,netral
agustinamaya,TikTok,ga sopan bgt ngomong gitu,2024-12-23 15:58:03,negatif
nagustina,TikTok,ga tau mau bilang apa,2024-12-23 15:47:35,netral
teguhmarpaung,TikTok,masih netral aja sih gw liatnya,2024-12-23 15:38:24,netral
jayengpranowo,TikTok,hmm no comment deh,2024-12-23 15:11:18,netral
jumariuwais,TikTok,ga tau mau bilang apa,2024-12-23 15:21:43,netral
lanang05,TikTok,"bener juga sih, kadang netizen terlalu baper",2024-12-23 15:09:36,positif
yuninainggolan,TikTok,gue liat ini ya udah lah ya,2024-12-23 15:26:19,netral
ira87,TikTok,ni gus emg ada aja kelakuannya 😂,2024-12-23 15:40:57,positif
keisha22,TikTok,gue liat ini ya udah lah ya,2024-12-23 15:29:58,netral
cakrabirawairawan,TikTok,masih netral aja sih gw liatnya,2024-12-23 15:01:31,netral
cakrawangsawahyudin,TikTok,hmm no comment deh,2024-12-23 15:14:36,netral
aryanibahuwirya,TikTok,hmm no comment deh,2024-12-23 15:32:47,netral
susantiirnanto,TikTok,bisa2 jualan es teh jd insecure 😓,2024-12-23 15:31:57,negatif
tampubolonharsana,TikTok,biasa aja sih,2024-12-23 15:12:54,netral
makutalailasari,TikTok,ni gus emg ada aja kelakuannya 😂,2024-12-23 15:11:18,positif
gamani48,TikTok,ceramah apaan malah ngehina,2024-12-23 15:41:19,negatif
cemetinasyiah,TikTok,"ga lucu, malah nyakitin hati yg jualan",2024-12-23 15:21:20,negatif
purwantikariman,TikTok,biasa aja sih,2024-12-23 15:46:23,netral
titihastuti,TikTok,bisa2 jualan es teh jd insecure 😓,2024-12-23 15:25:37,negatif
unjanilatupono,TikTok,gw setuju sih ama omongannya gus,2024-12-23 15:16:06,positif
qhassanah,TikTok,ceramah apaan malah ngehina,2024-12-23 15:05:34,negatif
baktiono09,TikTok,ga tau mau bilang apa,2024-12-23 15:12:43,netral
tedisetiawan,TikTok,ni gus emg ada aja kelakuannya 😂,2024-12-23 15:24:09,positif
hardiansyahkania,TikTok,"ga lucu, malah nyakitin hati yg jualan",2024-12-23 15:03:35,negatif
ksaputra,TikTok,biar agak keras tapi niatnya baik kok,2024-12-23 15:34:20,positif
empluksalahudin,TikTok,bisa2 jualan es teh jd insecure 😓,2024-12-23 15:02:19,negatif
salimahwulandari,TikTok,ga sopan bgt ngomong gitu,2024-12-23 15:33:12,negatif
nabilaharyanti,TikTok,"ga lucu, malah nyakitin hati yg jualan",2024-12-23 15:58:58,negatif
megantaralalita,TikTok,ga sopan bgt ngomong gitu,2024-12-23 15:40:45,negatif
purwantiliman,TikTok,biasa aja sih,2024-12-23 15:38:59,netral
susantiputri,TikTok,ga sopan bgt ngomong gitu,2024-12-23 15:09:10,negatif
jailaniazalea,TikTok,jujurly lucu banget sih ini 😭,2024-12-23 15:49:38,positif
jelita69,TikTok,jujurly lucu banget sih ini 😭,2024-12-23 15:19:37,positif
suryatmiiriana,TikTok,ni gus emg ada aja kelakuannya 😂,2024-12-23 15:59:48,positif
jharyanti,TikTok,ga tau mau bilang apa,2024-12-23 15:04:22,netral
najamrahimah,TikTok,"ga lucu, malah nyakitin hati yg jualan",2024-12-23 15:00:29,negatif
sihotangheryanto,TikTok,gue liat ini ya udah lah ya,2024-12-23 15:49:13,netral
rajasajono,TikTok,jujurly lucu banget sih ini 😭,2024-12-23 15:37:05,positif
znasyiah,TikTok,waduh ini sih udah kelewat batas,2024-12-23 15:04:29,negatif
cakrajiyaadriansyah,TikTok,biasa aja sih,2024-12-23 15:02:08,netral
iriana22,TikTok,biar agak keras tapi niatnya baik kok,2024-12-23 15:28:56,positif
vhastuti,TikTok,waduh ini sih udah kelewat batas,2024-12-23 15:30:22,negatif
prabowogandewa,TikTok,tergantung yg nonton juga sih,2024-12-23 15:40:21,netral
ymaryadi,TikTok,ni gus emg ada aja kelakuannya 😂,2024-12-23 15:03:53,positif
dalimawahyudin,TikTok,jujurly lucu banget sih ini 😭,2024-12-23 15:00:22,positif
galang81,TikTok,"ceramahnya tetep dapet kok, relax aja guys",2024-12-23 15:03:23,positif
jamaliafirmansyah,TikTok,hmm no comment deh,2024-12-23 15:39:22,netral
putri02,TikTok,ga tau mau bilang apa,2024-12-23 15:42:38,netral
oktorajata,TikTok,gue liat ini ya udah lah ya,2024-12-23 15:42:44,netral
digdayakusmawati,TikTok,masih netral aja sih gw liatnya,2024-12-23 15:16:32,netral
prastutiasman,TikTok,ni gus emg ada aja kelakuannya 😂,2024-12-23 15:30:07,positif
anggriawandevi,TikTok,bisa2 jualan es teh jd insecure 😓,2024-12-23 15:32:02,negatif
uyainahjanet,TikTok,masih netral aja sih gw liatnya,2024-12-23 15:49:45,netral
mahendracatur,TikTok,ceramah apaan malah ngehina,2024-12-23 15:06:37,negatif
parman90,TikTok,gw setuju sih ama omongannya gus,2024-12-23 15:51:09,positif
tasnim87,TikTok,masih netral aja sih gw liatnya,2024-12-23 15:23:41,netral
vnababan,TikTok,ga sopan bgt ngomong gitu,2024-12-23 15:25:59,negatif
oskar82,TikTok,"ceramahnya tetep dapet kok, relax aja guys",2024-12-23 15:31:41,positif
harimurti41,TikTok,ni gus emg ada aja kelakuannya 😂,2024-12-23 15:05:14,positif
qoktaviani,TikTok,hmm no comment deh,2024-12-23 15:35:58,netral
bakidinprasetya,TikTok,ni gus emg ada aja kelakuannya 😂,2024-12-23 15:33:25,positif
wirdatarihoran,TikTok,gus miftah harus minta maaf sih ini,2024-12-23 15:37:51,negatif
kawacafujiati,TikTok,"ga lucu, malah nyakitin hati yg jualan",2024-12-23 15:21:08,negatif
gangsahastuti,TikTok,biar agak keras tapi niatnya baik kok,2024-12-23 15:22:25,positif
amelialestari,TikTok,masih netral aja sih gw liatnya,2024-12-23 15:00:18,netral
luisjailani,TikTok,tergantung yg nonton juga sih,2024-12-23 15:21:52,netral
ipadmasari,TikTok,"ceramahnya tetep dapet kok, relax aja guys",2024-12-23 15:29:41,positif
fhartati,TikTok,gw setuju sih ama omongannya gus,2024-12-23 15:54:25,positif
mnamaga,TikTok,gue liat ini ya udah lah ya,2024-12-23 15:55:26,netral
balapati79,TikTok,masih netral aja sih gw liatnya,2024-12-23 15:14:54,netral
anastasiapradipta,TikTok,"bener juga sih, kadang netizen terlalu baper",2024-12-23 15:26:15,positif
prasetyahamzah,TikTok,"bener juga sih, kadang netizen terlalu baper",2024-12-23 15:20:14,positif
ajimatmandala,TikTok,gue liat ini ya udah lah ya,2024-12-23 15:03:01,netral
mustika25,TikTok,biar agak keras tapi niatnya baik kok,2024-12-23 15:14:12,positif
cakrabuananashiruddin,TikTok,"ceramahnya tetep dapet kok, relax aja guys",2024-12-23 15:29:48,positif
sakti03,TikTok,jujurly lucu banget sih ini 😭,2024-12-23 15:12:03,positif
erikwinarno,TikTok,gw setuju sih ama omongannya gus,2024-12-23 15:34:01,positif
haryantisuci,TikTok,gus miftah harus minta maaf sih ini,2024-12-23 15:55:43,negatif
puspasariharjo,TikTok,ga tau mau bilang apa,2024-12-23 15:53:25,netral
najwa03,TikTok,biar agak keras tapi niatnya baik kok,2024-12-23 15:56:22,positif
pertiwibanawa,TikTok,ga sopan bgt ngomong gitu,2024-12-23 15:14:07,negatif
tsiregar,TikTok,bisa2 jualan es teh jd insecure 😓,2024-12-23 15:10:43,negatif
oskar47,TikTok,masih netral aja sih gw liatnya,2024-12-23 15:09:55,netral
usyi91,TikTok,biar agak keras tapi niatnya baik kok,2024-12-23 15:18:05,positif
pwidiastuti,TikTok,gus miftah harus minta maaf sih ini,2024-12-23 15:43:25,negatif
cakrawangsawasita,TikTok,"ceramahnya tetep dapet kok, relax aja guys",2024-12-23 15:40:37,positif
asmuni92,TikTok,waduh ini sih udah kelewat batas,2024-12-23 15:58:12,negatif
rjanuar,TikTok,waduh ini sih udah kelewat batas,2024-12-23 15:41:01,negatif
cahyonobudiman,TikTok,ceramah apaan malah ngehina,2024-12-23 15:13:42,negatif
vero06,TikTok,biar agak keras tapi niatnya baik kok,2024-12-23 15:38:29,positif
langgriawan,TikTok,"ceramahnya tetep dapet kok, relax aja guys",2024-12-23 15:37:32,positif
galarwaluyo,TikTok,biasa aja sih,2024-12-23 15:53:38,netral
catursaefullah,TikTok,biasa aja sih,2024-12-23 15:49:24,netral
vanesa32,TikTok,ceramah apaan malah ngehina,2024-12-23 15:03:07,negatif
simboloncitra,TikTok,ga sopan bgt ngomong gitu,2024-12-23 15:35:23,negatif
mahendramaryadi,TikTok,biar agak keras tapi niatnya baik kok,2024-12-23 15:41:36,positif
zkusmawati,TikTok,"ceramahnya tetep dapet kok, relax aja guys",2024-12-23 15:14:34,positif
yolandalutfan,TikTok,bisa2 jualan es teh jd insecure 😓,2024-12-23 15:41:26,negatif
saefullahvera,TikTok,jujurly lucu banget sih ini 😭,2024-12-23 15:18:09,positif
adinatanainggolan,TikTok,masih netral aja sih gw liatnya,2024-12-23 15:00:09,netral
darunanuraini,TikTok,jujurly lucu banget sih ini 😭,2024-12-23 15:11:16,positif
lhidayat,TikTok,masih netral aja sih gw liatnya,2024-12-23 15:35:26,netral
puji25,TikTok,ni gus emg ada aja kelakuannya 😂,2024-12-23 15:04:20,positif
kardianto,TikTok,jujurly lucu banget sih ini 😭,2024-12-23 15:11:19,positif
aisyah14,TikTok,ni gus emg ada aja kelakuannya 😂,2024-12-23 15:29:08,positif
simbolonbagya,TikTok,jujurly lucu banget sih ini 😭,2024-12-23 15:03:59,positif
rahimahmariadi,TikTok,"bener juga sih, kadang netizen terlalu baper",2024-12-23 15:12:23,positif
ssitorus,TikTok,jujurly lucu banget sih ini 😭,2024-12-23 15:52:30,positif
mwastuti,TikTok,masih netral aja sih gw liatnya,2024-12-23 15:59:43,netral
yyulianti,TikTok,jujurly lucu banget sih ini 😭,2024-12-23 15:44:19,positif
qtamba,TikTok,ga tau mau bilang apa,2024-12-23 15:26:52,netral
haryantocayadi,TikTok,hmm no comment deh,2024-12-23 15:11:54,netral
paris81,TikTok,"bener juga sih, kadang netizen terlalu baper",2024-12-23 15:43:34,positif
karyadongoran,TikTok,gw setuju sih ama omongannya gus,2024-12-23 15:44:28,positif
gantar60,TikTok,ceramah apaan malah ngehina,2024-12-23 15:47:42,negatif
prasetyopertiwi,TikTok,gue liat ini ya udah lah ya,2024-12-23 15:30:23,netral
bahuraksa08,TikTok,ceramah apaan malah ngehina,2024-12-23 15:52:37,negatif
karyausada,TikTok,biar agak keras tapi niatnya baik kok,2024-12-23 15:27:53,positif
yusuf72,TikTok,"bener juga sih, kadang netizen terlalu baper",2024-12-23 15:20:46,positif
johanpudjiastuti,TikTok,masih netral aja sih gw liatnya,2024-12-23 15:36:28,netral
raina86,TikTok,gue liat ini ya udah lah ya,2024-12-23 15:11:49,netral
dianawahyuni,TikTok,masih netral aja sih gw liatnya,2024-12-23 15:41:43,netral
damunugroho,TikTok,"bener juga sih, kadang netizen terlalu baper",2024-12-23 15:12:53,positif
kemaljanuar,TikTok,gue liat ini ya udah lah ya,2024-12-23 15:19:12,netral
lalitaastuti,TikTok,"ga lucu, malah nyakitin hati yg jualan",2024-12-23 15:54:06,negatif
darijan90,TikTok,hmm no comment deh,2024-12-23 15:12:38,netral
septi06,TikTok,ni gus emg ada aja kelakuannya 😂,2024-12-23 15:11:12,positif
zelayapurwanti,TikTok,jujurly lucu banget sih ini 😭,2024-12-23 15:19:25,positif
paiman17,TikTok,"ga lucu, malah nyakitin hati yg jualan",2024-12-23 15:07:43,negatif
pertiwiwulan,TikTok,"ga lucu, malah nyakitin hati yg jualan",2024-12-23 15:13:45,negatif
gwijaya,TikTok,biasa aja sih,2024-12-23 15:56:52,netral
harjo52,TikTok,tergantung yg nonton juga sih,2024-12-23 15:59:00,netral
laswiwulandari,TikTok,biasa aja sih,2024-12-23 15:29:54,netral
saptonopranata,TikTok,bisa2 jualan es teh jd insecure 😓,2024-12-23 15:57:56,negatif
pradanaembuh,TikTok,ni gus emg ada aja kelakuannya 😂,2024-12-23 15:43:12,positif
uwasita,TikTok,waduh ini sih udah kelewat batas,2024-12-23 15:49:26,negatif
lmanullang,TikTok,tergantung yg nonton juga sih,2024-12-23 15:28:21,netral
waluyodian,TikTok,"ceramahnya tetep dapet kok, relax aja guys",2024-12-23 15:05:00,positif
ogunawan,TikTok,bisa2 jualan es teh jd insecure 😓,2024-12-23 15:34:06,negatif
kaniwibowo,TikTok,jujurly lucu banget sih ini 😭,2024-12-23 15:16:32,positif
halimbakiman,TikTok,waduh ini sih udah kelewat batas,2024-12-23 15:44:50,negatif
irmaadriansyah,TikTok,ni gus emg ada aja kelakuannya 😂,2024-12-23 15:35:16,positif
himawanpratiwi,TikTok,gue liat ini ya udah lah ya,2024-12-23 15:52:23,netral
suartinibetania,TikTok,biar agak keras tapi niatnya baik kok,2024-12-23 15:14:01,positif
safitriemas,TikTok,ga sopan bgt ngomong gitu,2024-12-23 15:34:15,negatif
uprasasta,TikTok,ga sopan bgt ngomong gitu,2024-12-23 15:53:25,negatif
violetzulkarnain,TikTok,gw setuju sih ama omongannya gus,2024-12-23 15:59:42,positif
rahmanhartati,TikTok,hmm no comment deh,2024-12-23 15:46:11,netral
yunitabudiman,TikTok,"bener juga sih, kadang netizen terlalu baper",2024-12-23 15:32:48,positif
piarajata,TikTok,ga tau mau bilang apa,2024-12-23 15:42:21,netral
hassanahaurora,TikTok,"bener juga sih, kadang netizen terlalu baper",2024-12-23 15:12:50,positif
nasyidahatma,TikTok,masih netral aja sih gw liatnya,2024-12-23 15:04:08,netral
unggulsamosir,TikTok,"bener juga sih, kadang netizen terlalu baper",2024-12-23 15:01:22,positif
lestaricakrabirawa,TikTok,ceramah apaan malah ngehina,2024-12-23 15:28:05,negatif
hardana33,TikTok,ga tau mau bilang apa,2024-12-23 15:03:44,netral
ysaptono,TikTok,biar agak keras tapi niatnya baik kok,2024-12-23 15:58:20,positif
dimazpermata,TikTok,ceramah apaan malah ngehina,2024-12-23 15:58:46,negatif
gambirawibisono,TikTok,hmm no comment deh,2024-12-23 15:32:34,netral
hastutikenzie,TikTok,bisa2 jualan es teh jd insecure 😓,2024-12-23 15:44:39,negatif
cyuliarti,TikTok,hmm no comment deh,2024-12-23 15:12:59,netral
jagustina,TikTok,gue liat ini ya udah lah ya,2024-12-23 15:36:58,netral
npranowo,TikTok,ceramah apaan malah ngehina,2024-12-23 15:39:17,negatif
arta42,TikTok,waduh ini sih udah kelewat batas,2024-12-23 15:17:32,negatif
suwarnonasrullah,TikTok,tergantung yg nonton juga sih,2024-12-23 15:14:34,netral
kamal08,TikTok,bisa2 jualan es teh jd insecure 😓,2024-12-23 15:30:10,negatif
friyanti,TikTok,tergantung yg nonton juga sih,2024-12-23 15:44:40,netral
ifa19,TikTok,gw setuju sih ama omongannya gus,2024-12-23 15:21:59,positif
syahrinianggriawan,TikTok,bisa2 jualan es teh jd insecure 😓,2024-12-23 15:16:23,negatif
rsitumorang,TikTok,ga tau mau bilang apa,2024-12-23 15:53:41,netral
usadagambira,TikTok,bisa2 jualan es teh jd insecure 😓,2024-12-23 15:36:26,negatif
rprayoga,TikTok,"ceramahnya tetep dapet kok, relax aja guys",2024-12-23 15:14:47,positif
wahyudintari,TikTok,biasa aja sih,2024-12-23 15:10:11,netral
hassanahjanet,TikTok,biar agak keras tapi niatnya baik kok,2024-12-23 15:01:22,positif
betaniayuliarti,TikTok,gw setuju sih ama omongannya gus,2024-12-23 15:44:19,positif
ohardiansyah,TikTok,gue liat ini ya udah lah ya,2024-12-23 15:19:15,netral
wasitaikhsan,TikTok,tergantung yg nonton juga sih,2024-12-23 15:31:12,netral
ajimanusamah,TikTok,ga sopan bgt ngomong gitu,2024-12-23 15:50:57,negatif
kairav66,TikTok,gw setuju sih ama omongannya gus,2024-12-23 15:35:25,positif
tarihorandarmana,TikTok,biasa aja sih,2024-12-23 15:14:57,netral
irma40,TikTok,gue liat ini ya udah lah ya,2024-12-23 15:30:39,netral
danuja01,TikTok,tergantung yg nonton juga sih,2024-12-23 15:00:19,netral
kenari69,TikTok,biar agak keras tapi niatnya baik kok,2024-12-23 15:11:24,positif
maulanaprayitna,TikTok,biar agak keras tapi niatnya baik kok,2024-12-23 15:30:43,positif
zizi91,TikTok,"ceramahnya tetep dapet kok, relax aja guys",2024-12-23 15:23:55,positif
balapati48,TikTok,"ga lucu, malah nyakitin hati yg jualan",2024-12-23 15:18:21,negatif
rusmanadriansyah,TikTok,waduh ini sih udah kelewat batas,2024-12-23 15:21:17,negatif
spradipta,TikTok,waduh ini sih udah kelewat batas,2024-12-23 15:45:34,negatif
yuliantirini,TikTok,gue liat ini ya udah lah ya,2024-12-23 15:03:14,netral
hartatigarang,TikTok,waduh ini sih udah kelewat batas,2024-12-23 15:09:56,negatif
cengkir19,TikTok,biasa aja sih,2024-12-23 15:59:28,netral
tmaryati,TikTok,ni gus emg ada aja kelakuannya 😂,2024-12-23 15:51:30,positif
rudiastuti,TikTok,bisa2 jualan es teh jd insecure 😓,2024-12-23 15:16:01,negatif
unjanihutapea,TikTok,jujurly lucu banget sih ini 😭,2024-12-23 15:48:02,positif
ysaefullah,TikTok,waduh ini sih udah kelewat batas,2024-12-23 15:46:10,negatif
kiandrasalahudin,TikTok,ga sopan bgt ngomong gitu,2024-12-23 15:00:41,negatif
narpatinasab,TikTok,"ga lucu, malah nyakitin hati yg jualan",2024-12-23 15:06:34,negatif
jarwadiandriani,TikTok,ni gus emg ada aja kelakuannya 😂,2024-12-23 15:41:29,positif
jrahmawati,TikTok,waduh ini sih udah kelewat batas,2024-12-23 15:15:18,negatif
padmasarinyana,TikTok,gue liat ini ya udah lah ya,2024-12-23 15:05:54,netral
yagustina,TikTok,"bener juga sih, kadang netizen terlalu baper",2024-12-23 15:45:50,positif
uwidiastuti,TikTok,"bener juga sih, kadang netizen terlalu baper",2024-12-23 15:31:37,positif
mursinin70,TikTok,gue liat ini ya udah lah ya,2024-12-23 15:21:43,netral
msimbolon,TikTok,biasa aja sih,2024-12-23 15:14:06,netral
darman79,TikTok,gus miftah harus minta maaf sih ini,2024-12-23 15:23:40,negatif
lintanghutasoit,TikTok,tergantung yg nonton juga sih,2024-12-23 15:03:29,netral
nilam57,TikTok,tergantung yg nonton juga sih,2024-12-23 15:32:54,netral
garan62,TikTok,gw setuju sih ama omongannya gus,2024-12-23 15:44:35,positif
klazuardi,TikTok,biar agak keras tapi niatnya baik kok,2024-12-23 15:02:09,positif
ganggriawan,TikTok,biasa aja sih,2024-12-23 15:39:00,netral
kmaryadi,TikTok,tergantung yg nonton juga sih,2024-12-23 15:55:26,netral
latupononilam,TikTok,gw setuju sih ama omongannya gus,2024-12-23 15:33:02,positif
kamariapratama,TikTok,"bener juga sih, kadang netizen terlalu baper",2024-12-23 15:42:00,positif
olailasari,TikTok,ceramah apaan malah ngehina,2024-12-23 15:16:12,negatif
napitupulugaluh,TikTok,"ga lucu, malah nyakitin hati yg jualan",2024-12-23 15:44:58,negatif
jumari91,TikTok,jujurly lucu banget sih ini 😭,2024-12-23 15:38:07,positif
halimwaskita,TikTok,biasa aja sih,2024-12-23 15:18:19,netral
usyi09,TikTok,jujurly lucu banget sih ini 😭,2024-12-23 15:55:45,positif
mansurlatif,TikTok,ga tau mau bilang apa,2024-12-23 15:03:58,netral
riyantiestiawan,TikTok,biasa aja sih,2024-12-23 15:37:15,netral
situmorangjaiman,TikTok,bisa2 jualan es teh jd insecure 😓,2024-12-23 15:29:46,negatif
manullangkasiyah,TikTok,"ga lucu, malah nyakitin hati yg jualan",2024-12-23 15:55:24,negatif
wibisonohilda,TikTok,ga tau mau bilang apa,2024-12-23 15:55:35,netral
samosirmahfud,TikTok,ga sopan bgt ngomong gitu,2024-12-23 15:58:28,negatif
adongoran,TikTok,ceramah apaan malah ngehina,2024-12-23 15:27:15,negatif
qpratama,TikTok,biasa aja sih,2024-12-23 15:24:39,netral
maryantomaryadi,TikTok,biasa aja sih,2024-12-23 15:41:58,netral
anggrainipardi,TikTok,tergantung yg nonton juga sih,2024-12-23 15:58:57,netral
mandasariprabowo,TikTok,tergantung yg nonton juga sih,2024-12-23 15:57:04,netral
kmahendra,TikTok,"ceramahnya tetep dapet kok, relax aja guys",2024-12-23 15:19:15,positif
lpradipta,TikTok,tergantung yg nonton juga sih,2024-12-23 15:54:09,netral
fitrianisuryatmi,TikTok,ga tau mau bilang apa,2024-12-23 15:41:54,netral
lsihombing,TikTok,biasa aja sih,2024-12-23 15:27:42,netral
kariman60,TikTok,waduh ini sih udah kelewat batas,2024-12-23 15:03:22,negatif
agusnarpati,TikTok,bisa2 jualan es teh jd insecure 😓,2024-12-23 15:52:24,negatif
anom53,TikTok,gus miftah harus minta maaf sih ini,2024-12-23 15:17:39,negatif
raharjamaulana,TikTok,ceramah apaan malah ngehina,2024-12-23 15:49:03,negatif
anomsitompul,TikTok,"ceramahnya tetep dapet kok, relax aja guys",2024-12-23 15:26:50,positif
caturangga87,TikTok,biasa aja sih,2024-12-23 15:07:31,netral
cakrabuana04,TikTok,jujurly lucu banget sih ini 😭,2024-12-23 15:05:40,positif
alambanarahmawati,TikTok,"ceramahnya tetep dapet kok, relax aja guys",2024-12-23 15:46:07,positif
owibisono,TikTok,gus miftah harus minta maaf sih ini,2024-12-23 15:39:22,negatif
wthamrin,TikTok,jujurly lucu banget sih ini 😭,2024-12-23 15:45:01,positif
awacana,TikTok,hmm no comment deh,2024-12-23 15:53:08,netral
permadimakuta,TikTok,hmm no comment deh,2024-12-23 15:58:33,netral
rajasakalim,TikTok,gw setuju sih ama omongannya gus,2024-12-23 15:13:06,positif
hendriuyainah,TikTok,"ga lucu, malah nyakitin hati yg jualan",2024-12-23 15:39:38,negatif
nadinewulandari,TikTok,tergantung yg nonton juga sih,2024-12-23 15:38:03,netral
bakdamaheswara,TikTok,"ceramahnya tetep dapet kok, relax aja guys",2024-12-23 15:16:50,positif
gandinashiruddin,TikTok,gw setuju sih ama omongannya gus,2024-12-23 15:57:50,positif
danang25,TikTok,ga sopan bgt ngomong gitu,2024-12-23 15:25:39,negatif
hutasoitsalwa,TikTok,"bener juga sih, kadang netizen terlalu baper",2024-12-23 15:25:07,positif
gamblang23,TikTok,jujurly lucu banget sih ini 😭,2024-12-23 15:40:12,positif
usitumorang,TikTok,"bener juga sih, kadang netizen terlalu baper",2024-12-23 15:27:47,positif
radika11,TikTok,tergantung yg nonton juga sih,2024-12-23 15:43:33,netral
radit18,TikTok,bisa2 jualan es teh jd insecure 😓,2024-12-23 15:32:24,negatif
slamet27,TikTok,biasa aja sih,2024-12-23 15:18:11,netral
tpangestu,TikTok,gw setuju sih ama omongannya gus,2024-12-23 15:37:12,positif
raharjamanullang,TikTok,bisa2 jualan es teh jd insecure 😓,2024-12-23 15:47:18,negatif
waluyosaadat,TikTok,ni gus emg ada aja kelakuannya 😂,2024-12-23 15:06:25,positif
hutagalungdadap,TikTok,"ga lucu, malah nyakitin hati yg jualan",2024-12-23 15:13:35,negatif
xkuswandari,TikTok,gw setuju sih ama omongannya gus,2024-12-23 15:39:01,positif
ysitumorang,TikTok,bisa2 jualan es teh jd insecure 😓,2024-12-23 15:16:12,negatif
puspitaluis,TikTok,"bener juga sih, kadang netizen terlalu baper",2024-12-23 15:30:46,positif
langgeng84,TikTok,"ceramahnya tetep dapet kok, relax aja guys",2024-12-23 15:27:32,positif
caket78,TikTok,biar agak keras tapi niatnya baik kok,2024-12-23 15:13:32,positif
kwacana,TikTok,bisa2 jualan es teh jd insecure 😓,2024-12-23 15:13:09,negatif
intanhariyah,TikTok,"ga lucu, malah nyakitin hati yg jualan",2024-12-23 15:16:15,negatif
knajmudin,TikTok,waduh ini sih udah kelewat batas,2024-12-23 15:00:20,negatif
zsihombing,TikTok,ga sopan bgt ngomong gitu,2024-12-23 15:06:50,negatif
kmayasari,TikTok,gw setuju sih ama omongannya gus,2024-12-23 15:13:23,positif
mardhiyahgamblang,TikTok,"ceramahnya tetep dapet kok, relax aja guys",2024-12-23 15:53:27,positif
xwinarsih,TikTok,ga tau mau bilang apa,2024-12-23 15:02:03,netral
adepangestu,TikTok,bisa2 jualan es teh jd insecure 😓,2024-12-23 15:11:28,negatif
dmanullang,TikTok,tergantung yg nonton juga sih,2024-12-23 15:21:18,netral
pthamrin,TikTok,"ga lucu, malah nyakitin hati yg jualan",2024-12-23 15:10:25,negatif
waluyo19,TikTok,jujurly lucu banget sih ini 😭,2024-12-23 15:16:21,positif
utamiwarsa,TikTok,ga tau mau bilang apa,2024-12-23 15:03:59,netral
januarsari,TikTok,ni gus emg ada aja kelakuannya 😂,2024-12-23 15:33:17,positif
kariman96,TikTok,"ga lucu, malah nyakitin hati yg jualan",2024-12-23 15:07:30,negatif
farah73,TikTok,gus miftah harus minta maaf sih ini,2024-12-23 15:34:52,negatif
wasishandayani,TikTok,bisa2 jualan es teh jd insecure 😓,2024-12-23 15:31:52,negatif
suwarnoolivia,TikTok,ni gus emg ada aja kelakuannya 😂,2024-12-23 15:52:40,positif
suryonolili,TikTok,biar agak keras tapi niatnya baik kok,2024-12-23 15:58:41,positif
zulfamardhiyah,TikTok,ga tau mau bilang apa,2024-12-23 15:28:02,netral
lazuardinugraha,TikTok,ga sopan bgt ngomong gitu,2024-12-23 15:39:43,negatif
onurdiyanti,TikTok,ga tau mau bilang apa,2024-12-23 15:30:21,netral
zamirahartati,TikTok,tergantung yg nonton juga sih,2024-12-23 15:04:09,netral
galurgunawan,TikTok,"bener juga sih, kadang netizen terlalu baper",2024-12-23 15:47:53,positif
galang15,TikTok,"ga lucu, malah nyakitin hati yg jualan",2024-12-23 15:43:48,negatif
kramadan,TikTok,tergantung yg nonton juga sih,2024-12-23 15:56:49,netral
patricia31,TikTok,gue liat ini ya udah lah ya,2024-12-23 15:32:14,netral
balidin69,TikTok,ga tau mau bilang apa,2024-12-23 15:23:09,netral
lthamrin,TikTok,waduh ini sih udah kelewat batas,2024-12-23 15:46:16,negatif
reza37,TikTok,hmm no comment deh,2024-12-23 15:53:26,netral
budi47,TikTok,tergantung yg nonton juga sih,2024-12-23 15:49:46,netral
rafi24,TikTok,jujurly lucu banget sih ini 😭,2024-12-23 15:38:38,positif
lasmonomandasari,TikTok,gue liat ini ya udah lah ya,2024-12-23 15:40:07,netral
rlatupono,TikTok,"bener juga sih, kadang netizen terlalu baper",2024-12-23 15:40:34,positif
kayun30,TikTok,ga tau mau bilang apa,2024-12-23 15:08:50,netral
nilam03,TikTok,gw setuju sih ama omongannya gus,2024-12-23 15:46:09,positif
raihan11,TikTok,biasa aja sih,2024-12-23 15:07:56,netral
riyantigamani,TikTok,"bener juga sih, kadang netizen terlalu baper",2024-12-23 15:59:08,positif
samiahnasyiah,TikTok,"ceramahnya tetep dapet kok, relax aja guys",2024-12-23 15:33:05,positif
melanikemba,TikTok,hmm no comment deh,2024-12-23 15:05:18,netral
natsirlasmono,TikTok,bisa2 jualan es teh jd insecure 😓,2024-12-23 15:30:16,negatif
gasti77,TikTok,gus miftah harus minta maaf sih ini,2024-12-23 15:25:08,negatif
bsimanjuntak,TikTok,tergantung yg nonton juga sih,2024-12-23 15:02:49,netral
zulkarnainputri,TikTok,bisa2 jualan es teh jd insecure 😓,2024-12-23 15:55:00,negatif
dprakasa,TikTok,ni gus emg ada aja kelakuannya 😂,2024-12-23 15:25:09,positif
budi60,TikTok,ceramah apaan malah ngehina,2024-12-23 15:27:38,negatif
nurdiyantidadap,TikTok,waduh ini sih udah kelewat batas,2024-12-23 15:45:26,negatif
prasetyo05,TikTok,gue liat ini ya udah lah ya,2024-12-23 15:25:25,netral
fpurwanti,TikTok,ga sopan bgt ngomong gitu,2024-12-23 15:25:36,negatif
kkuswandari,TikTok,"bener juga sih, kadang netizen terlalu baper",2024-12-23 15:36:02,positif
wulandariilyas,TikTok,biasa aja sih,2024-12-23 15:08:47,netral
kanda78,TikTok,ni gus emg ada aja kelakuannya 😂,2024-12-23 15:13:27,positif
sihombingbagya,TikTok,gw setuju sih ama omongannya gus,2024-12-23 15:19:40,positif
setiawanmaria,TikTok,"ga lucu, malah nyakitin hati yg jualan",2024-12-23 15:03:12,negatif
palastrisatya,TikTok,"ga lucu, malah nyakitin hati yg jualan",2024-12-23 15:31:34,negatif
mwaluyo,TikTok,ga tau mau bilang apa,2024-12-23 15:39:51,netral
wastutikoko,TikTok,gus miftah harus minta maaf sih ini,2024-12-23 15:51:02,negatif
sadina86,TikTok,biar agak keras tapi niatnya baik kok,2024-12-23 15:07:37,positif
yhartati,TikTok,biasa aja sih,2024-12-23 15:12:14,netral
harjaya35,TikTok,hmm no comment deh,2024-12-23 15:46:07,netral
itarihoran,TikTok,gw setuju sih ama omongannya gus,2024-12-23 15:56:36,positif
lintangjanuar,TikTok,masih netral aja sih gw liatnya,2024-12-23 15:00:48,netral
opalastri,TikTok,gw setuju sih ama omongannya gus,2024-12-23 15:18:20,positif
drajatpratiwi,TikTok,ceramah apaan malah ngehina,2024-12-23 15:09:13,negatif
munisudiati,TikTok,biar agak keras tapi niatnya baik kok,2024-12-23 15:37:57,positif
zelda58,TikTok,ceramah apaan malah ngehina,2024-12-23 15:41:30,negatif
febihandayani,TikTok,biar agak keras tapi niatnya baik kok,2024-12-23 15:52:07,positif
galangmandasari,TikTok,"ga lucu, malah nyakitin hati yg jualan",2024-12-23 15:20:26,negatif
jatmikokusumo,TikTok,"ga lucu, malah nyakitin hati yg jualan",2024-12-23 15:32:45,negatif
radikalazuardi,TikTok,biasa aja sih,2024-12-23 15:10:10,netral
sihombingcatur,TikTok,biar agak keras tapi niatnya baik kok,2024-12-23 15:38:13,positif
putri69,TikTok,gue liat ini ya udah lah ya,2024-12-23 15:36:08,netral
martani82,TikTok,hmm no comment deh,2024-12-23 15:07:59,netral
wijayanasim,TikTok,biar agak keras tapi niatnya baik kok,2024-12-23 15:38:58,positif
mkuswandari,TikTok,"ga lucu, malah nyakitin hati yg jualan",2024-12-23 15:50:50,negatif
zulaikajaka,TikTok,ga tau mau bilang apa,2024-12-23 15:55:45,netral
hkuswandari,TikTok,biar agak keras tapi niatnya baik kok,2024-12-23 15:01:57,positif
kurniawanjane,TikTok,biar agak keras tapi niatnya baik kok,2024-12-23 15:26:15,positif
mardhiyahdono,TikTok,ceramah apaan malah ngehina,2024-12-23 15:49:07,negatif
luwarsuryono,TikTok,jujurly lucu banget sih ini 😭,2024-12-23 15:34:58,positif
maryatiifa,TikTok,ni gus emg ada aja kelakuannya 😂,2024-12-23 15:17:36,positif
wardayamarpaung,TikTok,biar agak keras tapi niatnya baik kok,2024-12-23 15:17:57,positif
dlaksita,TikTok,waduh ini sih udah kelewat batas,2024-12-23 15:09:24,negatif
cakrajiya06,TikTok,masih netral aja sih gw liatnya,2024-12-23 15:56:31,netral
irsadpratiwi,TikTok,tergantung yg nonton juga sih,2024-12-23 15:03:50,netral
onasyidah,TikTok,"ceramahnya tetep dapet kok, relax aja guys",2024-12-23 15:43:31,positif
muhammadharyanti,TikTok,waduh ini sih udah kelewat batas,2024-12-23 15:36:41,negatif
candrautama,TikTok,gw setuju sih ama omongannya gus,2024-12-23 15:27:32,positif
radenmegantara,TikTok,hmm no comment deh,2024-12-23 15:55:02,netral
osihombing,TikTok,ga tau mau bilang apa,2024-12-23 15:48:26,netral
veromahendra,TikTok,gw setuju sih ama omongannya gus,2024-12-23 15:26:47,positif
gawati36,TikTok,ni gus emg ada aja kelakuannya 😂,2024-12-23 15:33:11,positif
firgantorolegawa,TikTok,biar agak keras tapi niatnya baik kok,2024-12-23 15:26:39,positif
puspasaridewi,TikTok,gw setuju sih ama omongannya gus,2024-12-23 15:40:38,positif
santosoanom,TikTok,jujurly lucu banget sih ini 😭,2024-12-23 15:03:38,positif
cagakpratama,TikTok,biar agak keras tapi niatnya baik kok,2024-12-23 15:50:30,positif
gentaanggraini,TikTok,"ceramahnya tetep dapet kok, relax aja guys",2024-12-23 15:50:09,positif
samosirputu,TikTok,gw setuju sih ama omongannya gus,2024-12-23 15:12:55,positif
wasitayusuf,TikTok,"ceramahnya tetep dapet kok, relax aja guys",2024-12-23 15:20:22,positif
laswimaryati,TikTok,jujurly lucu banget sih ini 😭,2024-12-23 15:46:55,positif
nputra,TikTok,gus miftah harus minta maaf sih ini,2024-12-23 15:08:06,negatif
sitorusnaradi,TikTok,biar agak keras tapi niatnya baik kok,2024-12-23 15:00:30,positif
wadiiswahyudi,TikTok,tergantung yg nonton juga sih,2024-12-23 15:15:36,netral
raditya81,TikTok,ga tau mau bilang apa,2024-12-23 15:46:43,netral
rudi98,TikTok,"ceramahnya tetep dapet kok, relax aja guys",2024-12-23 15:58:07,positif
garamarpaung,TikTok,"ceramahnya tetep dapet kok, relax aja guys",2024-12-23 15:12:55,positif
dthamrin,TikTok,masih netral aja sih gw liatnya,2024-12-23 15:25:51,netral
banawasaputra,TikTok,"ga lucu, malah nyakitin hati yg jualan",2024-12-23 15:18:25,negatif
yuliantigatot,TikTok,gus miftah harus minta maaf sih ini,2024-12-23 15:13:13,negatif
budiyantoteddy,TikTok,gw setuju sih ama omongannya gus,2024-12-23 15:39:46,positif
gsaputra,TikTok,ceramah apaan malah ngehina,2024-12-23 15:27:57,negatif
iutama,TikTok,ga tau mau bilang apa,2024-12-23 15:59:40,netral
kuncarahariyah,TikTok,biasa aja sih,2024-12-23 15:40:56,netral
jail68,TikTok,"ceramahnya tetep dapet kok, relax aja guys",2024-12-23 15:31:56,positif
pradiptagaduh,TikTok,bisa2 jualan es teh jd insecure 😓,2024-12-23 15:14:57,negatif
radit01,TikTok,hmm no comment deh,2024-12-23 15:02:50,netral
ahariyah,TikTok,jujurly lucu banget sih ini 😭,2024-12-23 15:31:18,positif
xsimanjuntak,TikTok,masih netral aja sih gw liatnya,2024-12-23 15:22:39,netral
prabowozelaya,TikTok,gus miftah harus minta maaf sih ini,2024-12-23 15:25:37,negatif
pharyanto,TikTok,jujurly lucu banget sih ini 😭,2024-12-23 15:49:07,positif
purwa38,TikTok,ni gus emg ada aja kelakuannya 😂,2024-12-23 15:25:54,positif
laswi58,TikTok,biasa aja sih,2024-12-23 15:44:31,netral
atamba,TikTok,ga sopan bgt ngomong gitu,2024-12-23 15:34:38,negatif
ragustina,TikTok,jujurly lucu banget sih ini 😭,2024-12-23 15:24:32,positif
khalim,TikTok,gus miftah harus minta maaf sih ini,2024-12-23 15:03:04,negatif
uhutagalung,TikTok,ceramah apaan malah ngehina,2024-12-23 15:41:13,negatif
nashiruddinenteng,TikTok,gw setuju sih ama omongannya gus,2024-12-23 15:43:57,positif
maheswarajarwi,TikTok,biasa aja sih,2024-12-23 15:30:01,netral
rwijayanti,TikTok,hmm no comment deh,2024-12-23 15:59:19,netral
paiman24,TikTok,"ga lucu, malah nyakitin hati yg jualan",2024-12-23 15:35:14,negatif
gjanuar,TikTok,masih netral aja sih gw liatnya,2024-12-23 15:17:02,netral
btampubolon,TikTok,ceramah apaan malah ngehina,2024-12-23 15:59:15,negatif
edi71,TikTok,ga sopan bgt ngomong gitu,2024-12-23 15:53:40,negatif
bagusnajmudin,TikTok,"bener juga sih, kadang netizen terlalu baper",2024-12-23 15:28:12,positif
vsaptono,TikTok,jujurly lucu banget sih ini 😭,2024-12-23 15:46:02,positif
kasiyah56,TikTok,"ceramahnya tetep dapet kok, relax aja guys",2024-12-23 15:55:54,positif
oktavianinugraha,TikTok,gw setuju sih ama omongannya gus,2024-12-23 15:31:41,positif
ramadangalur,TikTok,ceramah apaan malah ngehina,2024-12-23 15:37:13,negatif
firgantorodarimin,TikTok,bisa2 jualan es teh jd insecure 😓,2024-12-23 15:24:56,negatif
carubwacana,TikTok,"ceramahnya tetep dapet kok, relax aja guys",2024-12-23 15:44:59,positif
ida68,TikTok,bisa2 jualan es teh jd insecure 😓,2024-12-23 15:43:06,negatif
dkusumo,TikTok,biar agak keras tapi niatnya baik kok,2024-12-23 15:45:53,positif
lkuswandari,TikTok,biasa aja sih,2024-12-23 15:31:18,netral
alambanawaskita,TikTok,"ga lucu, malah nyakitin hati yg jualan",2024-12-23 15:44:43,negatif
yardianto,TikTok,biar agak keras tapi niatnya baik kok,2024-12-23 15:46:24,positif
johanwastuti,TikTok,masih netral aja sih gw liatnya,2024-12-23 15:58:02,netral
haryantiganep,TikTok,ni gus emg ada aja kelakuannya 😂,2024-12-23 15:17:45,positif
idariyanti,TikTok,tergantung yg nonton juga sih,2024-12-23 15:09:57,netral
taufik96,TikTok,"bener juga sih, kadang netizen terlalu baper",2024-12-23 15:57:19,positif
nnovitasari,TikTok,gus miftah harus minta maaf sih ini,2024-12-23 15:46:04,negatif
manullanganggabaya,TikTok,ga sopan bgt ngomong gitu,2024-12-23 15:37:51,negatif
hastamaryadi,TikTok,ni gus emg ada aja kelakuannya 😂,2024-12-23 15:12:47,positif
ydabukke,TikTok,masih netral aja sih gw liatnya,2024-12-23 15:32:20,netral
qharyanti,TikTok,ni gus emg ada aja kelakuannya 😂,2024-12-23 15:48:30,positif
jono06,TikTok,tergantung yg nonton juga sih,2024-12-23 15:55:06,netral
jamalhardiansyah,TikTok,"bener juga sih, kadang netizen terlalu baper",2024-12-23 15:09:31,positif
devimayasari,TikTok,masih netral aja sih gw liatnya,2024-12-23 15:26:33,netral
vmaryadi,TikTok,"ga lucu, malah nyakitin hati yg jualan",2024-12-23 15:58:03,negatif
cengkalnurdiyanti,TikTok,gue liat ini ya udah lah ya,2024-12-23 15:53:02,netral
dnababan,TikTok,ni gus emg ada aja kelakuannya 😂,2024-12-23 15:34:12,positif
usamahganda,TikTok,"ga lucu, malah nyakitin hati yg jualan",2024-12-23 15:49:16,negatif
ooktaviani,TikTok,ni gus emg ada aja kelakuannya 😂,2024-12-23 15:43:23,positif
anomaryani,TikTok,tergantung yg nonton juga sih,2024-12-23 15:21:43,netral
winda20,TikTok,"ga lucu, malah nyakitin hati yg jualan",2024-12-23 15:31:50,negatif
puspitamalika,TikTok,"bener juga sih, kadang netizen terlalu baper",2024-12-23 15:12:48,positif
waskitacalista,TikTok,ga tau mau bilang apa,2024-12-23 15:09:52,netral
patriciausada,TikTok,ga sopan bgt ngomong gitu,2024-12-23 15:08:24,negatif
maryaticahyanto,TikTok,ceramah apaan malah ngehina,2024-12-23 15:56:02,negatif
titi41,TikTok,gw setuju sih ama omongannya gus,2024-12-23 15:22:02,positif
bagas89,TikTok,tergantung yg nonton juga sih,2024-12-23 15:42:47,netral
nasabmanullang,TikTok,"bener juga sih, kadang netizen terlalu baper",2024-12-23 15:19:11,positif
bnasyidah,TikTok,waduh ini sih udah kelewat batas,2024-12-23 15:20:19,negatif
bahuwarna40,TikTok,biasa aja sih,2024-12-23 15:15:23,netral
hutasoituli,TikTok,bisa2 jualan es teh jd insecure 😓,2024-12-23 15:29:10,negatif
kenes94,TikTok,bisa2 jualan es teh jd insecure 😓,2024-12-23 15:42:57,negatif
adriansyahestiono,TikTok,gw setuju sih ama omongannya gus,2024-12-23 15:20:13,positif
resturamadan,TikTok,ceramah apaan malah ngehina,2024-12-23 15:51:57,negatif
cagak27,TikTok,bisa2 jualan es teh jd insecure 😓,2024-12-23 15:01:21,negatif
xfarida,TikTok,ga sopan bgt ngomong gitu,2024-12-23 15:09:55,negatif
rizki07,TikTok,bisa2 jualan es teh jd insecure 😓,2024-12-23 15:52:16,negatif
handayanikenes,TikTok,"bener juga sih, kadang netizen terlalu baper",2024-12-23 15:31:46,positif
iriana53,TikTok,gus miftah harus minta maaf sih ini,2024-12-23 15:13:03,negatif
wastutimutia,TikTok,ga sopan bgt ngomong gitu,2024-12-23 15:19:24,negatif
muhammad20,TikTok,biasa aja sih,2024-12-23 15:55:49,netral
pujisamosir,TikTok,hmm no comment deh,2024-12-23 15:12:57,netral
wahyudinirnanto,TikTok,gue liat ini ya udah lah ya,2024-12-23 15:02:01,netral
dongoransaka,TikTok,biar agak keras tapi niatnya baik kok,2024-12-23 15:17:08,positif
baktiadi63,TikTok,ceramah apaan malah ngehina,2024-12-23 15:50:51,negatif
vinsen20,TikTok,biasa aja sih,2024-12-23 15:58:52,netral
hwacana,TikTok,masih netral aja sih gw liatnya,2024-12-23 15:06:14,netral
chelsea72,TikTok,ga sopan bgt ngomong gitu,2024-12-23 15:05:54,negatif
hendriusamah,TikTok,ni gus emg ada aja kelakuannya 😂,2024-12-23 15:41:56,positif
satya02,TikTok,"ga lucu, malah nyakitin hati yg jualan",2024-12-23 15:37:53,negatif
ihakim,TikTok,hmm no comment deh,2024-12-23 15:46:20,netral
auyainah,TikTok,ceramah apaan malah ngehina,2024-12-23 15:02:32,negatif
lanjarwibowo,TikTok,"bener juga sih, kadang netizen terlalu baper",2024-12-23 15:09:47,positif
anasusanti,TikTok,hmm no comment deh,2024-12-23 15:13:48,netral
natsirkala,TikTok,jujurly lucu banget sih ini 😭,2024-12-23 15:21:23,positif
prabowo84,TikTok,biar agak keras tapi niatnya baik kok,2024-12-23 15:21:10,positif
hasna59,TikTok,hmm no comment deh,2024-12-23 15:21:54,netral
astutimanah,TikTok,tergantung yg nonton juga sih,2024-12-23 15:57:27,netral
luhunghalim,TikTok,waduh ini sih udah kelewat batas,2024-12-23 15:54:35,negatif
nataliamayasari,TikTok,ga sopan bgt ngomong gitu,2024-12-23 15:44:15,negatif
pranawa09,TikTok,"bener juga sih, kadang netizen terlalu baper",2024-12-23 15:14:09,positif
najamtampubolon,TikTok,"bener juga sih, kadang netizen terlalu baper",2024-12-23 15:45:05,positif
kusumoajimat,TikTok,waduh ini sih udah kelewat batas,2024-12-23 15:22:32,negatif
fpuspasari,TikTok,masih netral aja sih gw liatnya,2024-12-23 15:31:20,netral
harjo42,TikTok,masih netral aja sih gw liatnya,2024-12-23 15:41:53,netral
farhunnisa79,TikTok,biasa aja sih,2024-12-23 15:59:45,netral
cemetiwastuti,TikTok,jujurly lucu banget sih ini 😭,2024-12-23 15:59:58,positif
nurul24,TikTok,ni gus emg ada aja kelakuannya 😂,2024-12-23 15:01:30,positif
napitupuluwakiman,TikTok,jujurly lucu banget sih ini 😭,2024-12-23 15:54:41,positif
labuh08,TikTok,"ceramahnya tetep dapet kok, relax aja guys",2024-12-23 15:04:20,positif
hhabibi,TikTok,gue liat ini ya udah lah ya,2024-12-23 15:31:01,netral
opradana,TikTok,gw setuju sih ama omongannya gus,2024-12-23 15:18:56,positif
iswahyudimila,TikTok,"ga lucu, malah nyakitin hati yg jualan",2024-12-23 15:39:36,negatif
hasanahdian,TikTok,hmm no comment deh,2024-12-23 15:39:33,netral
janet93,TikTok,gus miftah harus minta maaf sih ini,2024-12-23 15:32:34,negatif
purnawativera,TikTok,jujurly lucu banget sih ini 😭,2024-12-23 15:23:49,positif
gunawannajib,TikTok,bisa2 jualan es teh jd insecure 😓,2024-12-23 15:38:40,negatif
wahyunizulaikha,TikTok,gus miftah harus minta maaf sih ini,2024-12-23 15:21:29,negatif
halimbancar,TikTok,ga tau mau bilang apa,2024-12-23 15:41:52,netral
kembamaryati,TikTok,"bener juga sih, kadang netizen terlalu baper",2024-12-23 15:18:33,positif
paramita26,TikTok,hmm no comment deh,2024-12-23 15:07:52,netral
purnawatiunggul,TikTok,hmm no comment deh,2024-12-23 15:29:39,netral
bagus50,TikTok,gue liat ini ya udah lah ya,2024-12-23 15:09:22,netral
vprasasta,TikTok,ga tau mau bilang apa,2024-12-23 15:52:49,netral
gmulyani,TikTok,ga tau mau bilang apa,2024-12-23 15:23:25,netral
hardiansyahviman,TikTok,"ceramahnya tetep dapet kok, relax aja guys",2024-12-23 15:03:39,positif
sinagarizki,TikTok,jujurly lucu banget sih ini 😭,2024-12-23 15:04:05,positif
hafshahpratama,TikTok,gw setuju sih ama omongannya gus,2024-12-23 15:40:58,positif
khartati,TikTok,gw setuju sih ama omongannya gus,2024-12-23 15:35:40,positif
patricia94,TikTok,waduh ini sih udah kelewat batas,2024-12-23 15:11:30,negatif
pangestulimar,TikTok,gue liat ini ya udah lah ya,2024-12-23 15:32:46,netral
tarihoranaslijan,TikTok,bisa2 jualan es teh jd insecure 😓,2024-12-23 15:45:26,negatif
permadigaran,TikTok,masih netral aja sih gw liatnya,2024-12-23 15:27:47,netral
virmannarpati,TikTok,hmm no comment deh,2024-12-23 15:00:10,netral
kania84,TikTok,waduh ini sih udah kelewat batas,2024-12-23 15:59:05,negatif
hafshahhariyah,TikTok,gus miftah harus minta maaf sih ini,2024-12-23 15:20:41,negatif
najwawinarno,TikTok,biasa aja sih,2024-12-23 15:47:46,netral
virmanharyanti,TikTok,"ceramahnya tetep dapet kok, relax aja guys",2024-12-23 15:32:37,positif
ibranibudiyanto,TikTok,waduh ini sih udah kelewat batas,2024-12-23 15:37:52,negatif
zulaikaperkasa,TikTok,bisa2 jualan es teh jd insecure 😓,2024-12-23 15:22:15,negatif
irawanrusman,TikTok,"ceramahnya tetep dapet kok, relax aja guys",2024-12-23 15:14:49,positif
setyajanuar,TikTok,bisa2 jualan es teh jd insecure 😓,2024-12-23 15:14:59,negatif
ulya78,TikTok,ni gus emg ada aja kelakuannya 😂,2024-12-23 15:51:27,positif
widiastuticlara,TikTok,ga sopan bgt ngomong gitu,2024-12-23 15:31:20,negatif
ckuswoyo,TikTok,gw setuju sih ama omongannya gus,2024-12-23 15:50:41,positif
budiyantodarmana,TikTok,tergantung yg nonton juga sih,2024-12-23 15:54:16,netral
calista41,TikTok,gus miftah harus minta maaf sih ini,2024-12-23 15:42:48,negatif
salahudingatra,TikTok,biasa aja sih,2024-12-23 15:24:29,netral
halim63,TikTok,ni gus emg ada aja kelakuannya 😂,2024-12-23 15:49:49,positif
harto75,TikTok,"bener juga sih, kadang netizen terlalu baper",2024-12-23 15:07:43,positif
ardiantoprabawa,TikTok,hmm no comment deh,2024-12-23 15:08:25,netral
nainggolantaufan,TikTok,"bener juga sih, kadang netizen terlalu baper",2024-12-23 15:10:44,positif
ramadancalista,TikTok,"ga lucu, malah nyakitin hati yg jualan",2024-12-23 15:10:47,negatif
utamagadang,TikTok,masih netral aja sih gw liatnya,2024-12-23 15:08:04,netral
hildapuspasari,TikTok,"bener juga sih, kadang netizen terlalu baper",2024-12-23 15:08:17,positif
legausamah,TikTok,gue liat ini ya udah lah ya,2024-12-23 15:01:00,netral
fmaulana,TikTok,tergantung yg nonton juga sih,2024-12-23 15:42:38,netral
limar31,TikTok,hmm no comment deh,2024-12-23 15:10:41,netral
labuhwaluyo,TikTok,biar agak keras tapi niatnya baik kok,2024-12-23 15:09:21,positif
diana80,TikTok,ga tau mau bilang apa,2024-12-23 15:58:28,netral
asirwandawibowo,TikTok,ga sopan bgt ngomong gitu,2024-12-23 15:35:54,negatif
widyapratama,TikTok,"ceramahnya tetep dapet kok, relax aja guys",2024-12-23 15:23:51,positif
omansirait,TikTok,masih netral aja sih gw liatnya,2024-12-23 15:20:30,netral
msaefullah,TikTok,ni gus emg ada aja kelakuannya 😂,2024-12-23 15:31:21,positif
anggriawannalar,TikTok,ceramah apaan malah ngehina,2024-12-23 15:04:48,negatif
dono70,TikTok,ga sopan bgt ngomong gitu,2024-12-23 15:18:22,negatif
yolandakurnia,TikTok,hmm no comment deh,2024-12-23 15:31:09,netral
ismail52,TikTok,"bener juga sih, kadang netizen terlalu baper",2024-12-23 15:08:40,positif
rini41,TikTok,waduh ini sih udah kelewat batas,2024-12-23 15:52:49,negatif
gkurniawan,TikTok,"bener juga sih, kadang netizen terlalu baper",2024-12-23 15:01:53,positif
kasimsantoso,TikTok,gus miftah harus minta maaf sih ini,2024-12-23 15:01:24,negatif
gambira92,TikTok,gus miftah harus minta maaf sih ini,2024-12-23 15:41:37,negatif
panduwahyudin,TikTok,masih netral aja sih gw liatnya,2024-12-23 15:32:42,netral
gthamrin,TikTok,"bener juga sih, kadang netizen terlalu baper",2024-12-23 15:23:26,positif
ibun45,TikTok,"ga lucu, malah nyakitin hati yg jualan",2024-12-23 15:48:26,negatif
martakaramadan,TikTok,waduh ini sih udah kelewat batas,2024-12-23 15:01:56,negatif
shardiansyah,TikTok,jujurly lucu banget sih ini 😭,2024-12-23 15:29:58,positif
melanipuspa,TikTok,biasa aja sih,2024-12-23 15:52:35,netral
indahsuryono,TikTok,bisa2 jualan es teh jd insecure 😓,2024-12-23 15:10:22,negatif
emplukfirmansyah,TikTok,gw setuju sih ama omongannya gus,2024-12-23 15:10:49,positif
ihabibi,TikTok,gw setuju sih ama omongannya gus,2024-12-23 15:57:18,positif
gharyanto,TikTok,bisa2 jualan es teh jd insecure 😓,2024-12-23 15:25:23,negatif
leo69,TikTok,waduh ini sih udah kelewat batas,2024-12-23 15:25:33,negatif
sinagagilang,TikTok,gus miftah harus minta maaf sih ini,2024-12-23 15:29:30,negatif
kartika78,TikTok,jujurly lucu banget sih ini 😭,2024-12-23 15:56:12,positif
abyasa36,TikTok,biar agak keras tapi niatnya baik kok,2024-12-23 15:42:27,positif
limansinaga,TikTok,"bener juga sih, kadang netizen terlalu baper",2024-12-23 15:22:32,positif
zulkarnaindina,TikTok,jujurly lucu banget sih ini 😭,2024-12-23 15:11:29,positif
danumaulana,TikTok,"bener juga sih, kadang netizen terlalu baper",2024-12-23 15:21:59,positif
gastuti,TikTok,gue liat ini ya udah lah ya,2024-12-23 15:19:02,netral
maryaticitra,TikTok,ga sopan bgt ngomong gitu,2024-12-23 15:53:20,negatif
eminyuliarti,TikTok,gus miftah harus minta maaf sih ini,2024-12-23 15:50:30,negatif
yuniardaliman,TikTok,tergantung yg nonton juga sih,2024-12-23 15:58:32,netral
siregaroni,TikTok,gus miftah harus minta maaf sih ini,2024-12-23 15:41:58,negatif
wardayamaryati,TikTok,waduh ini sih udah kelewat batas,2024-12-23 15:07:07,negatif
ophelia50,TikTok,tergantung yg nonton juga sih,2024-12-23 15:03:37,netral
jsihotang,TikTok,"ga lucu, malah nyakitin hati yg jualan",2024-12-23 15:01:05,negatif
jailanimahmud,TikTok,biasa aja sih,2024-12-23 15:13:19,netral
fkusmawati,TikTok,"ga lucu, malah nyakitin hati yg jualan",2024-12-23 15:53:29,negatif
halimahwawan,TikTok,bisa2 jualan es teh jd insecure 😓,2024-12-23 15:46:51,negatif
damarsetiawan,TikTok,waduh ini sih udah kelewat batas,2024-12-23 15:04:39,negatif
nnatsir,TikTok,hmm no comment deh,2024-12-23 15:12:37,netral
prasastakusuma,TikTok,gue liat ini ya udah lah ya,2024-12-23 15:25:40,netral
hartatikalim,TikTok,ga sopan bgt ngomong gitu,2024-12-23 15:55:42,negatif
tari33,TikTok,"bener juga sih, kadang netizen terlalu baper",2024-12-23 15:49:23,positif
wpuspita,TikTok,ceramah apaan malah ngehina,2024-12-23 15:18:22,negatif
opan86,TikTok,ceramah apaan malah ngehina,2024-12-23 15:15:56,negatif
saragihsiti,TikTok,waduh ini sih udah kelewat batas,2024-12-23 15:12:56,negatif
rajataharjo,TikTok,ga tau mau bilang apa,2024-12-23 15:06:18,netral
cagak03,TikTok,hmm no comment deh,2024-12-23 15:09:50,netral
prasetyakartika,TikTok,ni gus emg ada aja kelakuannya 😂,2024-12-23 15:19:23,positif
victoriahandayani,TikTok,ceramah apaan malah ngehina,2024-12-23 15:29:46,negatif
laksitakarman,TikTok,bisa2 jualan es teh jd insecure 😓,2024-12-23 15:08:53,negatif
nugrohoiriana,TikTok,ga sopan bgt ngomong gitu,2024-12-23 15:57:34,negatif
sadinasirait,TikTok,ni gus emg ada aja kelakuannya 😂,2024-12-23 15:10:18,positif
perkasaiswahyudi,TikTok,bisa2 jualan es teh jd insecure 😓,2024-12-23 15:32:49,negatif
csetiawan,TikTok,"ga lucu, malah nyakitin hati yg jualan",2024-12-23 15:03:34,negatif
johanmegantara,TikTok,masih netral aja sih gw liatnya,2024-12-23 15:32:37,netral
cinthia54,TikTok,hmm no comment deh,2024-12-23 15:51:12,netral
hardanatamba,TikTok,ga sopan bgt ngomong gitu,2024-12-23 15:58:20,negatif
anggrainikunthara,TikTok,"ga lucu, malah nyakitin hati yg jualan",2024-12-23 15:17:14,negatif
gunawankemba,TikTok,"bener juga sih, kadang netizen terlalu baper",2024-12-23 15:21:26,positif
tira81,TikTok,tergantung yg nonton juga sih,2024-12-23 15:57:41,netral
panca29,TikTok,waduh ini sih udah kelewat batas,2024-12-23 15:45:52,negatif
csuartini,TikTok,masih netral aja sih gw liatnya,2024-12-23 15:33:37,netral
raihanwulandari,TikTok,bisa2 jualan es teh jd insecure 😓,2024-12-23 15:20:19,negatif
eluh31,TikTok,gus miftah harus minta maaf sih ini,2024-12-23 15:32:31,negatif
utamagatot,TikTok,bisa2 jualan es teh jd insecure 😓,2024-12-23 15:28:22,negatif
banarawacana,TikTok,"ceramahnya tetep dapet kok, relax aja guys",2024-12-23 15:19:08,positif
sjanuar,TikTok,ni gus emg ada aja kelakuannya 😂,2024-12-23 15:24:36,positif
haryantioskar,TikTok,waduh ini sih udah kelewat batas,2024-12-23 15:42:02,negatif
xwibowo,TikTok,jujurly lucu banget sih ini 😭,2024-12-23 15:41:02,positif
eminwidiastuti,TikTok,biar agak keras tapi niatnya baik kok,2024-12-23 15:35:47,positif
gantargunawan,TikTok,hmm no comment deh,2024-12-23 15:08:25,netral
hwaluyo,TikTok,waduh ini sih udah kelewat batas,2024-12-23 15:25:34,negatif
hmayasari,TikTok,biasa aja sih,2024-12-23 15:01:17,netral
luluh82,TikTok,ga sopan bgt ngomong gitu,2024-12-23 15:54:58,negatif
nilamsusanti,TikTok,biasa aja sih,2024-12-23 15:05:07,netral
zprasasta,TikTok,ceramah apaan malah ngehina,2024-12-23 15:37:35,negatif
hariyahcemani,TikTok,gue liat ini ya udah lah ya,2024-12-23 15:09:45,netral
zulkarnainmaryadi,TikTok,"bener juga sih, kadang netizen terlalu baper",2024-12-23 15:06:37,positif
ganda95,TikTok,"bener juga sih, kadang netizen terlalu baper",2024-12-23 15:37:20,positif
dabukkefathonah,TikTok,gw setuju sih ama omongannya gus,2024-12-23 15:22:14,positif
siti39,TikTok,biasa aja sih,2024-12-23 15:56:51,netral
mansurmaimunah,TikTok,jujurly lucu banget sih ini 😭,2024-12-23 15:49:14,positif
mitra44,TikTok,ceramah apaan malah ngehina,2024-12-23 15:54:56,negatif
mandalakayla,TikTok,hmm no comment deh,2024-12-23 15:04:52,netral
intandabukke,TikTok,gus miftah harus minta maaf sih ini,2024-12-23 15:08:35,negatif
rini05,TikTok,gw setuju sih ama omongannya gus,2024-12-23 15:56:54,positif
kwaskita,TikTok,jujurly lucu banget sih ini 😭,2024-12-23 15:16:15,positif
xpadmasari,TikTok,"bener juga sih, kadang netizen terlalu baper",2024-12-23 15:38:45,positif
ajiman30,TikTok,gue liat ini ya udah lah ya,2024-12-23 15:16:06,netral
umulyani,TikTok,"ceramahnya tetep dapet kok, relax aja guys",2024-12-23 15:12:07,positif
yusufjanuar,TikTok,waduh ini sih udah kelewat batas,2024-12-23 15:46:33,negatif
omar80,TikTok,"ceramahnya tetep dapet kok, relax aja guys",2024-12-23 15:06:44,positif
bagassimanjuntak,TikTok,"ga lucu, malah nyakitin hati yg jualan",2024-12-23 15:27:21,negatif
ajimansaragih,TikTok,jujurly lucu banget sih ini 😭,2024-12-23 15:35:27,positif
astutigarda,TikTok,masih netral aja sih gw liatnya,2024-12-23 15:23:27,netral
maryadirafi,TikTok,biasa aja sih,2024-12-23 15:30:51,netral
cahyanto51,TikTok,gue liat ini ya udah lah ya,2024-12-23 15:12:23,netral
siregarartawan,TikTok,waduh ini sih udah kelewat batas,2024-12-23 15:34:56,negatif
gading62,TikTok,ni gus emg ada aja kelakuannya 😂,2024-12-23 15:20:51,positif
galih63,TikTok,tergantung yg nonton juga sih,2024-12-23 15:35:17,netral
julia38,TikTok,biar agak keras tapi niatnya baik kok,2024-12-23 15:40:54,positif
limarnuraini,TikTok,gw setuju sih ama omongannya gus,2024-12-23 15:41:12,positif
galakpranowo,TikTok,ni gus emg ada aja kelakuannya 😂,2024-12-23 15:37:44,positif
carlahartati,TikTok,ni gus emg ada aja kelakuannya 😂,2024-12-23 15:12:56,positif
siraitmaryanto,TikTok,gue liat ini ya udah lah ya,2024-12-23 15:56:57,netral
wzulaika,TikTok,gw setuju sih ama omongannya gus,2024-12-23 15:04:34,positif
yandriani,TikTok,"ceramahnya tetep dapet kok, relax aja guys",2024-12-23 15:56:49,positif
rachelmardhiyah,TikTok,bisa2 jualan es teh jd insecure 😓,2024-12-23 15:23:20,negatif
hardanahariyah,TikTok,"bener juga sih, kadang netizen terlalu baper",2024-12-23 15:11:37,positif
namagasaiful,TikTok,hmm no comment deh,2024-12-23 15:14:17,netral
ipratiwi,TikTok,hmm no comment deh,2024-12-23 15:51:45,netral
empluksaptono,TikTok,biar agak keras tapi niatnya baik kok,2024-12-23 15:38:14,positif
wibowocawuk,TikTok,jujurly lucu banget sih ini 😭,2024-12-23 15:23:45,positif
fitriaputra,TikTok,hmm no comment deh,2024-12-23 15:48:35,netral
kania20,TikTok,gus miftah harus minta maaf sih ini,2024-12-23 15:57:30,negatif
iuwais,TikTok,"ceramahnya tetep dapet kok, relax aja guys",2024-12-23 15:13:06,positif
vinsen24,TikTok,hmm no comment deh,2024-12-23 15:13:22,netral
banawasusanti,TikTok,bisa2 jualan es teh jd insecure 😓,2024-12-23 15:47:20,negatif
gpermadi,TikTok,bisa2 jualan es teh jd insecure 😓,2024-12-23 15:27:26,negatif
mardhiyahedward,TikTok,tergantung yg nonton juga sih,2024-12-23 15:01:32,netral
rhakim,TikTok,ni gus emg ada aja kelakuannya 😂,2024-12-23 15:59:28,positif
paimankurniawan,TikTok,ga tau mau bilang apa,2024-12-23 15:01:19,netral
olga81,TikTok,gw setuju sih ama omongannya gus,2024-12-23 15:58:21,positif
eluhsudiati,TikTok,"bener juga sih, kadang netizen terlalu baper",2024-12-23 15:36:18,positif
martakawibowo,TikTok,"ceramahnya tetep dapet kok, relax aja guys",2024-12-23 15:35:36,positif
jamalia47,TikTok,ceramah apaan malah ngehina,2024-12-23 15:44:55,negatif
utamiraditya,TikTok,ga sopan bgt ngomong gitu,2024-12-23 15:25:07,negatif
mahendraajimat,TikTok,waduh ini sih udah kelewat batas,2024-12-23 15:16:27,negatif
janetkusmawati,TikTok,jujurly lucu banget sih ini 😭,2024-12-23 15:36:43,positif
purwadimustofa,TikTok,"bener juga sih, kadang netizen terlalu baper",2024-12-23 15:18:04,positif
natalia56,TikTok,masih netral aja sih gw liatnya,2024-12-23 15:46:48,netral
winarsihmichelle,TikTok,gus miftah harus minta maaf sih ini,2024-12-23 15:41:57,negatif
wirdanovitasari,TikTok,jujurly lucu banget sih ini 😭,2024-12-23 15:06:39,positif
hsiregar,TikTok,tergantung yg nonton juga sih,2024-12-23 15:01:37,netral
esitompul,TikTok,"ga lucu, malah nyakitin hati yg jualan",2024-12-23 15:08:36,negatif
laraswidodo,TikTok,ga tau mau bilang apa,2024-12-23 15:06:51,netral
wisnu71,TikTok,gus miftah harus minta maaf sih ini,2024-12-23 15:44:35,negatif
balidinagustina,TikTok,bisa2 jualan es teh jd insecure 😓,2024-12-23 15:09:56,negatif
rahimahbagiya,TikTok,gus miftah harus minta maaf sih ini,2024-12-23 15:45:24,negatif
pradanapadmi,TikTok,"ga lucu, malah nyakitin hati yg jualan",2024-12-23 15:57:59,negatif
setya58,TikTok,biasa aja sih,2024-12-23 15:18:22,netral
nasyiahzelaya,TikTok,ga tau mau bilang apa,2024-12-23 15:35:46,netral
bagiyapalastri,TikTok,biasa aja sih,2024-12-23 15:19:07,netral
haryantoeli,TikTok,biasa aja sih,2024-12-23 15:48:08,netral
rafid22,TikTok,ni gus emg ada aja kelakuannya 😂,2024-12-23 15:14:32,positif
virmanpangestu,TikTok,bisa2 jualan es teh jd insecure 😓,2024-12-23 15:46:58,negatif
prabawanamaga,TikTok,gus miftah harus minta maaf sih ini,2024-12-23 15:11:39,negatif
bakiadihastuti,TikTok,tergantung yg nonton juga sih,2024-12-23 15:13:58,netral
dongoranalmira,TikTok,ga sopan bgt ngomong gitu,2024-12-23 15:55:07,negatif
saktisiregar,TikTok,hmm no comment deh,2024-12-23 15:25:09,netral
onilestari,TikTok,ga sopan bgt ngomong gitu,2024-12-23 15:25:30,negatif
rudinasyiah,TikTok,gus miftah harus minta maaf sih ini,2024-12-23 15:36:53,negatif
dwi81,TikTok,biar agak keras tapi niatnya baik kok,2024-12-23 15:34:34,positif
kamila54,TikTok,ga sopan bgt ngomong gitu,2024-12-23 15:56:41,negatif
ulaksita,TikTok,biasa aja sih,2024-12-23 15:59:14,netral
manullangzulaikha,TikTok,bisa2 jualan es teh jd insecure 😓,2024-12-23 15:58:54,negatif
plailasari,TikTok,ga sopan bgt ngomong gitu,2024-12-23 15:51:58,negatif
dirjatarihoran,TikTok,ga tau mau bilang apa,2024-12-23 15:27:05,netral
safitripurwadi,TikTok,masih netral aja sih gw liatnya,2024-12-23 15:25:41,netral
febiprabowo,TikTok,tergantung yg nonton juga sih,2024-12-23 15:38:53,netral
hesti89,TikTok,masih netral aja sih gw liatnya,2024-12-23 15:27:18,netral
entengkuswandari,TikTok,"ga lucu, malah nyakitin hati yg jualan",2024-12-23 15:37:47,negatif
gardamegantara,TikTok,ga sopan bgt ngomong gitu,2024-12-23 15:20:27,negatif
utamijail,TikTok,jujurly lucu banget sih ini 😭,2024-12-23 15:39:20,positif
budi24,TikTok,ga sopan bgt ngomong gitu,2024-12-23 15:45:54,negatif
januarpranawa,TikTok,bisa2 jualan es teh jd insecure 😓,2024-12-23 15:01:11,negatif
zulkarnaingatra,TikTok,ga tau mau bilang apa,2024-12-23 15:20:40,netral
sihombingcakrawala,TikTok,ga tau mau bilang apa,2024-12-23 15:02:08,netral
jagaragautama,TikTok,masih netral aja sih gw liatnya,2024-12-23 15:18:31,netral
dirjafujiati,TikTok,ni gus emg ada aja kelakuannya 😂,2024-12-23 15:16:11,positif
dimasjailani,TikTok,masih netral aja sih gw liatnya,2024-12-23 15:25:04,netral
lukmannarpati,TikTok,"bener juga sih, kadang netizen terlalu baper",2024-12-23 15:59:33,positif
zulkarnainlaila,TikTok,ga tau mau bilang apa,2024-12-23 15:40:23,netral
sanggraini,TikTok,gus miftah harus minta maaf sih ini,2024-12-23 15:56:23,negatif
namagatedi,TikTok,gue liat ini ya udah lah ya,2024-12-23 15:40:31,netral
yuliartiluis,TikTok,ceramah apaan malah ngehina,2024-12-23 15:47:23,negatif
harsantolaksita,TikTok,ga sopan bgt ngomong gitu,2024-12-23 15:00:40,negatif
napitupuludiah,TikTok,ceramah apaan malah ngehina,2024-12-23 15:47:23,negatif
qorisuryono,TikTok,bisa2 jualan es teh jd insecure 😓,2024-12-23 15:41:35,negatif
mursitawijaya,TikTok,tergantung yg nonton juga sih,2024-12-23 15:26:03,netral
tarihoranenteng,TikTok,hmm no comment deh,2024-12-23 15:52:56,netral
balamantrikusumo,TikTok,"ceramahnya tetep dapet kok, relax aja guys",2024-12-23 15:30:49,positif
taswir79,TikTok,masih netral aja sih gw liatnya,2024-12-23 15:54:02,netral
irmahartati,TikTok,biasa aja sih,2024-12-23 15:10:39,netral
jnugroho,TikTok,"ga lucu, malah nyakitin hati yg jualan",2024-12-23 15:56:15,negatif
xwahyudin,TikTok,biasa aja sih,2024-12-23 15:10:59,netral
mansurbahuwarna,TikTok,gue liat ini ya udah lah ya,2024-12-23 15:19:55,netral
unggul97,TikTok,biasa aja sih,2024-12-23 15:39:41,netral
nasrullah27,TikTok,ceramah apaan malah ngehina,2024-12-23 15:10:36,negatif
gada98,TikTok,waduh ini sih udah kelewat batas,2024-12-23 15:09:53,negatif
gaimanlestari,TikTok,ga sopan bgt ngomong gitu,2024-12-23 15:01:01,negatif
hestiprakasa,TikTok,tergantung yg nonton juga sih,2024-12-23 15:32:32,netral
luis88,TikTok,ceramah apaan malah ngehina,2024-12-23 15:32:03,negatif
bakiman87,TikTok,tergantung yg nonton juga sih,2024-12-23 15:54:14,netral
emas87,TikTok,gue liat ini ya udah lah ya,2024-12-23 15:32:12,netral
epradipta,TikTok,bisa2 jualan es teh jd insecure 😓,2024-12-23 15:33:35,negatif
usinaga,TikTok,ga sopan bgt ngomong gitu,2024-12-23 15:29:02,negatif
uwaisvino,TikTok,ga tau mau bilang apa,2024-12-23 15:22:25,netral
usadaakarsana,TikTok,jujurly lucu banget sih ini 😭,2024-12-23 15:07:21,positif
cahyonoirawan,TikTok,"ceramahnya tetep dapet kok, relax aja guys",2024-12-23 15:41:14,positif
waluyocapa,TikTok,waduh ini sih udah kelewat batas,2024-12-23 15:35:19,negatif
ulestari,TikTok,"ga lucu, malah nyakitin hati yg jualan",2024-12-23 15:09:25,negatif
jefrinamaga,TikTok,biasa aja sih,2024-12-23 15:31:33,netral
jhasanah,TikTok,"bener juga sih, kadang netizen terlalu baper",2024-12-23 15:23:39,positif
ofirgantoro,TikTok,bisa2 jualan es teh jd insecure 😓,2024-12-23 15:04:42,negatif
keisharajata,TikTok,"bener juga sih, kadang netizen terlalu baper",2024-12-23 15:27:07,positif
yharyanto,TikTok,ceramah apaan malah ngehina,2024-12-23 15:12:25,negatif
mandalabakijan,TikTok,ni gus emg ada aja kelakuannya 😂,2024-12-23 15:21:32,positif
purnawatibagas,TikTok,bisa2 jualan es teh jd insecure 😓,2024-12-23 15:01:45,negatif
faridasalsabila,TikTok,"ga lucu, malah nyakitin hati yg jualan",2024-12-23 15:25:15,negatif
keisha79,TikTok,biasa aja sih,2024-12-23 15:06:58,netral
jailaniwasis,TikTok,tergantung yg nonton juga sih,2024-12-23 15:34:28,netral
asmianto64,TikTok,"ga lucu, malah nyakitin hati yg jualan",2024-12-23 15:54:47,negatif
prasetya61,TikTok,tergantung yg nonton juga sih,2024-12-23 15:43:38,netral
lusada,TikTok,"bener juga sih, kadang netizen terlalu baper",2024-12-23 15:56:38,positif
mpuspasari,TikTok,ni gus emg ada aja kelakuannya 😂,2024-12-23 15:26:12,positif
budimanvanya,TikTok,biasa aja sih,2024-12-23 15:40:22,netral
alaksita,TikTok,"ga lucu, malah nyakitin hati yg jualan",2024-12-23 15:10:07,negatif
criyanti,TikTok,ni gus emg ada aja kelakuannya 😂,2024-12-23 15:40:56,positif
cwibowo,TikTok,ni gus emg ada aja kelakuannya 😂,2024-12-23 15:13:34,positif
xhabibi,TikTok,jujurly lucu banget sih ini 😭,2024-12-23 15:56:51,positif
praba44,TikTok,gue liat ini ya udah lah ya,2024-12-23 15:49:35,netral
ceceppalastri,TikTok,bisa2 jualan es teh jd insecure 😓,2024-12-23 15:47:54,negatif
riyanticawisadi,TikTok,biar agak keras tapi niatnya baik kok,2024-12-23 15:41:36,positif
saputraciaobella,TikTok,ni gus emg ada aja kelakuannya 😂,2024-12-23 15:13:36,positif
wijayantihendri,TikTok,jujurly lucu banget sih ini 😭,2024-12-23 15:51:38,positif
ganepprakasa,TikTok,"ceramahnya tetep dapet kok, relax aja guys",2024-12-23 15:07:43,positif
ihalimah,TikTok,ceramah apaan malah ngehina,2024-12-23 15:20:25,negatif
ifarajasa,TikTok,biar agak keras tapi niatnya baik kok,2024-12-23 15:20:46,positif
tania97,TikTok,masih netral aja sih gw liatnya,2024-12-23 15:18:17,netral
haryantinalar,TikTok,masih netral aja sih gw liatnya,2024-12-23 15:07:13,netral
lukitapuspita,TikTok,"ga lucu, malah nyakitin hati yg jualan",2024-12-23 15:05:35,negatif
kajen29,TikTok,"bener juga sih, kadang netizen terlalu baper",2024-12-23 15:45:30,positif
kanda30,TikTok,gus miftah harus minta maaf sih ini,2024-12-23 15:28:07,negatif
wirdawaskita,TikTok,gus miftah harus minta maaf sih ini,2024-12-23 15:04:40,negatif
najib15,TikTok,masih netral aja sih gw liatnya,2024-12-23 15:36:25,netral
eharyanto,TikTok,ga sopan bgt ngomong gitu,2024-12-23 15:23:37,negatif
agnes69,TikTok,hmm no comment deh,2024-12-23 15:24:09,netral
hardiansyahcarla,TikTok,gue liat ini ya udah lah ya,2024-12-23 15:22:10,netral
fmaryati,TikTok,jujurly lucu banget sih ini 😭,2024-12-23 15:15:00,positif
bellafarida,TikTok,hmm no comment deh,2024-12-23 15:50:10,netral
herupradipta,TikTok,"ceramahnya tetep dapet kok, relax aja guys",2024-12-23 15:20:34,positif
ilyasrahimah,TikTok,jujurly lucu banget sih ini 😭,2024-12-23 15:53:59,positif
tarihoranimam,TikTok,"bener juga sih, kadang netizen terlalu baper",2024-12-23 15:08:38,positif
doktaviani,TikTok,ceramah apaan malah ngehina,2024-12-23 15:16:02,negatif
lhakim,TikTok,hmm no comment deh,2024-12-23 15:21:05,netral
sarah69,TikTok,gw setuju sih ama omongannya gus,2024-12-23 15:44:17,positif
vicky34,TikTok,"ga lucu, malah nyakitin hati yg jualan",2024-12-23 15:09:26,negatif
lukitasiregar,TikTok,hmm no comment deh,2024-12-23 15:29:33,netral
keisha78,TikTok,tergantung yg nonton juga sih,2024-12-23 15:08:55,netral
yusufsiregar,TikTok,biar agak keras tapi niatnya baik kok,2024-12-23 15:22:53,positif
rosman08,TikTok,biasa aja sih,2024-12-23 15:20:37,netral
adriansyahmartani,TikTok,hmm no comment deh,2024-12-23 15:54:17,netral
ardiantodarmanto,TikTok,ceramah apaan malah ngehina,2024-12-23 15:45:56,negatif
mahendradacin,TikTok,tergantung yg nonton juga sih,2024-12-23 15:15:42,netral
namagagamblang,TikTok,waduh ini sih udah kelewat batas,2024-12-23 15:19:34,negatif
kayla80,TikTok,biasa aja sih,2024-12-23 15:20:01,netral
puspapangestu,TikTok,jujurly lucu banget sih ini 😭,2024-12-23 15:21:46,positif
sakuranasyidah,TikTok,gw setuju sih ama omongannya gus,2024-12-23 15:39:53,positif
darmanto43,TikTok,waduh ini sih udah kelewat batas,2024-12-23 15:13:49,negatif
zulfa66,TikTok,gw setuju sih ama omongannya gus,2024-12-23 15:52:01,positif
sinagapaiman,TikTok,hmm no comment deh,2024-12-23 15:27:46,netral
ratnathamrin,TikTok,hmm no comment deh,2024-12-23 15:50:41,netral
dgunarto,TikTok,ga sopan bgt ngomong gitu,2024-12-23 15:17:27,negatif
salimah31,TikTok,bisa2 jualan es teh jd insecure 😓,2024-12-23 15:18:27,negatif
omar22,TikTok,biasa aja sih,2024-12-23 15:10:20,netral
daru64,TikTok,gue liat ini ya udah lah ya,2024-12-23 15:40:09,netral
viktorpuspita,TikTok,gue liat ini ya udah lah ya,2024-12-23 15:21:29,netral
wardi25,TikTok,gue liat ini ya udah lah ya,2024-12-23 15:42:21,netral
cakrawala13,TikTok,masih netral aja sih gw liatnya,2024-12-23 15:57:10,netral
yessi44,TikTok,bisa2 jualan es teh jd insecure 😓,2024-12-23 15:06:53,negatif
ratna78,TikTok,hmm no comment deh,2024-12-23 15:23:36,netral
karya87,TikTok,ga sopan bgt ngomong gitu,2024-12-23 15:47:07,negatif
rahayuhamima,TikTok,bisa2 jualan es teh jd insecure 😓,2024-12-23 15:00:56,negatif
devi56,TikTok,masih netral aja sih gw liatnya,2024-12-23 15:49:08,netral
ifirgantoro,TikTok,"ceramahnya tetep dapet kok, relax aja guys",2024-12-23 15:17:02,positif
irwannatsir,TikTok,ga tau mau bilang apa,2024-12-23 15:44:06,netral
bala97,TikTok,gue liat ini ya udah lah ya,2024-12-23 15:39:18,netral
simanjuntakgandi,TikTok,biar agak keras tapi niatnya baik kok,2024-12-23 15:19:26,positif
iardianto,TikTok,"ceramahnya tetep dapet kok, relax aja guys",2024-12-23 15:07:16,positif
hesti14,TikTok,gw setuju sih ama omongannya gus,2024-12-23 15:38:27,positif
permatagina,TikTok,gue liat ini ya udah lah ya,2024-12-23 15:27:33,netral
raden80,TikTok,gw setuju sih ama omongannya gus,2024-12-23 15:10:33,positif
najmudinlidya,TikTok,"bener juga sih, kadang netizen terlalu baper",2024-12-23 15:03:08,positif
tugiman75,TikTok,"ga lucu, malah nyakitin hati yg jualan",2024-12-23 15:44:09,negatif
warsasalahudin,TikTok,gus miftah harus minta maaf sih ini,2024-12-23 15:26:30,negatif
kusmawatiputu,TikTok,waduh ini sih udah kelewat batas,2024-12-23 15:12:12,negatif
situmorangtira,TikTok,ni gus emg ada aja kelakuannya 😂,2024-12-23 15:19:34,positif
victoriatarihoran,TikTok,ga sopan bgt ngomong gitu,2024-12-23 15:50:39,negatif
vino59,TikTok,bisa2 jualan es teh jd insecure 😓,2024-12-23 15:10:58,negatif
tari35,TikTok,tergantung yg nonton juga sih,2024-12-23 15:52:51,netral
lestarisoleh,TikTok,ceramah apaan malah ngehina,2024-12-23 15:53:52,negatif
luthfisiregar,TikTok,ga sopan bgt ngomong gitu,2024-12-23 15:31:02,negatif
zsihotang,TikTok,"bener juga sih, kadang netizen terlalu baper",2024-12-23 15:56:02,positif
ukuswoyo,TikTok,gus miftah harus minta maaf sih ini,2024-12-23 15:36:56,negatif
owijayanti,TikTok,gue liat ini ya udah lah ya,2024-12-23 15:12:12,netral
galuh12,TikTok,"bener juga sih, kadang netizen terlalu baper",2024-12-23 15:54:01,positif
mustikakuswandari,TikTok,gue liat ini ya udah lah ya,2024-12-23 15:00:43,netral
faridalaila,TikTok,ceramah apaan malah ngehina,2024-12-23 15:48:53,negatif
halimahkoko,TikTok,ni gus emg ada aja kelakuannya 😂,2024-12-23 15:20:33,positif
cahyo13,TikTok,masih netral aja sih gw liatnya,2024-12-23 15:14:51,netral
putripradana,TikTok,ga sopan bgt ngomong gitu,2024-12-23 15:16:02,negatif
brahayu,TikTok,gue liat ini ya udah lah ya,2024-12-23 15:54:18,netral
ikusmawati,TikTok,bisa2 jualan es teh jd insecure 😓,2024-12-23 15:22:10,negatif
labuhastuti,TikTok,jujurly lucu banget sih ini 😭,2024-12-23 15:28:14,positif
ajeng50,TikTok,biar agak keras tapi niatnya baik kok,2024-12-23 15:32:24,positif
hyuliarti,TikTok,bisa2 jualan es teh jd insecure 😓,2024-12-23 15:50:29,negatif
harimurtiardianto,TikTok,gw setuju sih ama omongannya gus,2024-12-23 15:11:47,positif
vpratama,TikTok,waduh ini sih udah kelewat batas,2024-12-23 15:45:34,negatif
virman39,TikTok,biar agak keras tapi niatnya baik kok,2024-12-23 15:32:58,positif
lriyanti,TikTok,ga sopan bgt ngomong gitu,2024-12-23 15:53:19,negatif
surya89,TikTok,waduh ini sih udah kelewat batas,2024-12-23 15:18:02,negatif
arajata,TikTok,waduh ini sih udah kelewat batas,2024-12-23 15:10:43,negatif
tomi26,TikTok,"bener juga sih, kadang netizen terlalu baper",2024-12-23 15:51:12,positif
radenhakim,TikTok,gue liat ini ya udah lah ya,2024-12-23 15:13:21,netral
aris27,TikTok,jujurly lucu banget sih ini 😭,2024-12-23 15:23:55,positif
ginawaskita,TikTok,masih netral aja sih gw liatnya,2024-12-23 15:47:31,netral
mutia41,TikTok,gue liat ini ya udah lah ya,2024-12-23 15:39:43,netral
xwibisono,TikTok,bisa2 jualan es teh jd insecure 😓,2024-12-23 15:05:57,negatif
malikamarbun,TikTok,ni gus emg ada aja kelakuannya 😂,2024-12-23 15:50:38,positif
maryadipraba,TikTok,waduh ini sih udah kelewat batas,2024-12-23 15:51:07,negatif
anamaga,TikTok,biasa aja sih,2024-12-23 15:57:51,netral
padmasariajiman,TikTok,hmm no comment deh,2024-12-23 15:13:55,netral
kiandrasaefullah,TikTok,"ga lucu, malah nyakitin hati yg jualan",2024-12-23 15:32:38,negatif
hakimsiska,TikTok,waduh ini sih udah kelewat batas,2024-12-23 15:34:23,negatif
balamantri32,TikTok,"bener juga sih, kadang netizen terlalu baper",2024-12-23 15:35:04,positif
wibisonochelsea,TikTok,waduh ini sih udah kelewat batas,2024-12-23 15:47:29,negatif
gabriellasitorus,TikTok,biasa aja sih,2024-12-23 15:19:06,netral
prasetyaumaya,TikTok,tergantung yg nonton juga sih,2024-12-23 15:46:59,netral
mutia79,TikTok,ga tau mau bilang apa,2024-12-23 15:43:57,netral
cawisonopangestu,TikTok,ceramah apaan malah ngehina,2024-12-23 15:14:17,negatif
maryaticaturangga,TikTok,masih netral aja sih gw liatnya,2024-12-23 15:56:13,netral
jnasyiah,TikTok,biasa aja sih,2024-12-23 15:15:52,netral
alambanabudiyanto,TikTok,"ga lucu, malah nyakitin hati yg jualan",2024-12-23 15:47:33,negatif
bwidodo,TikTok,waduh ini sih udah kelewat batas,2024-12-23 15:28:46,negatif
simanjuntakgalang,TikTok,bisa2 jualan es teh jd insecure 😓,2024-12-23 15:29:11,negatif
galarwahyudin,TikTok,ga tau mau bilang apa,2024-12-23 15:34:34,netral
hfujiati,TikTok,waduh ini sih udah kelewat batas,2024-12-23 15:50:13,negatif
vegaaryani,TikTok,gw setuju sih ama omongannya gus,2024-12-23 15:13:47,positif
prakasamaria,TikTok,masih netral aja sih gw liatnya,2024-12-23 15:08:53,netral
budimandiah,TikTok,"ga lucu, malah nyakitin hati yg jualan",2024-12-23 15:09:42,negatif
langgengwahyuni,TikTok,gue liat ini ya udah lah ya,2024-12-23 15:59:50,netral
bkuswandari,TikTok,tergantung yg nonton juga sih,2024-12-23 15:46:29,netral
galih91,TikTok,"ceramahnya tetep dapet kok, relax aja guys",2024-12-23 15:40:13,positif
harjaya32,TikTok,biar agak keras tapi niatnya baik kok,2024-12-23 15:11:02,positif
mangunsongzaenab,TikTok,ga tau mau bilang apa,2024-12-23 15:22:37,netral
aurora16,TikTok,"bener juga sih, kadang netizen terlalu baper",2024-12-23 15:08:37,positif
mursitasiregar,TikTok,"ceramahnya tetep dapet kok, relax aja guys",2024-12-23 15:23:33,positif
asirwada88,TikTok,tergantung yg nonton juga sih,2024-12-23 15:14:11,netral
fujiatijagapati,TikTok,"bener juga sih, kadang netizen terlalu baper",2024-12-23 15:42:55,positif
banawa21,TikTok,bisa2 jualan es teh jd insecure 😓,2024-12-23 15:52:56,negatif
andrianisalsabila,TikTok,tergantung yg nonton juga sih,2024-12-23 15:40:04,netral
iusamah,TikTok,"ga lucu, malah nyakitin hati yg jualan",2024-12-23 15:42:09,negatif
tasdik09,TikTok,biar agak keras tapi niatnya baik kok,2024-12-23 15:12:35,positif
maheswaradaliman,TikTok,biasa aja sih,2024-12-23 15:57:51,netral
praba12,TikTok,gw setuju sih ama omongannya gus,2024-12-23 15:44:03,positif
prayogadina,TikTok,hmm no comment deh,2024-12-23 15:33:14,netral
lanjar15,TikTok,ga tau mau bilang apa,2024-12-23 15:20:54,netral
utamisabrina,TikTok,ni gus emg ada aja kelakuannya 😂,2024-12-23 15:32:20,positif
galurhartati,TikTok,jujurly lucu banget sih ini 😭,2024-12-23 15:04:41,positif
novihutasoit,TikTok,gue liat ini ya udah lah ya,2024-12-23 15:09:37,netral
cintasitompul,TikTok,"bener juga sih, kadang netizen terlalu baper",2024-12-23 15:35:45,positif
rajasarika,TikTok,gue liat ini ya udah lah ya,2024-12-23 15:16:52,netral
mardhiyahvera,TikTok,ceramah apaan malah ngehina,2024-12-23 15:15:43,negatif
chandraiswahyudi,TikTok,"ceramahnya tetep dapet kok, relax aja guys",2024-12-23 15:18:42,positif
kwahyudin,TikTok,gue liat ini ya udah lah ya,2024-12-23 15:53:59,netral
saefullahgaluh,TikTok,gue liat ini ya udah lah ya,2024-12-23 15:04:55,netral
titimaulana,TikTok,"ga lucu, malah nyakitin hati yg jualan",2024-12-23 15:23:47,negatif
dhalim,TikTok,gw setuju sih ama omongannya gus,2024-12-23 15:35:49,positif
umaya02,TikTok,ceramah apaan malah ngehina,2024-12-23 15:22:36,negatif
karimanprasetyo,TikTok,ni gus emg ada aja kelakuannya 😂,2024-12-23 15:36:37,positif
widodoibrahim,TikTok,gue liat ini ya udah lah ya,2024-12-23 15:39:20,netral
karimanmahendra,TikTok,gus miftah harus minta maaf sih ini,2024-12-23 15:50:11,negatif
saiful97,TikTok,"bener juga sih, kadang netizen terlalu baper",2024-12-23 15:23:36,positif
drahimah,TikTok,ni gus emg ada aja kelakuannya 😂,2024-12-23 15:54:28,positif
maryadimaya,TikTok,gus miftah harus minta maaf sih ini,2024-12-23 15:41:01,negatif
tfujiati,TikTok,gw setuju sih ama omongannya gus,2024-12-23 15:18:04,positif
samiah16,TikTok,"ga lucu, malah nyakitin hati yg jualan",2024-12-23 15:09:10,negatif
parmanhassanah,TikTok,jujurly lucu banget sih ini 😭,2024-12-23 15:41:20,positif
pardi77,TikTok,tergantung yg nonton juga sih,2024-12-23 15:28:22,netral
vdabukke,TikTok,waduh ini sih udah kelewat batas,2024-12-23 15:37:13,negatif
sadriansyah,TikTok,waduh ini sih udah kelewat batas,2024-12-23 15:25:40,negatif
rendy05,TikTok,biasa aja sih,2024-12-23 15:54:34,netral
ymansur,TikTok,ga tau mau bilang apa,2024-12-23 15:06:58,netral
isitorus,TikTok,"ceramahnya tetep dapet kok, relax aja guys",2024-12-23 15:26:23,positif
kamaria81,TikTok,hmm no comment deh,2024-12-23 15:25:55,netral
knovitasari,TikTok,"ga lucu, malah nyakitin hati yg jualan",2024-12-23 15:00:51,negatif
simonpadmasari,TikTok,gue liat ini ya udah lah ya,2024-12-23 15:11:15,netral
rdamanik,TikTok,"ceramahnya tetep dapet kok, relax aja guys",2024-12-23 15:57:07,positif
gadangpradipta,TikTok,gus miftah harus minta maaf sih ini,2024-12-23 15:05:59,negatif
endrapadmasari,TikTok,ga tau mau bilang apa,2024-12-23 15:49:25,netral
lintang24,TikTok,"ga lucu, malah nyakitin hati yg jualan",2024-12-23 15:53:52,negatif
usyinugroho,TikTok,bisa2 jualan es teh jd insecure 😓,2024-12-23 15:03:13,negatif
karmanrahayu,TikTok,ga tau mau bilang apa,2024-12-23 15:57:21,netral
anamarpaung,TikTok,biar agak keras tapi niatnya baik kok,2024-12-23 15:24:21,positif
manullangdewi,TikTok,gus miftah harus minta maaf sih ini,2024-12-23 15:05:28,negatif
luluh25,TikTok,ga tau mau bilang apa,2024-12-23 15:36:34,netral
lasmonopermadi,TikTok,ga tau mau bilang apa,2024-12-23 15:44:39,netral
gandewa24,TikTok,ga tau mau bilang apa,2024-12-23 15:07:43,netral
narji24,TikTok,gue liat ini ya udah lah ya,2024-12-23 15:38:12,netral
fitrialaksita,TikTok,masih netral aja sih gw liatnya,2024-12-23 15:11:29,netral
lailamulyani,TikTok,gus miftah harus minta maaf sih ini,2024-12-23 15:52:51,negatif
ekayulianti,TikTok,ni gus emg ada aja kelakuannya 😂,2024-12-23 15:07:03,positif
perkasa59,TikTok,jujurly lucu banget sih ini 😭,2024-12-23 15:47:23,positif
gaiman86,TikTok,biasa aja sih,2024-12-23 15:00:43,netral
milasitumorang,TikTok,biasa aja sih,2024-12-23 15:32:35,netral
prasetyasalwa,TikTok,"ga lucu, malah nyakitin hati yg jualan",2024-12-23 15:13:00,negatif
wadimayasari,TikTok,jujurly lucu banget sih ini 😭,2024-12-23 15:51:20,positif
galangpradana,TikTok,waduh ini sih udah kelewat batas,2024-12-23 15:36:23,negatif
hariyahrosman,TikTok,bisa2 jualan es teh jd insecure 😓,2024-12-23 15:31:31,negatif
simanjuntakvanesa,TikTok,bisa2 jualan es teh jd insecure 😓,2024-12-23 15:30:06,negatif
dyulianti,TikTok,biar agak keras tapi niatnya baik kok,2024-12-23 15:10:50,positif
suryamelani,TikTok,"bener juga sih, kadang netizen terlalu baper",2024-12-23 15:08:16,positif
darmansiregar,TikTok,biasa aja sih,2024-12-23 15:54:19,netral
sudiatimelinda,TikTok,ni gus emg ada aja kelakuannya 😂,2024-12-23 15:18:36,positif
xwinarno,TikTok,biasa aja sih,2024-12-23 15:07:30,netral
cengkalyulianti,TikTok,"ceramahnya tetep dapet kok, relax aja guys",2024-12-23 15:44:20,positif
skurniawan,TikTok,hmm no comment deh,2024-12-23 15:59:41,netral
jagaraga41,TikTok,biar agak keras tapi niatnya baik kok,2024-12-23 15:38:04,positif
wahyuhassanah,TikTok,biasa aja sih,2024-12-23 15:52:53,netral
adityapratiwi,TikTok,ceramah apaan malah ngehina,2024-12-23 15:06:12,negatif
fsihombing,TikTok,jujurly lucu banget sih ini 😭,2024-12-23 15:17:22,positif
eko53,TikTok,ni gus emg ada aja kelakuannya 😂,2024-12-23 15:46:31,positif
rahmawatighaliyati,TikTok,ga sopan bgt ngomong gitu,2024-12-23 15:14:40,negatif
nardiwahyuni,TikTok,gue liat ini ya udah lah ya,2024-12-23 15:10:45,netral
nashiruddinzulaikha,TikTok,hmm no comment deh,2024-12-23 15:41:55,netral
thutasoit,TikTok,ni gus emg ada aja kelakuannya 😂,2024-12-23 15:37:23,positif
gsimbolon,TikTok,bisa2 jualan es teh jd insecure 😓,2024-12-23 15:45:00,negatif
hastutiwardi,TikTok,"ga lucu, malah nyakitin hati yg jualan",2024-12-23 15:36:09,negatif
mursita83,TikTok,waduh ini sih udah kelewat batas,2024-12-23 15:48:26,negatif
karsanasudiati,TikTok,"bener juga sih, kadang netizen terlalu baper",2024-12-23 15:42:36,positif
xthamrin,TikTok,ni gus emg ada aja kelakuannya 😂,2024-12-23 15:59:01,positif
nasab60,TikTok,gus miftah harus minta maaf sih ini,2024-12-23 15:38:15,negatif
megantarakasiran,TikTok,hmm no comment deh,2024-12-23 15:24:51,netral
nilamwibisono,TikTok,ceramah apaan malah ngehina,2024-12-23 15:31:17,negatif
yuliantijais,TikTok,"ga lucu, malah nyakitin hati yg jualan",2024-12-23 15:29:13,negatif
rinasinaga,TikTok,"ga lucu, malah nyakitin hati yg jualan",2024-12-23 15:48:53,negatif
adenashiruddin,TikTok,"ga lucu, malah nyakitin hati yg jualan",2024-12-23 15:37:41,negatif
umaya34,TikTok,ceramah apaan malah ngehina,2024-12-23 15:12:36,negatif
cinthia99,TikTok,hmm no comment deh,2024-12-23 15:01:07,netral
onababan,TikTok,ga tau mau bilang apa,2024-12-23 15:56:05,netral
lantarfujiati,TikTok,hmm no comment deh,2024-12-23 15:21:41,netral
prasetyomariadi,TikTok,ga tau mau bilang apa,2024-12-23 15:26:21,netral
uyainahperkasa,TikTok,masih netral aja sih gw liatnya,2024-12-23 15:38:06,netral
cakrabuana95,TikTok,jujurly lucu banget sih ini 😭,2024-12-23 15:37:39,positif
gzulaika,TikTok,ni gus emg ada aja kelakuannya 😂,2024-12-23 15:47:10,positif
wnurdiyanti,TikTok,hmm no comment deh,2024-12-23 15:45:43,netral
hardiansyahjasmani,TikTok,"bener juga sih, kadang netizen terlalu baper",2024-12-23 15:18:33,positif
winarsihmursinin,TikTok,ga tau mau bilang apa,2024-12-23 15:36:17,netral
gilang83,TikTok,hmm no comment deh,2024-12-23 15:26:28,netral
iwahyuni,TikTok,tergantung yg nonton juga sih,2024-12-23 15:43:06,netral
martakajanuar,TikTok,"ga lucu, malah nyakitin hati yg jualan",2024-12-23 15:52:44,negatif
hendri46,TikTok,"ceramahnya tetep dapet kok, relax aja guys",2024-12-23 15:35:25,positif
tsalahudin,TikTok,ceramah apaan malah ngehina,2024-12-23 15:49:47,negatif
parmansiregar,TikTok,"ceramahnya tetep dapet kok, relax aja guys",2024-12-23 15:01:27,positif
tkusumo,TikTok,"ga lucu, malah nyakitin hati yg jualan",2024-12-23 15:34:51,negatif
mulyanilidya,TikTok,bisa2 jualan es teh jd insecure 😓,2024-12-23 15:20:45,negatif
osafitri,TikTok,ga tau mau bilang apa,2024-12-23 15:04:22,netral
panca13,TikTok,hmm no comment deh,2024-12-23 15:11:09,netral
balijan09,TikTok,"bener juga sih, kadang netizen terlalu baper",2024-12-23 15:00:14,positif
napitupulucemani,TikTok,gw setuju sih ama omongannya gus,2024-12-23 15:34:16,positif
ramadanalambana,TikTok,ceramah apaan malah ngehina,2024-12-23 15:33:53,negatif
yulianasuryono,TikTok,bisa2 jualan es teh jd insecure 😓,2024-12-23 15:03:22,negatif
edison87,TikTok,ni gus emg ada aja kelakuannya 😂,2024-12-23 15:49:25,positif
habibiwadi,TikTok,gw setuju sih ama omongannya gus,2024-12-23 15:03:17,positif
pradanagilda,TikTok,"bener juga sih, kadang netizen terlalu baper",2024-12-23 15:36:04,positif
damuzulkarnain,TikTok,jujurly lucu banget sih ini 😭,2024-12-23 15:18:37,positif
jhutagalung,TikTok,"bener juga sih, kadang netizen terlalu baper",2024-12-23 15:52:50,positif
carla75,TikTok,biasa aja sih,2024-12-23 15:23:20,netral
mardhiyahajimin,TikTok,"ga lucu, malah nyakitin hati yg jualan",2024-12-23 15:05:20,negatif
elmalatupono,TikTok,jujurly lucu banget sih ini 😭,2024-12-23 15:00:34,positif
kusmawatiwage,TikTok,tergantung yg nonton juga sih,2024-12-23 15:02:09,netral
garaprasetya,TikTok,"ceramahnya tetep dapet kok, relax aja guys",2024-12-23 15:07:08,positif
candriani,TikTok,"ga lucu, malah nyakitin hati yg jualan",2024-12-23 15:45:38,negatif
zulaikanalar,TikTok,biar agak keras tapi niatnya baik kok,2024-12-23 15:40:40,positif
adriansyahyani,TikTok,biasa aja sih,2024-12-23 15:48:22,netral
intan07,TikTok,biar agak keras tapi niatnya baik kok,2024-12-23 15:25:43,positif
dipayuniar,TikTok,biar agak keras tapi niatnya baik kok,2024-12-23 15:49:55,positif
sihombinggandewa,TikTok,"bener juga sih, kadang netizen terlalu baper",2024-12-23 15:59:51,positif
ejathamrin,TikTok,biar agak keras tapi niatnya baik kok,2024-12-23 15:04:37,positif
novi03,TikTok,ni gus emg ada aja kelakuannya 😂,2024-12-23 15:53:16,positif
dandriani,TikTok,gw setuju sih ama omongannya gus,2024-12-23 15:04:37,positif
salahudinadiarja,TikTok,ga sopan bgt ngomong gitu,2024-12-23 15:18:23,negatif
reza26,TikTok,tergantung yg nonton juga sih,2024-12-23 15:19:09,netral
abyasa13,TikTok,jujurly lucu banget sih ini 😭,2024-12-23 15:12:56,positif
harsaya35,TikTok,jujurly lucu banget sih ini 😭,2024-12-23 15:29:24,positif
kgunarto,TikTok,"ga lucu, malah nyakitin hati yg jualan",2024-12-23 15:11:49,negatif
faizahgunarto,TikTok,gue liat ini ya udah lah ya,2024-12-23 15:44:45,netral
qmarbun,TikTok,ga sopan bgt ngomong gitu,2024-12-23 15:19:41,negatif
situmorangnrima,TikTok,jujurly lucu banget sih ini 😭,2024-12-23 15:33:04,positif
rrahimah,TikTok,ga sopan bgt ngomong gitu,2024-12-23 15:08:38,negatif
bwahyudin,TikTok,ga sopan bgt ngomong gitu,2024-12-23 15:21:53,negatif
cmustofa,TikTok,ni gus emg ada aja kelakuannya 😂,2024-12-23 15:54:17,positif
najibwidodo,TikTok,gus miftah harus minta maaf sih ini,2024-12-23 15:13:02,negatif
damumustofa,TikTok,bisa2 jualan es teh jd insecure 😓,2024-12-23 15:49:15,negatif
wastutiindra,TikTok,masih netral aja sih gw liatnya,2024-12-23 15:53:42,netral
kurniawanmutia,TikTok,biar agak keras tapi niatnya baik kok,2024-12-23 15:55:48,positif
hari02,TikTok,"ga lucu, malah nyakitin hati yg jualan",2024-12-23 15:28:36,negatif
mustofaluthfi,TikTok,gus miftah harus minta maaf sih ini,2024-12-23 15:42:01,negatif
sinagaibun,TikTok,ga tau mau bilang apa,2024-12-23 15:26:12,netral
candraardianto,TikTok,ga sopan bgt ngomong gitu,2024-12-23 15:24:42,negatif
mangunsongharjasa,TikTok,gw setuju sih ama omongannya gus,2024-12-23 15:44:44,positif
mandalaida,TikTok,ni gus emg ada aja kelakuannya 😂,2024-12-23 15:23:59,positif
nalaragustina,TikTok,ni gus emg ada aja kelakuannya 😂,2024-12-23 15:47:22,positif
aisyah96,TikTok,masih netral aja sih gw liatnya,2024-12-23 15:17:22,netral
emarpaung,TikTok,ni gus emg ada aja kelakuannya 😂,2024-12-23 15:11:39,positif
tasnim60,TikTok,ga sopan bgt ngomong gitu,2024-12-23 15:51:15,negatif
yuniarhilda,TikTok,ga sopan bgt ngomong gitu,2024-12-23 15:17:36,negatif
bmanullang,TikTok,waduh ini sih udah kelewat batas,2024-12-23 15:03:42,negatif
nasyiahdaru,TikTok,masih netral aja sih gw liatnya,2024-12-23 15:33:00,netral
uwijaya,TikTok,"bener juga sih, kadang netizen terlalu baper",2024-12-23 15:03:18,positif
lidyaprastuti,TikTok,"ceramahnya tetep dapet kok, relax aja guys",2024-12-23 15:16:48,positif
ridwan59,TikTok,waduh ini sih udah kelewat batas,2024-12-23 15:45:03,negatif
waluyogaiman,TikTok,"bener juga sih, kadang netizen terlalu baper",2024-12-23 15:37:36,positif
maryatiwarsa,TikTok,gus miftah harus minta maaf sih ini,2024-12-23 15:43:29,negatif
zulaikha16,TikTok,gus miftah harus minta maaf sih ini,2024-12-23 15:46:25,negatif
harjasa83,TikTok,ni gus emg ada aja kelakuannya 😂,2024-12-23 15:10:35,positif
zulaikha55,TikTok,"bener juga sih, kadang netizen terlalu baper",2024-12-23 15:28:23,positif
vprasetyo,TikTok,gue liat ini ya udah lah ya,2024-12-23 15:30:26,netral
zprasetya,TikTok,biar agak keras tapi niatnya baik kok,2024-12-23 15:39:56,positif
ttarihoran,TikTok,waduh ini sih udah kelewat batas,2024-12-23 15:14:30,negatif
qnatsir,TikTok,gw setuju sih ama omongannya gus,2024-12-23 15:28:31,positif
prakasaatmaja,TikTok,waduh ini sih udah kelewat batas,2024-12-23 15:31:27,negatif
jumaripurwanti,TikTok,waduh ini sih udah kelewat batas,2024-12-23 15:02:57,negatif
pranawanovitasari,TikTok,"ga lucu, malah nyakitin hati yg jualan",2024-12-23 15:05:37,negatif
kurnialaksita,TikTok,ga sopan bgt ngomong gitu,2024-12-23 15:12:30,negatif
prasetyasuryatmi,TikTok,waduh ini sih udah kelewat batas,2024-12-23 15:03:36,negatif
ginaharyanti,TikTok,ga tau mau bilang apa,2024-12-23 15:34:56,netral
yuliantisaadat,TikTok,gw setuju sih ama omongannya gus,2024-12-23 15:50:37,positif
artawanmarbun,TikTok,gw setuju sih ama omongannya gus,2024-12-23 15:28:33,positif
uchita36,TikTok,biar agak keras tapi niatnya baik kok,2024-12-23 15:52:13,positif
akarsana81,TikTok,jujurly lucu banget sih ini 😭,2024-12-23 15:44:53,positif
gandajanuar,TikTok,ga tau mau bilang apa,2024-12-23 15:49:09,netral
eli27,TikTok,ga sopan bgt ngomong gitu,2024-12-23 15:31:38,negatif
maryatiputi,TikTok,gus miftah harus minta maaf sih ini,2024-12-23 15:19:54,negatif
kasiranmangunsong,TikTok,"bener juga sih, kadang netizen terlalu baper",2024-12-23 15:41:40,positif
mustofa15,TikTok,"ceramahnya tetep dapet kok, relax aja guys",2024-12-23 15:34:44,positif
saputracengkal,TikTok,biasa aja sih,2024-12-23 15:01:57,netral
cengkir06,TikTok,ga tau mau bilang apa,2024-12-23 15:41:22,netral
chelsealestari,TikTok,ni gus emg ada aja kelakuannya 😂,2024-12-23 15:51:04,positif
prabawa49,TikTok,gus miftah harus minta maaf sih ini,2024-12-23 15:17:13,negatif
prayogakusuma,TikTok,waduh ini sih udah kelewat batas,2024-12-23 15:04:39,negatif
mahesa83,TikTok,biar agak keras tapi niatnya baik kok,2024-12-23 15:21:20,positif
qori38,TikTok,waduh ini sih udah kelewat batas,2024-12-23 15:20:03,negatif
ywibisono,TikTok,ceramah apaan malah ngehina,2024-12-23 15:37:09,negatif
banawawibisono,TikTok,"ceramahnya tetep dapet kok, relax aja guys",2024-12-23 15:00:11,positif
prayogogunawan,TikTok,"ceramahnya tetep dapet kok, relax aja guys",2024-12-23 15:42:26,positif
galur72,TikTok,gue liat ini ya udah lah ya,2024-12-23 15:28:33,netral
tari51,TikTok,waduh ini sih udah kelewat batas,2024-12-23 15:26:07,negatif
rajatakarma,TikTok,waduh ini sih udah kelewat batas,2024-12-23 15:19:16,negatif
wisnulaksita,TikTok,jujurly lucu banget sih ini 😭,2024-12-23 15:56:24,positif
januarcakrabuana,TikTok,masih netral aja sih gw liatnya,2024-12-23 15:55:02,netral
unjaniprabowo,TikTok,gw setuju sih ama omongannya gus,2024-12-23 15:34:49,positif
ztamba,TikTok,hmm no comment deh,2024-12-23 15:58:22,netral
nprastuti,TikTok,gw setuju sih ama omongannya gus,2024-12-23 15:40:16,positif
sinagadaru,TikTok,ni gus emg ada aja kelakuannya 😂,2024-12-23 15:11:38,positif
gilda68,TikTok,"ga lucu, malah nyakitin hati yg jualan",2024-12-23 15:45:48,negatif
ksihombing,TikTok,"bener juga sih, kadang netizen terlalu baper",2024-12-23 15:10:31,positif
anaprakasa,TikTok,bisa2 jualan es teh jd insecure 😓,2024-12-23 15:04:15,negatif
inovitasari,TikTok,ga sopan bgt ngomong gitu,2024-12-23 15:36:04,negatif
eliuyainah,TikTok,tergantung yg nonton juga sih,2024-12-23 15:08:19,netral
lili72,TikTok,ceramah apaan malah ngehina,2024-12-23 15:31:37,negatif
yahya93,TikTok,ga tau mau bilang apa,2024-12-23 15:46:34,netral
habibimurti,TikTok,ga sopan bgt ngomong gitu,2024-12-23 15:37:51,negatif
ulailasari,TikTok,"bener juga sih, kadang netizen terlalu baper",2024-12-23 15:55:11,positif
rachel81,TikTok,bisa2 jualan es teh jd insecure 😓,2024-12-23 15:00:46,negatif
xsitompul,TikTok,"ga lucu, malah nyakitin hati yg jualan",2024-12-23 15:35:11,negatif
lpurnawati,TikTok,ga sopan bgt ngomong gitu,2024-12-23 15:40:26,negatif
embuh05,TikTok,jujurly lucu banget sih ini 😭,2024-12-23 15:50:10,positif
reza72,TikTok,ga sopan bgt ngomong gitu,2024-12-23 15:54:56,negatif
asmadihartati,TikTok,biar agak keras tapi niatnya baik kok,2024-12-23 15:35:57,positif
restuardianto,TikTok,biar agak keras tapi niatnya baik kok,2024-12-23 15:46:48,positif
iprasetyo,TikTok,"bener juga sih, kadang netizen terlalu baper",2024-12-23 15:54:41,positif
panjisitorus,TikTok,ni gus emg ada aja kelakuannya 😂,2024-12-23 15:34:15,positif
lmaheswara,TikTok,"ga lucu, malah nyakitin hati yg jualan",2024-12-23 15:03:33,negatif
sitompulridwan,TikTok,"bener juga sih, kadang netizen terlalu baper",2024-12-23 15:16:31,positif
kajen57,TikTok,"bener juga sih, kadang netizen terlalu baper",2024-12-23 15:48:34,positif
warta56,TikTok,ceramah apaan malah ngehina,2024-12-23 15:16:08,negatif
anashiruddin,TikTok,gue liat ini ya udah lah ya,2024-12-23 15:03:48,netral
malik36,TikTok,hmm no comment deh,2024-12-23 15:49:42,netral
lalitarahimah,TikTok,gus miftah harus minta maaf sih ini,2024-12-23 15:58:38,negatif
julirahmawati,TikTok,ni gus emg ada aja kelakuannya 😂,2024-12-23 15:51:50,positif
bakiman34,TikTok,ga tau mau bilang apa,2024-12-23 15:27:30,netral
kenziesinaga,TikTok,bisa2 jualan es teh jd insecure 😓,2024-12-23 15:10:26,negatif
luhung08,TikTok,gw setuju sih ama omongannya gus,2024-12-23 15:52:41,positif
ranggadabukke,TikTok,"ga lucu, malah nyakitin hati yg jualan",2024-12-23 15:57:29,negatif
nova17,TikTok,"ceramahnya tetep dapet kok, relax aja guys",2024-12-23 15:53:13,positif
suryatmibalapati,TikTok,bisa2 jualan es teh jd insecure 😓,2024-12-23 15:25:57,negatif
sihotangluluh,TikTok,biasa aja sih,2024-12-23 15:25:05,netral
adamanik,TikTok,"bener juga sih, kadang netizen terlalu baper",2024-12-23 15:02:55,positif
marwatadongoran,TikTok,ceramah apaan malah ngehina,2024-12-23 15:36:17,negatif
lamar28,TikTok,ga sopan bgt ngomong gitu,2024-12-23 15:55:04,negatif
akarsana51,TikTok,"ga lucu, malah nyakitin hati yg jualan",2024-12-23 15:51:14,negatif
kusumoreza,TikTok,masih netral aja sih gw liatnya,2024-12-23 15:12:10,netral
narjirahayu,TikTok,hmm no comment deh,2024-12-23 15:55:04,netral
tampubolonismail,TikTok,biasa aja sih,2024-12-23 15:58:40,netral
nlaksita,TikTok,"ceramahnya tetep dapet kok, relax aja guys",2024-12-23 15:11:39,positif
tarihoranfitria,TikTok,"ceramahnya tetep dapet kok, relax aja guys",2024-12-23 15:37:29,positif
fathonah19,TikTok,gus miftah harus minta maaf sih ini,2024-12-23 15:31:39,negatif
puspa78,TikTok,masih netral aja sih gw liatnya,2024-12-23 15:25:18,netral
uchita87,TikTok,ceramah apaan malah ngehina,2024-12-23 15:46:46,negatif
jwahyudin,TikTok,waduh ini sih udah kelewat batas,2024-12-23 15:49:29,negatif
hardiwacana,TikTok,gw setuju sih ama omongannya gus,2024-12-23 15:55:34,positif
wirdahardiansyah,TikTok,ni gus emg ada aja kelakuannya 😂,2024-12-23 15:15:17,positif
omarbun,TikTok,"bener juga sih, kadang netizen terlalu baper",2024-12-23 15:29:15,positif
sihombingrendy,TikTok,tergantung yg nonton juga sih,2024-12-23 15:48:10,netral
ozy67,TikTok,"ga lucu, malah nyakitin hati yg jualan",2024-12-23 15:18:50,negatif
ghandayani,TikTok,jujurly lucu banget sih ini 😭,2024-12-23 15:14:09,positif
anggabayakusmawati,TikTok,ga tau mau bilang apa,2024-12-23 15:59:07,netral
maryatirudi,TikTok,biasa aja sih,2024-12-23 15:48:40,netral
ipudjiastuti,TikTok,biasa aja sih,2024-12-23 15:49:41,netral
gangsar49,TikTok,waduh ini sih udah kelewat batas,2024-12-23 15:28:07,negatif
caturanggawidodo,TikTok,gus miftah harus minta maaf sih ini,2024-12-23 15:53:42,negatif
gadingpratama,TikTok,waduh ini sih udah kelewat batas,2024-12-23 15:29:42,negatif
natalialestari,TikTok,tergantung yg nonton juga sih,2024-12-23 15:40:06,netral
malikasihombing,TikTok,jujurly lucu banget sih ini 😭,2024-12-23 15:37:46,positif
karma04,TikTok,gus miftah harus minta maaf sih ini,2024-12-23 15:52:27,negatif
dacinpermata,TikTok,masih netral aja sih gw liatnya,2024-12-23 15:15:56,netral
eutami,TikTok,hmm no comment deh,2024-12-23 15:59:11,netral
ira90,TikTok,bisa2 jualan es teh jd insecure 😓,2024-12-23 15:23:55,negatif
azulaika,TikTok,tergantung yg nonton juga sih,2024-12-23 15:46:11,netral
sitorusprakosa,TikTok,hmm no comment deh,2024-12-23 15:07:33,netral
vmustofa,TikTok,ga tau mau bilang apa,2024-12-23 15:32:28,netral
ridwan22,TikTok,ga sopan bgt ngomong gitu,2024-12-23 15:28:12,negatif
suartiniraharja,TikTok,masih netral aja sih gw liatnya,2024-12-23 15:47:28,netral
rprasetya,TikTok,ga sopan bgt ngomong gitu,2024-12-23 15:56:45,negatif
pranawa97,TikTok,jujurly lucu banget sih ini 😭,2024-12-23 15:10:30,positif
endah36,TikTok,bisa2 jualan es teh jd insecure 😓,2024-12-23 15:18:25,negatif
nasab13,TikTok,waduh ini sih udah kelewat batas,2024-12-23 15:58:43,negatif
ianwastuti,TikTok,jujurly lucu banget sih ini 😭,2024-12-23 15:51:00,positif
usadacahya,TikTok,waduh ini sih udah kelewat batas,2024-12-23 15:05:20,negatif
susanticiaobella,TikTok,tergantung yg nonton juga sih,2024-12-23 15:58:13,netral
damanikiriana,TikTok,gue liat ini ya udah lah ya,2024-12-23 15:05:31,netral
asalahudin,TikTok,tergantung yg nonton juga sih,2024-12-23 15:06:41,netral
nashiruddinmala,TikTok,biar agak keras tapi niatnya baik kok,2024-12-23 15:07:58,positif
lsuartini,TikTok,ceramah apaan malah ngehina,2024-12-23 15:55:07,negatif
thamrinyuliana,TikTok,tergantung yg nonton juga sih,2024-12-23 15:34:58,netral
dongorandarmaji,TikTok,ni gus emg ada aja kelakuannya 😂,2024-12-23 15:50:20,positif
nadine36,TikTok,masih netral aja sih gw liatnya,2024-12-23 15:03:46,netral
indra08,TikTok,biar agak keras tapi niatnya baik kok,2024-12-23 15:32:15,positif
kanda93,TikTok,ga tau mau bilang apa,2024-12-23 15:06:46,netral
anggrainifarhunnisa,TikTok,ceramah apaan malah ngehina,2024-12-23 15:12:07,negatif
prasetyofitriani,TikTok,biasa aja sih,2024-12-23 15:04:11,netral
yyuliarti,TikTok,gw setuju sih ama omongannya gus,2024-12-23 15:19:50,positif
wahyudinlala,TikTok,biasa aja sih,2024-12-23 15:27:19,netral
hardiansyahfaizah,TikTok,"ceramahnya tetep dapet kok, relax aja guys",2024-12-23 15:48:06,positif
adhiarja01,TikTok,hmm no comment deh,2024-12-23 15:01:27,netral
wasitaamalia,TikTok,"ceramahnya tetep dapet kok, relax aja guys",2024-12-23 15:35:58,positif
manullangintan,TikTok,hmm no comment deh,2024-12-23 15:09:36,netral
prasetyasetiawan,TikTok,hmm no comment deh,2024-12-23 15:57:26,netral
aisyahfarida,TikTok,jujurly lucu banget sih ini 😭,2024-12-23 15:56:32,positif
opheliawibowo,TikTok,tergantung yg nonton juga sih,2024-12-23 15:59:47,netral
mariakuswoyo,TikTok,masih netral aja sih gw liatnya,2024-12-23 15:51:31,netral
mandasarihalim,TikTok,ga sopan bgt ngomong gitu,2024-12-23 15:19:26,negatif
mustofaghaliyati,TikTok,hmm no comment deh,2024-12-23 15:48:11,netral
zfirmansyah,TikTok,jujurly lucu banget sih ini 😭,2024-12-23 15:16:48,positif
jarwadi19,TikTok,gus miftah harus minta maaf sih ini,2024-12-23 15:18:14,negatif
pranata36,TikTok,masih netral aja sih gw liatnya,2024-12-23 15:17:47,netral
hnamaga,TikTok,"ga lucu, malah nyakitin hati yg jualan",2024-12-23 15:50:21,negatif
uwinarno,TikTok,gus miftah harus minta maaf sih ini,2024-12-23 15:35:11,negatif
jpurnawati,TikTok,waduh ini sih udah kelewat batas,2024-12-23 15:28:39,negatif
ivanyuliarti,TikTok,masih netral aja sih gw liatnya,2024-12-23 15:01:34,netral
yancemaryadi,TikTok,ceramah apaan malah ngehina,2024-12-23 15:49:54,negatif
hartatiega,TikTok,ceramah apaan malah ngehina,2024-12-23 15:52:31,negatif
siraitdasa,TikTok,biar agak keras tapi niatnya baik kok,2024-12-23 15:07:52,positif
laksmiwatikarna,TikTok,hmm no comment deh,2024-12-23 15:53:21,netral
anggriawanwidya,TikTok,"ceramahnya tetep dapet kok, relax aja guys",2024-12-23 15:33:04,positif
ryuliarti,TikTok,ga sopan bgt ngomong gitu,2024-12-23 15:06:23,negatif
novitasarivanya,TikTok,bisa2 jualan es teh jd insecure 😓,2024-12-23 15:21:25,negatif
heru15,TikTok,bisa2 jualan es teh jd insecure 😓,2024-12-23 15:21:16,negatif
ahalim,TikTok,"ceramahnya tetep dapet kok, relax aja guys",2024-12-23 15:01:49,positif
tasnimhastuti,TikTok,"ga lucu, malah nyakitin hati yg jualan",2024-12-23 15:49:49,negatif
prasetyomahesa,TikTok,waduh ini sih udah kelewat batas,2024-12-23 15:15:09,negatif
ganjaransuwarno,TikTok,hmm no comment deh,2024-12-23 15:20:55,netral
darmannamaga,TikTok,ceramah apaan malah ngehina,2024-12-23 15:42:46,negatif
halimahhadi,TikTok,hmm no comment deh,2024-12-23 15:41:22,netral
rudidabukke,TikTok,ga sopan bgt ngomong gitu,2024-12-23 15:28:43,negatif
cakrajiya21,TikTok,ceramah apaan malah ngehina,2024-12-23 15:09:44,negatif
fsitumorang,TikTok,gue liat ini ya udah lah ya,2024-12-23 15:17:31,netral
vwibowo,TikTok,jujurly lucu banget sih ini 😭,2024-12-23 15:46:52,positif
samosirdarmanto,TikTok,ni gus emg ada aja kelakuannya 😂,2024-12-23 15:55:39,positif
mulyanitirtayasa,TikTok,biasa aja sih,2024-12-23 15:20:20,netral
ilsa13,TikTok,masih netral aja sih gw liatnya,2024-12-23 15:48:14,netral
kagustina,TikTok,masih netral aja sih gw liatnya,2024-12-23 15:23:06,netral
karna84,TikTok,ni gus emg ada aja kelakuannya 😂,2024-12-23 15:19:35,positif
karsana05,TikTok,ceramah apaan malah ngehina,2024-12-23 15:03:35,negatif
wijayadanuja,TikTok,ceramah apaan malah ngehina,2024-12-23 15:13:20,negatif
santosohana,TikTok,ga tau mau bilang apa,2024-12-23 15:54:46,netral
winda13,TikTok,gw setuju sih ama omongannya gus,2024-12-23 15:32:33,positif
daniswara86,TikTok,gus miftah harus minta maaf sih ini,2024-12-23 15:38:39,negatif
bakiantoprakasa,TikTok,ceramah apaan malah ngehina,2024-12-23 15:21:06,negatif
mursitamayasari,TikTok,gw setuju sih ama omongannya gus,2024-12-23 15:56:27,positif
prasetyamursita,TikTok,"bener juga sih, kadang netizen terlalu baper",2024-12-23 15:35:23,positif
hasta41,TikTok,biar agak keras tapi niatnya baik kok,2024-12-23 15:56:22,positif
endahprabowo,TikTok,gw setuju sih ama omongannya gus,2024-12-23 15:39:29,positif
thutagalung,TikTok,gus miftah harus minta maaf sih ini,2024-12-23 15:21:32,negatif
febi80,TikTok,jujurly lucu banget sih ini 😭,2024-12-23 15:07:18,positif
kpradana,TikTok,gue liat ini ya udah lah ya,2024-12-23 15:11:10,netral
dnajmudin,TikTok,bisa2 jualan es teh jd insecure 😓,2024-12-23 15:18:36,negatif
capa44,TikTok,hmm no comment deh,2024-12-23 15:50:25,netral
prastutimarsudi,TikTok,"ceramahnya tetep dapet kok, relax aja guys",2024-12-23 15:36:30,positif
rmahendra,TikTok,ni gus emg ada aja kelakuannya 😂,2024-12-23 15:20:34,positif
najibmaheswara,TikTok,biar agak keras tapi niatnya baik kok,2024-12-23 15:46:14,positif
nabila22,TikTok,ni gus emg ada aja kelakuannya 😂,2024-12-23 15:26:49,positif
hadi24,TikTok,ga sopan bgt ngomong gitu,2024-12-23 15:04:17,negatif
melinda10,TikTok,bisa2 jualan es teh jd insecure 😓,2024-12-23 15:27:05,negatif
nmardhiyah,TikTok,gue liat ini ya udah lah ya,2024-12-23 15:25:06,netral
rinahidayanto,TikTok,waduh ini sih udah kelewat batas,2024-12-23 15:12:05,negatif
vimandabukke,TikTok,masih netral aja sih gw liatnya,2024-12-23 15:17:02,netral
fputra,TikTok,ga sopan bgt ngomong gitu,2024-12-23 15:29:41,negatif
luwaryulianti,TikTok,"bener juga sih, kadang netizen terlalu baper",2024-12-23 15:31:41,positif
lintang42,TikTok,ga sopan bgt ngomong gitu,2024-12-23 15:22:02,negatif
wardaya03,TikTok,ceramah apaan malah ngehina,2024-12-23 15:05:29,negatif
vinopermadi,TikTok,biasa aja sih,2024-12-23 15:05:26,netral
setyaharyanti,TikTok,masih netral aja sih gw liatnya,2024-12-23 15:33:45,netral
deviwastuti,TikTok,ceramah apaan malah ngehina,2024-12-23 15:25:51,negatif
shaniamegantara,TikTok,ga tau mau bilang apa,2024-12-23 15:00:41,netral
lailasarisamsul,TikTok,jujurly lucu banget sih ini 😭,2024-12-23 15:20:48,positif
cemplunk51,TikTok,ceramah apaan malah ngehina,2024-12-23 15:42:11,negatif
tina00,TikTok,ga sopan bgt ngomong gitu,2024-12-23 15:18:53,negatif
rahmawatiimam,TikTok,gw setuju sih ama omongannya gus,2024-12-23 15:05:51,positif
vanyapuspita,TikTok,gus miftah harus minta maaf sih ini,2024-12-23 15:02:03,negatif
daryanifarida,TikTok,"ceramahnya tetep dapet kok, relax aja guys",2024-12-23 15:08:05,positif
habibiuchita,TikTok,tergantung yg nonton juga sih,2024-12-23 15:40:30,netral
sihombingtomi,TikTok,biasa aja sih,2024-12-23 15:23:56,netral
wlestari,TikTok,ga tau mau bilang apa,2024-12-23 15:51:27,netral
janetmansur,TikTok,masih netral aja sih gw liatnya,2024-12-23 15:20:23,netral
wahyudinkasiran,TikTok,hmm no comment deh,2024-12-23 15:13:04,netral
maryadilukita,TikTok,ga sopan bgt ngomong gitu,2024-12-23 15:30:42,negatif
pratamagalar,TikTok,ga sopan bgt ngomong gitu,2024-12-23 15:21:55,negatif
spermata,TikTok,hmm no comment deh,2024-12-23 15:32:37,netral
rikawaluyo,TikTok,ga tau mau bilang apa,2024-12-23 15:15:25,netral
oliva11,TikTok,ga tau mau bilang apa,2024-12-23 15:28:20,netral
latuponoyahya,TikTok,masih netral aja sih gw liatnya,2024-12-23 15:05:48,netral
puspabudiman,TikTok,biar agak keras tapi niatnya baik kok,2024-12-23 15:29:57,positif
zulaikaoskar,TikTok,bisa2 jualan es teh jd insecure 😓,2024-12-23 15:40:29,negatif
laksmiwatilaswi,TikTok,"ceramahnya tetep dapet kok, relax aja guys",2024-12-23 15:37:18,positif
cakrabirawajanuar,TikTok,"ga lucu, malah nyakitin hati yg jualan",2024-12-23 15:50:12,negatif
nugrohoira,TikTok,ga tau mau bilang apa,2024-12-23 15:14:33,netral
hardiansyahgarda,TikTok,ceramah apaan malah ngehina,2024-12-23 15:49:39,negatif
dabukkecagak,TikTok,gus miftah harus minta maaf sih ini,2024-12-23 15:01:03,negatif
rafiyulianti,TikTok,gue liat ini ya udah lah ya,2024-12-23 15:54:10,netral
ardiantodrajat,TikTok,biar agak keras tapi niatnya baik kok,2024-12-23 15:45:21,positif
hartana72,TikTok,hmm no comment deh,2024-12-23 15:59:24,netral
ivan20,TikTok,bisa2 jualan es teh jd insecure 😓,2024-12-23 15:44:33,negatif
sitompulcinthia,TikTok,gus miftah harus minta maaf sih ini,2024-12-23 15:50:38,negatif
buyainah,TikTok,hmm no comment deh,2024-12-23 15:45:01,netral
smaulana,TikTok,"bener juga sih, kadang netizen terlalu baper",2024-12-23 15:39:00,positif
jumadi02,TikTok,waduh ini sih udah kelewat batas,2024-12-23 15:09:17,negatif
mursitarahmawati,TikTok,hmm no comment deh,2024-12-23 15:27:04,netral
yuyainah,TikTok,tergantung yg nonton juga sih,2024-12-23 15:07:27,netral
agustinacaket,TikTok,bisa2 jualan es teh jd insecure 😓,2024-12-23 15:15:31,negatif
jayadipranowo,TikTok,biasa aja sih,2024-12-23 15:23:11,netral
agus93,TikTok,gue liat ini ya udah lah ya,2024-12-23 15:03:35,netral
anggrainidarmanto,TikTok,ceramah apaan malah ngehina,2024-12-23 15:27:05,negatif
sitompuldanang,TikTok,ga tau mau bilang apa,2024-12-23 15:28:00,netral
santosowulan,TikTok,gus miftah harus minta maaf sih ini,2024-12-23 15:17:56,negatif
kasiyahwinarno,TikTok,ni gus emg ada aja kelakuannya 😂,2024-12-23 15:00:04,positif
hakimmartana,TikTok,gw setuju sih ama omongannya gus,2024-12-23 15:18:04,positif
suryatmigada,TikTok,gus miftah harus minta maaf sih ini,2024-12-23 15:13:48,negatif
respatilestari,TikTok,biar agak keras tapi niatnya baik kok,2024-12-23 15:49:27,positif
ira41,TikTok,bisa2 jualan es teh jd insecure 😓,2024-12-23 15:24:31,negatif
jjanuar,TikTok,ceramah apaan malah ngehina,2024-12-23 15:31:25,negatif
martaka15,TikTok,ga tau mau bilang apa,2024-12-23 15:59:42,netral
wkurniawan,TikTok,biasa aja sih,2024-12-23 15:35:17,netral
tasdiksimbolon,TikTok,hmm no comment deh,2024-12-23 15:05:05,netral
hamzahsuryatmi,TikTok,biasa aja sih,2024-12-23 15:13:51,netral
hidayatmaimunah,TikTok,ga sopan bgt ngomong gitu,2024-12-23 15:59:09,negatif
luthfianggraini,TikTok,biasa aja sih,2024-12-23 15:37:04,netral
darsirahhastuti,TikTok,bisa2 jualan es teh jd insecure 😓,2024-12-23 15:35:24,negatif
kunthara14,TikTok,"ceramahnya tetep dapet kok, relax aja guys",2024-12-23 15:51:29,positif
kani64,TikTok,gw setuju sih ama omongannya gus,2024-12-23 15:41:41,positif
sharyanti,TikTok,gue liat ini ya udah lah ya,2024-12-23 15:13:17,netral
putrisimbolon,TikTok,ga tau mau bilang apa,2024-12-23 15:00:07,netral
sarimulyani,TikTok,tergantung yg nonton juga sih,2024-12-23 15:12:09,netral
asimbolon,TikTok,ceramah apaan malah ngehina,2024-12-23 15:06:42,negatif
betaniapratiwi,TikTok,ni gus emg ada aja kelakuannya 😂,2024-12-23 15:45:59,positif
kurniawansaadat,TikTok,biasa aja sih,2024-12-23 15:19:58,netral
anajmudin,TikTok,gus miftah harus minta maaf sih ini,2024-12-23 15:43:56,negatif
baguspradipta,TikTok,gue liat ini ya udah lah ya,2024-12-23 15:16:14,netral
wprakasa,TikTok,masih netral aja sih gw liatnya,2024-12-23 15:59:45,netral
maman84,TikTok,"ceramahnya tetep dapet kok, relax aja guys",2024-12-23 15:29:58,positif
usyi36,TikTok,tergantung yg nonton juga sih,2024-12-23 15:09:42,netral
thamrinteddy,TikTok,ceramah apaan malah ngehina,2024-12-23 15:48:45,negatif
olivahidayat,TikTok,waduh ini sih udah kelewat batas,2024-12-23 15:25:42,negatif
palastrirespati,TikTok,ga sopan bgt ngomong gitu,2024-12-23 15:43:36,negatif
kusamah,TikTok,ni gus emg ada aja kelakuannya 😂,2024-12-23 15:51:01,positif
marbunusyi,TikTok,ga tau mau bilang apa,2024-12-23 15:33:13,netral
prabowoedward,TikTok,gw setuju sih ama omongannya gus,2024-12-23 15:50:10,positif
prasetyopangestu,TikTok,waduh ini sih udah kelewat batas,2024-12-23 15:16:55,negatif
dadi94,TikTok,bisa2 jualan es teh jd insecure 😓,2024-12-23 15:34:08,negatif
amaliapratama,TikTok,bisa2 jualan es teh jd insecure 😓,2024-12-23 15:54:09,negatif
sarah61,TikTok,tergantung yg nonton juga sih,2024-12-23 15:29:18,netral
lurhurdongoran,TikTok,ga tau mau bilang apa,2024-12-23 15:43:49,netral
halimzulkarnain,TikTok,ga sopan bgt ngomong gitu,2024-12-23 15:11:08,negatif
pradiptacandrakanta,TikTok,tergantung yg nonton juga sih,2024-12-23 15:04:47,netral
siskaprasetyo,TikTok,gw setuju sih ama omongannya gus,2024-12-23 15:39:56,positif
sucipertiwi,TikTok,bisa2 jualan es teh jd insecure 😓,2024-12-23 15:21:34,negatif
solehsaputra,TikTok,gue liat ini ya udah lah ya,2024-12-23 15:34:40,netral
galur38,TikTok,"ga lucu, malah nyakitin hati yg jualan",2024-12-23 15:45:05,negatif
elvinasaptono,TikTok,gw setuju sih ama omongannya gus,2024-12-23 15:42:32,positif
chutagalung,TikTok,biar agak keras tapi niatnya baik kok,2024-12-23 15:15:50,positif
hasnanashiruddin,TikTok,hmm no comment deh,2024-12-23 15:25:36,netral
fuwais,TikTok,tergantung yg nonton juga sih,2024-12-23 15:53:14,netral
vickymandasari,TikTok,waduh ini sih udah kelewat batas,2024-12-23 15:28:03,negatif
bakiantoanggriawan,TikTok,ga sopan bgt ngomong gitu,2024-12-23 15:08:39,negatif
kuswoyoviolet,TikTok,waduh ini sih udah kelewat batas,2024-12-23 15:24:44,negatif
prabowonarji,TikTok,gue liat ini ya udah lah ya,2024-12-23 15:13:00,netral
maryantorahmawati,TikTok,"ceramahnya tetep dapet kok, relax aja guys",2024-12-23 15:22:05,positif
siraittirtayasa,TikTok,hmm no comment deh,2024-12-23 15:46:11,netral
prasetyoalika,TikTok,gus miftah harus minta maaf sih ini,2024-12-23 15:42:56,negatif
sihotangarta,TikTok,hmm no comment deh,2024-12-23 15:19:36,netral
ilailasari,TikTok,tergantung yg nonton juga sih,2024-12-23 15:48:19,netral
nugraha87,TikTok,hmm no comment deh,2024-12-23 15:19:20,netral
prasetyauwais,TikTok,"ceramahnya tetep dapet kok, relax aja guys",2024-12-23 15:32:26,positif
januarwani,TikTok,ga tau mau bilang apa,2024-12-23 15:46:43,netral
putraikhsan,TikTok,waduh ini sih udah kelewat batas,2024-12-23 15:59:26,negatif
panjihasanah,TikTok,waduh ini sih udah kelewat batas,2024-12-23 15:26:54,negatif
gandaaryani,TikTok,ceramah apaan malah ngehina,2024-12-23 15:36:50,negatif
kiandrasinaga,TikTok,"ga lucu, malah nyakitin hati yg jualan",2024-12-23 15:06:49,negatif
danang69,TikTok,ga tau mau bilang apa,2024-12-23 15:13:01,netral
prasetyogaliono,TikTok,gw setuju sih ama omongannya gus,2024-12-23 15:29:02,positif
tambakeisha,TikTok,"ga lucu, malah nyakitin hati yg jualan",2024-12-23 15:22:31,negatif
mustofagandi,TikTok,jujurly lucu banget sih ini 😭,2024-12-23 15:13:37,positif
riyantidina,TikTok,ni gus emg ada aja kelakuannya 😂,2024-12-23 15:26:29,positif
dinda30,TikTok,"ceramahnya tetep dapet kok, relax aja guys",2024-12-23 15:17:59,positif
iswahyudiian,TikTok,gue liat ini ya udah lah ya,2024-12-23 15:01:15,netral
maheswaraelvin,TikTok,hmm no comment deh,2024-12-23 15:31:48,netral
tarihoraneli,TikTok,tergantung yg nonton juga sih,2024-12-23 15:40:55,netral
ellis67,TikTok,jujurly lucu banget sih ini 😭,2024-12-23 15:46:05,positif
damaniklidya,TikTok,masih netral aja sih gw liatnya,2024-12-23 15:52:19,netral
nugraha20,TikTok,ceramah apaan malah ngehina,2024-12-23 15:24:48,negatif
padmi14,TikTok,masih netral aja sih gw liatnya,2024-12-23 15:00:01,netral
saefullahmuhammad,TikTok,"bener juga sih, kadang netizen terlalu baper",2024-12-23 15:49:32,positif
vpurwanti,TikTok,hmm no comment deh,2024-12-23 15:46:40,netral
emaryadi,TikTok,ga tau mau bilang apa,2024-12-23 15:32:41,netral
ihutapea,TikTok,"ceramahnya tetep dapet kok, relax aja guys",2024-12-23 15:56:13,positif
rahmawatigadang,TikTok,waduh ini sih udah kelewat batas,2024-12-23 15:11:41,negatif
luthfipadmasari,TikTok,ni gus emg ada aja kelakuannya 😂,2024-12-23 15:27:40,positif
cahyonozulkarnain,TikTok,masih netral aja sih gw liatnya,2024-12-23 15:22:02,netral
wage03,TikTok,ceramah apaan malah ngehina,2024-12-23 15:28:15,negatif
zharyanti,TikTok,gus miftah harus minta maaf sih ini,2024-12-23 15:00:59,negatif
yessitamba,TikTok,"bener juga sih, kadang netizen terlalu baper",2024-12-23 15:16:48,positif
siregarayu,TikTok,gw setuju sih ama omongannya gus,2024-12-23 15:07:59,positif
vfujiati,TikTok,gue liat ini ya udah lah ya,2024-12-23 15:50:13,netral
karjariyanti,TikTok,biar agak keras tapi niatnya baik kok,2024-12-23 15:56:13,positif
melanilukita,TikTok,"ceramahnya tetep dapet kok, relax aja guys",2024-12-23 15:34:45,positif
rmaryati,TikTok,"bener juga sih, kadang netizen terlalu baper",2024-12-23 15:33:19,positif
irfansitumorang,TikTok,waduh ini sih udah kelewat batas,2024-12-23 15:19:39,negatif
hartonapitupulu,TikTok,bisa2 jualan es teh jd insecure 😓,2024-12-23 15:08:44,negatif
dongoranwarji,TikTok,"bener juga sih, kadang netizen terlalu baper",2024-12-23 15:46:40,positif
mulyono16,TikTok,jujurly lucu banget sih ini 😭,2024-12-23 15:12:14,positif
rainasinaga,TikTok,waduh ini sih udah kelewat batas,2024-12-23 15:19:26,negatif
cornelia61,TikTok,jujurly lucu banget sih ini 😭,2024-12-23 15:15:47,positif
kembahalimah,TikTok,gw setuju sih ama omongannya gus,2024-12-23 15:07:28,positif
viswahyudi,TikTok,masih netral aja sih gw liatnya,2024-12-23 15:48:48,netral
hardananajmudin,TikTok,jujurly lucu banget sih ini 😭,2024-12-23 15:38:07,positif
unurdiyanti,TikTok,masih netral aja sih gw liatnya,2024-12-23 15:26:14,netral
zulkarnainlalita,TikTok,jujurly lucu banget sih ini 😭,2024-12-23 15:27:00,positif
onarpati,TikTok,"ga lucu, malah nyakitin hati yg jualan",2024-12-23 15:17:05,negatif
caturanggajailani,TikTok,gue liat ini ya udah lah ya,2024-12-23 15:53:32,netral
wulan74,TikTok,jujurly lucu banget sih ini 😭,2024-12-23 15:02:59,positif
budiyantotaufan,TikTok,biar agak keras tapi niatnya baik kok,2024-12-23 15:04:11,positif
siregarjarwi,TikTok,bisa2 jualan es teh jd insecure 😓,2024-12-23 15:57:04,negatif
rahman73,TikTok,ni gus emg ada aja kelakuannya 😂,2024-12-23 15:03:44,positif
nsamosir,TikTok,ni gus emg ada aja kelakuannya 😂,2024-12-23 15:53:19,positif
sabrina12,TikTok,hmm no comment deh,2024-12-23 15:23:59,netral
hasimsuryono,TikTok,gus miftah harus minta maaf sih ini,2024-12-23 15:33:15,negatif
gramadan,TikTok,waduh ini sih udah kelewat batas,2024-12-23 15:39:39,negatif
estiawan61,TikTok,waduh ini sih udah kelewat batas,2024-12-23 15:40:31,negatif
kamilalazuardi,TikTok,"ceramahnya tetep dapet kok, relax aja guys",2024-12-23 15:23:24,positif
rahayusihombing,TikTok,biasa aja sih,2024-12-23 15:03:12,netral
ptamba,TikTok,tergantung yg nonton juga sih,2024-12-23 15:38:48,netral
hardisitumorang,TikTok,ni gus emg ada aja kelakuannya 😂,2024-12-23 15:12:59,positif
lestaridiana,TikTok,ga tau mau bilang apa,2024-12-23 15:00:09,netral
nugrohoviman,TikTok,hmm no comment deh,2024-12-23 15:51:34,netral
agustinapurwa,TikTok,tergantung yg nonton juga sih,2024-12-23 15:51:47,netral
uwaisjamal,TikTok,gus miftah harus minta maaf sih ini,2024-12-23 15:05:52,negatif
praba90,TikTok,ga tau mau bilang apa,2024-12-23 15:49:59,netral
siregargawati,TikTok,gw setuju sih ama omongannya gus,2024-12-23 15:34:31,positif
lprabowo,TikTok,"ceramahnya tetep dapet kok, relax aja guys",2024-12-23 15:46:52,positif
rahmi21,TikTok,gus miftah harus minta maaf sih ini,2024-12-23 15:39:32,negatif
widyayolanda,TikTok,ceramah apaan malah ngehina,2024-12-23 15:59:09,negatif
damusihombing,TikTok,gw setuju sih ama omongannya gus,2024-12-23 15:21:25,positif
cornelianashiruddin,TikTok,gw setuju sih ama omongannya gus,2024-12-23 15:48:34,positif
bhalim,TikTok,waduh ini sih udah kelewat batas,2024-12-23 15:39:57,negatif
najamsimanjuntak,TikTok,gus miftah harus minta maaf sih ini,2024-12-23 15:45:32,negatif
cinthia94,TikTok,ceramah apaan malah ngehina,2024-12-23 15:08:43,negatif
damanikopan,TikTok,hmm no comment deh,2024-12-23 15:17:07,netral
rahmi01,TikTok,biasa aja sih,2024-12-23 15:46:14,netral
tasdikhutagalung,TikTok,masih netral aja sih gw liatnya,2024-12-23 15:21:25,netral
hafshahardianto,TikTok,tergantung yg nonton juga sih,2024-12-23 15:23:53,netral
anggabaya79,TikTok,gw setuju sih ama omongannya gus,2024-12-23 15:36:38,positif
qpranowo,TikTok,tergantung yg nonton juga sih,2024-12-23 15:04:44,netral
karma78,TikTok,"ceramahnya tetep dapet kok, relax aja guys",2024-12-23 15:59:31,positif
cagerhandayani,TikTok,biasa aja sih,2024-12-23 15:02:55,netral
vivirahayu,TikTok,ceramah apaan malah ngehina,2024-12-23 15:41:51,negatif
bnurdiyanti,TikTok,bisa2 jualan es teh jd insecure 😓,2024-12-23 15:25:13,negatif
aisyahwijayanti,TikTok,"bener juga sih, kadang netizen terlalu baper",2024-12-23 15:59:01,positif
aharyanti,TikTok,gw setuju sih ama omongannya gus,2024-12-23 15:05:31,positif
daliono85,TikTok,bisa2 jualan es teh jd insecure 😓,2024-12-23 15:38:18,negatif
fharyanto,TikTok,ga tau mau bilang apa,2024-12-23 15:22:47,netral
anasyiah,TikTok,ga tau mau bilang apa,2024-12-23 15:20:16,netral
sitompulgarang,TikTok,tergantung yg nonton juga sih,2024-12-23 15:32:27,netral
xoktaviani,TikTok,gw setuju sih ama omongannya gus,2024-12-23 15:34:27,positif
budiyantorahmat,TikTok,biasa aja sih,2024-12-23 15:33:19,netral
tsafitri,TikTok,gus miftah harus minta maaf sih ini,2024-12-23 15:19:00,negatif
gaiman54,TikTok,ceramah apaan malah ngehina,2024-12-23 15:24:28,negatif
candra37,TikTok,jujurly lucu banget sih ini 😭,2024-12-23 15:04:58,positif
umi62,TikTok,"bener juga sih, kadang netizen terlalu baper",2024-12-23 15:21:28,positif
teguhwahyudin,TikTok,gue liat ini ya udah lah ya,2024-12-23 15:23:20,netral
gpangestu,TikTok,ga tau mau bilang apa,2024-12-23 15:15:40,netral
ade01,TikTok,gw setuju sih ama omongannya gus,2024-12-23 15:21:01,positif
mustofaokta,TikTok,ceramah apaan malah ngehina,2024-12-23 15:12:54,negatif
prakasabaktianto,TikTok,gus miftah harus minta maaf sih ini,2024-12-23 15:15:46,negatif
umarnainggolan,TikTok,gue liat ini ya udah lah ya,2024-12-23 15:31:40,netral
zastuti,TikTok,tergantung yg nonton juga sih,2024-12-23 15:50:24,netral
aisyah84,TikTok,"ceramahnya tetep dapet kok, relax aja guys",2024-12-23 15:03:33,positif
teguhnamaga,TikTok,ga sopan bgt ngomong gitu,2024-12-23 15:01:53,negatif
kiandra60,TikTok,"bener juga sih, kadang netizen terlalu baper",2024-12-23 15:44:44,positif
ianhasanah,TikTok,biasa aja sih,2024-12-23 15:40:51,netral
gamanimelani,TikTok,ni gus emg ada aja kelakuannya 😂,2024-12-23 15:05:10,positif
elon78,TikTok,tergantung yg nonton juga sih,2024-12-23 15:21:41,netral
nkurniawan,TikTok,tergantung yg nonton juga sih,2024-12-23 15:30:06,netral
pratamaani,TikTok,biar agak keras tapi niatnya baik kok,2024-12-23 15:03:44,positif
hutagalungnabila,TikTok,biar agak keras tapi niatnya baik kok,2024-12-23 15:31:32,positif
endah72,TikTok,gue liat ini ya udah lah ya,2024-12-23 15:16:03,netral
rmansur,TikTok,biar agak keras tapi niatnya baik kok,2024-12-23 15:44:27,positif
yolandadwi,TikTok,waduh ini sih udah kelewat batas,2024-12-23 15:22:16,negatif
lintangsihombing,TikTok,tergantung yg nonton juga sih,2024-12-23 15:36:36,netral
ewidodo,TikTok,ni gus emg ada aja kelakuannya 😂,2024-12-23 15:17:00,positif
abyasafirgantoro,TikTok,gue liat ini ya udah lah ya,2024-12-23 15:20:55,netral
kamaria75,TikTok,gue liat ini ya udah lah ya,2024-12-23 15:07:37,netral
mmanullang,TikTok,gw setuju sih ama omongannya gus,2024-12-23 15:39:11,positif
palastriyono,TikTok,hmm no comment deh,2024-12-23 15:04:47,netral
rpadmasari,TikTok,biasa aja sih,2024-12-23 15:27:56,netral
pwasita,TikTok,ga tau mau bilang apa,2024-12-23 15:55:51,netral
paiman79,TikTok,masih netral aja sih gw liatnya,2024-12-23 15:24:52,netral
prayitnarahmawati,TikTok,ni gus emg ada aja kelakuannya 😂,2024-12-23 15:12:25,positif
halimkairav,TikTok,bisa2 jualan es teh jd insecure 😓,2024-12-23 15:04:10,negatif
lazuardicemeti,TikTok,"bener juga sih, kadang netizen terlalu baper",2024-12-23 15:38:16,positif
yulia72,TikTok,gus miftah harus minta maaf sih ini,2024-12-23 15:36:45,negatif
tsantoso,TikTok,hmm no comment deh,2024-12-23 15:38:31,netral
carakahutasoit,TikTok,ga tau mau bilang apa,2024-12-23 15:52:44,netral
wahyudinheryanto,TikTok,biasa aja sih,2024-12-23 15:37:36,netral
mursininhartati,TikTok,ni gus emg ada aja kelakuannya 😂,2024-12-23 15:59:52,positif
nasim50,TikTok,ceramah apaan malah ngehina,2024-12-23 15:26:49,negatif
shania14,TikTok,ga tau mau bilang apa,2024-12-23 15:49:42,netral
irasamosir,TikTok,tergantung yg nonton juga sih,2024-12-23 15:31:43,netral
widiastutimumpuni,TikTok,waduh ini sih udah kelewat batas,2024-12-23 15:58:23,negatif
restu16,TikTok,masih netral aja sih gw liatnya,2024-12-23 15:56:54,netral
fitriaramadan,TikTok,jujurly lucu banget sih ini 😭,2024-12-23 15:46:47,positif
balapatimelani,TikTok,"bener juga sih, kadang netizen terlalu baper",2024-12-23 15:22:14,positif
hidayatzelda,TikTok,gus miftah harus minta maaf sih ini,2024-12-23 15:34:56,negatif
yuniarreksa,TikTok,"bener juga sih, kadang netizen terlalu baper",2024-12-23 15:50:08,positif
uwaisvicky,TikTok,gus miftah harus minta maaf sih ini,2024-12-23 15:37:36,negatif
prakosafujiati,TikTok,biasa aja sih,2024-12-23 15:35:19,netral
saptononovi,TikTok,bisa2 jualan es teh jd insecure 😓,2024-12-23 15:11:17,negatif
ipuspita,TikTok,"bener juga sih, kadang netizen terlalu baper",2024-12-23 15:12:23,positif
padmasarioliva,TikTok,"ga lucu, malah nyakitin hati yg jualan",2024-12-23 15:21:47,negatif
najamwidiastuti,TikTok,gus miftah harus minta maaf sih ini,2024-12-23 15:08:49,negatif
mahendratri,TikTok,bisa2 jualan es teh jd insecure 😓,2024-12-23 15:58:20,negatif
sihombingdartono,TikTok,gus miftah harus minta maaf sih ini,2024-12-23 15:39:46,negatif
rprastuti,TikTok,ga tau mau bilang apa,2024-12-23 15:39:32,netral
enteng13,TikTok,ga sopan bgt ngomong gitu,2024-12-23 15:44:48,negatif
niyaga25,TikTok,gue liat ini ya udah lah ya,2024-12-23 15:57:12,netral
khabibi,TikTok,tergantung yg nonton juga sih,2024-12-23 15:37:47,netral
ratna09,TikTok,gue liat ini ya udah lah ya,2024-12-23 15:36:07,netral
tugimanpalastri,TikTok,ga tau mau bilang apa,2024-12-23 15:20:21,netral
hasanahindah,TikTok,tergantung yg nonton juga sih,2024-12-23 15:00:21,netral
vsusanti,TikTok,ga tau mau bilang apa,2024-12-23 15:16:40,netral
yuniarqueen,TikTok,"bener juga sih, kadang netizen terlalu baper",2024-12-23 15:08:13,positif
michelle99,TikTok,ga sopan bgt ngomong gitu,2024-12-23 15:27:15,negatif
thamrinbagus,TikTok,biasa aja sih,2024-12-23 15:31:23,netral
elisasudiati,TikTok,"ceramahnya tetep dapet kok, relax aja guys",2024-12-23 15:31:51,positif
saptonobahuraksa,TikTok,jujurly lucu banget sih ini 😭,2024-12-23 15:52:26,positif
purnawatiyuliana,TikTok,"ga lucu, malah nyakitin hati yg jualan",2024-12-23 15:41:04,negatif
kani94,TikTok,ni gus emg ada aja kelakuannya 😂,2024-12-23 15:42:52,positif
winarsihumaya,TikTok,"bener juga sih, kadang netizen terlalu baper",2024-12-23 15:09:46,positif
maryantoirawan,TikTok,gw setuju sih ama omongannya gus,2024-12-23 15:03:11,positif
wani65,TikTok,biasa aja sih,2024-12-23 15:03:20,netral
candraprakasa,TikTok,biar agak keras tapi niatnya baik kok,2024-12-23 15:22:41,positif
marasdabukke,TikTok,gus miftah harus minta maaf sih ini,2024-12-23 15:14:38,negatif
hutapeajagapati,TikTok,ga tau mau bilang apa,2024-12-23 15:15:52,netral
kuswandariemin,TikTok,tergantung yg nonton juga sih,2024-12-23 15:17:39,netral
teddywaluyo,TikTok,gw setuju sih ama omongannya gus,2024-12-23 15:19:16,positif
warsakusumo,TikTok,biasa aja sih,2024-12-23 15:58:50,netral
makaradamanik,TikTok,ga sopan bgt ngomong gitu,2024-12-23 15:23:54,negatif
citrahartati,TikTok,gw setuju sih ama omongannya gus,2024-12-23 15:28:27,positif
jessicadamanik,TikTok,biar agak keras tapi niatnya baik kok,2024-12-23 15:36:57,positif
vino36,TikTok,gue liat ini ya udah lah ya,2024-12-23 15:33:41,netral
wibisonopranawa,TikTok,ceramah apaan malah ngehina,2024-12-23 15:19:20,negatif
ami49,TikTok,"ceramahnya tetep dapet kok, relax aja guys",2024-12-23 15:49:31,positif
ivan19,TikTok,"bener juga sih, kadang netizen terlalu baper",2024-12-23 15:39:29,positif
bagyafarida,TikTok,gus miftah harus minta maaf sih ini,2024-12-23 15:54:26,negatif
rahimahyuni,TikTok,ga tau mau bilang apa,2024-12-23 15:31:56,netral
bsinaga,TikTok,biar agak keras tapi niatnya baik kok,2024-12-23 15:48:32,positif
cyulianti,TikTok,biasa aja sih,2024-12-23 15:58:38,netral
nababanarta,TikTok,gus miftah harus minta maaf sih ini,2024-12-23 15:37:44,negatif
martaka52,TikTok,"ceramahnya tetep dapet kok, relax aja guys",2024-12-23 15:18:53,positif
praboworidwan,TikTok,hmm no comment deh,2024-12-23 15:29:47,netral
tri80,TikTok,ga sopan bgt ngomong gitu,2024-12-23 15:08:08,negatif
saefullahpatricia,TikTok,biasa aja sih,2024-12-23 15:08:34,netral
hastutikarja,TikTok,jujurly lucu banget sih ini 😭,2024-12-23 15:38:50,positif
taswirharyanto,TikTok,tergantung yg nonton juga sih,2024-12-23 15:10:41,netral
limar60,TikTok,ni gus emg ada aja kelakuannya 😂,2024-12-23 15:44:18,positif
utamiadiarja,TikTok,gus miftah harus minta maaf sih ini,2024-12-23 15:20:07,negatif
agustinakala,TikTok,jujurly lucu banget sih ini 😭,2024-12-23 15:58:55,positif
damanikdartono,TikTok,ga tau mau bilang apa,2024-12-23 15:37:14,netral
glaksmiwati,TikTok,masih netral aja sih gw liatnya,2024-12-23 15:29:03,netral
balamantribudiman,TikTok,ga sopan bgt ngomong gitu,2024-12-23 15:43:38,negatif
imelani,TikTok,jujurly lucu banget sih ini 😭,2024-12-23 15:14:42,positif
suartinitomi,TikTok,"bener juga sih, kadang netizen terlalu baper",2024-12-23 15:07:44,positif
jais73,TikTok,ga tau mau bilang apa,2024-12-23 15:04:50,netral
joko01,TikTok,ga tau mau bilang apa,2024-12-23 15:24:03,netral
rama52,TikTok,"bener juga sih, kadang netizen terlalu baper",2024-12-23 15:16:01,positif
virman47,TikTok,gw setuju sih ama omongannya gus,2024-12-23 15:59:29,positif
bambang38,TikTok,"ga lucu, malah nyakitin hati yg jualan",2024-12-23 15:46:35,negatif
irazulaika,TikTok,gus miftah harus minta maaf sih ini,2024-12-23 15:52:53,negatif
dewiprabowo,TikTok,ni gus emg ada aja kelakuannya 😂,2024-12-23 15:12:15,positif
simanjuntakedi,TikTok,gus miftah harus minta maaf sih ini,2024-12-23 15:27:03,negatif
karen99,TikTok,"ceramahnya tetep dapet kok, relax aja guys",2024-12-23 15:25:06,positif
qprakasa,TikTok,gw setuju sih ama omongannya gus,2024-12-23 15:21:25,positif
wijayantiwidya,TikTok,"ceramahnya tetep dapet kok, relax aja guys",2024-12-23 15:15:06,positif
hairyanto16,TikTok,hmm no comment deh,2024-12-23 15:05:35,netral
nasrullah45,TikTok,ga tau mau bilang apa,2024-12-23 15:17:26,netral
rahman95,TikTok,"ceramahnya tetep dapet kok, relax aja guys",2024-12-23 15:01:45,positif
kurniawaskita,TikTok,gus miftah harus minta maaf sih ini,2024-12-23 15:27:17,negatif
lazuardigatra,TikTok,gw setuju sih ama omongannya gus,2024-12-23 15:45:33,positif
habibimichelle,TikTok,ceramah apaan malah ngehina,2024-12-23 15:02:00,negatif
fujiatilembah,TikTok,gus miftah harus minta maaf sih ini,2024-12-23 15:30:23,negatif
praboworestu,TikTok,gue liat ini ya udah lah ya,2024-12-23 15:15:18,netral
lanjar27,TikTok,tergantung yg nonton juga sih,2024-12-23 15:36:17,netral
qmandala,TikTok,ceramah apaan malah ngehina,2024-12-23 15:53:03,negatif
lanang72,TikTok,jujurly lucu banget sih ini 😭,2024-12-23 15:52:32,positif
jumarihariyah,TikTok,"ceramahnya tetep dapet kok, relax aja guys",2024-12-23 15:31:52,positif
zulkarnaingenta,TikTok,ceramah apaan malah ngehina,2024-12-23 15:12:24,negatif
snashiruddin,TikTok,tergantung yg nonton juga sih,2024-12-23 15:45:31,netral
salahudinlasmanto,TikTok,jujurly lucu banget sih ini 😭,2024-12-23 15:54:41,positif
marsitoiswahyudi,TikTok,ceramah apaan malah ngehina,2024-12-23 15:22:11,negatif
nasyidahina,TikTok,"bener juga sih, kadang netizen terlalu baper",2024-12-23 15:43:57,positif
lananghartati,TikTok,jujurly lucu banget sih ini 😭,2024-12-23 15:49:19,positif
bahuwarnasiregar,TikTok,gus miftah harus minta maaf sih ini,2024-12-23 15:32:19,negatif
wardaya02,TikTok,"bener juga sih, kadang netizen terlalu baper",2024-12-23 15:24:00,positif
tasdiklestari,TikTok,ga tau mau bilang apa,2024-12-23 15:00:27,netral
dimas66,TikTok,hmm no comment deh,2024-12-23 15:06:44,netral
snovitasari,TikTok,"ga lucu, malah nyakitin hati yg jualan",2024-12-23 15:40:38,negatif
garangharyanto,TikTok,waduh ini sih udah kelewat batas,2024-12-23 15:48:37,negatif
galuhlazuardi,TikTok,hmm no comment deh,2024-12-23 15:16:23,netral
gawatilaksmiwati,TikTok,"ga lucu, malah nyakitin hati yg jualan",2024-12-23 15:23:05,negatif
salimah68,TikTok,biar agak keras tapi niatnya baik kok,2024-12-23 15:31:25,positif
nwulandari,TikTok,ni gus emg ada aja kelakuannya 😂,2024-12-23 15:43:12,positif
eardianto,TikTok,waduh ini sih udah kelewat batas,2024-12-23 15:13:03,negatif
martana08,TikTok,ceramah apaan malah ngehina,2024-12-23 15:01:12,negatif
hasanahkarta,TikTok,"ga lucu, malah nyakitin hati yg jualan",2024-12-23 15:32:39,negatif
msiregar,TikTok,bisa2 jualan es teh jd insecure 😓,2024-12-23 15:03:06,negatif
manah98,TikTok,ni gus emg ada aja kelakuannya 😂,2024-12-23 15:24:07,positif
nurainiismail,TikTok,ceramah apaan malah ngehina,2024-12-23 15:48:36,negatif
pradanapurwa,TikTok,ceramah apaan malah ngehina,2024-12-23 15:02:31,negatif
mustofatri,TikTok,ni gus emg ada aja kelakuannya 😂,2024-12-23 15:18:08,positif
permadikardi,TikTok,ga sopan bgt ngomong gitu,2024-12-23 15:09:02,negatif
vega09,TikTok,gus miftah harus minta maaf sih ini,2024-12-23 15:23:14,negatif
prayogamaulana,TikTok,biasa aja sih,2024-12-23 15:38:23,netral
uyainahindra,TikTok,biar agak keras tapi niatnya baik kok,2024-12-23 15:22:15,positif
pujisetiawan,TikTok,ceramah apaan malah ngehina,2024-12-23 15:51:00,negatif
maheswaramursinin,TikTok,masih netral aja sih gw liatnya,2024-12-23 15:43:07,netral
padmayolanda,TikTok,gw setuju sih ama omongannya gus,2024-12-23 15:16:04,positif
ahidayanto,TikTok,"bener juga sih, kadang netizen terlalu baper",2024-12-23 15:09:12,positif
dwi61,TikTok,tergantung yg nonton juga sih,2024-12-23 15:04:48,netral
pandu99,TikTok,biasa aja sih,2024-12-23 15:25:59,netral
tampubolonwinda,TikTok,gue liat ini ya udah lah ya,2024-12-23 15:56:30,netral
manah14,TikTok,"bener juga sih, kadang netizen terlalu baper",2024-12-23 15:21:21,positif
septi21,TikTok,"bener juga sih, kadang netizen terlalu baper",2024-12-23 15:25:32,positif
unjanimaulana,TikTok,"bener juga sih, kadang netizen terlalu baper",2024-12-23 15:11:39,positif
hartatimartani,TikTok,bisa2 jualan es teh jd insecure 😓,2024-12-23 15:50:55,negatif
maliksaputra,TikTok,bisa2 jualan es teh jd insecure 😓,2024-12-23 15:06:54,negatif
joko25,TikTok,"bener juga sih, kadang netizen terlalu baper",2024-12-23 15:28:15,positif
fujiatidwi,TikTok,ni gus emg ada aja kelakuannya 😂,2024-12-23 15:16:50,positif
wastutikairav,TikTok,"ceramahnya tetep dapet kok, relax aja guys",2024-12-23 15:15:47,positif
julia28,TikTok,biar agak keras tapi niatnya baik kok,2024-12-23 15:05:01,positif
harjo93,TikTok,"ga lucu, malah nyakitin hati yg jualan",2024-12-23 15:11:47,negatif
jaballaksmiwati,TikTok,bisa2 jualan es teh jd insecure 😓,2024-12-23 15:33:38,negatif
asmuni30,TikTok,"bener juga sih, kadang netizen terlalu baper",2024-12-23 15:06:11,positif
yuliana48,TikTok,gus miftah harus minta maaf sih ini,2024-12-23 15:57:47,negatif
xananahidayanto,TikTok,gw setuju sih ama omongannya gus,2024-12-23 15:33:28,positif
purwanticalista,TikTok,tergantung yg nonton juga sih,2024-12-23 15:30:27,netral
maulanajefri,TikTok,hmm no comment deh,2024-12-23 15:29:07,netral
koktaviani,TikTok,masih netral aja sih gw liatnya,2024-12-23 15:47:50,netral
wasitakairav,TikTok,waduh ini sih udah kelewat batas,2024-12-23 15:11:30,negatif
anastasia00,TikTok,"bener juga sih, kadang netizen terlalu baper",2024-12-23 15:32:02,positif
irmahidayanto,TikTok,biasa aja sih,2024-12-23 15:41:38,netral
ususanti,TikTok,hmm no comment deh,2024-12-23 15:59:13,netral
rahayumaryati,TikTok,ceramah apaan malah ngehina,2024-12-23 15:59:27,negatif
hidayantoozy,TikTok,waduh ini sih udah kelewat batas,2024-12-23 15:31:27,negatif
firmansyahzahra,TikTok,gw setuju sih ama omongannya gus,2024-12-23 15:48:15,positif
zyuniar,TikTok,biar agak keras tapi niatnya baik kok,2024-12-23 15:35:34,positif
carlahalimah,TikTok,ga sopan bgt ngomong gitu,2024-12-23 15:59:54,negatif
gildatamba,TikTok,ga sopan bgt ngomong gitu,2024-12-23 15:26:26,negatif
jatihardiansyah,TikTok,masih netral aja sih gw liatnya,2024-12-23 15:55:24,netral
harimurti42,TikTok,"ga lucu, malah nyakitin hati yg jualan",2024-12-23 15:47:06,negatif
kuswandarititi,TikTok,hmm no comment deh,2024-12-23 15:26:45,netral
harjo01,TikTok,hmm no comment deh,2024-12-23 15:01:05,netral
bandriani,TikTok,ga sopan bgt ngomong gitu,2024-12-23 15:48:43,negatif
gsirait,TikTok,hmm no comment deh,2024-12-23 15:57:04,netral
lhutapea,TikTok,ga sopan bgt ngomong gitu,2024-12-23 15:32:46,negatif
crajata,TikTok,masih netral aja sih gw liatnya,2024-12-23 15:20:15,netral
xramadan,TikTok,gw setuju sih ama omongannya gus,2024-12-23 15:51:53,positif
eminthamrin,TikTok,jujurly lucu banget sih ini 😭,2024-12-23 15:26:14,positif
intan33,TikTok,"ceramahnya tetep dapet kok, relax aja guys",2024-12-23 15:48:08,positif
jailanisatya,TikTok,"ceramahnya tetep dapet kok, relax aja guys",2024-12-23 15:00:44,positif
pranatasiregar,TikTok,biasa aja sih,2024-12-23 15:26:35,netral
budiyantocawuk,TikTok,tergantung yg nonton juga sih,2024-12-23 15:36:05,netral
nurulpangestu,TikTok,ga sopan bgt ngomong gitu,2024-12-23 15:20:49,negatif
tusada,TikTok,jujurly lucu banget sih ini 😭,2024-12-23 15:50:45,positif
bakiantokuswoyo,TikTok,ga tau mau bilang apa,2024-12-23 15:37:24,netral
puput04,TikTok,tergantung yg nonton juga sih,2024-12-23 15:55:27,netral
zulkarnainnarji,TikTok,ni gus emg ada aja kelakuannya 😂,2024-12-23 15:28:35,positif
ratihirawan,TikTok,gue liat ini ya udah lah ya,2024-12-23 15:38:13,netral
pandu24,TikTok,ga sopan bgt ngomong gitu,2024-12-23 15:40:21,negatif
knurdiyanti,TikTok,masih netral aja sih gw liatnya,2024-12-23 15:41:08,netral
ramadannilam,TikTok,gue liat ini ya udah lah ya,2024-12-23 15:58:05,netral
danangsimanjuntak,TikTok,"ga lucu, malah nyakitin hati yg jualan",2024-12-23 15:48:36,negatif
lanjar35,TikTok,gw setuju sih ama omongannya gus,2024-12-23 15:40:50,positif
pratamarini,TikTok,biasa aja sih,2024-12-23 15:37:07,netral
prabowomandasari,TikTok,"ga lucu, malah nyakitin hati yg jualan",2024-12-23 15:46:30,negatif
utamijoko,TikTok,jujurly lucu banget sih ini 😭,2024-12-23 15:08:25,positif
kasiran56,TikTok,"ceramahnya tetep dapet kok, relax aja guys",2024-12-23 15:43:50,positif
ajimin02,TikTok,tergantung yg nonton juga sih,2024-12-23 15:29:02,netral
najmudinjohan,TikTok,waduh ini sih udah kelewat batas,2024-12-23 15:36:45,negatif
wastutimaria,TikTok,biar agak keras tapi niatnya baik kok,2024-12-23 15:44:36,positif
fujiatiyani,TikTok,jujurly lucu banget sih ini 😭,2024-12-23 15:02:26,positif
purwantiluis,TikTok,ni gus emg ada aja kelakuannya 😂,2024-12-23 15:04:15,positif
setya95,TikTok,tergantung yg nonton juga sih,2024-12-23 15:32:42,netral
ibun64,TikTok,biar agak keras tapi niatnya baik kok,2024-12-23 15:44:34,positif
wibisonoajimin,TikTok,waduh ini sih udah kelewat batas,2024-12-23 15:54:41,negatif
cakrajiya58,TikTok,waduh ini sih udah kelewat batas,2024-12-23 15:07:34,negatif
hutapealantar,TikTok,ceramah apaan malah ngehina,2024-12-23 15:35:40,negatif
gnarpati,TikTok,ga sopan bgt ngomong gitu,2024-12-23 15:30:54,negatif
galangprabowo,TikTok,"ceramahnya tetep dapet kok, relax aja guys",2024-12-23 15:09:59,positif
anomramadan,TikTok,jujurly lucu banget sih ini 😭,2024-12-23 15:12:23,positif
gara71,TikTok,ga sopan bgt ngomong gitu,2024-12-23 15:09:24,negatif
rnamaga,TikTok,tergantung yg nonton juga sih,2024-12-23 15:14:22,netral
ardiantolantar,TikTok,"ga lucu, malah nyakitin hati yg jualan",2024-12-23 15:33:55,negatif
purnawatiifa,TikTok,gw setuju sih ama omongannya gus,2024-12-23 15:26:08,positif
indra65,TikTok,masih netral aja sih gw liatnya,2024-12-23 15:24:39,netral
gatot83,TikTok,ga tau mau bilang apa,2024-12-23 15:08:50,netral
putimaulana,TikTok,gw setuju sih ama omongannya gus,2024-12-23 15:06:53,positif
gwidodo,TikTok,hmm no comment deh,2024-12-23 15:47:48,netral
nadriansyah,TikTok,tergantung yg nonton juga sih,2024-12-23 15:32:38,netral
caket06,TikTok,"bener juga sih, kadang netizen terlalu baper",2024-12-23 15:06:33,positif
mustofashania,TikTok,gue liat ini ya udah lah ya,2024-12-23 15:00:51,netral
aslijanlaksmiwati,TikTok,"bener juga sih, kadang netizen terlalu baper",2024-12-23 15:12:25,positif
rezaprakasa,TikTok,gw setuju sih ama omongannya gus,2024-12-23 15:33:23,positif
vera04,TikTok,"bener juga sih, kadang netizen terlalu baper",2024-12-23 15:43:33,positif
yuniarharsaya,TikTok,ni gus emg ada aja kelakuannya 😂,2024-12-23 15:52:54,positif
manullangrendy,TikTok,ga sopan bgt ngomong gitu,2024-12-23 15:41:57,negatif
daliminwibowo,TikTok,ceramah apaan malah ngehina,2024-12-23 15:19:37,negatif
rahmawatidigdaya,TikTok,waduh ini sih udah kelewat batas,2024-12-23 15:27:55,negatif
putama,TikTok,tergantung yg nonton juga sih,2024-12-23 15:52:54,netral
januarsamiah,TikTok,ga sopan bgt ngomong gitu,2024-12-23 15:48:08,negatif
ciaobella94,TikTok,gue liat ini ya udah lah ya,2024-12-23 15:59:36,netral
xanana72,TikTok,ga tau mau bilang apa,2024-12-23 15:37:45,netral
laksanasuwarno,TikTok,ceramah apaan malah ngehina,2024-12-23 15:23:57,negatif
hasta27,TikTok,ni gus emg ada aja kelakuannya 😂,2024-12-23 15:06:20,positif
febipermata,TikTok,ga tau mau bilang apa,2024-12-23 15:18:02,netral
wwacana,TikTok,gus miftah harus minta maaf sih ini,2024-12-23 15:46:50,negatif
darijan27,TikTok,ga tau mau bilang apa,2024-12-23 15:00:45,netral
balidin05,TikTok,bisa2 jualan es teh jd insecure 😓,2024-12-23 15:12:38,negatif
ilyas72,TikTok,"ceramahnya tetep dapet kok, relax aja guys",2024-12-23 15:31:13,positif
haniriyanti,TikTok,gue liat ini ya udah lah ya,2024-12-23 15:13:21,netral
ajiminnasyidah,TikTok,ga tau mau bilang apa,2024-12-23 15:56:32,netral
thardiansyah,TikTok,jujurly lucu banget sih ini 😭,2024-12-23 15:09:48,positif
salahudinmaria,TikTok,bisa2 jualan es teh jd insecure 😓,2024-12-23 15:49:14,negatif
kala25,TikTok,masih netral aja sih gw liatnya,2024-12-23 15:42:31,netral
hutapeaeko,TikTok,biasa aja sih,2024-12-23 15:03:53,netral
dimasadriansyah,TikTok,"ga lucu, malah nyakitin hati yg jualan",2024-12-23 15:04:06,negatif
primahabibi,TikTok,biasa aja sih,2024-12-23 15:13:28,netral
laraswinarno,TikTok,gue liat ini ya udah lah ya,2024-12-23 15:02:37,netral
bakiadi60,TikTok,gus miftah harus minta maaf sih ini,2024-12-23 15:39:26,negatif
napitupuluprayoga,TikTok,ga tau mau bilang apa,2024-12-23 15:12:34,netral
mustofawibowo,TikTok,hmm no comment deh,2024-12-23 15:07:30,netral
emplukhidayat,TikTok,hmm no comment deh,2024-12-23 15:39:41,netral
whakim,TikTok,gw setuju sih ama omongannya gus,2024-12-23 15:49:36,positif
luthfi08,TikTok,biar agak keras tapi niatnya baik kok,2024-12-23 15:25:51,positif
betania00,TikTok,bisa2 jualan es teh jd insecure 😓,2024-12-23 15:45:37,negatif
damarjailani,TikTok,gw setuju sih ama omongannya gus,2024-12-23 15:26:07,positif
oliva40,TikTok,biasa aja sih,2024-12-23 15:41:25,netral
kusumoluwes,TikTok,tergantung yg nonton juga sih,2024-12-23 15:28:30,netral
irwan14,TikTok,gw setuju sih ama omongannya gus,2024-12-23 15:30:32,positif
rsimanjuntak,TikTok,bisa2 jualan es teh jd insecure 😓,2024-12-23 15:44:07,negatif
violet95,TikTok,hmm no comment deh,2024-12-23 15:39:57,netral
suryonoismail,TikTok,"ceramahnya tetep dapet kok, relax aja guys",2024-12-23 15:50:25,positif
kaylahidayat,TikTok,gue liat ini ya udah lah ya,2024-12-23 15:07:10,netral
lmelani,TikTok,hmm no comment deh,2024-12-23 15:11:19,netral
garang33,TikTok,hmm no comment deh,2024-12-23 15:03:11,netral
lala14,TikTok,bisa2 jualan es teh jd insecure 😓,2024-12-23 15:05:25,negatif
edipermadi,TikTok,hmm no comment deh,2024-12-23 15:28:05,netral
gwastuti,TikTok,gus miftah harus minta maaf sih ini,2024-12-23 15:40:07,negatif
ida54,TikTok,ni gus emg ada aja kelakuannya 😂,2024-12-23 15:39:06,positif
tambagalak,TikTok,gue liat ini ya udah lah ya,2024-12-23 15:48:38,netral
frajasa,TikTok,tergantung yg nonton juga sih,2024-12-23 15:02:15,netral
malikprastuti,TikTok,ga tau mau bilang apa,2024-12-23 15:03:48,netral
kambaliharyanti,TikTok,gw setuju sih ama omongannya gus,2024-12-23 15:55:13,positif
tasdikfarida,TikTok,ni gus emg ada aja kelakuannya 😂,2024-12-23 15:33:44,positif
nrima73,TikTok,ga tau mau bilang apa,2024-12-23 15:05:10,netral
bagiya29,TikTok,waduh ini sih udah kelewat batas,2024-12-23 15:29:21,negatif
najwa35,TikTok,hmm no comment deh,2024-12-23 15:13:50,netral
jayaprasetya,TikTok,ceramah apaan malah ngehina,2024-12-23 15:29:25,negatif
damaniktalia,TikTok,gus miftah harus minta maaf sih ini,2024-12-23 15:00:00,negatif
martanamegantara,TikTok,jujurly lucu banget sih ini 😭,2024-12-23 15:10:35,positif
rajatagawati,TikTok,"ga lucu, malah nyakitin hati yg jualan",2024-12-23 15:32:48,negatif
kusumopia,TikTok,biasa aja sih,2024-12-23 15:51:26,netral
bajragin76,TikTok,"ceramahnya tetep dapet kok, relax aja guys",2024-12-23 15:02:55,positif
endahputra,TikTok,"bener juga sih, kadang netizen terlalu baper",2024-12-23 15:45:59,positif
ella01,TikTok,tergantung yg nonton juga sih,2024-12-23 15:21:06,netral
cakrajiyasitorus,TikTok,"ga lucu, malah nyakitin hati yg jualan",2024-12-23 15:56:27,negatif
hartakautami,TikTok,ni gus emg ada aja kelakuannya 😂,2024-12-23 15:24:37,positif
simanjuntakbagus,TikTok,bisa2 jualan es teh jd insecure 😓,2024-12-23 15:34:27,negatif
triyanti,TikTok,gw setuju sih ama omongannya gus,2024-12-23 15:35:24,positif
timbulpuspita,TikTok,gue liat ini ya udah lah ya,2024-12-23 15:33:10,netral
pdabukke,TikTok,"ceramahnya tetep dapet kok, relax aja guys",2024-12-23 15:18:20,positif
hartakafirgantoro,TikTok,bisa2 jualan es teh jd insecure 😓,2024-12-23 15:24:21,negatif
ejamelani,TikTok,bisa2 jualan es teh jd insecure 😓,2024-12-23 15:29:04,negatif
faizahusamah,TikTok,biar agak keras tapi niatnya baik kok,2024-12-23 15:30:58,positif
tyulianti,TikTok,ceramah apaan malah ngehina,2024-12-23 15:59:11,negatif
yuliartifitria,TikTok,gw setuju sih ama omongannya gus,2024-12-23 15:44:37,positif
mgunarto,TikTok,gw setuju sih ama omongannya gus,2024-12-23 15:09:21,positif
awibowo,TikTok,gus miftah harus minta maaf sih ini,2024-12-23 15:10:43,negatif
nasrullahsihombing,TikTok,biasa aja sih,2024-12-23 15:32:15,netral
mustofadartono,TikTok,ni gus emg ada aja kelakuannya 😂,2024-12-23 15:03:02,positif
janet64,TikTok,"ga lucu, malah nyakitin hati yg jualan",2024-12-23 15:09:37,negatif
dongoranmarsudi,TikTok,gw setuju sih ama omongannya gus,2024-12-23 15:11:39,positif
wardaya30,TikTok,tergantung yg nonton juga sih,2024-12-23 15:53:42,netral
rzulkarnain,TikTok,ga sopan bgt ngomong gitu,2024-12-23 15:59:26,negatif
zulaikhanainggolan,TikTok,bisa2 jualan es teh jd insecure 😓,2024-12-23 15:40:58,negatif
jasmani21,TikTok,jujurly lucu banget sih ini 😭,2024-12-23 15:52:52,positif
lala04,TikTok,ga tau mau bilang apa,2024-12-23 15:13:45,netral
wagefirmansyah,TikTok,hmm no comment deh,2024-12-23 15:36:30,netral
kamalnababan,TikTok,hmm no comment deh,2024-12-23 15:14:07,netral
luwesmaheswara,TikTok,bisa2 jualan es teh jd insecure 😓,2024-12-23 15:35:45,negatif
dabukkewarsita,TikTok,gw setuju sih ama omongannya gus,2024-12-23 15:02:10,positif
oiswahyudi,TikTok,gw setuju sih ama omongannya gus,2024-12-23 15:59:42,positif
nababanmurti,TikTok,jujurly lucu banget sih ini 😭,2024-12-23 15:30:09,positif
hrahmawati,TikTok,gus miftah harus minta maaf sih ini,2024-12-23 15:21:23,negatif
marbunciaobella,TikTok,ni gus emg ada aja kelakuannya 😂,2024-12-23 15:49:48,positif
halimmegantara,TikTok,"ga lucu, malah nyakitin hati yg jualan",2024-12-23 15:00:53,negatif
gunartonajib,TikTok,"ceramahnya tetep dapet kok, relax aja guys",2024-12-23 15:03:12,positif
tirta59,TikTok,tergantung yg nonton juga sih,2024-12-23 15:36:16,netral
jmangunsong,TikTok,jujurly lucu banget sih ini 😭,2024-12-23 15:27:23,positif
bagasmaheswara,TikTok,gus miftah harus minta maaf sih ini,2024-12-23 15:23:22,negatif
jumari20,TikTok,waduh ini sih udah kelewat batas,2024-12-23 15:44:45,negatif
evafarida,TikTok,gue liat ini ya udah lah ya,2024-12-23 15:52:10,netral
dwijayanti,TikTok,"ceramahnya tetep dapet kok, relax aja guys",2024-12-23 15:30:02,positif
jono83,TikTok,"ceramahnya tetep dapet kok, relax aja guys",2024-12-23 15:21:24,positif
ikin29,TikTok,ga sopan bgt ngomong gitu,2024-12-23 15:34:26,negatif
lharyanti,TikTok,ceramah apaan malah ngehina,2024-12-23 15:44:31,negatif
kartika32,TikTok,"bener juga sih, kadang netizen terlalu baper",2024-12-23 15:23:10,positif
baktiadi86,TikTok,bisa2 jualan es teh jd insecure 😓,2024-12-23 15:10:54,negatif
milasaefullah,TikTok,waduh ini sih udah kelewat batas,2024-12-23 15:46:22,negatif
halimamansur,TikTok,"bener juga sih, kadang netizen terlalu baper",2024-12-23 15:02:43,positif
wira23,TikTok,gus miftah harus minta maaf sih ini,2024-12-23 15:24:54,negatif
balamantri56,TikTok,masih netral aja sih gw liatnya,2024-12-23 15:27:38,netral
jayeng95,TikTok,"ceramahnya tetep dapet kok, relax aja guys",2024-12-23 15:32:07,positif
ranggasiregar,TikTok,gue liat ini ya udah lah ya,2024-12-23 15:51:17,netral
indah11,TikTok,ni gus emg ada aja kelakuannya 😂,2024-12-23 15:38:19,positif
cnainggolan,TikTok,hmm no comment deh,2024-12-23 15:33:41,netral
indra60,TikTok,biar agak keras tapi niatnya baik kok,2024-12-23 15:41:07,positif
eman44,TikTok,gue liat ini ya udah lah ya,2024-12-23 15:29:57,netral
pujinugroho,TikTok,gus miftah harus minta maaf sih ini,2024-12-23 15:33:25,negatif
pratamaeva,TikTok,ni gus emg ada aja kelakuannya 😂,2024-12-23 15:57:01,positif
warsitasitumorang,TikTok,biar agak keras tapi niatnya baik kok,2024-12-23 15:53:24,positif
kemalusamah,TikTok,biasa aja sih,2024-12-23 15:48:10,netral
eluh57,TikTok,bisa2 jualan es teh jd insecure 😓,2024-12-23 15:55:20,negatif
praba54,TikTok,tergantung yg nonton juga sih,2024-12-23 15:41:32,netral
danujahidayat,TikTok,biar agak keras tapi niatnya baik kok,2024-12-23 15:32:27,positif
anggrainidigdaya,TikTok,"ceramahnya tetep dapet kok, relax aja guys",2024-12-23 15:11:16,positif
xpermata,TikTok,gus miftah harus minta maaf sih ini,2024-12-23 15:08:05,negatif
janet28,TikTok,"ga lucu, malah nyakitin hati yg jualan",2024-12-23 15:45:46,negatif
alambanasiregar,TikTok,waduh ini sih udah kelewat batas,2024-12-23 15:10:53,negatif
tambaibrani,TikTok,ceramah apaan malah ngehina,2024-12-23 15:50:31,negatif
ghaliyatisaputra,TikTok,waduh ini sih udah kelewat batas,2024-12-23 15:12:56,negatif
samsulkusmawati,TikTok,"ga lucu, malah nyakitin hati yg jualan",2024-12-23 15:49:09,negatif
bagasnababan,TikTok,"ceramahnya tetep dapet kok, relax aja guys",2024-12-23 15:50:21,positif
wadi88,TikTok,biasa aja sih,2024-12-23 15:44:34,netral
hardiansyahcinthia,TikTok,jujurly lucu banget sih ini 😭,2024-12-23 15:45:50,positif
jamilnatsir,TikTok,hmm no comment deh,2024-12-23 15:53:11,netral
siregarjanet,TikTok,gus miftah harus minta maaf sih ini,2024-12-23 15:04:45,negatif
pranoworangga,TikTok,hmm no comment deh,2024-12-23 15:40:14,netral
handayanilatika,TikTok,"bener juga sih, kadang netizen terlalu baper",2024-12-23 15:51:41,positif
zelda41,TikTok,"ga lucu, malah nyakitin hati yg jualan",2024-12-23 15:46:41,negatif
cagak49,TikTok,masih netral aja sih gw liatnya,2024-12-23 15:23:06,netral
candrasuryatmi,TikTok,waduh ini sih udah kelewat batas,2024-12-23 15:58:24,negatif
banawi55,TikTok,"ga lucu, malah nyakitin hati yg jualan",2024-12-23 15:54:50,negatif
laksmiwatidaruna,TikTok,jujurly lucu banget sih ini 😭,2024-12-23 15:09:29,positif
kusmawatilukman,TikTok,biar agak keras tapi niatnya baik kok,2024-12-23 15:04:11,positif
almirairawan,TikTok,gus miftah harus minta maaf sih ini,2024-12-23 15:12:11,negatif
gangsar90,TikTok,waduh ini sih udah kelewat batas,2024-12-23 15:59:07,negatif
bhidayanto,TikTok,biar agak keras tapi niatnya baik kok,2024-12-23 15:36:24,positif
gsiregar,TikTok,biasa aja sih,2024-12-23 15:08:41,netral
phutagalung,TikTok,biar agak keras tapi niatnya baik kok,2024-12-23 15:49:42,positif
vanesamangunsong,TikTok,ga tau mau bilang apa,2024-12-23 15:43:24,netral
anilatupono,TikTok,gue liat ini ya udah lah ya,2024-12-23 15:53:47,netral
dnamaga,TikTok,hmm no comment deh,2024-12-23 15:27:23,netral
budisaptono,TikTok,tergantung yg nonton juga sih,2024-12-23 15:45:04,netral
prayitna13,TikTok,gus miftah harus minta maaf sih ini,2024-12-23 15:06:13,negatif
gsusanti,TikTok,ceramah apaan malah ngehina,2024-12-23 15:52:42,negatif
wawan30,TikTok,hmm no comment deh,2024-12-23 15:18:44,netral
limarzulaika,TikTok,jujurly lucu banget sih ini 😭,2024-12-23 15:44:45,positif
jasminsiregar,TikTok,bisa2 jualan es teh jd insecure 😓,2024-12-23 15:11:45,negatif
laksitayani,TikTok,tergantung yg nonton juga sih,2024-12-23 15:31:04,netral
wsafitri,TikTok,waduh ini sih udah kelewat batas,2024-12-23 15:18:40,negatif
gpradipta,TikTok,bisa2 jualan es teh jd insecure 😓,2024-12-23 15:46:51,negatif
talia30,TikTok,ni gus emg ada aja kelakuannya 😂,2024-12-23 15:54:32,positif
btarihoran,TikTok,masih netral aja sih gw liatnya,2024-12-23 15:10:12,netral
dimazlatupono,TikTok,gue liat ini ya udah lah ya,2024-12-23 15:35:37,netral
iswahyudiarta,TikTok,ceramah apaan malah ngehina,2024-12-23 15:24:39,negatif
rajataartawan,TikTok,"ga lucu, malah nyakitin hati yg jualan",2024-12-23 15:45:13,negatif
agustinaabyasa,TikTok,"ceramahnya tetep dapet kok, relax aja guys",2024-12-23 15:05:47,positif
banawa05,TikTok,gue liat ini ya udah lah ya,2024-12-23 15:52:42,netral
maryatidinda,TikTok,gue liat ini ya udah lah ya,2024-12-23 15:55:06,netral
utamadadap,TikTok,jujurly lucu banget sih ini 😭,2024-12-23 15:13:21,positif
karimah77,TikTok,biar agak keras tapi niatnya baik kok,2024-12-23 15:45:46,positif
raihanadriansyah,TikTok,"ceramahnya tetep dapet kok, relax aja guys",2024-12-23 15:57:16,positif
narpatihendri,TikTok,gus miftah harus minta maaf sih ini,2024-12-23 15:45:37,negatif
nurdiyantigenta,TikTok,gw setuju sih ama omongannya gus,2024-12-23 15:27:43,positif
oni15,TikTok,"ga lucu, malah nyakitin hati yg jualan",2024-12-23 15:15:48,negatif
saefullahcawisadi,TikTok,biasa aja sih,2024-12-23 15:53:02,netral
ppurwanti,TikTok,hmm no comment deh,2024-12-23 15:54:52,netral
asmuni39,TikTok,"bener juga sih, kadang netizen terlalu baper",2024-12-23 15:32:19,positif
halimumaya,TikTok,hmm no comment deh,2024-12-23 15:01:05,netral
hakimcahyo,TikTok,ceramah apaan malah ngehina,2024-12-23 15:31:16,negatif
gadangmayasari,TikTok,ceramah apaan malah ngehina,2024-12-23 15:07:57,negatif
wijayantikawaya,TikTok,gue liat ini ya udah lah ya,2024-12-23 15:08:14,netral
liman05,TikTok,"bener juga sih, kadang netizen terlalu baper",2024-12-23 15:51:29,positif
wadi02,TikTok,biasa aja sih,2024-12-23 15:19:54,netral
panji02,TikTok,ni gus emg ada aja kelakuannya 😂,2024-12-23 15:27:14,positif
martani03,TikTok,masih netral aja sih gw liatnya,2024-12-23 15:05:25,netral
gamaniwibowo,TikTok,ga tau mau bilang apa,2024-12-23 15:16:35,netral
tarihoranmakara,TikTok,gw setuju sih ama omongannya gus,2024-12-23 15:25:58,positif
maidahastuti,TikTok,ga sopan bgt ngomong gitu,2024-12-23 15:23:49,negatif
salman00,TikTok,"ga lucu, malah nyakitin hati yg jualan",2024-12-23 15:49:05,negatif
saputrajelita,TikTok,ceramah apaan malah ngehina,2024-12-23 15:43:01,negatif
latuponopadmi,TikTok,ceramah apaan malah ngehina,2024-12-23 15:05:02,negatif
lamarwastuti,TikTok,ga sopan bgt ngomong gitu,2024-12-23 15:25:19,negatif
kusmawatititi,TikTok,ga sopan bgt ngomong gitu,2024-12-23 15:37:05,negatif
lembaharyani,TikTok,ceramah apaan malah ngehina,2024-12-23 15:49:54,negatif
lestarieja,TikTok,biar agak keras tapi niatnya baik kok,2024-12-23 15:56:48,positif
prasetyacindy,TikTok,ga tau mau bilang apa,2024-12-23 15:24:39,netral
budiyantoihsan,TikTok,gus miftah harus minta maaf sih ini,2024-12-23 15:56:33,negatif
wibisonotimbul,TikTok,"ceramahnya tetep dapet kok, relax aja guys",2024-12-23 15:50:32,positif
pradiptatira,TikTok,ga tau mau bilang apa,2024-12-23 15:23:42,netral
harjo26,TikTok,gue liat ini ya udah lah ya,2024-12-23 15:23:14,netral
umaulana,TikTok,biasa aja sih,2024-12-23 15:14:23,netral
uriyanti,TikTok,biar agak keras tapi niatnya baik kok,2024-12-23 15:00:01,positif
estionofarida,TikTok,hmm no comment deh,2024-12-23 15:38:12,netral
ifarida,TikTok,masih netral aja sih gw liatnya,2024-12-23 15:52:06,netral
maheswarasadina,TikTok,tergantung yg nonton juga sih,2024-12-23 15:10:21,netral
mjanuar,TikTok,ga sopan bgt ngomong gitu,2024-12-23 15:03:28,negatif
akuswoyo,TikTok,tergantung yg nonton juga sih,2024-12-23 15:05:26,netral
kasim13,TikTok,bisa2 jualan es teh jd insecure 😓,2024-12-23 15:40:40,negatif
wsitompul,TikTok,hmm no comment deh,2024-12-23 15:14:06,netral
ksamosir,TikTok,waduh ini sih udah kelewat batas,2024-12-23 15:12:12,negatif
uyainahakarsana,TikTok,ceramah apaan malah ngehina,2024-12-23 15:50:55,negatif
yolandaagnes,TikTok,gw setuju sih ama omongannya gus,2024-12-23 15:04:05,positif
manullangyuni,TikTok,ceramah apaan malah ngehina,2024-12-23 15:55:30,negatif
jarwasihotang,TikTok,hmm no comment deh,2024-12-23 15:44:22,netral
bnuraini,TikTok,ni gus emg ada aja kelakuannya 😂,2024-12-23 15:33:08,positif
oktawijayanti,TikTok,ni gus emg ada aja kelakuannya 😂,2024-12-23 15:16:37,positif
bagustina,TikTok,bisa2 jualan es teh jd insecure 😓,2024-12-23 15:46:47,negatif
fkuswoyo,TikTok,biasa aja sih,2024-12-23 15:26:35,netral
tsamosir,TikTok,gus miftah harus minta maaf sih ini,2024-12-23 15:16:39,negatif
hariyahkiandra,TikTok,waduh ini sih udah kelewat batas,2024-12-23 15:06:05,negatif
pandu85,TikTok,ceramah apaan malah ngehina,2024-12-23 15:16:00,negatif
tnashiruddin,TikTok,hmm no comment deh,2024-12-23 15:52:28,netral
mayasarijamal,TikTok,"bener juga sih, kadang netizen terlalu baper",2024-12-23 15:39:33,positif
jasmani33,TikTok,jujurly lucu banget sih ini 😭,2024-12-23 15:43:09,positif
wahyuniatmaja,TikTok,tergantung yg nonton juga sih,2024-12-23 15:24:50,netral
bhasanah,TikTok,gw setuju sih ama omongannya gus,2024-12-23 15:30:47,positif
mahmudardianto,TikTok,ceramah apaan malah ngehina,2024-12-23 15:22:32,negatif
yolandaarsipatra,TikTok,hmm no comment deh,2024-12-23 15:21:36,netral
ardiantogabriella,TikTok,ni gus emg ada aja kelakuannya 😂,2024-12-23 15:05:09,positif
wasitamaryadi,TikTok,ga tau mau bilang apa,2024-12-23 15:51:03,netral
novitasariaurora,TikTok,bisa2 jualan es teh jd insecure 😓,2024-12-23 15:43:38,negatif
wwibisono,TikTok,ceramah apaan malah ngehina,2024-12-23 15:30:13,negatif
habibidirja,TikTok,"ga lucu, malah nyakitin hati yg jualan",2024-12-23 15:46:41,negatif
anggrainilantar,TikTok,"ceramahnya tetep dapet kok, relax aja guys",2024-12-23 15:08:11,positif
gdamanik,TikTok,biar agak keras tapi niatnya baik kok,2024-12-23 15:55:15,positif
malikaprastuti,TikTok,gus miftah harus minta maaf sih ini,2024-12-23 15:42:25,negatif
nrimafujiati,TikTok,masih netral aja sih gw liatnya,2024-12-23 15:46:50,netral
catur00,TikTok,"ceramahnya tetep dapet kok, relax aja guys",2024-12-23 15:04:31,positif
sitompulhasta,TikTok,ni gus emg ada aja kelakuannya 😂,2024-12-23 15:45:30,positif
eputra,TikTok,biasa aja sih,2024-12-23 15:16:15,netral
hsafitri,TikTok,gw setuju sih ama omongannya gus,2024-12-23 15:15:40,positif
harsaya08,TikTok,"ceramahnya tetep dapet kok, relax aja guys",2024-12-23 15:38:24,positif
gandagunawan,TikTok,ceramah apaan malah ngehina,2024-12-23 15:56:30,negatif
cgunawan,TikTok,tergantung yg nonton juga sih,2024-12-23 15:46:19,netral
violetgunarto,TikTok,jujurly lucu banget sih ini 😭,2024-12-23 15:53:57,positif
mardhiyahyono,TikTok,biar agak keras tapi niatnya baik kok,2024-12-23 15:59:48,positif
dagellatupono,TikTok,"ceramahnya tetep dapet kok, relax aja guys",2024-12-23 15:30:52,positif
wmarbun,TikTok,masih netral aja sih gw liatnya,2024-12-23 15:33:18,netral
ibrahim29,TikTok,"bener juga sih, kadang netizen terlalu baper",2024-12-23 15:46:37,positif
budiyantoartawan,TikTok,ga sopan bgt ngomong gitu,2024-12-23 15:29:04,negatif
aprabowo,TikTok,jujurly lucu banget sih ini 😭,2024-12-23 15:36:57,positif
halimahkarja,TikTok,jujurly lucu banget sih ini 😭,2024-12-23 15:03:16,positif
tnatsir,TikTok,gw setuju sih ama omongannya gus,2024-12-23 15:33:53,positif
kambali21,TikTok,gue liat ini ya udah lah ya,2024-12-23 15:34:54,netral
widiastutiyani,TikTok,gw setuju sih ama omongannya gus,2024-12-23 15:49:45,positif
vsinaga,TikTok,gus miftah harus minta maaf sih ini,2024-12-23 15:44:18,negatif
marbunkasiran,TikTok,biasa aja sih,2024-12-23 15:00:21,netral
shaniamaryati,TikTok,"ceramahnya tetep dapet kok, relax aja guys",2024-12-23 15:29:38,positif
astutiamong,TikTok,ceramah apaan malah ngehina,2024-12-23 15:45:34,negatif
fmansur,TikTok,gus miftah harus minta maaf sih ini,2024-12-23 15:58:14,negatif
darimin04,TikTok,biar agak keras tapi niatnya baik kok,2024-12-23 15:37:08,positif
pprabowo,TikTok,ceramah apaan malah ngehina,2024-12-23 15:10:44,negatif
winarnolasmono,TikTok,ni gus emg ada aja kelakuannya 😂,2024-12-23 15:09:09,positif
oman38,TikTok,biasa aja sih,2024-12-23 15:46:33,netral
kusumamandala,TikTok,"bener juga sih, kadang netizen terlalu baper",2024-12-23 15:24:42,positif
najib82,TikTok,"ga lucu, malah nyakitin hati yg jualan",2024-12-23 15:57:42,negatif
rachel21,TikTok,tergantung yg nonton juga sih,2024-12-23 15:37:40,netral
hutasoitcakrabirawa,TikTok,hmm no comment deh,2024-12-23 15:04:34,netral
gildasitompul,TikTok,waduh ini sih udah kelewat batas,2024-12-23 15:36:22,negatif
opungramadan,TikTok,biasa aja sih,2024-12-23 15:04:17,netral
simanjuntakrangga,TikTok,hmm no comment deh,2024-12-23 15:39:12,netral
bgunarto,TikTok,biar agak keras tapi niatnya baik kok,2024-12-23 15:29:04,positif
luthfi34,TikTok,"bener juga sih, kadang netizen terlalu baper",2024-12-23 15:12:42,positif
riyantieja,TikTok,gw setuju sih ama omongannya gus,2024-12-23 15:39:01,positif
unjanipudjiastuti,TikTok,biasa aja sih,2024-12-23 15:10:28,netral
orahimah,TikTok,biar agak keras tapi niatnya baik kok,2024-12-23 15:16:39,positif
vega38,TikTok,"ga lucu, malah nyakitin hati yg jualan",2024-12-23 15:51:01,negatif
ghardiansyah,TikTok,"ceramahnya tetep dapet kok, relax aja guys",2024-12-23 15:50:46,positif
hasim81,TikTok,hmm no comment deh,2024-12-23 15:43:59,netral
sakura80,TikTok,"ceramahnya tetep dapet kok, relax aja guys",2024-12-23 15:30:14,positif
daruna31,TikTok,bisa2 jualan es teh jd insecure 😓,2024-12-23 15:54:11,negatif
ichahasanah,TikTok,"bener juga sih, kadang netizen terlalu baper",2024-12-23 15:52:15,positif
tamilaksita,TikTok,ga tau mau bilang apa,2024-12-23 15:38:59,netral
wdabukke,TikTok,biar agak keras tapi niatnya baik kok,2024-12-23 15:37:18,positif
amiwijaya,TikTok,hmm no comment deh,2024-12-23 15:47:57,netral
hastahabibi,TikTok,"ceramahnya tetep dapet kok, relax aja guys",2024-12-23 15:56:27,positif
lamarsalahudin,TikTok,bisa2 jualan es teh jd insecure 😓,2024-12-23 15:54:06,negatif
ani05,TikTok,gus miftah harus minta maaf sih ini,2024-12-23 15:03:06,negatif
jessicasimanjuntak,TikTok,masih netral aja sih gw liatnya,2024-12-23 15:45:38,netral
yuniarkenari,TikTok,ceramah apaan malah ngehina,2024-12-23 15:54:34,negatif
tedisuryatmi,TikTok,gus miftah harus minta maaf sih ini,2024-12-23 15:59:25,negatif
padmasariwidya,TikTok,ceramah apaan malah ngehina,2024-12-23 15:49:00,negatif
lkurniawan,TikTok,hmm no comment deh,2024-12-23 15:54:27,netral
adeanggraini,TikTok,"bener juga sih, kadang netizen terlalu baper",2024-12-23 15:24:30,positif
ardiantokania,TikTok,hmm no comment deh,2024-12-23 15:41:01,netral
asirwada64,TikTok,biar agak keras tapi niatnya baik kok,2024-12-23 15:33:27,positif
purnawatiyance,TikTok,gus miftah harus minta maaf sih ini,2024-12-23 15:54:48,negatif
qsalahudin,TikTok,tergantung yg nonton juga sih,2024-12-23 15:03:58,netral
npurwanti,TikTok,gue liat ini ya udah lah ya,2024-12-23 15:59:08,netral
margana68,TikTok,gue liat ini ya udah lah ya,2024-12-23 15:21:47,netral
suwarnovanya,TikTok,"ga lucu, malah nyakitin hati yg jualan",2024-12-23 15:28:12,negatif
nnapitupulu,TikTok,"ceramahnya tetep dapet kok, relax aja guys",2024-12-23 15:20:03,positif
syahrinisitompul,TikTok,tergantung yg nonton juga sih,2024-12-23 15:18:02,netral
hidayatemil,TikTok,ga sopan bgt ngomong gitu,2024-12-23 15:26:36,negatif
zhariyah,TikTok,"bener juga sih, kadang netizen terlalu baper",2024-12-23 15:24:01,positif
cengkalhandayani,TikTok,jujurly lucu banget sih ini 😭,2024-12-23 15:28:58,positif
banarabudiyanto,TikTok,tergantung yg nonton juga sih,2024-12-23 15:48:45,netral
rajasawani,TikTok,gw setuju sih ama omongannya gus,2024-12-23 15:29:19,positif
tinasetiawan,TikTok,biasa aja sih,2024-12-23 15:35:37,netral
purnawatidaliono,TikTok,"ga lucu, malah nyakitin hati yg jualan",2024-12-23 15:44:48,negatif
vmaryati,TikTok,"bener juga sih, kadang netizen terlalu baper",2024-12-23 15:53:10,positif
opheliahakim,TikTok,waduh ini sih udah kelewat batas,2024-12-23 15:17:47,negatif
hyulianti,TikTok,ceramah apaan malah ngehina,2024-12-23 15:42:53,negatif
hutapeasiti,TikTok,biar agak keras tapi niatnya baik kok,2024-12-23 15:00:50,positif
vtampubolon,TikTok,ceramah apaan malah ngehina,2024-12-23 15:08:04,negatif
ariswacana,TikTok,biar agak keras tapi niatnya baik kok,2024-12-23 15:20:50,positif
uwacana,TikTok,ga sopan bgt ngomong gitu,2024-12-23 15:46:18,negatif
waskitajayadi,TikTok,"ga lucu, malah nyakitin hati yg jualan",2024-12-23 15:40:51,negatif
pratiwiami,TikTok,ni gus emg ada aja kelakuannya 😂,2024-12-23 15:42:23,positif
wfarida,TikTok,gus miftah harus minta maaf sih ini,2024-12-23 15:15:17,negatif
kanisitompul,TikTok,gus miftah harus minta maaf sih ini,2024-12-23 15:03:54,negatif
prabanamaga,TikTok,waduh ini sih udah kelewat batas,2024-12-23 15:24:06,negatif
itamba,TikTok,gue liat ini ya udah lah ya,2024-12-23 15:31:42,netral
wulandarijamalia,TikTok,gue liat ini ya udah lah ya,2024-12-23 15:58:57,netral
hasanahartanto,TikTok,"ga lucu, malah nyakitin hati yg jualan",2024-12-23 15:15:45,negatif
daniswara94,TikTok,ni gus emg ada aja kelakuannya 😂,2024-12-23 15:01:01,positif
marsudiutama,TikTok,"bener juga sih, kadang netizen terlalu baper",2024-12-23 15:46:47,positif
kartikanasyidah,TikTok,gus miftah harus minta maaf sih ini,2024-12-23 15:47:39,negatif
ifahalim,TikTok,"ceramahnya tetep dapet kok, relax aja guys",2024-12-23 15:24:06,positif
kayun64,TikTok,"ceramahnya tetep dapet kok, relax aja guys",2024-12-23 15:53:24,positif
prasastajarwi,TikTok,biasa aja sih,2024-12-23 15:43:11,netral
ajiman34,TikTok,waduh ini sih udah kelewat batas,2024-12-23 15:20:09,negatif
baktiono40,TikTok,gus miftah harus minta maaf sih ini,2024-12-23 15:13:48,negatif
harsanto99,TikTok,ga sopan bgt ngomong gitu,2024-12-23 15:04:52,negatif
yuniarshania,TikTok,gw setuju sih ama omongannya gus,2024-12-23 15:44:11,positif
oktavianiabyasa,TikTok,ga sopan bgt ngomong gitu,2024-12-23 15:45:59,negatif
yolandaratih,TikTok,jujurly lucu banget sih ini 😭,2024-12-23 15:28:36,positif
bellautama,TikTok,"bener juga sih, kadang netizen terlalu baper",2024-12-23 15:10:02,positif
setiawanharto,TikTok,"ceramahnya tetep dapet kok, relax aja guys",2024-12-23 15:52:29,positif
wira45,TikTok,tergantung yg nonton juga sih,2024-12-23 15:25:59,netral
mahmud41,TikTok,ceramah apaan malah ngehina,2024-12-23 15:29:12,negatif
ajimat15,TikTok,ceramah apaan malah ngehina,2024-12-23 15:59:05,negatif
januaricha,TikTok,gue liat ini ya udah lah ya,2024-12-23 15:10:10,netral
mahendrajamil,TikTok,waduh ini sih udah kelewat batas,2024-12-23 15:35:17,negatif
teguhpratiwi,TikTok,gw setuju sih ama omongannya gus,2024-12-23 15:03:23,positif
bmayasari,TikTok,ni gus emg ada aja kelakuannya 😂,2024-12-23 15:05:18,positif
agustinareza,TikTok,waduh ini sih udah kelewat batas,2024-12-23 15:37:39,negatif
faridairnanto,TikTok,ga sopan bgt ngomong gitu,2024-12-23 15:59:34,negatif
iwibowo,TikTok,"ceramahnya tetep dapet kok, relax aja guys",2024-12-23 15:40:15,positif
makarafarida,TikTok,gw setuju sih ama omongannya gus,2024-12-23 15:57:31,positif
fnurdiyanti,TikTok,"bener juga sih, kadang netizen terlalu baper",2024-12-23 15:30:15,positif
hutasoitjaya,TikTok,ga sopan bgt ngomong gitu,2024-12-23 15:35:56,negatif
anggrainiian,TikTok,hmm no comment deh,2024-12-23 15:57:37,netral
aswani80,TikTok,tergantung yg nonton juga sih,2024-12-23 15:04:08,netral
ilyaspuspita,TikTok,"ceramahnya tetep dapet kok, relax aja guys",2024-12-23 15:50:41,positif
megantarairfan,TikTok,"ga lucu, malah nyakitin hati yg jualan",2024-12-23 15:21:10,negatif
susantilalita,TikTok,bisa2 jualan es teh jd insecure 😓,2024-12-23 15:06:43,negatif
utamailsa,TikTok,"bener juga sih, kadang netizen terlalu baper",2024-12-23 15:52:18,positif
hadi33,TikTok,"ceramahnya tetep dapet kok, relax aja guys",2024-12-23 15:18:13,positif
pgunawan,TikTok,ga tau mau bilang apa,2024-12-23 15:58:02,netral
fprasetya,TikTok,ceramah apaan malah ngehina,2024-12-23 15:06:47,negatif
natsirgatot,TikTok,ga sopan bgt ngomong gitu,2024-12-23 15:12:13,negatif
hamzah91,TikTok,"bener juga sih, kadang netizen terlalu baper",2024-12-23 15:19:29,positif
artawan79,TikTok,tergantung yg nonton juga sih,2024-12-23 15:02:40,netral
kenarilatupono,TikTok,masih netral aja sih gw liatnya,2024-12-23 15:31:46,netral
pratamaikin,TikTok,biar agak keras tapi niatnya baik kok,2024-12-23 15:35:10,positif
cintapratiwi,TikTok,ga sopan bgt ngomong gitu,2024-12-23 15:24:43,negatif
yutama,TikTok,"bener juga sih, kadang netizen terlalu baper",2024-12-23 15:14:33,positif
langgeng02,TikTok,bisa2 jualan es teh jd insecure 😓,2024-12-23 15:05:15,negatif
siraitrahmi,TikTok,ga tau mau bilang apa,2024-12-23 15:37:53,netral
hasanahfarah,TikTok,tergantung yg nonton juga sih,2024-12-23 15:27:17,netral
wwidodo,TikTok,hmm no comment deh,2024-12-23 15:41:31,netral
capa17,TikTok,ga sopan bgt ngomong gitu,2024-12-23 15:43:11,negatif
pprasetyo,TikTok,biasa aja sih,2024-12-23 15:16:46,netral
budimanvirman,TikTok,"bener juga sih, kadang netizen terlalu baper",2024-12-23 15:11:32,positif
kani84,TikTok,ceramah apaan malah ngehina,2024-12-23 15:47:24,negatif
anggriawanniyaga,TikTok,gw setuju sih ama omongannya gus,2024-12-23 15:50:43,positif
irawanrina,TikTok,biasa aja sih,2024-12-23 15:55:06,netral
vsudiati,TikTok,ga tau mau bilang apa,2024-12-23 15:11:16,netral
hutasoitmaria,TikTok,ga sopan bgt ngomong gitu,2024-12-23 15:47:29,negatif
kania98,TikTok,gue liat ini ya udah lah ya,2024-12-23 15:26:01,netral
hadimangunsong,TikTok,biasa aja sih,2024-12-23 15:27:28,netral
cemplunkharyanto,TikTok,ni gus emg ada aja kelakuannya 😂,2024-12-23 15:39:58,positif
cahyadi49,TikTok,masih netral aja sih gw liatnya,2024-12-23 15:05:47,netral
hakimharsana,TikTok,gus miftah harus minta maaf sih ini,2024-12-23 15:13:57,negatif
kandamandala,TikTok,"bener juga sih, kadang netizen terlalu baper",2024-12-23 15:21:50,positif
yono28,TikTok,tergantung yg nonton juga sih,2024-12-23 15:00:46,netral
luwar92,TikTok,hmm no comment deh,2024-12-23 15:53:59,netral
mahdi86,TikTok,biasa aja sih,2024-12-23 15:20:29,netral
endranarpati,TikTok,biasa aja sih,2024-12-23 15:35:23,netral
edison18,TikTok,jujurly lucu banget sih ini 😭,2024-12-23 15:00:11,positif
rini32,TikTok,gue liat ini ya udah lah ya,2024-12-23 15:47:47,netral
epangestu,TikTok,waduh ini sih udah kelewat batas,2024-12-23 15:01:31,negatif
nova77,TikTok,"ceramahnya tetep dapet kok, relax aja guys",2024-12-23 15:06:44,positif
riyantiprayitna,TikTok,waduh ini sih udah kelewat batas,2024-12-23 15:07:58,negatif
sihombingluhung,TikTok,gw setuju sih ama omongannya gus,2024-12-23 15:35:30,positif
sitiwijayanti,TikTok,gue liat ini ya udah lah ya,2024-12-23 15:18:20,netral
himawan64,TikTok,tergantung yg nonton juga sih,2024-12-23 15:36:22,netral
kamidin48,TikTok,biasa aja sih,2024-12-23 15:54:55,netral
rizki22,TikTok,ga tau mau bilang apa,2024-12-23 15:06:34,netral
suwarnojatmiko,TikTok,ga tau mau bilang apa,2024-12-23 15:02:36,netral
simon09,TikTok,jujurly lucu banget sih ini 😭,2024-12-23 15:16:07,positif
winarnotitin,TikTok,ni gus emg ada aja kelakuannya 😂,2024-12-23 15:51:26,positif
manullangnyana,TikTok,ceramah apaan malah ngehina,2024-12-23 15:13:17,negatif
ellispadmasari,TikTok,jujurly lucu banget sih ini 😭,2024-12-23 15:14:35,positif
mustofamurti,TikTok,biar agak keras tapi niatnya baik kok,2024-12-23 15:00:46,positif
hasnauyainah,TikTok,"ga lucu, malah nyakitin hati yg jualan",2024-12-23 15:41:13,negatif
widododamu,TikTok,ga tau mau bilang apa,2024-12-23 15:06:24,netral
hasanahmustika,TikTok,ga sopan bgt ngomong gitu,2024-12-23 15:35:57,negatif
mursita30,TikTok,biasa aja sih,2024-12-23 15:57:45,netral
fmarbun,TikTok,bisa2 jualan es teh jd insecure 😓,2024-12-23 15:59:21,negatif
spertiwi,TikTok,ni gus emg ada aja kelakuannya 😂,2024-12-23 15:45:02,positif
gadang71,TikTok,waduh ini sih udah kelewat batas,2024-12-23 15:05:15,negatif
suwarnopandu,TikTok,biar agak keras tapi niatnya baik kok,2024-12-23 15:35:46,positif
yhariyah,TikTok,biar agak keras tapi niatnya baik kok,2024-12-23 15:53:03,positif
kairavsihombing,TikTok,ni gus emg ada aja kelakuannya 😂,2024-12-23 15:43:50,positif
lulutnasyidah,TikTok,ga tau mau bilang apa,2024-12-23 15:58:51,netral
dhariyah,TikTok,biar agak keras tapi niatnya baik kok,2024-12-23 15:53:07,positif
mangunsongbudi,TikTok,hmm no comment deh,2024-12-23 15:53:12,netral
yuliantisimon,TikTok,ga tau mau bilang apa,2024-12-23 15:19:47,netral
whardiansyah,TikTok,"ceramahnya tetep dapet kok, relax aja guys",2024-12-23 15:13:46,positif
vinokusumo,TikTok,jujurly lucu banget sih ini 😭,2024-12-23 15:44:53,positif
sihotangjaga,TikTok,ga tau mau bilang apa,2024-12-23 15:36:24,netral
marsudi85,TikTok,"bener juga sih, kadang netizen terlalu baper",2024-12-23 15:41:48,positif
siraitluwes,TikTok,biar agak keras tapi niatnya baik kok,2024-12-23 15:02:13,positif
waluyoluthfi,TikTok,ga sopan bgt ngomong gitu,2024-12-23 15:24:20,negatif
nasyidahsatya,TikTok,biasa aja sih,2024-12-23 15:12:25,netral
jabal01,TikTok,masih netral aja sih gw liatnya,2024-12-23 15:02:03,netral
ratna32,TikTok,ni gus emg ada aja kelakuannya 😂,2024-12-23 15:50:58,positif
cemaniwahyuni,TikTok,hmm no comment deh,2024-12-23 15:13:47,netral
gandewausamah,TikTok,biar agak keras tapi niatnya baik kok,2024-12-23 15:17:25,positif
nwaskita,TikTok,biar agak keras tapi niatnya baik kok,2024-12-23 15:55:01,positif
taswir82,TikTok,biasa aja sih,2024-12-23 15:55:39,netral
xuyainah,TikTok,masih netral aja sih gw liatnya,2024-12-23 15:05:56,netral
ajiono62,TikTok,biasa aja sih,2024-12-23 15:13:47,netral
bwahyuni,TikTok,biar agak keras tapi niatnya baik kok,2024-12-23 15:19:01,positif
wasis67,TikTok,"ceramahnya tetep dapet kok, relax aja guys",2024-12-23 15:34:47,positif
wawannashiruddin,TikTok,biar agak keras tapi niatnya baik kok,2024-12-23 15:36:38,positif
irmamaulana,TikTok,gw setuju sih ama omongannya gus,2024-12-23 15:15:29,positif
ujailani,TikTok,ni gus emg ada aja kelakuannya 😂,2024-12-23 15:29:49,positif
jelita72,TikTok,gue liat ini ya udah lah ya,2024-12-23 15:58:45,netral
nurdiyantiilyas,TikTok,"ceramahnya tetep dapet kok, relax aja guys",2024-12-23 15:35:47,positif
jane72,TikTok,gue liat ini ya udah lah ya,2024-12-23 15:29:01,netral
galuhnashiruddin,TikTok,gue liat ini ya udah lah ya,2024-12-23 15:40:41,netral
jumadimardhiyah,TikTok,jujurly lucu banget sih ini 😭,2024-12-23 15:12:13,positif
castuti,TikTok,biasa aja sih,2024-12-23 15:29:54,netral
bnajmudin,TikTok,gw setuju sih ama omongannya gus,2024-12-23 15:43:48,positif
nashiruddinmahfud,TikTok,ga tau mau bilang apa,2024-12-23 15:54:54,netral
irsad76,TikTok,bisa2 jualan es teh jd insecure 😓,2024-12-23 15:29:37,negatif
dalimansusanti,TikTok,biar agak keras tapi niatnya baik kok,2024-12-23 15:22:52,positif
puspasariibun,TikTok,gw setuju sih ama omongannya gus,2024-12-23 15:09:06,positif
slamet34,TikTok,masih netral aja sih gw liatnya,2024-12-23 15:13:47,netral
emong78,TikTok,biar agak keras tapi niatnya baik kok,2024-12-23 15:06:33,positif
putrakamal,TikTok,jujurly lucu banget sih ini 😭,2024-12-23 15:11:49,positif
rikaharyanti,TikTok,hmm no comment deh,2024-12-23 15:07:48,netral
susantilaswi,TikTok,ga sopan bgt ngomong gitu,2024-12-23 15:15:50,negatif
myuliarti,TikTok,ga sopan bgt ngomong gitu,2024-12-23 15:39:02,negatif
tnasyidah,TikTok,waduh ini sih udah kelewat batas,2024-12-23 15:46:32,negatif
najwa17,TikTok,ga tau mau bilang apa,2024-12-23 15:16:23,netral
uchita60,TikTok,"ceramahnya tetep dapet kok, relax aja guys",2024-12-23 15:02:32,positif
bakiman02,TikTok,biasa aja sih,2024-12-23 15:44:22,netral
cecepnurdiyanti,TikTok,gue liat ini ya udah lah ya,2024-12-23 15:11:28,netral
jaimanprasasta,TikTok,masih netral aja sih gw liatnya,2024-12-23 15:16:43,netral
darsirah28,TikTok,jujurly lucu banget sih ini 😭,2024-12-23 15:47:18,positif
jefriirawan,TikTok,bisa2 jualan es teh jd insecure 😓,2024-12-23 15:15:45,negatif
tiaragunarto,TikTok,hmm no comment deh,2024-12-23 15:53:08,netral
uchita78,TikTok,ni gus emg ada aja kelakuannya 😂,2024-12-23 15:36:09,positif
panca92,TikTok,ceramah apaan malah ngehina,2024-12-23 15:53:06,negatif
mputra,TikTok,hmm no comment deh,2024-12-23 15:53:52,netral
pangestuuyainah,TikTok,gus miftah harus minta maaf sih ini,2024-12-23 15:58:35,negatif
wulandarikenzie,TikTok,gue liat ini ya udah lah ya,2024-12-23 15:32:47,netral
uwaluyo,TikTok,masih netral aja sih gw liatnya,2024-12-23 15:29:38,netral
taswir72,TikTok,jujurly lucu banget sih ini 😭,2024-12-23 15:29:28,positif
rhalim,TikTok,"ceramahnya tetep dapet kok, relax aja guys",2024-12-23 15:35:58,positif
rajataikhsan,TikTok,ga sopan bgt ngomong gitu,2024-12-23 15:04:53,negatif
natsireja,TikTok,gue liat ini ya udah lah ya,2024-12-23 15:47:26,netral
asmansihombing,TikTok,gus miftah harus minta maaf sih ini,2024-12-23 15:35:54,negatif
ulya41,TikTok,ni gus emg ada aja kelakuannya 😂,2024-12-23 15:21:39,positif
saragihnalar,TikTok,ga tau mau bilang apa,2024-12-23 15:22:01,netral
fitria33,TikTok,"bener juga sih, kadang netizen terlalu baper",2024-12-23 15:13:51,positif
umarutama,TikTok,masih netral aja sih gw liatnya,2024-12-23 15:17:00,netral
nabilamelani,TikTok,"bener juga sih, kadang netizen terlalu baper",2024-12-23 15:46:08,positif
apertiwi,TikTok,hmm no comment deh,2024-12-23 15:41:51,netral
luisrahimah,TikTok,bisa2 jualan es teh jd insecure 😓,2024-12-23 15:07:19,negatif
rsitompul,TikTok,biasa aja sih,2024-12-23 15:51:24,netral
febi08,TikTok,tergantung yg nonton juga sih,2024-12-23 15:42:46,netral
amaliakuswoyo,TikTok,tergantung yg nonton juga sih,2024-12-23 15:14:59,netral
kuswoyomargana,TikTok,gus miftah harus minta maaf sih ini,2024-12-23 15:58:35,negatif
amahendra,TikTok,gus miftah harus minta maaf sih ini,2024-12-23 15:24:31,negatif
ratihrajata,TikTok,hmm no comment deh,2024-12-23 15:40:58,netral
nmaheswara,TikTok,gw setuju sih ama omongannya gus,2024-12-23 15:55:50,positif
karta59,TikTok,masih netral aja sih gw liatnya,2024-12-23 15:09:23,netral
luluh23,TikTok,"ga lucu, malah nyakitin hati yg jualan",2024-12-23 15:09:22,negatif
dpermata,TikTok,"ga lucu, malah nyakitin hati yg jualan",2024-12-23 15:44:34,negatif
permadikarma,TikTok,waduh ini sih udah kelewat batas,2024-12-23 15:11:37,negatif
kemalsantoso,TikTok,ceramah apaan malah ngehina,2024-12-23 15:34:40,negatif
nrimasudiati,TikTok,waduh ini sih udah kelewat batas,2024-12-23 15:02:29,negatif
prasetyowidya,TikTok,biasa aja sih,2024-12-23 15:50:25,netral
malikhidayanto,TikTok,ni gus emg ada aja kelakuannya 😂,2024-12-23 15:00:52,positif
kasiyah22,TikTok,hmm no comment deh,2024-12-23 15:43:54,netral
utamigaduh,TikTok,biar agak keras tapi niatnya baik kok,2024-12-23 15:39:38,positif
jayeng30,TikTok,masih netral aja sih gw liatnya,2024-12-23 15:06:10,netral
hendri44,TikTok,gw setuju sih ama omongannya gus,2024-12-23 15:29:04,positif
hamzahgunarto,TikTok,gue liat ini ya udah lah ya,2024-12-23 15:27:52,netral
ojailani,TikTok,biasa aja sih,2024-12-23 15:33:28,netral
simbolonsiska,TikTok,gus miftah harus minta maaf sih ini,2024-12-23 15:33:41,negatif
indra15,TikTok,ga sopan bgt ngomong gitu,2024-12-23 15:09:04,negatif
kaniasafitri,TikTok,gus miftah harus minta maaf sih ini,2024-12-23 15:18:20,negatif
zlaksmiwati,TikTok,jujurly lucu banget sih ini 😭,2024-12-23 15:57:34,positif
arsipatra92,TikTok,ga sopan bgt ngomong gitu,2024-12-23 15:20:48,negatif
warsita70,TikTok,hmm no comment deh,2024-12-23 15:45:57,netral
yuliantieka,TikTok,"ceramahnya tetep dapet kok, relax aja guys",2024-12-23 15:02:57,positif
iriana27,TikTok,ni gus emg ada aja kelakuannya 😂,2024-12-23 15:34:16,positif
belinda30,TikTok,biasa aja sih,2024-12-23 15:07:40,netral
jagapati32,TikTok,gw setuju sih ama omongannya gus,2024-12-23 15:56:28,positif
karta81,TikTok,ni gus emg ada aja kelakuannya 😂,2024-12-23 15:30:19,positif
asmanwaluyo,TikTok,gw setuju sih ama omongannya gus,2024-12-23 15:33:52,positif
idasitompul,TikTok,ga sopan bgt ngomong gitu,2024-12-23 15:57:34,negatif
zulaikha68,TikTok,ceramah apaan malah ngehina,2024-12-23 15:43:59,negatif
ediprabowo,TikTok,gus miftah harus minta maaf sih ini,2024-12-23 15:46:50,negatif
ghaliyati00,TikTok,"ceramahnya tetep dapet kok, relax aja guys",2024-12-23 15:04:25,positif
ganjaranhartati,TikTok,"ceramahnya tetep dapet kok, relax aja guys",2024-12-23 15:49:52,positif
kamidinbudiyanto,TikTok,biar agak keras tapi niatnya baik kok,2024-12-23 15:25:34,positif
padmasarijarwa,TikTok,"ga lucu, malah nyakitin hati yg jualan",2024-12-23 15:23:59,negatif
heryantonuraini,TikTok,jujurly lucu banget sih ini 😭,2024-12-23 15:15:03,positif
saadat47,TikTok,"ga lucu, malah nyakitin hati yg jualan",2024-12-23 15:46:48,negatif
keishahandayani,TikTok,ni gus emg ada aja kelakuannya 😂,2024-12-23 15:45:37,positif
purwadi63,TikTok,biasa aja sih,2024-12-23 15:55:47,netral
galionoprasetya,TikTok,masih netral aja sih gw liatnya,2024-12-23 15:00:06,netral
farah44,TikTok,ga sopan bgt ngomong gitu,2024-12-23 15:29:57,negatif
wakimanpalastri,TikTok,ceramah apaan malah ngehina,2024-12-23 15:10:01,negatif
nalar90,TikTok,ceramah apaan malah ngehina,2024-12-23 15:57:22,negatif
uoktaviani,TikTok,gw setuju sih ama omongannya gus,2024-12-23 15:22:58,positif
hhartati,TikTok,ga sopan bgt ngomong gitu,2024-12-23 15:32:47,negatif
zdamanik,TikTok,waduh ini sih udah kelewat batas,2024-12-23 15:42:28,negatif
otamba,TikTok,ceramah apaan malah ngehina,2024-12-23 15:19:19,negatif
aurora49,TikTok,gue liat ini ya udah lah ya,2024-12-23 15:26:31,netral
bakijanthamrin,TikTok,"bener juga sih, kadang netizen terlalu baper",2024-12-23 15:46:09,positif
nadineprabowo,TikTok,"ga lucu, malah nyakitin hati yg jualan",2024-12-23 15:56:32,negatif
laksitakasusra,TikTok,"ceramahnya tetep dapet kok, relax aja guys",2024-12-23 15:56:45,positif
hpangestu,TikTok,waduh ini sih udah kelewat batas,2024-12-23 15:59:01,negatif
tarihoranagnes,TikTok,hmm no comment deh,2024-12-23 15:14:12,netral
panjisimanjuntak,TikTok,ceramah apaan malah ngehina,2024-12-23 15:43:23,negatif
danang06,TikTok,ga tau mau bilang apa,2024-12-23 15:12:32,netral
gada44,TikTok,ceramah apaan malah ngehina,2024-12-23 15:01:28,negatif
megantaraira,TikTok,ceramah apaan malah ngehina,2024-12-23 15:09:58,negatif
usamahkani,TikTok,"ceramahnya tetep dapet kok, relax aja guys",2024-12-23 15:38:13,positif
esaptono,TikTok,gue liat ini ya udah lah ya,2024-12-23 15:36:14,netral
xprasasta,TikTok,gw setuju sih ama omongannya gus,2024-12-23 15:38:42,positif
anggabaya95,TikTok,bisa2 jualan es teh jd insecure 😓,2024-12-23 15:26:17,negatif
tantri55,TikTok,ga sopan bgt ngomong gitu,2024-12-23 15:38:17,negatif
jpranowo,TikTok,gue liat ini ya udah lah ya,2024-12-23 15:52:04,netral
syahrini79,TikTok,"ga lucu, malah nyakitin hati yg jualan",2024-12-23 15:46:41,negatif
mahfud59,TikTok,waduh ini sih udah kelewat batas,2024-12-23 15:12:30,negatif
malika88,TikTok,biar agak keras tapi niatnya baik kok,2024-12-23 15:48:18,positif
zhasanah,TikTok,ceramah apaan malah ngehina,2024-12-23 15:06:07,negatif
sitompulbagas,TikTok,masih netral aja sih gw liatnya,2024-12-23 15:29:03,netral
limanputra,TikTok,hmm no comment deh,2024-12-23 15:12:07,netral
samiahpurnawati,TikTok,tergantung yg nonton juga sih,2024-12-23 15:27:59,netral
nsiregar,TikTok,"bener juga sih, kadang netizen terlalu baper",2024-12-23 15:57:14,positif
tmandasari,TikTok,gw setuju sih ama omongannya gus,2024-12-23 15:52:03,positif
ivan86,TikTok,gw setuju sih ama omongannya gus,2024-12-23 15:31:32,positif
prima59,TikTok,hmm no comment deh,2024-12-23 15:59:13,netral
ramautama,TikTok,ceramah apaan malah ngehina,2024-12-23 15:14:14,negatif
haryantoendra,TikTok,"bener juga sih, kadang netizen terlalu baper",2024-12-23 15:29:20,positif
cagerwaluyo,TikTok,gue liat ini ya udah lah ya,2024-12-23 15:17:13,netral
irfanputra,TikTok,ni gus emg ada aja kelakuannya 😂,2024-12-23 15:06:01,positif
latuponokasiyah,TikTok,masih netral aja sih gw liatnya,2024-12-23 15:53:44,netral
harjasimbolon,TikTok,ceramah apaan malah ngehina,2024-12-23 15:37:08,negatif
wijayantisalwa,TikTok,masih netral aja sih gw liatnya,2024-12-23 15:02:08,netral
mardhiyahcici,TikTok,hmm no comment deh,2024-12-23 15:52:45,netral
kardimulyani,TikTok,jujurly lucu banget sih ini 😭,2024-12-23 15:09:39,positif
vero60,TikTok,ceramah apaan malah ngehina,2024-12-23 15:12:08,negatif
lestarijatmiko,TikTok,waduh ini sih udah kelewat batas,2024-12-23 15:36:00,negatif
laksanasalahudin,TikTok,biasa aja sih,2024-12-23 15:31:10,netral
galih72,TikTok,ga tau mau bilang apa,2024-12-23 15:20:37,netral
salman83,TikTok,gue liat ini ya udah lah ya,2024-12-23 15:00:29,netral
cengkir31,TikTok,masih netral aja sih gw liatnya,2024-12-23 15:07:25,netral
yuliantiradit,TikTok,hmm no comment deh,2024-12-23 15:29:11,netral
dyolanda,TikTok,biar agak keras tapi niatnya baik kok,2024-12-23 15:39:31,positif
patriciaardianto,TikTok,ceramah apaan malah ngehina,2024-12-23 15:00:14,negatif
hakimwarta,TikTok,waduh ini sih udah kelewat batas,2024-12-23 15:46:05,negatif
qfujiati,TikTok,ceramah apaan malah ngehina,2024-12-23 15:05:25,negatif
darimin76,TikTok,"ga lucu, malah nyakitin hati yg jualan",2024-12-23 15:02:02,negatif
cpuspasari,TikTok,gw setuju sih ama omongannya gus,2024-12-23 15:55:23,positif
candrakanta86,TikTok,"ceramahnya tetep dapet kok, relax aja guys",2024-12-23 15:00:08,positif
cawisonolaksmiwati,TikTok,ceramah apaan malah ngehina,2024-12-23 15:44:10,negatif
ridwanmanullang,TikTok,"bener juga sih, kadang netizen terlalu baper",2024-12-23 15:46:58,positif
uchita40,TikTok,gus miftah harus minta maaf sih ini,2024-12-23 15:24:49,negatif
garangutama,TikTok,biasa aja sih,2024-12-23 15:13:51,netral
limar47,TikTok,ga sopan bgt ngomong gitu,2024-12-23 15:55:34,negatif
ousada,TikTok,tergantung yg nonton juga sih,2024-12-23 15:05:34,netral
umimulyani,TikTok,jujurly lucu banget sih ini 😭,2024-12-23 15:09:15,positif
yolandatira,TikTok,masih netral aja sih gw liatnya,2024-12-23 15:56:02,netral
belinda36,TikTok,waduh ini sih udah kelewat batas,2024-12-23 15:41:03,negatif
jpradipta,TikTok,biar agak keras tapi niatnya baik kok,2024-12-23 15:22:11,positif
mursita68,TikTok,gue liat ini ya udah lah ya,2024-12-23 15:15:08,netral
legawa75,TikTok,tergantung yg nonton juga sih,2024-12-23 15:26:10,netral
hardijailani,TikTok,masih netral aja sih gw liatnya,2024-12-23 15:03:06,netral
hakimdalima,TikTok,ga sopan bgt ngomong gitu,2024-12-23 15:48:53,negatif
asmannasyiah,TikTok,gw setuju sih ama omongannya gus,2024-12-23 15:01:00,positif
tarihorancalista,TikTok,bisa2 jualan es teh jd insecure 😓,2024-12-23 15:22:18,negatif
karsa65,TikTok,masih netral aja sih gw liatnya,2024-12-23 15:01:15,netral
kezia01,TikTok,tergantung yg nonton juga sih,2024-12-23 15:52:43,netral
odongoran,TikTok,hmm no comment deh,2024-12-23 15:39:12,netral
nasrullahsitumorang,TikTok,gue liat ini ya udah lah ya,2024-12-23 15:29:18,netral
harto79,TikTok,gus miftah harus minta maaf sih ini,2024-12-23 15:52:41,negatif
qsitorus,TikTok,ni gus emg ada aja kelakuannya 😂,2024-12-23 15:16:10,positif
verozulkarnain,TikTok,gus miftah harus minta maaf sih ini,2024-12-23 15:22:12,negatif
caturanggabudiyanto,TikTok,bisa2 jualan es teh jd insecure 😓,2024-12-23 15:03:53,negatif
mumpunisimanjuntak,TikTok,gue liat ini ya udah lah ya,2024-12-23 15:17:19,netral
rama19,TikTok,ni gus emg ada aja kelakuannya 😂,2024-12-23 15:03:05,positif
salimah94,TikTok,biasa aja sih,2024-12-23 15:19:08,netral
kurniawanlili,TikTok,"ceramahnya tetep dapet kok, relax aja guys",2024-12-23 15:17:47,positif
hafshah92,TikTok,gw setuju sih ama omongannya gus,2024-12-23 15:07:03,positif
asmadi34,TikTok,tergantung yg nonton juga sih,2024-12-23 15:59:17,netral
inuraini,TikTok,biar agak keras tapi niatnya baik kok,2024-12-23 15:27:42,positif
eli46,TikTok,ceramah apaan malah ngehina,2024-12-23 15:17:09,negatif
jasmin37,TikTok,hmm no comment deh,2024-12-23 15:54:33,netral
zsiregar,TikTok,"ceramahnya tetep dapet kok, relax aja guys",2024-12-23 15:32:23,positif
utamauwais,TikTok,"ceramahnya tetep dapet kok, relax aja guys",2024-12-23 15:55:19,positif
taufan40,TikTok,"ceramahnya tetep dapet kok, relax aja guys",2024-12-23 15:12:25,positif
siskautami,TikTok,bisa2 jualan es teh jd insecure 😓,2024-12-23 15:11:02,negatif
mujur55,TikTok,ni gus emg ada aja kelakuannya 😂,2024-12-23 15:11:53,positif
amustofa,TikTok,biasa aja sih,2024-12-23 15:58:23,netral
fwidiastuti,TikTok,"bener juga sih, kadang netizen terlalu baper",2024-12-23 15:31:35,positif
oyolanda,TikTok,gue liat ini ya udah lah ya,2024-12-23 15:47:25,netral
limar38,TikTok,ga sopan bgt ngomong gitu,2024-12-23 15:17:33,negatif
najmudinyance,TikTok,ni gus emg ada aja kelakuannya 😂,2024-12-23 15:18:39,positif
chastuti,TikTok,jujurly lucu banget sih ini 😭,2024-12-23 15:55:58,positif
aisyahhutasoit,TikTok,ceramah apaan malah ngehina,2024-12-23 15:14:10,negatif
heru10,TikTok,ga tau mau bilang apa,2024-12-23 15:25:13,netral
nugrohoraden,TikTok,gue liat ini ya udah lah ya,2024-12-23 15:21:46,netral
anastasia03,TikTok,jujurly lucu banget sih ini 😭,2024-12-23 15:10:37,positif
pudjiastutiega,TikTok,"bener juga sih, kadang netizen terlalu baper",2024-12-23 15:28:29,positif
gnapitupulu,TikTok,gus miftah harus minta maaf sih ini,2024-12-23 15:48:05,negatif
novitasarimaria,TikTok,"ga lucu, malah nyakitin hati yg jualan",2024-12-23 15:26:59,negatif
gsuryono,TikTok,ga sopan bgt ngomong gitu,2024-12-23 15:48:52,negatif
chelsea22,TikTok,"ga lucu, malah nyakitin hati yg jualan",2024-12-23 15:39:12,negatif
gatot44,TikTok,jujurly lucu banget sih ini 😭,2024-12-23 15:19:19,positif
ibrahim63,TikTok,waduh ini sih udah kelewat batas,2024-12-23 15:08:47,negatif
saptonobanawa,TikTok,biasa aja sih,2024-12-23 15:40:47,netral
xananaandriani,TikTok,biar agak keras tapi niatnya baik kok,2024-12-23 15:38:32,positif
yuniarhesti,TikTok,waduh ini sih udah kelewat batas,2024-12-23 15:43:07,negatif
baktiantokurniawan,TikTok,biasa aja sih,2024-12-23 15:38:12,netral
uhandayani,TikTok,biar agak keras tapi niatnya baik kok,2024-12-23 15:17:10,positif
gmarbun,TikTok,jujurly lucu banget sih ini 😭,2024-12-23 15:02:24,positif
daruna27,TikTok,gus miftah harus minta maaf sih ini,2024-12-23 15:27:35,negatif
mariadiutami,TikTok,gue liat ini ya udah lah ya,2024-12-23 15:14:40,netral
sabri21,TikTok,masih netral aja sih gw liatnya,2024-12-23 15:51:39,netral
handayanianom,TikTok,jujurly lucu banget sih ini 😭,2024-12-23 15:50:30,positif
ajionosuryatmi,TikTok,ga tau mau bilang apa,2024-12-23 15:34:28,netral
tantriprayoga,TikTok,"bener juga sih, kadang netizen terlalu baper",2024-12-23 15:03:00,positif
siregaribrani,TikTok,gw setuju sih ama omongannya gus,2024-12-23 15:17:42,positif
sakti09,TikTok,"ga lucu, malah nyakitin hati yg jualan",2024-12-23 15:39:00,negatif
hamima01,TikTok,"ceramahnya tetep dapet kok, relax aja guys",2024-12-23 15:57:12,positif
prasastarahmi,TikTok,masih netral aja sih gw liatnya,2024-12-23 15:03:59,netral
safitriilsa,TikTok,ga tau mau bilang apa,2024-12-23 15:35:02,netral
jagapatisantoso,TikTok,masih netral aja sih gw liatnya,2024-12-23 15:55:08,netral
nababanyuliana,TikTok,bisa2 jualan es teh jd insecure 😓,2024-12-23 15:36:23,negatif
rahayu16,TikTok,jujurly lucu banget sih ini 😭,2024-12-23 15:19:32,positif
faridamila,TikTok,"bener juga sih, kadang netizen terlalu baper",2024-12-23 15:48:02,positif
dabukkeega,TikTok,"ga lucu, malah nyakitin hati yg jualan",2024-12-23 15:10:21,negatif
sari97,TikTok,biasa aja sih,2024-12-23 15:21:43,netral
mulyanibakiadi,TikTok,ceramah apaan malah ngehina,2024-12-23 15:40:11,negatif
kusmawatidipa,TikTok,biar agak keras tapi niatnya baik kok,2024-12-23 15:36:28,positif
bakdaoktaviani,TikTok,ga sopan bgt ngomong gitu,2024-12-23 15:11:30,negatif
lsafitri,TikTok,ceramah apaan malah ngehina,2024-12-23 15:55:51,negatif
adinataanggraini,TikTok,gw setuju sih ama omongannya gus,2024-12-23 15:55:59,positif
nababanluluh,TikTok,biasa aja sih,2024-12-23 15:04:42,netral
maras14,TikTok,jujurly lucu banget sih ini 😭,2024-12-23 15:46:11,positif
duwais,TikTok,ga sopan bgt ngomong gitu,2024-12-23 15:53:13,negatif
jpertiwi,TikTok,"ga lucu, malah nyakitin hati yg jualan",2024-12-23 15:36:28,negatif
prasastaheryanto,TikTok,biar agak keras tapi niatnya baik kok,2024-12-23 15:32:42,positif
yusuf70,TikTok,hmm no comment deh,2024-12-23 15:31:41,netral
pranata43,TikTok,"bener juga sih, kadang netizen terlalu baper",2024-12-23 15:14:15,positif
ivansitumorang,TikTok,"ga lucu, malah nyakitin hati yg jualan",2024-12-23 15:50:11,negatif
lestariasman,TikTok,masih netral aja sih gw liatnya,2024-12-23 15:31:45,netral
oliva31,TikTok,gw setuju sih ama omongannya gus,2024-12-23 15:47:43,positif
elmahalim,TikTok,"ga lucu, malah nyakitin hati yg jualan",2024-12-23 15:48:44,negatif
gatra77,TikTok,ceramah apaan malah ngehina,2024-12-23 15:00:14,negatif
megantarasilvia,TikTok,waduh ini sih udah kelewat batas,2024-12-23 15:20:50,negatif
ywasita,TikTok,biar agak keras tapi niatnya baik kok,2024-12-23 15:55:17,positif
dimasmandasari,TikTok,hmm no comment deh,2024-12-23 15:19:51,netral
novitasarigading,TikTok,"ga lucu, malah nyakitin hati yg jualan",2024-12-23 15:08:34,negatif
gwibisono,TikTok,ni gus emg ada aja kelakuannya 😂,2024-12-23 15:30:18,positif
baktipradana,TikTok,ni gus emg ada aja kelakuannya 😂,2024-12-23 15:29:21,positif
mahdiramadan,TikTok,waduh ini sih udah kelewat batas,2024-12-23 15:42:12,negatif
nnashiruddin,TikTok,jujurly lucu banget sih ini 😭,2024-12-23 15:00:50,positif
bwaluyo,TikTok,tergantung yg nonton juga sih,2024-12-23 15:28:41,netral
candra18,TikTok,"ga lucu, malah nyakitin hati yg jualan",2024-12-23 15:42:03,negatif
fitria02,TikTok,ceramah apaan malah ngehina,2024-12-23 15:01:26,negatif
hasnapertiwi,TikTok,gw setuju sih ama omongannya gus,2024-12-23 15:38:00,positif
zulaikaelvina,TikTok,"ceramahnya tetep dapet kok, relax aja guys",2024-12-23 15:43:00,positif
susantisaadat,TikTok,tergantung yg nonton juga sih,2024-12-23 15:45:20,netral
rajataxanana,TikTok,waduh ini sih udah kelewat batas,2024-12-23 15:21:52,negatif
kacung23,TikTok,gue liat ini ya udah lah ya,2024-12-23 15:35:55,netral
narpatiasman,TikTok,ni gus emg ada aja kelakuannya 😂,2024-12-23 15:16:20,positif
aanggriawan,TikTok,biasa aja sih,2024-12-23 15:03:53,netral
waluyosuryono,TikTok,bisa2 jualan es teh jd insecure 😓,2024-12-23 15:44:20,negatif
wharyanti,TikTok,ga tau mau bilang apa,2024-12-23 15:10:18,netral
habibicahya,TikTok,ni gus emg ada aja kelakuannya 😂,2024-12-23 15:25:27,positif
kuswandariniyaga,TikTok,gue liat ini ya udah lah ya,2024-12-23 15:02:49,netral
fitria53,TikTok,waduh ini sih udah kelewat batas,2024-12-23 15:26:56,negatif
eluhpurwanti,TikTok,gw setuju sih ama omongannya gus,2024-12-23 15:41:37,positif
purwadipangestu,TikTok,biar agak keras tapi niatnya baik kok,2024-12-23 15:38:51,positif
iwijaya,TikTok,tergantung yg nonton juga sih,2024-12-23 15:41:26,netral
padmasariprabu,TikTok,"ga lucu, malah nyakitin hati yg jualan",2024-12-23 15:15:29,negatif
simanjuntakgamani,TikTok,masih netral aja sih gw liatnya,2024-12-23 15:59:42,netral
bakdautama,TikTok,"bener juga sih, kadang netizen terlalu baper",2024-12-23 15:50:02,positif
kusmawatihasna,TikTok,"bener juga sih, kadang netizen terlalu baper",2024-12-23 15:42:35,positif
nurainiyuni,TikTok,gue liat ini ya udah lah ya,2024-12-23 15:05:31,netral
haryantoutama,TikTok,ceramah apaan malah ngehina,2024-12-23 15:23:26,negatif
riniprasetya,TikTok,biasa aja sih,2024-12-23 15:58:08,netral
xadriansyah,TikTok,jujurly lucu banget sih ini 😭,2024-12-23 15:29:54,positif
karmatamba,TikTok,ceramah apaan malah ngehina,2024-12-23 15:41:52,negatif
novitasaricawisadi,TikTok,tergantung yg nonton juga sih,2024-12-23 15:51:00,netral
lutami,TikTok,ga sopan bgt ngomong gitu,2024-12-23 15:44:27,negatif
kawayajailani,TikTok,"ceramahnya tetep dapet kok, relax aja guys",2024-12-23 15:24:37,positif
cakrabirawa88,TikTok,gus miftah harus minta maaf sih ini,2024-12-23 15:56:32,negatif
yhidayanto,TikTok,ceramah apaan malah ngehina,2024-12-23 15:38:50,negatif
tinahutasoit,TikTok,gus miftah harus minta maaf sih ini,2024-12-23 15:54:10,negatif
kuswandariaris,TikTok,ceramah apaan malah ngehina,2024-12-23 15:43:50,negatif
prakasadipa,TikTok,ni gus emg ada aja kelakuannya 😂,2024-12-23 15:59:06,positif
nasyiahvera,TikTok,biar agak keras tapi niatnya baik kok,2024-12-23 15:03:43,positif
xjanuar,TikTok,"ga lucu, malah nyakitin hati yg jualan",2024-12-23 15:07:16,negatif
ssitompul,TikTok,waduh ini sih udah kelewat batas,2024-12-23 15:11:00,negatif
napitupulurendy,TikTok,hmm no comment deh,2024-12-23 15:30:52,netral
radensafitri,TikTok,gue liat ini ya udah lah ya,2024-12-23 15:46:15,netral
saragihkemal,TikTok,biasa aja sih,2024-12-23 15:28:50,netral
radentampubolon,TikTok,ceramah apaan malah ngehina,2024-12-23 15:35:03,negatif
opung05,TikTok,"ga lucu, malah nyakitin hati yg jualan",2024-12-23 15:12:07,negatif
estiawan38,TikTok,"ga lucu, malah nyakitin hati yg jualan",2024-12-23 15:25:47,negatif
jono37,TikTok,masih netral aja sih gw liatnya,2024-12-23 15:15:20,netral
shakilamaulana,TikTok,biar agak keras tapi niatnya baik kok,2024-12-23 15:57:08,positif
hestiriyanti,TikTok,hmm no comment deh,2024-12-23 15:24:31,netral
tambaasirwada,TikTok,masih netral aja sih gw liatnya,2024-12-23 15:38:14,netral
wulandariamalia,TikTok,biasa aja sih,2024-12-23 15:23:58,netral
oktavianiraisa,TikTok,jujurly lucu banget sih ini 😭,2024-12-23 15:43:30,positif
sari90,TikTok,gus miftah harus minta maaf sih ini,2024-12-23 15:07:24,negatif
xyulianti,TikTok,gue liat ini ya udah lah ya,2024-12-23 15:36:07,netral
cpradana,TikTok,jujurly lucu banget sih ini 😭,2024-12-23 15:11:25,positif
bambangnamaga,TikTok,biasa aja sih,2024-12-23 15:21:30,netral
eko37,TikTok,hmm no comment deh,2024-12-23 15:59:31,netral
woktaviani,TikTok,"ga lucu, malah nyakitin hati yg jualan",2024-12-23 15:01:28,negatif
wmustofa,TikTok,ga sopan bgt ngomong gitu,2024-12-23 15:08:43,negatif
wijayajamil,TikTok,waduh ini sih udah kelewat batas,2024-12-23 15:21:35,negatif
jagaraga04,TikTok,bisa2 jualan es teh jd insecure 😓,2024-12-23 15:27:54,negatif
luis07,TikTok,tergantung yg nonton juga sih,2024-12-23 15:33:52,netral
lamar78,TikTok,"ga lucu, malah nyakitin hati yg jualan",2024-12-23 15:53:09,negatif
rmulyani,TikTok,gus miftah harus minta maaf sih ini,2024-12-23 15:50:23,negatif
galuruwais,TikTok,"bener juga sih, kadang netizen terlalu baper",2024-12-23 15:03:30,positif
raharjasitumorang,TikTok,bisa2 jualan es teh jd insecure 😓,2024-12-23 15:54:14,negatif
mrahayu,TikTok,ni gus emg ada aja kelakuannya 😂,2024-12-23 15:07:06,positif
wagejailani,TikTok,biar agak keras tapi niatnya baik kok,2024-12-23 15:01:34,positif
dabukkeganep,TikTok,masih netral aja sih gw liatnya,2024-12-23 15:41:02,netral
karmasusanti,TikTok,hmm no comment deh,2024-12-23 15:21:08,netral
arta45,TikTok,bisa2 jualan es teh jd insecure 😓,2024-12-23 15:59:25,negatif
perkasa26,TikTok,biasa aja sih,2024-12-23 15:35:36,netral
raisahariyah,TikTok,"ga lucu, malah nyakitin hati yg jualan",2024-12-23 15:48:14,negatif
garang07,TikTok,ga sopan bgt ngomong gitu,2024-12-23 15:04:40,negatif
zaenab22,TikTok,gue liat ini ya udah lah ya,2024-12-23 15:33:11,netral
lsamosir,TikTok,gw setuju sih ama omongannya gus,2024-12-23 15:01:17,positif
widodoian,TikTok,bisa2 jualan es teh jd insecure 😓,2024-12-23 15:27:10,negatif
tomi53,TikTok,jujurly lucu banget sih ini 😭,2024-12-23 15:06:12,positif
ina51,TikTok,ceramah apaan malah ngehina,2024-12-23 15:00:07,negatif
alikaardianto,TikTok,masih netral aja sih gw liatnya,2024-12-23 15:55:08,netral
simonhasanah,TikTok,masih netral aja sih gw liatnya,2024-12-23 15:13:27,netral
bakiadipermata,TikTok,"bener juga sih, kadang netizen terlalu baper",2024-12-23 15:17:17,positif
lurhur04,TikTok,biar agak keras tapi niatnya baik kok,2024-12-23 15:44:51,positif
nnurdiyanti,TikTok,gus miftah harus minta maaf sih ini,2024-12-23 15:16:39,negatif
mayasariaswani,TikTok,ga sopan bgt ngomong gitu,2024-12-23 15:14:10,negatif
yuliantitirtayasa,TikTok,waduh ini sih udah kelewat batas,2024-12-23 15:49:44,negatif
anggrainifarah,TikTok,"ceramahnya tetep dapet kok, relax aja guys",2024-12-23 15:27:38,positif
wijayantizelaya,TikTok,masih netral aja sih gw liatnya,2024-12-23 15:07:18,netral
maidasihombing,TikTok,bisa2 jualan es teh jd insecure 😓,2024-12-23 15:34:13,negatif
anggriawandaliono,TikTok,biasa aja sih,2024-12-23 15:11:36,netral
puspa21,TikTok,"ga lucu, malah nyakitin hati yg jualan",2024-12-23 15:58:07,negatif
eko43,TikTok,gw setuju sih ama omongannya gus,2024-12-23 15:34:26,positif
dian44,TikTok,masih netral aja sih gw liatnya,2024-12-23 15:47:17,netral
heruwibisono,TikTok,"ceramahnya tetep dapet kok, relax aja guys",2024-12-23 15:44:41,positif
intanwulandari,TikTok,jujurly lucu banget sih ini 😭,2024-12-23 15:58:15,positif
cawisono75,TikTok,ga tau mau bilang apa,2024-12-23 15:53:05,netral
biswahyudi,TikTok,gw setuju sih ama omongannya gus,2024-12-23 15:19:32,positif
lsaragih,TikTok,masih netral aja sih gw liatnya,2024-12-23 15:09:39,netral
pdamanik,TikTok,gue liat ini ya udah lah ya,2024-12-23 15:41:43,netral
taliapertiwi,TikTok,waduh ini sih udah kelewat batas,2024-12-23 15:38:03,negatif
jane07,TikTok,waduh ini sih udah kelewat batas,2024-12-23 15:14:02,negatif
santososafina,TikTok,gw setuju sih ama omongannya gus,2024-12-23 15:48:38,positif
rendyfujiati,TikTok,biar agak keras tapi niatnya baik kok,2024-12-23 15:32:16,positif
kfujiati,TikTok,gw setuju sih ama omongannya gus,2024-12-23 15:13:30,positif
intanyuniar,TikTok,gue liat ini ya udah lah ya,2024-12-23 15:06:08,netral
unjaniutama,TikTok,masih netral aja sih gw liatnya,2024-12-23 15:13:36,netral
yuliarticecep,TikTok,tergantung yg nonton juga sih,2024-12-23 15:49:15,netral
qsimanjuntak,TikTok,gus miftah harus minta maaf sih ini,2024-12-23 15:18:24,negatif
vprabowo,TikTok,"ceramahnya tetep dapet kok, relax aja guys",2024-12-23 15:44:50,positif
wibisonogalur,TikTok,"ceramahnya tetep dapet kok, relax aja guys",2024-12-23 15:04:37,positif
gawatimaulana,TikTok,"ceramahnya tetep dapet kok, relax aja guys",2024-12-23 15:13:55,positif
salman55,TikTok,gue liat ini ya udah lah ya,2024-12-23 15:48:48,netral
bakiantosuryatmi,TikTok,gue liat ini ya udah lah ya,2024-12-23 15:14:21,netral
putu80,TikTok,ni gus emg ada aja kelakuannya 😂,2024-12-23 15:00:21,positif
fsitompul,TikTok,biasa aja sih,2024-12-23 15:14:54,netral
melanidina,TikTok,gue liat ini ya udah lah ya,2024-12-23 15:45:06,netral
januardodo,TikTok,"bener juga sih, kadang netizen terlalu baper",2024-12-23 15:02:41,positif
endrayolanda,TikTok,ga tau mau bilang apa,2024-12-23 15:14:33,netral
febianggraini,TikTok,biasa aja sih,2024-12-23 15:22:19,netral
widodobahuwirya,TikTok,ga tau mau bilang apa,2024-12-23 15:28:42,netral
nyomanjailani,TikTok,"ceramahnya tetep dapet kok, relax aja guys",2024-12-23 15:12:17,positif
umardhiyah,TikTok,"ga lucu, malah nyakitin hati yg jualan",2024-12-23 15:17:06,negatif
santosoelvin,TikTok,ni gus emg ada aja kelakuannya 😂,2024-12-23 15:34:55,positif
saputrataufik,TikTok,ni gus emg ada aja kelakuannya 😂,2024-12-23 15:35:46,positif
hairyanto62,TikTok,ceramah apaan malah ngehina,2024-12-23 15:48:02,negatif
paiman73,TikTok,masih netral aja sih gw liatnya,2024-12-23 15:02:06,netral
oniwidodo,TikTok,waduh ini sih udah kelewat batas,2024-12-23 15:58:24,negatif
gsaragih,TikTok,"ga lucu, malah nyakitin hati yg jualan",2024-12-23 15:15:05,negatif
halimaditya,TikTok,"ga lucu, malah nyakitin hati yg jualan",2024-12-23 15:42:29,negatif
uwaskita,TikTok,hmm no comment deh,2024-12-23 15:57:51,netral
vpradana,TikTok,waduh ini sih udah kelewat batas,2024-12-23 15:13:44,negatif
ratnajailani,TikTok,masih netral aja sih gw liatnya,2024-12-23 15:55:57,netral
adikara10,TikTok,hmm no comment deh,2024-12-23 15:56:41,netral
kawayaardianto,TikTok,ni gus emg ada aja kelakuannya 😂,2024-12-23 15:50:23,positif
nurainibalamantri,TikTok,ni gus emg ada aja kelakuannya 😂,2024-12-23 15:49:26,positif
simanjuntakxanana,TikTok,hmm no comment deh,2024-12-23 15:30:57,netral
bakiadisantoso,TikTok,ni gus emg ada aja kelakuannya 😂,2024-12-23 15:27:24,positif
jakakurniawan,TikTok,biar agak keras tapi niatnya baik kok,2024-12-23 15:41:06,positif
siregarsaiful,TikTok,gus miftah harus minta maaf sih ini,2024-12-23 15:08:11,negatif
winarnousyi,TikTok,"bener juga sih, kadang netizen terlalu baper",2024-12-23 15:29:13,positif
atmajapuspita,TikTok,masih netral aja sih gw liatnya,2024-12-23 15:05:56,netral
ssinaga,TikTok,"bener juga sih, kadang netizen terlalu baper",2024-12-23 15:58:54,positif
asirwadausamah,TikTok,ni gus emg ada aja kelakuannya 😂,2024-12-23 15:29:19,positif
ajiman39,TikTok,ga tau mau bilang apa,2024-12-23 15:33:02,netral
vivihasanah,TikTok,"ga lucu, malah nyakitin hati yg jualan",2024-12-23 15:59:33,negatif
darmanawaskita,TikTok,tergantung yg nonton juga sih,2024-12-23 15:11:03,netral
putraamelia,TikTok,bisa2 jualan es teh jd insecure 😓,2024-12-23 15:14:43,negatif
dirja51,TikTok,biar agak keras tapi niatnya baik kok,2024-12-23 15:24:21,positif
lwastuti,TikTok,"ceramahnya tetep dapet kok, relax aja guys",2024-12-23 15:50:24,positif
saifularyani,TikTok,waduh ini sih udah kelewat batas,2024-12-23 15:15:28,negatif
prasastakala,TikTok,"ceramahnya tetep dapet kok, relax aja guys",2024-12-23 15:33:03,positif
fwastuti,TikTok,masih netral aja sih gw liatnya,2024-12-23 15:07:25,netral
gamblang68,TikTok,jujurly lucu banget sih ini 😭,2024-12-23 15:40:14,positif
laksmiwatiendra,TikTok,"ga lucu, malah nyakitin hati yg jualan",2024-12-23 15:44:12,negatif
bfujiati,TikTok,jujurly lucu banget sih ini 😭,2024-12-23 15:13:10,positif
apratiwi,TikTok,biar agak keras tapi niatnya baik kok,2024-12-23 15:38:36,positif
alambana49,TikTok,biasa aja sih,2024-12-23 15:22:21,netral
simanjuntakmargana,TikTok,"ga lucu, malah nyakitin hati yg jualan",2024-12-23 15:17:17,negatif
panji25,TikTok,ga sopan bgt ngomong gitu,2024-12-23 15:16:16,negatif
xmarpaung,TikTok,waduh ini sih udah kelewat batas,2024-12-23 15:46:49,negatif
rinihartati,TikTok,"bener juga sih, kadang netizen terlalu baper",2024-12-23 15:35:45,positif
laswi90,TikTok,ga sopan bgt ngomong gitu,2024-12-23 15:32:56,negatif
ynashiruddin,TikTok,ga sopan bgt ngomong gitu,2024-12-23 15:28:32,negatif
zelaya82,TikTok,"bener juga sih, kadang netizen terlalu baper",2024-12-23 15:29:33,positif
janet58,TikTok,hmm no comment deh,2024-12-23 15:56:01,netral
emanhutasoit,TikTok,ni gus emg ada aja kelakuannya 😂,2024-12-23 15:17:06,positif
isihombing,TikTok,bisa2 jualan es teh jd insecure 😓,2024-12-23 15:50:14,negatif
rafid83,TikTok,gw setuju sih ama omongannya gus,2024-12-23 15:27:19,positif
ganda30,TikTok,"ga lucu, malah nyakitin hati yg jualan",2024-12-23 15:40:31,negatif
zulkarnaingina,TikTok,gue liat ini ya udah lah ya,2024-12-23 15:22:48,netral
tina94,TikTok,"bener juga sih, kadang netizen terlalu baper",2024-12-23 15:50:51,positif
ekaharyanto,TikTok,ga tau mau bilang apa,2024-12-23 15:56:20,netral
hadi00,TikTok,"ga lucu, malah nyakitin hati yg jualan",2024-12-23 15:09:32,negatif
vwaskita,TikTok,jujurly lucu banget sih ini 😭,2024-12-23 15:00:49,positif
jhutasoit,TikTok,tergantung yg nonton juga sih,2024-12-23 15:36:14,netral
kusumawastuti,TikTok,biar agak keras tapi niatnya baik kok,2024-12-23 15:02:54,positif
mhalimah,TikTok,masih netral aja sih gw liatnya,2024-12-23 15:04:29,netral
prasastaasirwada,TikTok,waduh ini sih udah kelewat batas,2024-12-23 15:46:46,negatif
najibsihombing,TikTok,gw setuju sih ama omongannya gus,2024-12-23 15:25:55,positif
jumadimaryati,TikTok,jujurly lucu banget sih ini 😭,2024-12-23 15:52:16,positif
ymangunsong,TikTok,gw setuju sih ama omongannya gus,2024-12-23 15:32:25,positif
aurora03,TikTok,waduh ini sih udah kelewat batas,2024-12-23 15:35:43,negatif
palastridanuja,TikTok,masih netral aja sih gw liatnya,2024-12-23 15:40:44,netral
tambadadap,TikTok,ga tau mau bilang apa,2024-12-23 15:49:59,netral
wadinarpati,TikTok,ceramah apaan malah ngehina,2024-12-23 15:21:57,negatif
hnajmudin,TikTok,biar agak keras tapi niatnya baik kok,2024-12-23 15:09:21,positif
rahman26,TikTok,ceramah apaan malah ngehina,2024-12-23 15:06:23,negatif
santosogaliono,TikTok,bisa2 jualan es teh jd insecure 😓,2024-12-23 15:04:56,negatif
jayadi72,TikTok,ceramah apaan malah ngehina,2024-12-23 15:20:18,negatif
najibpranowo,TikTok,tergantung yg nonton juga sih,2024-12-23 15:30:54,netral
galiono94,TikTok,ni gus emg ada aja kelakuannya 😂,2024-12-23 15:22:18,positif
michellehassanah,TikTok,ga sopan bgt ngomong gitu,2024-12-23 15:33:41,negatif
budiyantoheryanto,TikTok,gus miftah harus minta maaf sih ini,2024-12-23 15:22:48,negatif
anggriawanjarwa,TikTok,ceramah apaan malah ngehina,2024-12-23 15:32:57,negatif
cintawaluyo,TikTok,waduh ini sih udah kelewat batas,2024-12-23 15:22:59,negatif
gamantosuwarno,TikTok,gw setuju sih ama omongannya gus,2024-12-23 15:01:55,positif
isamosir,TikTok,tergantung yg nonton juga sih,2024-12-23 15:27:36,netral
maulanamahdi,TikTok,jujurly lucu banget sih ini 😭,2024-12-23 15:01:53,positif
wisnuprabowo,TikTok,bisa2 jualan es teh jd insecure 😓,2024-12-23 15:19:34,negatif
satyamayasari,TikTok,gus miftah harus minta maaf sih ini,2024-12-23 15:12:53,negatif
violetprabowo,TikTok,bisa2 jualan es teh jd insecure 😓,2024-12-23 15:13:25,negatif
rajasadian,TikTok,hmm no comment deh,2024-12-23 15:52:56,netral
emin83,TikTok,masih netral aja sih gw liatnya,2024-12-23 15:24:37,netral
natsirpangestu,TikTok,waduh ini sih udah kelewat batas,2024-12-23 15:58:59,negatif
hutapeahalima,TikTok,waduh ini sih udah kelewat batas,2024-12-23 15:56:00,negatif
muni26,TikTok,bisa2 jualan es teh jd insecure 😓,2024-12-23 15:14:20,negatif
mahmud90,TikTok,gue liat ini ya udah lah ya,2024-12-23 15:32:45,netral
putrayunita,TikTok,gue liat ini ya udah lah ya,2024-12-23 15:19:34,netral
bmandasari,TikTok,"ceramahnya tetep dapet kok, relax aja guys",2024-12-23 15:04:18,positif
sakurakurniawan,TikTok,"bener juga sih, kadang netizen terlalu baper",2024-12-23 15:47:26,positif
dabukkeemas,TikTok,tergantung yg nonton juga sih,2024-12-23 15:40:50,netral
prasetyotami,TikTok,"bener juga sih, kadang netizen terlalu baper",2024-12-23 15:01:01,positif
puspasarimulyanto,TikTok,waduh ini sih udah kelewat batas,2024-12-23 15:04:19,negatif
gambira95,TikTok,ga sopan bgt ngomong gitu,2024-12-23 15:43:03,negatif
mustofaprakosa,TikTok,waduh ini sih udah kelewat batas,2024-12-23 15:38:13,negatif
rgunawan,TikTok,ceramah apaan malah ngehina,2024-12-23 15:39:30,negatif
iwahyudin,TikTok,ni gus emg ada aja kelakuannya 😂,2024-12-23 15:07:36,positif
cageryuliarti,TikTok,hmm no comment deh,2024-12-23 15:40:57,netral
baktiadiuyainah,TikTok,waduh ini sih udah kelewat batas,2024-12-23 15:24:52,negatif
jessicalaksita,TikTok,ga sopan bgt ngomong gitu,2024-12-23 15:49:51,negatif
pnainggolan,TikTok,hmm no comment deh,2024-12-23 15:15:56,netral
paulin61,TikTok,ga sopan bgt ngomong gitu,2024-12-23 15:43:43,negatif
taufanmansur,TikTok,gw setuju sih ama omongannya gus,2024-12-23 15:48:52,positif
ksuwarno,TikTok,hmm no comment deh,2024-12-23 15:00:13,netral
santosomurti,TikTok,"ceramahnya tetep dapet kok, relax aja guys",2024-12-23 15:28:52,positif
hendri92,TikTok,jujurly lucu banget sih ini 😭,2024-12-23 15:06:37,positif
jati80,TikTok,"ceramahnya tetep dapet kok, relax aja guys",2024-12-23 15:07:47,positif
dian79,TikTok,jujurly lucu banget sih ini 😭,2024-12-23 15:08:11,positif
kamariayulianti,TikTok,ga tau mau bilang apa,2024-12-23 15:59:45,netral
sabrinatsir,TikTok,waduh ini sih udah kelewat batas,2024-12-23 15:18:24,negatif
mayasaribella,TikTok,"bener juga sih, kadang netizen terlalu baper",2024-12-23 15:55:04,positif
darunugroho,TikTok,biasa aja sih,2024-12-23 15:35:11,netral
paramitathamrin,TikTok,tergantung yg nonton juga sih,2024-12-23 15:23:58,netral
wastutiharto,TikTok,bisa2 jualan es teh jd insecure 😓,2024-12-23 15:00:57,negatif
anatampubolon,TikTok,gue liat ini ya udah lah ya,2024-12-23 15:40:20,netral
drajat86,TikTok,"ga lucu, malah nyakitin hati yg jualan",2024-12-23 15:19:50,negatif
jhakim,TikTok,jujurly lucu banget sih ini 😭,2024-12-23 15:47:40,positif
pprastuti,TikTok,ga sopan bgt ngomong gitu,2024-12-23 15:24:23,negatif
mmaryati,TikTok,bisa2 jualan es teh jd insecure 😓,2024-12-23 15:40:14,negatif
restupangestu,TikTok,ceramah apaan malah ngehina,2024-12-23 15:25:12,negatif
edi39,TikTok,jujurly lucu banget sih ini 😭,2024-12-23 15:12:10,positif
siska04,TikTok,gue liat ini ya udah lah ya,2024-12-23 15:49:41,netral
smegantara,TikTok,biar agak keras tapi niatnya baik kok,2024-12-23 15:45:30,positif
mayasaricindy,TikTok,ceramah apaan malah ngehina,2024-12-23 15:04:06,negatif
maheswaragandi,TikTok,"ga lucu, malah nyakitin hati yg jualan",2024-12-23 15:02:22,negatif
halimahnajib,TikTok,ga sopan bgt ngomong gitu,2024-12-23 15:43:16,negatif
xanana19,TikTok,biar agak keras tapi niatnya baik kok,2024-12-23 15:56:25,positif
kadirbudiyanto,TikTok,gue liat ini ya udah lah ya,2024-12-23 15:41:05,netral
novitasarigangsa,TikTok,"ceramahnya tetep dapet kok, relax aja guys",2024-12-23 15:15:32,positif
mrahmawati,TikTok,"ga lucu, malah nyakitin hati yg jualan",2024-12-23 15:06:01,negatif
salsabilasuartini,TikTok,bisa2 jualan es teh jd insecure 😓,2024-12-23 15:37:01,negatif
tiara95,TikTok,ga sopan bgt ngomong gitu,2024-12-23 15:57:25,negatif
cemetiyuniar,TikTok,"ga lucu, malah nyakitin hati yg jualan",2024-12-23 15:46:00,negatif
apranowo,TikTok,gw setuju sih ama omongannya gus,2024-12-23 15:13:51,positif
hendripermata,TikTok,jujurly lucu banget sih ini 😭,2024-12-23 15:18:56,positif
sharyanto,TikTok,biasa aja sih,2024-12-23 15:20:53,netral
puji56,TikTok,ga sopan bgt ngomong gitu,2024-12-23 15:19:11,negatif
dpalastri,TikTok,ga tau mau bilang apa,2024-12-23 15:21:58,netral
kusumodacin,TikTok,ga sopan bgt ngomong gitu,2024-12-23 15:09:35,negatif
cayadi42,TikTok,ceramah apaan malah ngehina,2024-12-23 15:31:36,negatif
emasnababan,TikTok,waduh ini sih udah kelewat batas,2024-12-23 15:34:48,negatif
cagersetiawan,TikTok,ga tau mau bilang apa,2024-12-23 15:54:33,netral
dabukkeleo,TikTok,"bener juga sih, kadang netizen terlalu baper",2024-12-23 15:04:25,positif
wahyu56,TikTok,bisa2 jualan es teh jd insecure 😓,2024-12-23 15:22:33,negatif
hasta48,TikTok,gus miftah harus minta maaf sih ini,2024-12-23 15:43:38,negatif
mahendrasamiah,TikTok,bisa2 jualan es teh jd insecure 😓,2024-12-23 15:36:25,negatif
salman18,TikTok,ceramah apaan malah ngehina,2024-12-23 15:42:27,negatif
lanjaryulianti,TikTok,biasa aja sih,2024-12-23 15:21:23,netral
dsalahudin,TikTok,ga sopan bgt ngomong gitu,2024-12-23 15:12:53,negatif
natsirdarmana,TikTok,ga sopan bgt ngomong gitu,2024-12-23 15:58:08,negatif
gandewa77,TikTok,ga sopan bgt ngomong gitu,2024-12-23 15:54:00,negatif
melanicagak,TikTok,gue liat ini ya udah lah ya,2024-12-23 15:36:13,netral
sarah70,TikTok,ceramah apaan malah ngehina,2024-12-23 15:39:37,negatif
ellisdongoran,TikTok,ga sopan bgt ngomong gitu,2024-12-23 15:25:03,negatif
karma29,TikTok,gue liat ini ya udah lah ya,2024-12-23 15:39:39,netral
rahmawatiani,TikTok,waduh ini sih udah kelewat batas,2024-12-23 15:00:27,negatif
adriansyahlasmono,TikTok,biar agak keras tapi niatnya baik kok,2024-12-23 15:48:01,positif
ani95,TikTok,gus miftah harus minta maaf sih ini,2024-12-23 15:29:56,negatif
ellawinarsih,TikTok,jujurly lucu banget sih ini 😭,2024-12-23 15:45:40,positif
jayadi66,TikTok,jujurly lucu banget sih ini 😭,2024-12-23 15:24:33,positif
jaga16,TikTok,ceramah apaan malah ngehina,2024-12-23 15:09:17,negatif
hamzahsitompul,TikTok,"bener juga sih, kadang netizen terlalu baper",2024-12-23 15:23:11,positif
sudiatiamong,TikTok,masih netral aja sih gw liatnya,2024-12-23 15:26:39,netral
warsitaprastuti,TikTok,gw setuju sih ama omongannya gus,2024-12-23 15:22:44,positif
sariharyanto,TikTok,ga sopan bgt ngomong gitu,2024-12-23 15:23:44,negatif
hidayantoempluk,TikTok,gue liat ini ya udah lah ya,2024-12-23 15:33:22,netral
marpaungjulia,TikTok,"bener juga sih, kadang netizen terlalu baper",2024-12-23 15:23:30,positif
prabowomartani,TikTok,tergantung yg nonton juga sih,2024-12-23 15:29:25,netral
prabowonajib,TikTok,biasa aja sih,2024-12-23 15:01:42,netral
karimah33,TikTok,jujurly lucu banget sih ini 😭,2024-12-23 15:22:31,positif
aisyah39,TikTok,gw setuju sih ama omongannya gus,2024-12-23 15:49:38,positif
cahyonomanullang,TikTok,ga tau mau bilang apa,2024-12-23 15:41:31,netral
kayla20,TikTok,gue liat ini ya udah lah ya,2024-12-23 15:33:57,netral
mkurniawan,TikTok,gw setuju sih ama omongannya gus,2024-12-23 15:37:52,positif
mandalawardi,TikTok,gw setuju sih ama omongannya gus,2024-12-23 15:26:00,positif
rahimahprima,TikTok,"ga lucu, malah nyakitin hati yg jualan",2024-12-23 15:32:03,negatif
nashiruddinluis,TikTok,biasa aja sih,2024-12-23 15:59:35,netral
enteng10,TikTok,biasa aja sih,2024-12-23 15:24:36,netral
shaniasaptono,TikTok,"ga lucu, malah nyakitin hati yg jualan",2024-12-23 15:35:07,negatif
surya04,TikTok,hmm no comment deh,2024-12-23 15:24:04,netral
hasanahellis,TikTok,ceramah apaan malah ngehina,2024-12-23 15:37:56,negatif
olivawahyudin,TikTok,ga sopan bgt ngomong gitu,2024-12-23 15:26:10,negatif
zulkarnaindarmanto,TikTok,ga tau mau bilang apa,2024-12-23 15:48:38,netral
ibrahimprasetyo,TikTok,gus miftah harus minta maaf sih ini,2024-12-23 15:39:35,negatif
caket34,TikTok,ni gus emg ada aja kelakuannya 😂,2024-12-23 15:49:57,positif
cecep34,TikTok,hmm no comment deh,2024-12-23 15:04:00,netral
gentaprayoga,TikTok,masih netral aja sih gw liatnya,2024-12-23 15:45:06,netral
belinda04,TikTok,masih netral aja sih gw liatnya,2024-12-23 15:15:34,netral
eman86,TikTok,bisa2 jualan es teh jd insecure 😓,2024-12-23 15:06:01,negatif
faizahtamba,TikTok,biar agak keras tapi niatnya baik kok,2024-12-23 15:17:06,positif
bpermadi,TikTok,jujurly lucu banget sih ini 😭,2024-12-23 15:40:54,positif
cagergunawan,TikTok,ceramah apaan malah ngehina,2024-12-23 15:02:31,negatif
halimahdagel,TikTok,gw setuju sih ama omongannya gus,2024-12-23 15:02:42,positif
ramadandaruna,TikTok,hmm no comment deh,2024-12-23 15:17:54,netral
uwaiswakiman,TikTok,"bener juga sih, kadang netizen terlalu baper",2024-12-23 15:48:06,positif
oktavianipia,TikTok,gue liat ini ya udah lah ya,2024-12-23 15:38:40,netral
anomzulaika,TikTok,gus miftah harus minta maaf sih ini,2024-12-23 15:25:12,negatif
safina35,TikTok,ceramah apaan malah ngehina,2024-12-23 15:39:06,negatif
faridafebi,TikTok,gue liat ini ya udah lah ya,2024-12-23 15:45:23,netral
viktor64,TikTok,bisa2 jualan es teh jd insecure 😓,2024-12-23 15:48:14,negatif
tarihoranemin,TikTok,gus miftah harus minta maaf sih ini,2024-12-23 15:55:48,negatif
margananarpati,TikTok,"ga lucu, malah nyakitin hati yg jualan",2024-12-23 15:39:53,negatif
harsana20,TikTok,ni gus emg ada aja kelakuannya 😂,2024-12-23 15:25:34,positif
nova21,TikTok,"bener juga sih, kadang netizen terlalu baper",2024-12-23 15:02:47,positif
jefriusada,TikTok,ceramah apaan malah ngehina,2024-12-23 15:18:13,negatif
wastutibalamantri,TikTok,"ceramahnya tetep dapet kok, relax aja guys",2024-12-23 15:28:36,positif
edi83,TikTok,"ceramahnya tetep dapet kok, relax aja guys",2024-12-23 15:55:09,positif
dwulandari,TikTok,bisa2 jualan es teh jd insecure 😓,2024-12-23 15:53:41,negatif
nurdiyantianita,TikTok,biasa aja sih,2024-12-23 15:55:56,netral
hartaka07,TikTok,masih netral aja sih gw liatnya,2024-12-23 15:32:41,netral
herupradana,TikTok,gw setuju sih ama omongannya gus,2024-12-23 15:55:31,positif
zelayausada,TikTok,"ceramahnya tetep dapet kok, relax aja guys",2024-12-23 15:57:19,positif
maryatimahdi,TikTok,ga sopan bgt ngomong gitu,2024-12-23 15:58:47,negatif
ipermata,TikTok,ni gus emg ada aja kelakuannya 😂,2024-12-23 15:33:20,positif
cemetikuswandari,TikTok,"bener juga sih, kadang netizen terlalu baper",2024-12-23 15:51:16,positif
ega33,TikTok,ni gus emg ada aja kelakuannya 😂,2024-12-23 15:01:50,positif
ssaptono,TikTok,"ga lucu, malah nyakitin hati yg jualan",2024-12-23 15:16:43,negatif
vutama,TikTok,ga tau mau bilang apa,2024-12-23 15:42:35,netral
lazuardirina,TikTok,ga tau mau bilang apa,2024-12-23 15:05:01,netral
kandriani,TikTok,ga sopan bgt ngomong gitu,2024-12-23 15:39:29,negatif
bahuwarna09,TikTok,ceramah apaan malah ngehina,2024-12-23 15:39:27,negatif
oktavianiendah,TikTok,biar agak keras tapi niatnya baik kok,2024-12-23 15:54:03,positif
setiawantri,TikTok,tergantung yg nonton juga sih,2024-12-23 15:48:20,netral
maryatigamblang,TikTok,jujurly lucu banget sih ini 😭,2024-12-23 15:43:46,positif
bambang80,TikTok,"ga lucu, malah nyakitin hati yg jualan",2024-12-23 15:21:49,negatif
rina73,TikTok,hmm no comment deh,2024-12-23 15:19:41,netral
talia44,TikTok,"ceramahnya tetep dapet kok, relax aja guys",2024-12-23 15:13:44,positif
nugrohobanawa,TikTok,biasa aja sih,2024-12-23 15:23:07,netral
jaswadiprasetya,TikTok,gue liat ini ya udah lah ya,2024-12-23 15:03:02,netral
hariyahliman,TikTok,ga tau mau bilang apa,2024-12-23 15:01:07,netral
fujiatiprabawa,TikTok,biar agak keras tapi niatnya baik kok,2024-12-23 15:05:23,positif
diana67,TikTok,biasa aja sih,2024-12-23 15:30:27,netral
lusamah,TikTok,masih netral aja sih gw liatnya,2024-12-23 15:35:55,netral
bmaryadi,TikTok,biasa aja sih,2024-12-23 15:20:26,netral
edi54,TikTok,biasa aja sih,2024-12-23 15:21:44,netral
wahyunidariati,TikTok,biasa aja sih,2024-12-23 15:47:49,netral
amilaksmiwati,TikTok,masih netral aja sih gw liatnya,2024-12-23 15:30:15,netral
wulandariumi,TikTok,biar agak keras tapi niatnya baik kok,2024-12-23 15:15:13,positif
nyomannovitasari,TikTok,ceramah apaan malah ngehina,2024-12-23 15:55:34,negatif
tinaprakasa,TikTok,gus miftah harus minta maaf sih ini,2024-12-23 15:30:43,negatif
tiara29,TikTok,jujurly lucu banget sih ini 😭,2024-12-23 15:05:54,positif
sprasetya,TikTok,ni gus emg ada aja kelakuannya 😂,2024-12-23 15:57:01,positif
dacin45,TikTok,tergantung yg nonton juga sih,2024-12-23 15:37:52,netral
hmarpaung,TikTok,gw setuju sih ama omongannya gus,2024-12-23 15:48:37,positif
ajimatthamrin,TikTok,hmm no comment deh,2024-12-23 15:35:13,netral
wastutikambali,TikTok,biar agak keras tapi niatnya baik kok,2024-12-23 15:44:32,positif
widodokarta,TikTok,tergantung yg nonton juga sih,2024-12-23 15:11:43,netral
suartinisiti,TikTok,"ceramahnya tetep dapet kok, relax aja guys",2024-12-23 15:22:15,positif
tina48,TikTok,ceramah apaan malah ngehina,2024-12-23 15:10:45,negatif
agustinafathonah,TikTok,hmm no comment deh,2024-12-23 15:05:13,netral
simonmaulana,TikTok,hmm no comment deh,2024-12-23 15:05:05,netral
jessica71,TikTok,gw setuju sih ama omongannya gus,2024-12-23 15:34:28,positif
fathonahriyanti,TikTok,"ga lucu, malah nyakitin hati yg jualan",2024-12-23 15:47:33,negatif
tomi58,TikTok,hmm no comment deh,2024-12-23 15:48:32,netral
cinthiapadmasari,TikTok,jujurly lucu banget sih ini 😭,2024-12-23 15:30:17,positif
kurniawangamani,TikTok,"ga lucu, malah nyakitin hati yg jualan",2024-12-23 15:03:59,negatif
mahendradodo,TikTok,hmm no comment deh,2024-12-23 15:51:37,netral
yolandaade,TikTok,"bener juga sih, kadang netizen terlalu baper",2024-12-23 15:49:32,positif
lsaputra,TikTok,"ceramahnya tetep dapet kok, relax aja guys",2024-12-23 15:18:38,positif
gaduhpadmasari,TikTok,gus miftah harus minta maaf sih ini,2024-12-23 15:53:35,negatif
gaman99,TikTok,tergantung yg nonton juga sih,2024-12-23 15:23:14,netral
sabri74,TikTok,"ga lucu, malah nyakitin hati yg jualan",2024-12-23 15:24:58,negatif
raina29,TikTok,waduh ini sih udah kelewat batas,2024-12-23 15:58:53,negatif
prakosa96,TikTok,jujurly lucu banget sih ini 😭,2024-12-23 15:19:00,positif
wirapradana,TikTok,"ga lucu, malah nyakitin hati yg jualan",2024-12-23 15:33:22,negatif
gaduhmarbun,TikTok,gw setuju sih ama omongannya gus,2024-12-23 15:49:52,positif
hendra90,TikTok,"ga lucu, malah nyakitin hati yg jualan",2024-12-23 15:57:30,negatif
nalar32,TikTok,biar agak keras tapi niatnya baik kok,2024-12-23 15:42:41,positif
ajiono12,TikTok,jujurly lucu banget sih ini 😭,2024-12-23 15:24:11,positif
lailasarivinsen,TikTok,"bener juga sih, kadang netizen terlalu baper",2024-12-23 15:30:44,positif
olaksita,TikTok,ga tau mau bilang apa,2024-12-23 15:55:44,netral
harja81,TikTok,ceramah apaan malah ngehina,2024-12-23 15:55:51,negatif
emongnainggolan,TikTok,"ga lucu, malah nyakitin hati yg jualan",2024-12-23 15:30:19,negatif
tampubolonarta,TikTok,hmm no comment deh,2024-12-23 15:46:05,netral
arisiswahyudi,TikTok,waduh ini sih udah kelewat batas,2024-12-23 15:19:00,negatif
wibowoasirwanda,TikTok,gus miftah harus minta maaf sih ini,2024-12-23 15:01:41,negatif
yramadan,TikTok,tergantung yg nonton juga sih,2024-12-23 15:33:45,netral
lanjar65,TikTok,ga tau mau bilang apa,2024-12-23 15:35:44,netral
fitrianilaksmiwati,TikTok,gus miftah harus minta maaf sih ini,2024-12-23 15:39:16,negatif
mkuswoyo,TikTok,biasa aja sih,2024-12-23 15:00:59,netral
hardana92,TikTok,gw setuju sih ama omongannya gus,2024-12-23 15:58:47,positif
bahuwiryanugroho,TikTok,hmm no comment deh,2024-12-23 15:42:52,netral
bakijan34,TikTok,waduh ini sih udah kelewat batas,2024-12-23 15:49:38,negatif
sihombingnurul,TikTok,ga sopan bgt ngomong gitu,2024-12-23 15:20:08,negatif
psirait,TikTok,ga sopan bgt ngomong gitu,2024-12-23 15:53:29,negatif
oktavianiwarji,TikTok,biasa aja sih,2024-12-23 15:57:59,netral
karyasiregar,TikTok,bisa2 jualan es teh jd insecure 😓,2024-12-23 15:19:31,negatif
wasitaaswani,TikTok,"ceramahnya tetep dapet kok, relax aja guys",2024-12-23 15:01:45,positif
setiawangangsa,TikTok,biasa aja sih,2024-12-23 15:51:07,netral
vwastuti,TikTok,gus miftah harus minta maaf sih ini,2024-12-23 15:14:10,negatif
hartopadmasari,TikTok,biar agak keras tapi niatnya baik kok,2024-12-23 15:28:21,positif
maryatiyessi,TikTok,ga tau mau bilang apa,2024-12-23 15:20:02,netral
tsihotang,TikTok,jujurly lucu banget sih ini 😭,2024-12-23 15:29:54,positif
niyagaprasetyo,TikTok,biasa aja sih,2024-12-23 15:19:06,netral
tmarpaung,TikTok,"ceramahnya tetep dapet kok, relax aja guys",2024-12-23 15:12:36,positif
widya51,TikTok,"ceramahnya tetep dapet kok, relax aja guys",2024-12-23 15:22:08,positif
gwibowo,TikTok,waduh ini sih udah kelewat batas,2024-12-23 15:39:17,negatif
arsipatra11,TikTok,biar agak keras tapi niatnya baik kok,2024-12-23 15:34:29,positif
gangsaandriani,TikTok,"bener juga sih, kadang netizen terlalu baper",2024-12-23 15:30:28,positif
vino49,TikTok,gus miftah harus minta maaf sih ini,2024-12-23 15:52:21,negatif
namagagenta,TikTok,"bener juga sih, kadang netizen terlalu baper",2024-12-23 15:36:20,positif
novitasarisalwa,TikTok,biar agak keras tapi niatnya baik kok,2024-12-23 15:53:07,positif
rajatayuliana,TikTok,bisa2 jualan es teh jd insecure 😓,2024-12-23 15:53:36,negatif
oskarwaskita,TikTok,tergantung yg nonton juga sih,2024-12-23 15:23:03,netral
fmelani,TikTok,masih netral aja sih gw liatnya,2024-12-23 15:26:39,netral
yzulaika,TikTok,gw setuju sih ama omongannya gus,2024-12-23 15:34:51,positif
zeldawidiastuti,TikTok,bisa2 jualan es teh jd insecure 😓,2024-12-23 15:48:05,negatif
banaraputra,TikTok,waduh ini sih udah kelewat batas,2024-12-23 15:44:08,negatif
gtamba,TikTok,"ga lucu, malah nyakitin hati yg jualan",2024-12-23 15:35:42,negatif
ira11,TikTok,bisa2 jualan es teh jd insecure 😓,2024-12-23 15:13:55,negatif
chelsea00,TikTok,jujurly lucu banget sih ini 😭,2024-12-23 15:18:20,positif
kurniapertiwi,TikTok,jujurly lucu banget sih ini 😭,2024-12-23 15:08:07,positif
dipa79,TikTok,gue liat ini ya udah lah ya,2024-12-23 15:57:09,netral
cengkirhandayani,TikTok,"bener juga sih, kadang netizen terlalu baper",2024-12-23 15:49:48,positif
hadisitompul,X,jujurly lucu banget sih ini 😭,2024-12-23 15:26:06,positif
hadriansyah,X,hmm no comment deh,2024-12-23 15:48:23,netral
mala24,X,ga sopan bgt ngomong gitu,2024-12-23 15:48:31,negatif
ekopudjiastuti,X,hmm no comment deh,2024-12-23 15:37:24,netral
jfirmansyah,X,hmm no comment deh,2024-12-23 15:49:26,netral
rusman22,X,ni gus emg ada aja kelakuannya 😂,2024-12-23 15:48:18,positif
edimarbun,X,"ga lucu, malah nyakitin hati yg jualan",2024-12-23 15:02:13,negatif
mnurdiyanti,X,gw setuju sih ama omongannya gus,2024-12-23 15:21:55,positif
qsaptono,X,ga sopan bgt ngomong gitu,2024-12-23 15:53:33,negatif
huyainah,X,biasa aja sih,2024-12-23 15:01:20,netral
nurulpranowo,X,masih netral aja sih gw liatnya,2024-12-23 15:26:54,netral
sprastuti,X,ga tau mau bilang apa,2024-12-23 15:50:57,netral
cuyainah,X,"ceramahnya tetep dapet kok, relax aja guys",2024-12-23 15:13:21,positif
edison84,X,gus miftah harus minta maaf sih ini,2024-12-23 15:42:28,negatif
waluyobetania,X,ga tau mau bilang apa,2024-12-23 15:13:38,netral
puspitacapa,X,ga sopan bgt ngomong gitu,2024-12-23 15:32:05,negatif
pradanapaiman,X,jujurly lucu banget sih ini 😭,2024-12-23 15:47:01,positif
bnasyiah,X,ga sopan bgt ngomong gitu,2024-12-23 15:27:05,negatif
hafshahriyanti,X,ni gus emg ada aja kelakuannya 😂,2024-12-23 15:26:44,positif
amelia34,X,ceramah apaan malah ngehina,2024-12-23 15:15:44,negatif
umansur,X,biar agak keras tapi niatnya baik kok,2024-12-23 15:00:07,positif
okta51,X,waduh ini sih udah kelewat batas,2024-12-23 15:30:40,negatif
cahyono78,X,ga tau mau bilang apa,2024-12-23 15:44:44,netral
daryanipuspasari,X,gue liat ini ya udah lah ya,2024-12-23 15:15:43,netral
kurniawanhasan,X,jujurly lucu banget sih ini 😭,2024-12-23 15:19:44,positif
zulkarnainkezia,X,masih netral aja sih gw liatnya,2024-12-23 15:19:25,netral
aagustina,X,"ga lucu, malah nyakitin hati yg jualan",2024-12-23 15:29:01,negatif
csamosir,X,tergantung yg nonton juga sih,2024-12-23 15:22:39,netral
maulanahari,X,"ga lucu, malah nyakitin hati yg jualan",2024-12-23 15:13:37,negatif
kusumocahyanto,X,"bener juga sih, kadang netizen terlalu baper",2024-12-23 15:33:21,positif
winarsihmartaka,X,waduh ini sih udah kelewat batas,2024-12-23 15:30:00,negatif
eli51,X,tergantung yg nonton juga sih,2024-12-23 15:40:17,netral
faizahyuliarti,X,"ga lucu, malah nyakitin hati yg jualan",2024-12-23 15:11:41,negatif
qmanullang,X,ga sopan bgt ngomong gitu,2024-12-23 15:10:34,negatif
sadina54,X,tergantung yg nonton juga sih,2024-12-23 15:40:43,netral
anggriawanclara,X,ga tau mau bilang apa,2024-12-23 15:16:21,netral
karma24,X,biar agak keras tapi niatnya baik kok,2024-12-23 15:53:03,positif
ehidayanto,X,"bener juga sih, kadang netizen terlalu baper",2024-12-23 15:27:49,positif
yolandalega,X,gw setuju sih ama omongannya gus,2024-12-23 15:18:19,positif
dasauwais,X,"bener juga sih, kadang netizen terlalu baper",2024-12-23 15:35:49,positif
mumpuniriyanti,X,biar agak keras tapi niatnya baik kok,2024-12-23 15:33:41,positif
jayadi97,X,gus miftah harus minta maaf sih ini,2024-12-23 15:38:42,negatif
coktaviani,X,ga tau mau bilang apa,2024-12-23 15:07:12,netral
wacanairwan,X,tergantung yg nonton juga sih,2024-12-23 15:04:23,netral
prastutikacung,X,"ga lucu, malah nyakitin hati yg jualan",2024-12-23 15:16:56,negatif
handayanigalar,X,bisa2 jualan es teh jd insecure 😓,2024-12-23 15:28:03,negatif
artawan43,X,"ga lucu, malah nyakitin hati yg jualan",2024-12-23 15:00:01,negatif
hestimulyani,X,biasa aja sih,2024-12-23 15:32:22,netral
ianmelani,X,hmm no comment deh,2024-12-23 15:38:52,netral
luthfi25,X,ga sopan bgt ngomong gitu,2024-12-23 15:43:00,negatif
wpermata,X,bisa2 jualan es teh jd insecure 😓,2024-12-23 15:33:01,negatif
uharyanti,X,gue liat ini ya udah lah ya,2024-12-23 15:39:57,netral
mujur93,X,ni gus emg ada aja kelakuannya 😂,2024-12-23 15:57:56,positif
estiawan80,X,ga tau mau bilang apa,2024-12-23 15:53:02,netral
jumadiwastuti,X,"ga lucu, malah nyakitin hati yg jualan",2024-12-23 15:21:43,negatif
karmanprakasa,X,ga tau mau bilang apa,2024-12-23 15:33:29,netral
marbunkamila,X,biasa aja sih,2024-12-23 15:11:10,netral
pangestu23,X,"bener juga sih, kadang netizen terlalu baper",2024-12-23 15:14:06,positif
thutapea,X,tergantung yg nonton juga sih,2024-12-23 15:26:36,netral
septi62,X,ga sopan bgt ngomong gitu,2024-12-23 15:50:49,negatif
limarsaputra,X,biasa aja sih,2024-12-23 15:29:40,netral
kenziesimbolon,X,"ga lucu, malah nyakitin hati yg jualan",2024-12-23 15:24:55,negatif
kawacahalimah,X,jujurly lucu banget sih ini 😭,2024-12-23 15:43:30,positif
jjailani,X,gw setuju sih ama omongannya gus,2024-12-23 15:13:07,positif
qkuswoyo,X,"ga lucu, malah nyakitin hati yg jualan",2024-12-23 15:12:46,negatif
jailanidariati,X,hmm no comment deh,2024-12-23 15:05:13,netral
tuwais,X,"ga lucu, malah nyakitin hati yg jualan",2024-12-23 15:35:25,negatif
jnurdiyanti,X,ga sopan bgt ngomong gitu,2024-12-23 15:57:53,negatif
upertiwi,X,ceramah apaan malah ngehina,2024-12-23 15:13:53,negatif
kayunsuartini,X,ga tau mau bilang apa,2024-12-23 15:44:15,netral
fathonahmahendra,X,gw setuju sih ama omongannya gus,2024-12-23 15:47:12,positif
prasetyo34,X,gus miftah harus minta maaf sih ini,2024-12-23 15:46:43,negatif
namagatira,X,ni gus emg ada aja kelakuannya 😂,2024-12-23 15:35:52,positif
emonggunarto,X,"ceramahnya tetep dapet kok, relax aja guys",2024-12-23 15:28:07,positif
uzulaika,X,ceramah apaan malah ngehina,2024-12-23 15:01:15,negatif
cawisono13,X,biasa aja sih,2024-12-23 15:56:52,netral
astutijindra,X,ga sopan bgt ngomong gitu,2024-12-23 15:42:02,negatif
jailaninadia,X,gue liat ini ya udah lah ya,2024-12-23 15:50:06,netral
mulyanileo,X,ga sopan bgt ngomong gitu,2024-12-23 15:58:43,negatif
mulyanigilang,X,biasa aja sih,2024-12-23 15:41:40,netral
mayasariumaya,X,"ceramahnya tetep dapet kok, relax aja guys",2024-12-23 15:58:59,positif
cpermadi,X,gue liat ini ya udah lah ya,2024-12-23 15:58:53,netral
lamar00,X,"ga lucu, malah nyakitin hati yg jualan",2024-12-23 15:24:58,negatif
hastutibanara,X,masih netral aja sih gw liatnya,2024-12-23 15:47:41,netral
kurniawanhamzah,X,biar agak keras tapi niatnya baik kok,2024-12-23 15:43:56,positif
karen11,X,jujurly lucu banget sih ini 😭,2024-12-23 15:10:55,positif
yance13,X,waduh ini sih udah kelewat batas,2024-12-23 15:58:04,negatif
rahimahika,X,gw setuju sih ama omongannya gus,2024-12-23 15:23:34,positif
galur77,X,masih netral aja sih gw liatnya,2024-12-23 15:57:05,netral
safitricaturangga,X,hmm no comment deh,2024-12-23 15:11:53,netral
hardiansyahcakrabirawa,X,biasa aja sih,2024-12-23 15:26:34,netral
agustinazahra,X,gw setuju sih ama omongannya gus,2024-12-23 15:36:01,positif
nasrullah50,X,gus miftah harus minta maaf sih ini,2024-12-23 15:27:24,negatif
harsana43,X,masih netral aja sih gw liatnya,2024-12-23 15:55:23,netral
suryatmicahyono,X,ceramah apaan malah ngehina,2024-12-23 15:17:54,negatif
windaastuti,X,ga tau mau bilang apa,2024-12-23 15:36:03,netral
siregartaufan,X,ceramah apaan malah ngehina,2024-12-23 15:59:16,negatif
bajragin77,X,gus miftah harus minta maaf sih ini,2024-12-23 15:18:38,negatif
autami,X,gue liat ini ya udah lah ya,2024-12-23 15:29:54,netral
eja54,X,gue liat ini ya udah lah ya,2024-12-23 15:56:01,netral
faridawawan,X,biasa aja sih,2024-12-23 15:55:21,netral
ani75,X,ni gus emg ada aja kelakuannya 😂,2024-12-23 15:10:32,positif
septiriyanti,X,ga tau mau bilang apa,2024-12-23 15:30:21,netral
saefullahshakila,X,"ga lucu, malah nyakitin hati yg jualan",2024-12-23 15:34:27,negatif
hassanahihsan,X,"bener juga sih, kadang netizen terlalu baper",2024-12-23 15:58:01,positif
gambiraaryani,X,tergantung yg nonton juga sih,2024-12-23 15:40:21,netral
kdamanik,X,gw setuju sih ama omongannya gus,2024-12-23 15:13:16,positif
gaman48,X,masih netral aja sih gw liatnya,2024-12-23 15:29:35,netral
jumari04,X,ni gus emg ada aja kelakuannya 😂,2024-12-23 15:18:53,positif
hana95,X,hmm no comment deh,2024-12-23 15:28:51,netral
tasdik71,X,"ceramahnya tetep dapet kok, relax aja guys",2024-12-23 15:28:43,positif
hidayantoagnes,X,masih netral aja sih gw liatnya,2024-12-23 15:56:23,netral
hakimgandi,X,bisa2 jualan es teh jd insecure 😓,2024-12-23 15:42:11,negatif
kenes93,X,ga tau mau bilang apa,2024-12-23 15:44:13,netral
tampubolontalia,X,"ga lucu, malah nyakitin hati yg jualan",2024-12-23 15:27:24,negatif
sihombingnaradi,X,bisa2 jualan es teh jd insecure 😓,2024-12-23 15:49:24,negatif
unggul45,X,ceramah apaan malah ngehina,2024-12-23 15:04:28,negatif
kamila98,X,waduh ini sih udah kelewat batas,2024-12-23 15:24:48,negatif
sihotangvanesa,X,"ga lucu, malah nyakitin hati yg jualan",2024-12-23 15:41:51,negatif
elondabukke,X,gw setuju sih ama omongannya gus,2024-12-23 15:05:58,positif
marpaungdaliman,X,tergantung yg nonton juga sih,2024-12-23 15:24:07,netral
ozulkarnain,X,"ceramahnya tetep dapet kok, relax aja guys",2024-12-23 15:13:44,positif
ekazulaika,X,ni gus emg ada aja kelakuannya 😂,2024-12-23 15:35:51,positif
fujiatiivan,X,hmm no comment deh,2024-12-23 15:59:19,netral
jelitaandriani,X,biasa aja sih,2024-12-23 15:35:13,netral
swasita,X,biar agak keras tapi niatnya baik kok,2024-12-23 15:06:44,positif
hidayantolanggeng,X,"ga lucu, malah nyakitin hati yg jualan",2024-12-23 15:48:50,negatif
setiawanciaobella,X,waduh ini sih udah kelewat batas,2024-12-23 15:19:08,negatif
unjani75,X,"bener juga sih, kadang netizen terlalu baper",2024-12-23 15:58:23,positif
suwarnoqori,X,gue liat ini ya udah lah ya,2024-12-23 15:50:39,netral
zaenab66,X,ni gus emg ada aja kelakuannya 😂,2024-12-23 15:19:54,positif
xnajmudin,X,ga sopan bgt ngomong gitu,2024-12-23 15:03:42,negatif
zwijayanti,X,jujurly lucu banget sih ini 😭,2024-12-23 15:04:47,positif
puput26,X,waduh ini sih udah kelewat batas,2024-12-23 15:38:43,negatif
slaksita,X,"ga lucu, malah nyakitin hati yg jualan",2024-12-23 15:38:37,negatif
warsita80,X,biar agak keras tapi niatnya baik kok,2024-12-23 15:14:11,positif
indahsaptono,X,hmm no comment deh,2024-12-23 15:12:26,netral
wage24,X,tergantung yg nonton juga sih,2024-12-23 15:30:54,netral
siregarmargana,X,"ceramahnya tetep dapet kok, relax aja guys",2024-12-23 15:52:35,positif
ilaksita,X,biar agak keras tapi niatnya baik kok,2024-12-23 15:09:15,positif
mulyanidanang,X,"bener juga sih, kadang netizen terlalu baper",2024-12-23 15:12:16,positif
maulanaerik,X,gus miftah harus minta maaf sih ini,2024-12-23 15:45:00,negatif
rafidhabibi,X,"ceramahnya tetep dapet kok, relax aja guys",2024-12-23 15:55:21,positif
rangga49,X,ga sopan bgt ngomong gitu,2024-12-23 15:04:28,negatif
manggriawan,X,ga tau mau bilang apa,2024-12-23 15:30:08,netral
rahmat36,X,waduh ini sih udah kelewat batas,2024-12-23 15:53:10,negatif
catur73,X,gus miftah harus minta maaf sih ini,2024-12-23 15:12:31,negatif
zpurwanti,X,ni gus emg ada aja kelakuannya 😂,2024-12-23 15:34:50,positif
fitria10,X,gue liat ini ya udah lah ya,2024-12-23 15:53:57,netral
pangestulutfan,X,gue liat ini ya udah lah ya,2024-12-23 15:30:04,netral
jarwa78,X,"bener juga sih, kadang netizen terlalu baper",2024-12-23 15:46:32,positif
pratamaadikara,X,gus miftah harus minta maaf sih ini,2024-12-23 15:32:32,negatif
asmanwidodo,X,jujurly lucu banget sih ini 😭,2024-12-23 15:37:58,positif
olgamangunsong,X,gus miftah harus minta maaf sih ini,2024-12-23 15:41:39,negatif
opungsafitri,X,"bener juga sih, kadang netizen terlalu baper",2024-12-23 15:54:01,positif
prayogarajasa,X,gw setuju sih ama omongannya gus,2024-12-23 15:31:17,positif
jailanijefri,X,gue liat ini ya udah lah ya,2024-12-23 15:56:43,netral
upiksuryono,X,waduh ini sih udah kelewat batas,2024-12-23 15:18:20,negatif
kayunprayoga,X,hmm no comment deh,2024-12-23 15:00:00,netral
prabowo02,X,ga tau mau bilang apa,2024-12-23 15:37:00,netral
wijayantiasmianto,X,biar agak keras tapi niatnya baik kok,2024-12-23 15:19:27,positif
amelia47,X,biar agak keras tapi niatnya baik kok,2024-12-23 15:43:16,positif
idamanullang,X,ni gus emg ada aja kelakuannya 😂,2024-12-23 15:15:18,positif
adityamegantara,X,hmm no comment deh,2024-12-23 15:01:35,netral
solehkurniawan,X,ga sopan bgt ngomong gitu,2024-12-23 15:19:43,negatif
marbunpadmi,X,bisa2 jualan es teh jd insecure 😓,2024-12-23 15:23:59,negatif
pertiwiratna,X,hmm no comment deh,2024-12-23 15:53:24,netral
mansurkarsa,X,gus miftah harus minta maaf sih ini,2024-12-23 15:28:13,negatif
firmansyahunggul,X,biar agak keras tapi niatnya baik kok,2024-12-23 15:05:20,positif
rahayuhandayani,X,"ceramahnya tetep dapet kok, relax aja guys",2024-12-23 15:41:58,positif
awibisono,X,"ga lucu, malah nyakitin hati yg jualan",2024-12-23 15:52:48,negatif
farah11,X,hmm no comment deh,2024-12-23 15:40:08,netral
piamayasari,X,ni gus emg ada aja kelakuannya 😂,2024-12-23 15:21:06,positif
laksmiwatihairyanto,X,gus miftah harus minta maaf sih ini,2024-12-23 15:24:15,negatif
siraitadika,X,biasa aja sih,2024-12-23 15:13:53,netral
artawaniswahyudi,X,ga tau mau bilang apa,2024-12-23 15:21:51,netral
vero66,X,waduh ini sih udah kelewat batas,2024-12-23 15:56:52,negatif
saefullahbudi,X,"ga lucu, malah nyakitin hati yg jualan",2024-12-23 15:06:18,negatif
halimanovitasari,X,masih netral aja sih gw liatnya,2024-12-23 15:20:28,netral
praba14,X,bisa2 jualan es teh jd insecure 😓,2024-12-23 15:34:14,negatif
wastutiismail,X,tergantung yg nonton juga sih,2024-12-23 15:38:47,netral
jefriprasetya,X,ga tau mau bilang apa,2024-12-23 15:52:57,netral
prakasasakura,X,biasa aja sih,2024-12-23 15:05:01,netral
ahassanah,X,jujurly lucu banget sih ini 😭,2024-12-23 15:54:03,positif
lestariemin,X,biasa aja sih,2024-12-23 15:07:07,netral
mahdinugroho,X,"bener juga sih, kadang netizen terlalu baper",2024-12-23 15:17:35,positif
marpaungsari,X,jujurly lucu banget sih ini 😭,2024-12-23 15:20:03,positif
hartonainggolan,X,gw setuju sih ama omongannya gus,2024-12-23 15:23:10,positif
luwais,X,jujurly lucu banget sih ini 😭,2024-12-23 15:21:38,positif
ekuswandari,X,jujurly lucu banget sih ini 😭,2024-12-23 15:38:18,positif
karenfujiati,X,"ga lucu, malah nyakitin hati yg jualan",2024-12-23 15:14:24,negatif
cahyadi53,X,"ceramahnya tetep dapet kok, relax aja guys",2024-12-23 15:01:43,positif
situmorangdinda,X,ga tau mau bilang apa,2024-12-23 15:33:28,netral
gaduh41,X,"bener juga sih, kadang netizen terlalu baper",2024-12-23 15:37:16,positif
atmamaulana,X,biar agak keras tapi niatnya baik kok,2024-12-23 15:55:46,positif
suryatmimila,X,gus miftah harus minta maaf sih ini,2024-12-23 15:20:00,negatif
cayadi65,X,"ceramahnya tetep dapet kok, relax aja guys",2024-12-23 15:01:17,positif
kartamandasari,X,ga sopan bgt ngomong gitu,2024-12-23 15:49:11,negatif
pmahendra,X,jujurly lucu banget sih ini 😭,2024-12-23 15:40:12,positif
whariyah,X,biasa aja sih,2024-12-23 15:47:04,netral
melindawulandari,X,gus miftah harus minta maaf sih ini,2024-12-23 15:44:34,negatif
darmana04,X,ga sopan bgt ngomong gitu,2024-12-23 15:19:39,negatif
zsudiati,X,biar agak keras tapi niatnya baik kok,2024-12-23 15:14:03,positif
ausamah,X,biasa aja sih,2024-12-23 15:31:29,netral
rahmimustofa,X,masih netral aja sih gw liatnya,2024-12-23 15:19:57,netral
opan07,X,"ceramahnya tetep dapet kok, relax aja guys",2024-12-23 15:31:13,positif
saiful14,X,ga tau mau bilang apa,2024-12-23 15:13:28,netral
faizahfujiati,X,gus miftah harus minta maaf sih ini,2024-12-23 15:46:40,negatif
tugiman66,X,ga sopan bgt ngomong gitu,2024-12-23 15:46:15,negatif
lputra,X,ni gus emg ada aja kelakuannya 😂,2024-12-23 15:09:16,positif
karimah56,X,tergantung yg nonton juga sih,2024-12-23 15:53:19,netral
darmanlatupono,X,ceramah apaan malah ngehina,2024-12-23 15:56:00,negatif
mahmudpudjiastuti,X,gw setuju sih ama omongannya gus,2024-12-23 15:36:22,positif
astutifaizah,X,waduh ini sih udah kelewat batas,2024-12-23 15:01:41,negatif
utamicakrawangsa,X,waduh ini sih udah kelewat batas,2024-12-23 15:31:23,negatif
fitrianimayasari,X,gw setuju sih ama omongannya gus,2024-12-23 15:16:21,positif
nainggolancakrajiya,X,ceramah apaan malah ngehina,2024-12-23 15:40:02,negatif
iriana86,X,gus miftah harus minta maaf sih ini,2024-12-23 15:42:08,negatif
suwarnoupik,X,bisa2 jualan es teh jd insecure 😓,2024-12-23 15:57:03,negatif
purwantibaktiadi,X,"ga lucu, malah nyakitin hati yg jualan",2024-12-23 15:25:49,negatif
jasmin58,X,gue liat ini ya udah lah ya,2024-12-23 15:44:03,netral
najwadamanik,X,tergantung yg nonton juga sih,2024-12-23 15:42:59,netral
farhunnisa47,X,masih netral aja sih gw liatnya,2024-12-23 15:26:56,netral
vinohalim,X,ga sopan bgt ngomong gitu,2024-12-23 15:24:04,negatif
ega00,X,"ga lucu, malah nyakitin hati yg jualan",2024-12-23 15:44:07,negatif
milamandasari,X,bisa2 jualan es teh jd insecure 😓,2024-12-23 15:43:11,negatif
bkusmawati,X,gus miftah harus minta maaf sih ini,2024-12-23 15:01:40,negatif
xhidayanto,X,ga tau mau bilang apa,2024-12-23 15:09:18,netral
yuliahutagalung,X,bisa2 jualan es teh jd insecure 😓,2024-12-23 15:09:48,negatif
jindra43,X,"ga lucu, malah nyakitin hati yg jualan",2024-12-23 15:31:04,negatif
bakiadianggraini,X,"bener juga sih, kadang netizen terlalu baper",2024-12-23 15:45:37,positif
laksanapurnawati,X,"ceramahnya tetep dapet kok, relax aja guys",2024-12-23 15:55:59,positif
maraswinarsih,X,masih netral aja sih gw liatnya,2024-12-23 15:38:36,netral
jumariwaskita,X,gus miftah harus minta maaf sih ini,2024-12-23 15:08:19,negatif
riyantibalamantri,X,ga tau mau bilang apa,2024-12-23 15:01:17,netral
jefri57,X,waduh ini sih udah kelewat batas,2024-12-23 15:12:41,negatif
fathonahhidayanto,X,gus miftah harus minta maaf sih ini,2024-12-23 15:06:49,negatif
drahayu,X,hmm no comment deh,2024-12-23 15:14:30,netral
prasetyoharimurti,X,gue liat ini ya udah lah ya,2024-12-23 15:01:30,netral
epadmasari,X,"ga lucu, malah nyakitin hati yg jualan",2024-12-23 15:19:05,negatif
rajatabalangga,X,jujurly lucu banget sih ini 😭,2024-12-23 15:03:51,positif
brahmawati,X,ni gus emg ada aja kelakuannya 😂,2024-12-23 15:33:04,positif
padmasarimutia,X,ga sopan bgt ngomong gitu,2024-12-23 15:01:16,negatif
lailasarikarta,X,bisa2 jualan es teh jd insecure 😓,2024-12-23 15:51:36,negatif
maryadi79,X,waduh ini sih udah kelewat batas,2024-12-23 15:09:52,negatif
mustikatamba,X,ceramah apaan malah ngehina,2024-12-23 15:24:41,negatif
eluh80,X,bisa2 jualan es teh jd insecure 😓,2024-12-23 15:17:22,negatif
hasanahvictoria,X,ga tau mau bilang apa,2024-12-23 15:19:24,netral
pranowokunthara,X,masih netral aja sih gw liatnya,2024-12-23 15:03:33,netral
uputra,X,gue liat ini ya udah lah ya,2024-12-23 15:06:44,netral
oni39,X,ga tau mau bilang apa,2024-12-23 15:58:58,netral
ltamba,X,ceramah apaan malah ngehina,2024-12-23 15:16:06,negatif
fpalastri,X,"bener juga sih, kadang netizen terlalu baper",2024-12-23 15:58:20,positif
salsabila33,X,jujurly lucu banget sih ini 😭,2024-12-23 15:49:37,positif
maryadirika,X,ga sopan bgt ngomong gitu,2024-12-23 15:42:17,negatif
emongsirait,X,gue liat ini ya udah lah ya,2024-12-23 15:22:59,netral
gantarjailani,X,gw setuju sih ama omongannya gus,2024-12-23 15:18:54,positif
respatinarpati,X,tergantung yg nonton juga sih,2024-12-23 15:45:31,netral
pertiwimitra,X,ga tau mau bilang apa,2024-12-23 15:50:11,netral
hildasihombing,X,biar agak keras tapi niatnya baik kok,2024-12-23 15:57:44,positif
karna97,X,"ga lucu, malah nyakitin hati yg jualan",2024-12-23 15:40:59,negatif
usadasabri,X,gus miftah harus minta maaf sih ini,2024-12-23 15:41:52,negatif
galihprakasa,X,gw setuju sih ama omongannya gus,2024-12-23 15:11:51,positif
sabrinasaptono,X,bisa2 jualan es teh jd insecure 😓,2024-12-23 15:54:04,negatif
vhardiansyah,X,"ceramahnya tetep dapet kok, relax aja guys",2024-12-23 15:14:36,positif
janetbudiyanto,X,gus miftah harus minta maaf sih ini,2024-12-23 15:09:22,negatif
aris85,X,"bener juga sih, kadang netizen terlalu baper",2024-12-23 15:33:04,positif
zelayarahimah,X,gw setuju sih ama omongannya gus,2024-12-23 15:21:27,positif
napitupuluagnes,X,"ceramahnya tetep dapet kok, relax aja guys",2024-12-23 15:23:13,positif
artantoutami,X,waduh ini sih udah kelewat batas,2024-12-23 15:21:43,negatif
sudiatireza,X,gus miftah harus minta maaf sih ini,2024-12-23 15:17:43,negatif
hariyahyunita,X,tergantung yg nonton juga sih,2024-12-23 15:32:22,netral
opanharyanti,X,waduh ini sih udah kelewat batas,2024-12-23 15:18:41,negatif
rajatayessi,X,gus miftah harus minta maaf sih ini,2024-12-23 15:44:28,negatif
omarmanullang,X,jujurly lucu banget sih ini 😭,2024-12-23 15:44:33,positif
yessisaptono,X,ga tau mau bilang apa,2024-12-23 15:50:43,netral
onilazuardi,X,"ga lucu, malah nyakitin hati yg jualan",2024-12-23 15:07:10,negatif
titiagustina,X,ga sopan bgt ngomong gitu,2024-12-23 15:50:42,negatif
darmanmahendra,X,biar agak keras tapi niatnya baik kok,2024-12-23 15:56:31,positif
carub37,X,waduh ini sih udah kelewat batas,2024-12-23 15:23:37,negatif
ian90,X,gw setuju sih ama omongannya gus,2024-12-23 15:27:32,positif
ajimin42,X,waduh ini sih udah kelewat batas,2024-12-23 15:08:13,negatif
ozyrahimah,X,tergantung yg nonton juga sih,2024-12-23 15:16:09,netral
wharyanto,X,masih netral aja sih gw liatnya,2024-12-23 15:53:56,netral
riyantidadi,X,biasa aja sih,2024-12-23 15:15:19,netral
nova34,X,ga sopan bgt ngomong gitu,2024-12-23 15:09:56,negatif
gamblanguyainah,X,hmm no comment deh,2024-12-23 15:27:44,netral
wijayaokta,X,jujurly lucu banget sih ini 😭,2024-12-23 15:04:57,positif
siraitamalia,X,"ceramahnya tetep dapet kok, relax aja guys",2024-12-23 15:23:43,positif
ayusudiati,X,ga sopan bgt ngomong gitu,2024-12-23 15:54:41,negatif
rahmawatikiandra,X,gue liat ini ya udah lah ya,2024-12-23 15:59:40,netral
faizah52,X,"ga lucu, malah nyakitin hati yg jualan",2024-12-23 15:06:56,negatif
jindralailasari,X,"ga lucu, malah nyakitin hati yg jualan",2024-12-23 15:50:22,negatif
ardiantokamaria,X,ceramah apaan malah ngehina,2024-12-23 15:00:02,negatif
lazuardishakila,X,"ceramahnya tetep dapet kok, relax aja guys",2024-12-23 15:16:26,positif
emanpuspasari,X,masih netral aja sih gw liatnya,2024-12-23 15:53:57,netral
purwantidamu,X,"ga lucu, malah nyakitin hati yg jualan",2024-12-23 15:37:08,negatif
usadaellis,X,gw setuju sih ama omongannya gus,2024-12-23 15:02:51,positif
paulinwaskita,X,gus miftah harus minta maaf sih ini,2024-12-23 15:02:28,negatif
budimanhendri,X,bisa2 jualan es teh jd insecure 😓,2024-12-23 15:23:22,negatif
irsad72,X,"ga lucu, malah nyakitin hati yg jualan",2024-12-23 15:03:00,negatif
malahastuti,X,biar agak keras tapi niatnya baik kok,2024-12-23 15:05:16,positif
simbolonhartaka,X,"ga lucu, malah nyakitin hati yg jualan",2024-12-23 15:50:48,negatif
maryadifirmansyah,X,gus miftah harus minta maaf sih ini,2024-12-23 15:11:48,negatif
utamaelvin,X,ceramah apaan malah ngehina,2024-12-23 15:58:06,negatif
cakrawala67,X,"ceramahnya tetep dapet kok, relax aja guys",2024-12-23 15:26:49,positif
putrabakidin,X,jujurly lucu banget sih ini 😭,2024-12-23 15:01:17,positif
ayuyolanda,X,"ceramahnya tetep dapet kok, relax aja guys",2024-12-23 15:44:15,positif
lailawulandari,X,biasa aja sih,2024-12-23 15:26:22,netral
kusmawatikezia,X,gue liat ini ya udah lah ya,2024-12-23 15:06:33,netral
setiawanfitriani,X,hmm no comment deh,2024-12-23 15:08:02,netral
hartatirendy,X,ga sopan bgt ngomong gitu,2024-12-23 15:44:45,negatif
yhardiansyah,X,ni gus emg ada aja kelakuannya 😂,2024-12-23 15:06:00,positif
ridwandabukke,X,"ceramahnya tetep dapet kok, relax aja guys",2024-12-23 15:00:40,positif
andrianijaswadi,X,ga sopan bgt ngomong gitu,2024-12-23 15:19:44,negatif
pradiptakambali,X,biasa aja sih,2024-12-23 15:58:39,netral
melanilatika,X,gw setuju sih ama omongannya gus,2024-12-23 15:35:32,positif
yono77,X,gus miftah harus minta maaf sih ini,2024-12-23 15:32:17,negatif
nasrullah74,X,"ceramahnya tetep dapet kok, relax aja guys",2024-12-23 15:18:47,positif
endra25,X,waduh ini sih udah kelewat batas,2024-12-23 15:07:57,negatif
baktiadiutami,X,ga tau mau bilang apa,2024-12-23 15:15:22,netral
hsaefullah,X,ga sopan bgt ngomong gitu,2024-12-23 15:35:59,negatif
iyuniar,X,ni gus emg ada aja kelakuannya 😂,2024-12-23 15:30:06,positif
baktianto07,X,hmm no comment deh,2024-12-23 15:36:15,netral
jabalusada,X,gus miftah harus minta maaf sih ini,2024-12-23 15:18:38,negatif
owidiastuti,X,hmm no comment deh,2024-12-23 15:54:49,netral
asman16,X,tergantung yg nonton juga sih,2024-12-23 15:10:35,netral
siregarrafid,X,biar agak keras tapi niatnya baik kok,2024-12-23 15:04:14,positif
hnapitupulu,X,hmm no comment deh,2024-12-23 15:10:59,netral
sihombingwakiman,X,gus miftah harus minta maaf sih ini,2024-12-23 15:41:27,negatif
gada11,X,ga sopan bgt ngomong gitu,2024-12-23 15:05:15,negatif
palastridipa,X,gus miftah harus minta maaf sih ini,2024-12-23 15:54:52,negatif
nabila88,X,"ga lucu, malah nyakitin hati yg jualan",2024-12-23 15:54:32,negatif
syahrinirajata,X,hmm no comment deh,2024-12-23 15:59:36,netral
sakti25,X,"bener juga sih, kadang netizen terlalu baper",2024-12-23 15:32:02,positif
januarrina,X,masih netral aja sih gw liatnya,2024-12-23 15:44:39,netral
hasim24,X,masih netral aja sih gw liatnya,2024-12-23 15:20:19,netral
ikanuraini,X,"bener juga sih, kadang netizen terlalu baper",2024-12-23 15:10:57,positif
anggrainichandra,X,gus miftah harus minta maaf sih ini,2024-12-23 15:11:55,negatif
anggriawansarah,X,gus miftah harus minta maaf sih ini,2024-12-23 15:27:37,negatif
narji05,X,ni gus emg ada aja kelakuannya 😂,2024-12-23 15:19:09,positif
sinagahana,X,gw setuju sih ama omongannya gus,2024-12-23 15:18:03,positif
budiyantofathonah,X,ga tau mau bilang apa,2024-12-23 15:58:10,netral
maryativirman,X,gus miftah harus minta maaf sih ini,2024-12-23 15:32:11,negatif
nugraha28,X,"bener juga sih, kadang netizen terlalu baper",2024-12-23 15:57:49,positif
dartononurdiyanti,X,ga tau mau bilang apa,2024-12-23 15:13:25,netral
janetlatupono,X,bisa2 jualan es teh jd insecure 😓,2024-12-23 15:57:06,negatif
fitriani32,X,ga sopan bgt ngomong gitu,2024-12-23 15:57:27,negatif
endahlazuardi,X,biasa aja sih,2024-12-23 15:06:28,netral
umar15,X,biasa aja sih,2024-12-23 15:19:09,netral
nainggolanrangga,X,waduh ini sih udah kelewat batas,2024-12-23 15:06:58,negatif
osihotang,X,hmm no comment deh,2024-12-23 15:14:49,netral
cyolanda,X,waduh ini sih udah kelewat batas,2024-12-23 15:01:32,negatif
nasyiahagnes,X,biasa aja sih,2024-12-23 15:24:34,netral
hasim35,X,"ceramahnya tetep dapet kok, relax aja guys",2024-12-23 15:46:26,positif
bbudiman,X,"ceramahnya tetep dapet kok, relax aja guys",2024-12-23 15:53:13,positif
lwulandari,X,gue liat ini ya udah lah ya,2024-12-23 15:59:22,netral
martanahalim,X,gue liat ini ya udah lah ya,2024-12-23 15:31:12,netral
efujiati,X,tergantung yg nonton juga sih,2024-12-23 15:46:34,netral
baktianto55,X,ceramah apaan malah ngehina,2024-12-23 15:21:05,negatif
windaagustina,X,ni gus emg ada aja kelakuannya 😂,2024-12-23 15:42:14,positif
cahyosantoso,X,ga tau mau bilang apa,2024-12-23 15:44:21,netral
elvinalailasari,X,biasa aja sih,2024-12-23 15:06:56,netral
drajatprasetyo,X,"ga lucu, malah nyakitin hati yg jualan",2024-12-23 15:00:20,negatif
vanya50,X,tergantung yg nonton juga sih,2024-12-23 15:22:29,netral
estionolazuardi,X,bisa2 jualan es teh jd insecure 😓,2024-12-23 15:54:41,negatif
dadi97,X,gus miftah harus minta maaf sih ini,2024-12-23 15:26:02,negatif
hutagalungputi,X,bisa2 jualan es teh jd insecure 😓,2024-12-23 15:12:04,negatif
ghaliyatisantoso,X,biar agak keras tapi niatnya baik kok,2024-12-23 15:35:57,positif
almirawibisono,X,bisa2 jualan es teh jd insecure 😓,2024-12-23 15:48:34,negatif
maheswaraega,X,masih netral aja sih gw liatnya,2024-12-23 15:06:51,netral
manullangmutia,X,ceramah apaan malah ngehina,2024-12-23 15:48:05,negatif
eminhandayani,X,ga tau mau bilang apa,2024-12-23 15:43:21,netral
idabukke,X,gue liat ini ya udah lah ya,2024-12-23 15:09:51,netral
ynapitupulu,X,ga sopan bgt ngomong gitu,2024-12-23 15:04:04,negatif
tantri24,X,gus miftah harus minta maaf sih ini,2024-12-23 15:52:13,negatif
csitompul,X,ceramah apaan malah ngehina,2024-12-23 15:23:06,negatif
nasyidahdevi,X,ceramah apaan malah ngehina,2024-12-23 15:49:05,negatif
zrahayu,X,gus miftah harus minta maaf sih ini,2024-12-23 15:26:03,negatif
galursaputra,X,ga tau mau bilang apa,2024-12-23 15:31:09,netral
simon78,X,ga tau mau bilang apa,2024-12-23 15:33:47,netral
gamanmaryadi,X,gue liat ini ya udah lah ya,2024-12-23 15:06:36,netral
drajatprakasa,X,"ga lucu, malah nyakitin hati yg jualan",2024-12-23 15:24:08,negatif
safinabudiyanto,X,ni gus emg ada aja kelakuannya 😂,2024-12-23 15:42:19,positif
natsirmarwata,X,ceramah apaan malah ngehina,2024-12-23 15:11:51,negatif
jaeman68,X,biasa aja sih,2024-12-23 15:43:59,netral
omelani,X,ceramah apaan malah ngehina,2024-12-23 15:18:59,negatif
rizkihalimah,X,tergantung yg nonton juga sih,2024-12-23 15:20:06,netral
amongmarpaung,X,ceramah apaan malah ngehina,2024-12-23 15:41:24,negatif
luthfi69,X,"ceramahnya tetep dapet kok, relax aja guys",2024-12-23 15:18:17,positif
limar08,X,"bener juga sih, kadang netizen terlalu baper",2024-12-23 15:44:34,positif
mpalastri,X,ceramah apaan malah ngehina,2024-12-23 15:06:28,negatif
hana52,X,masih netral aja sih gw liatnya,2024-12-23 15:33:25,netral
candrakantaramadan,X,jujurly lucu banget sih ini 😭,2024-12-23 15:08:00,positif
lanang62,X,gw setuju sih ama omongannya gus,2024-12-23 15:43:41,positif
widyahakim,X,gus miftah harus minta maaf sih ini,2024-12-23 15:33:50,negatif
ivanfirmansyah,X,ga tau mau bilang apa,2024-12-23 15:26:14,netral
pranawahakim,X,gue liat ini ya udah lah ya,2024-12-23 15:13:40,netral
dariati23,X,ceramah apaan malah ngehina,2024-12-23 15:48:34,negatif
padmi98,X,ceramah apaan malah ngehina,2024-12-23 15:19:39,negatif
mangunsonglaswi,X,tergantung yg nonton juga sih,2024-12-23 15:36:48,netral
sihotangkeisha,X,biasa aja sih,2024-12-23 15:24:00,netral
wgunarto,X,ga tau mau bilang apa,2024-12-23 15:34:39,netral
iswahyudititin,X,masih netral aja sih gw liatnya,2024-12-23 15:07:18,netral
cici44,X,biasa aja sih,2024-12-23 15:40:33,netral
cindy37,X,bisa2 jualan es teh jd insecure 😓,2024-12-23 15:12:46,negatif
garapangestu,X,"ga lucu, malah nyakitin hati yg jualan",2024-12-23 15:24:51,negatif
nadinehassanah,X,jujurly lucu banget sih ini 😭,2024-12-23 15:02:23,positif
verajanuar,X,hmm no comment deh,2024-12-23 15:53:32,netral
napitupulucahyo,X,hmm no comment deh,2024-12-23 15:10:31,netral
fpermadi,X,bisa2 jualan es teh jd insecure 😓,2024-12-23 15:42:29,negatif
leonuraini,X,"bener juga sih, kadang netizen terlalu baper",2024-12-23 15:45:58,positif
hani56,X,tergantung yg nonton juga sih,2024-12-23 15:23:30,netral
dardianto,X,gue liat ini ya udah lah ya,2024-12-23 15:07:38,netral
laksmiwatiazalea,X,"ceramahnya tetep dapet kok, relax aja guys",2024-12-23 15:21:44,positif
inajmudin,X,ni gus emg ada aja kelakuannya 😂,2024-12-23 15:06:33,positif
mandalakanda,X,bisa2 jualan es teh jd insecure 😓,2024-12-23 15:06:12,negatif
caturangga48,X,biasa aja sih,2024-12-23 15:23:43,netral
ifahassanah,X,jujurly lucu banget sih ini 😭,2024-12-23 15:44:45,positif
snugroho,X,biasa aja sih,2024-12-23 15:09:33,netral
almira16,X,masih netral aja sih gw liatnya,2024-12-23 15:24:05,netral
ida09,X,"bener juga sih, kadang netizen terlalu baper",2024-12-23 15:04:40,positif
hendra70,X,jujurly lucu banget sih ini 😭,2024-12-23 15:53:52,positif
zalindrapurnawati,X,waduh ini sih udah kelewat batas,2024-12-23 15:58:26,negatif
nardi92,X,"bener juga sih, kadang netizen terlalu baper",2024-12-23 15:31:43,positif
nababanartanto,X,gue liat ini ya udah lah ya,2024-12-23 15:07:13,netral
thamrinadika,X,"ceramahnya tetep dapet kok, relax aja guys",2024-12-23 15:31:25,positif
irmakusumo,X,bisa2 jualan es teh jd insecure 😓,2024-12-23 15:33:31,negatif
nyoman89,X,gus miftah harus minta maaf sih ini,2024-12-23 15:05:00,negatif
megantaragalar,X,"ga lucu, malah nyakitin hati yg jualan",2024-12-23 15:12:44,negatif
karimanwasita,X,gue liat ini ya udah lah ya,2024-12-23 15:11:54,netral
oktauwais,X,gue liat ini ya udah lah ya,2024-12-23 15:01:22,netral
jasmintampubolon,X,waduh ini sih udah kelewat batas,2024-12-23 15:56:33,negatif
pradiptazelda,X,ni gus emg ada aja kelakuannya 😂,2024-12-23 15:19:31,positif
qfarida,X,gw setuju sih ama omongannya gus,2024-12-23 15:52:03,positif
claralestari,X,hmm no comment deh,2024-12-23 15:54:13,netral
halima27,X,ni gus emg ada aja kelakuannya 😂,2024-12-23 15:53:52,positif
vicky75,X,masih netral aja sih gw liatnya,2024-12-23 15:43:04,netral
hakimilsa,X,"bener juga sih, kadang netizen terlalu baper",2024-12-23 15:02:05,positif
baktiononababan,X,ni gus emg ada aja kelakuannya 😂,2024-12-23 15:44:05,positif
hardanasihombing,X,gw setuju sih ama omongannya gus,2024-12-23 15:02:22,positif
hsitorus,X,"ceramahnya tetep dapet kok, relax aja guys",2024-12-23 15:48:54,positif
egadabukke,X,jujurly lucu banget sih ini 😭,2024-12-23 15:34:08,positif
paimanzulaika,X,hmm no comment deh,2024-12-23 15:56:21,netral
vega34,X,biasa aja sih,2024-12-23 15:20:45,netral
hkusmawati,X,masih netral aja sih gw liatnya,2024-12-23 15:09:21,netral
rachelsiregar,X,hmm no comment deh,2024-12-23 15:13:55,netral
diahusada,X,hmm no comment deh,2024-12-23 15:16:20,netral
prasetyalaswi,X,gus miftah harus minta maaf sih ini,2024-12-23 15:48:41,negatif
balapatiirawan,X,tergantung yg nonton juga sih,2024-12-23 15:15:47,netral
jatmikohidayat,X,hmm no comment deh,2024-12-23 15:42:44,netral
lnapitupulu,X,gue liat ini ya udah lah ya,2024-12-23 15:02:00,netral
silvialestari,X,waduh ini sih udah kelewat batas,2024-12-23 15:42:18,negatif
santosodamar,X,"ceramahnya tetep dapet kok, relax aja guys",2024-12-23 15:11:25,positif
indraprasetyo,X,masih netral aja sih gw liatnya,2024-12-23 15:41:12,netral
hastutihalim,X,"ceramahnya tetep dapet kok, relax aja guys",2024-12-23 15:26:16,positif
gamanoktaviani,X,biasa aja sih,2024-12-23 15:30:42,netral
manullangbalidin,X,"ga lucu, malah nyakitin hati yg jualan",2024-12-23 15:45:41,negatif
oni64,X,jujurly lucu banget sih ini 😭,2024-12-23 15:01:57,positif
ramadangalih,X,ga sopan bgt ngomong gitu,2024-12-23 15:07:15,negatif
pratiwirina,X,ga tau mau bilang apa,2024-12-23 15:01:27,netral
thamrinpangestu,X,ceramah apaan malah ngehina,2024-12-23 15:21:22,negatif
indahhastuti,X,gw setuju sih ama omongannya gus,2024-12-23 15:22:02,positif
citra39,X,bisa2 jualan es teh jd insecure 😓,2024-12-23 15:03:49,negatif
salahudinibun,X,"ga lucu, malah nyakitin hati yg jualan",2024-12-23 15:52:55,negatif
nbudiman,X,biasa aja sih,2024-12-23 15:07:30,netral
hari81,X,masih netral aja sih gw liatnya,2024-12-23 15:39:31,netral
cawisonohutasoit,X,biasa aja sih,2024-12-23 15:03:01,netral
diahuwais,X,"bener juga sih, kadang netizen terlalu baper",2024-12-23 15:17:17,positif
wage91,X,ga sopan bgt ngomong gitu,2024-12-23 15:27:08,negatif
zulaikacarub,X,gw setuju sih ama omongannya gus,2024-12-23 15:56:17,positif
setiawanwasis,X,jujurly lucu banget sih ini 😭,2024-12-23 15:34:02,positif
karma51,X,ceramah apaan malah ngehina,2024-12-23 15:06:20,negatif
windaprayoga,X,gus miftah harus minta maaf sih ini,2024-12-23 15:54:16,negatif
johan70,X,tergantung yg nonton juga sih,2024-12-23 15:58:37,netral
darimin24,X,ga tau mau bilang apa,2024-12-23 15:37:31,netral
ganda21,X,ni gus emg ada aja kelakuannya 😂,2024-12-23 15:55:56,positif
wacanajohan,X,biar agak keras tapi niatnya baik kok,2024-12-23 15:28:03,positif
asaefullah,X,gue liat ini ya udah lah ya,2024-12-23 15:11:13,netral
astutiajiono,X,tergantung yg nonton juga sih,2024-12-23 15:17:15,netral
bakiadi44,X,"ceramahnya tetep dapet kok, relax aja guys",2024-12-23 15:16:17,positif
hassanahwaluyo,X,gue liat ini ya udah lah ya,2024-12-23 15:35:17,netral
wawanhastuti,X,masih netral aja sih gw liatnya,2024-12-23 15:34:02,netral
xnainggolan,X,"bener juga sih, kadang netizen terlalu baper",2024-12-23 15:06:48,positif
nasrullahanggriawan,X,ga sopan bgt ngomong gitu,2024-12-23 15:00:49,negatif
dongorankasiran,X,gw setuju sih ama omongannya gus,2024-12-23 15:45:31,positif
adiarja70,X,"ceramahnya tetep dapet kok, relax aja guys",2024-12-23 15:12:59,positif
rahmawaticinthia,X,gw setuju sih ama omongannya gus,2024-12-23 15:45:34,positif
mayasariwinda,X,jujurly lucu banget sih ini 😭,2024-12-23 15:20:10,positif
usuryono,X,tergantung yg nonton juga sih,2024-12-23 15:58:52,netral
iwasita,X,ceramah apaan malah ngehina,2024-12-23 15:10:20,negatif
adriansyahjayeng,X,ga sopan bgt ngomong gitu,2024-12-23 15:32:43,negatif
wwidiastuti,X,hmm no comment deh,2024-12-23 15:37:37,netral
ramadanaurora,X,ga sopan bgt ngomong gitu,2024-12-23 15:19:28,negatif
setya90,X,biar agak keras tapi niatnya baik kok,2024-12-23 15:53:30,positif
karsana45,X,tergantung yg nonton juga sih,2024-12-23 15:03:29,netral
apudjiastuti,X,ceramah apaan malah ngehina,2024-12-23 15:51:11,negatif
ardiantotasdik,X,ga sopan bgt ngomong gitu,2024-12-23 15:19:12,negatif
ypradipta,X,biar agak keras tapi niatnya baik kok,2024-12-23 15:02:58,positif
prayoga72,X,masih netral aja sih gw liatnya,2024-12-23 15:15:48,netral
hardiansyahfitriani,X,biasa aja sih,2024-12-23 15:19:18,netral
clara40,X,ni gus emg ada aja kelakuannya 😂,2024-12-23 15:29:33,positif
xhassanah,X,"bener juga sih, kadang netizen terlalu baper",2024-12-23 15:56:46,positif
prastutisalwa,X,ni gus emg ada aja kelakuannya 😂,2024-12-23 15:01:09,positif
caturmegantara,X,jujurly lucu banget sih ini 😭,2024-12-23 15:32:22,positif
smangunsong,X,ceramah apaan malah ngehina,2024-12-23 15:49:29,negatif
mutiarahmawati,X,waduh ini sih udah kelewat batas,2024-12-23 15:00:11,negatif
nashiruddinemas,X,gue liat ini ya udah lah ya,2024-12-23 15:39:02,netral
ganjaran98,X,gw setuju sih ama omongannya gus,2024-12-23 15:00:42,positif
sitorusikin,X,biar agak keras tapi niatnya baik kok,2024-12-23 15:58:40,positif
dacinuyainah,X,ceramah apaan malah ngehina,2024-12-23 15:30:32,negatif
labuh65,X,ni gus emg ada aja kelakuannya 😂,2024-12-23 15:45:22,positif
mandasariwarsa,X,gue liat ini ya udah lah ya,2024-12-23 15:46:04,netral
yputra,X,gue liat ini ya udah lah ya,2024-12-23 15:40:43,netral
syahrini82,X,waduh ini sih udah kelewat batas,2024-12-23 15:21:14,negatif
nabilaprastuti,X,jujurly lucu banget sih ini 😭,2024-12-23 15:19:51,positif
xwaskita,X,jujurly lucu banget sih ini 😭,2024-12-23 15:19:53,positif
tarihoranulya,X,hmm no comment deh,2024-12-23 15:32:05,netral
nmelani,X,gw setuju sih ama omongannya gus,2024-12-23 15:04:07,positif
dacin85,X,hmm no comment deh,2024-12-23 15:58:46,netral
saragihcaket,X,bisa2 jualan es teh jd insecure 😓,2024-12-23 15:53:37,negatif
ade90,X,tergantung yg nonton juga sih,2024-12-23 15:56:20,netral
indahhandayani,X,biasa aja sih,2024-12-23 15:25:49,netral
whutapea,X,gw setuju sih ama omongannya gus,2024-12-23 15:33:27,positif
taufikusamah,X,jujurly lucu banget sih ini 😭,2024-12-23 15:51:07,positif
limar22,X,tergantung yg nonton juga sih,2024-12-23 15:22:38,netral
dadapsitumorang,X,biasa aja sih,2024-12-23 15:22:11,netral
puspitapaiman,X,gus miftah harus minta maaf sih ini,2024-12-23 15:12:49,negatif
lanjar56,X,biar agak keras tapi niatnya baik kok,2024-12-23 15:07:51,positif
esimbolon,X,gw setuju sih ama omongannya gus,2024-12-23 15:56:16,positif
galang91,X,gue liat ini ya udah lah ya,2024-12-23 15:20:54,netral
vinotarihoran,X,jujurly lucu banget sih ini 😭,2024-12-23 15:26:59,positif
pangestubajragin,X,"bener juga sih, kadang netizen terlalu baper",2024-12-23 15:31:09,positif
among24,X,masih netral aja sih gw liatnya,2024-12-23 15:32:17,netral
daniswaraaryani,X,ni gus emg ada aja kelakuannya 😂,2024-12-23 15:35:49,positif
setiawandasa,X,ni gus emg ada aja kelakuannya 😂,2024-12-23 15:15:36,positif
iuyainah,X,ga sopan bgt ngomong gitu,2024-12-23 15:07:25,negatif
kzulkarnain,X,"ceramahnya tetep dapet kok, relax aja guys",2024-12-23 15:01:51,positif
harjapranowo,X,jujurly lucu banget sih ini 😭,2024-12-23 15:24:31,positif
winarnoibrahim,X,ga tau mau bilang apa,2024-12-23 15:28:17,netral
nasyiahdarmanto,X,"bener juga sih, kadang netizen terlalu baper",2024-12-23 15:23:24,positif
balijan68,X,hmm no comment deh,2024-12-23 15:41:13,netral
tampubolonjabal,X,biar agak keras tapi niatnya baik kok,2024-12-23 15:53:25,positif
chandra80,X,ceramah apaan malah ngehina,2024-12-23 15:25:14,negatif
rahimaheja,X,gw setuju sih ama omongannya gus,2024-12-23 15:54:00,positif
phidayat,X,"bener juga sih, kadang netizen terlalu baper",2024-12-23 15:12:12,positif
budimandadi,X,ga sopan bgt ngomong gitu,2024-12-23 15:55:09,negatif
dpuspita,X,gus miftah harus minta maaf sih ini,2024-12-23 15:03:53,negatif
humaira82,X,biar agak keras tapi niatnya baik kok,2024-12-23 15:42:20,positif
kani53,X,masih netral aja sih gw liatnya,2024-12-23 15:45:54,netral
marsitoprabowo,X,biar agak keras tapi niatnya baik kok,2024-12-23 15:47:46,positif
nainggolankezia,X,jujurly lucu banget sih ini 😭,2024-12-23 15:32:33,positif
harsaya95,X,biasa aja sih,2024-12-23 15:10:43,netral
almirahastuti,X,ga tau mau bilang apa,2024-12-23 15:45:43,netral
garanwidiastuti,X,"ceramahnya tetep dapet kok, relax aja guys",2024-12-23 15:51:49,positif
opungprabowo,X,tergantung yg nonton juga sih,2024-12-23 15:24:59,netral
nrimasaputra,X,waduh ini sih udah kelewat batas,2024-12-23 15:57:49,negatif
widodoella,X,"ceramahnya tetep dapet kok, relax aja guys",2024-12-23 15:51:33,positif
ewasita,X,gw setuju sih ama omongannya gus,2024-12-23 15:33:22,positif
slestari,X,ni gus emg ada aja kelakuannya 😂,2024-12-23 15:33:30,positif
egapermata,X,ceramah apaan malah ngehina,2024-12-23 15:13:17,negatif
gadakuswandari,X,ni gus emg ada aja kelakuannya 😂,2024-12-23 15:14:53,positif
jagapati83,X,gus miftah harus minta maaf sih ini,2024-12-23 15:27:54,negatif
usmansihombing,X,bisa2 jualan es teh jd insecure 😓,2024-12-23 15:48:59,negatif
yessiwaluyo,X,hmm no comment deh,2024-12-23 15:58:15,netral
ajiminhasanah,X,masih netral aja sih gw liatnya,2024-12-23 15:33:34,netral
ulvazulaika,X,biasa aja sih,2024-12-23 15:29:06,netral
waluyogatot,X,ceramah apaan malah ngehina,2024-12-23 15:51:37,negatif
taufan99,X,bisa2 jualan es teh jd insecure 😓,2024-12-23 15:57:41,negatif
saefullahkasiran,X,biar agak keras tapi niatnya baik kok,2024-12-23 15:46:56,positif
zulkarnainibrahim,X,gus miftah harus minta maaf sih ini,2024-12-23 15:11:04,negatif
nasyiahperkasa,X,ga sopan bgt ngomong gitu,2024-12-23 15:06:50,negatif
rahmawatiwardi,X,biasa aja sih,2024-12-23 15:46:26,netral
kurniawanlukita,X,gue liat ini ya udah lah ya,2024-12-23 15:20:14,netral
vrajata,X,hmm no comment deh,2024-12-23 15:08:49,netral
baktionopranowo,X,hmm no comment deh,2024-12-23 15:51:22,netral
puspa80,X,ga tau mau bilang apa,2024-12-23 15:25:55,netral
vsitompul,X,biasa aja sih,2024-12-23 15:03:50,netral
agus74,X,tergantung yg nonton juga sih,2024-12-23 15:29:12,netral
leo85,X,jujurly lucu banget sih ini 😭,2024-12-23 15:06:43,positif
calistasihombing,X,ceramah apaan malah ngehina,2024-12-23 15:15:48,negatif
siti74,X,"bener juga sih, kadang netizen terlalu baper",2024-12-23 15:23:33,positif
permataridwan,X,"ceramahnya tetep dapet kok, relax aja guys",2024-12-23 15:04:59,positif
paimanusamah,X,biar agak keras tapi niatnya baik kok,2024-12-23 15:00:20,positif
yunita17,X,jujurly lucu banget sih ini 😭,2024-12-23 15:19:26,positif
uchita69,X,ga tau mau bilang apa,2024-12-23 15:22:47,netral
nababansalwa,X,biar agak keras tapi niatnya baik kok,2024-12-23 15:27:39,positif
rizkipermata,X,"bener juga sih, kadang netizen terlalu baper",2024-12-23 15:00:53,positif
usadabalidin,X,ni gus emg ada aja kelakuannya 😂,2024-12-23 15:36:22,positif
pratamabakti,X,gus miftah harus minta maaf sih ini,2024-12-23 15:22:50,negatif
sudiatidacin,X,gue liat ini ya udah lah ya,2024-12-23 15:16:24,netral
syahrinilailasari,X,"ceramahnya tetep dapet kok, relax aja guys",2024-12-23 15:16:35,positif
gunartozaenab,X,"ceramahnya tetep dapet kok, relax aja guys",2024-12-23 15:41:51,positif
wijayantieli,X,biar agak keras tapi niatnya baik kok,2024-12-23 15:48:46,positif
purwa06,X,bisa2 jualan es teh jd insecure 😓,2024-12-23 15:16:47,negatif
prastutiyessi,X,"ga lucu, malah nyakitin hati yg jualan",2024-12-23 15:07:48,negatif
maimunah08,X,jujurly lucu banget sih ini 😭,2024-12-23 15:45:03,positif
dariminwibisono,X,"ceramahnya tetep dapet kok, relax aja guys",2024-12-23 15:07:22,positif
kenzielaksita,X,"ga lucu, malah nyakitin hati yg jualan",2024-12-23 15:03:49,negatif
samsul22,X,ga tau mau bilang apa,2024-12-23 15:50:09,netral
jailaniopan,X,gue liat ini ya udah lah ya,2024-12-23 15:02:10,netral
soleh02,X,hmm no comment deh,2024-12-23 15:41:39,netral
cengkirsalahudin,X,"bener juga sih, kadang netizen terlalu baper",2024-12-23 15:29:21,positif
hpadmasari,X,ni gus emg ada aja kelakuannya 😂,2024-12-23 15:53:11,positif
genta88,X,ga sopan bgt ngomong gitu,2024-12-23 15:08:59,negatif
daru98,X,gus miftah harus minta maaf sih ini,2024-12-23 15:04:35,negatif
qsirait,X,masih netral aja sih gw liatnya,2024-12-23 15:30:56,netral
atmajamegantara,X,waduh ini sih udah kelewat batas,2024-12-23 15:29:07,negatif
bajraginiswahyudi,X,ga tau mau bilang apa,2024-12-23 15:06:18,netral
salmanpuspasari,X,bisa2 jualan es teh jd insecure 😓,2024-12-23 15:45:23,negatif
kamaria09,X,ga sopan bgt ngomong gitu,2024-12-23 15:54:58,negatif
prasetyo19,X,"ceramahnya tetep dapet kok, relax aja guys",2024-12-23 15:57:07,positif
purnawatixanana,X,"bener juga sih, kadang netizen terlalu baper",2024-12-23 15:00:28,positif
ramadangawati,X,waduh ini sih udah kelewat batas,2024-12-23 15:29:29,negatif
nugrahasuryono,X,biasa aja sih,2024-12-23 15:46:15,netral
cahyadi00,X,gus miftah harus minta maaf sih ini,2024-12-23 15:08:26,negatif
unuraini,X,ga sopan bgt ngomong gitu,2024-12-23 15:47:26,negatif
lwahyuni,X,"ceramahnya tetep dapet kok, relax aja guys",2024-12-23 15:07:53,positif
zgunarto,X,"ceramahnya tetep dapet kok, relax aja guys",2024-12-23 15:50:48,positif
damar76,X,waduh ini sih udah kelewat batas,2024-12-23 15:55:22,negatif
ghaliyatiuwais,X,bisa2 jualan es teh jd insecure 😓,2024-12-23 15:38:07,negatif
mulyanigabriella,X,tergantung yg nonton juga sih,2024-12-23 15:28:00,netral
vmelani,X,ni gus emg ada aja kelakuannya 😂,2024-12-23 15:29:36,positif
isaptono,X,ceramah apaan malah ngehina,2024-12-23 15:02:31,negatif
warsita88,X,"bener juga sih, kadang netizen terlalu baper",2024-12-23 15:02:18,positif
palastrisidiq,X,"ga lucu, malah nyakitin hati yg jualan",2024-12-23 15:32:23,negatif
opudjiastuti,X,gw setuju sih ama omongannya gus,2024-12-23 15:49:57,positif
haryantidiah,X,hmm no comment deh,2024-12-23 15:00:11,netral
ameliarajata,X,hmm no comment deh,2024-12-23 15:43:08,netral
ikin07,X,ga tau mau bilang apa,2024-12-23 15:30:30,netral
putu37,X,hmm no comment deh,2024-12-23 15:23:09,netral
manullangwarta,X,gus miftah harus minta maaf sih ini,2024-12-23 15:53:03,negatif
bnamaga,X,ceramah apaan malah ngehina,2024-12-23 15:34:25,negatif
latuponobakti,X,hmm no comment deh,2024-12-23 15:59:28,netral
qmayasari,X,ga sopan bgt ngomong gitu,2024-12-23 15:03:43,negatif
malik50,X,bisa2 jualan es teh jd insecure 😓,2024-12-23 15:55:51,negatif
haryantiwage,X,ceramah apaan malah ngehina,2024-12-23 15:06:36,negatif
suryatmidarimin,X,tergantung yg nonton juga sih,2024-12-23 15:09:34,netral
putraadiarja,X,gus miftah harus minta maaf sih ini,2024-12-23 15:29:38,negatif
praboworaisa,X,jujurly lucu banget sih ini 😭,2024-12-23 15:00:32,positif
nababanraharja,X,biar agak keras tapi niatnya baik kok,2024-12-23 15:51:51,positif
cager52,X,biasa aja sih,2024-12-23 15:58:01,netral
cengkalthamrin,X,masih netral aja sih gw liatnya,2024-12-23 15:33:02,netral
inababan,X,gue liat ini ya udah lah ya,2024-12-23 15:33:47,netral
saptonoopung,X,gw setuju sih ama omongannya gus,2024-12-23 15:36:16,positif
vegakurniawan,X,biasa aja sih,2024-12-23 15:33:59,netral
harjaya24,X,masih netral aja sih gw liatnya,2024-12-23 15:55:17,netral
olivanamaga,X,gus miftah harus minta maaf sih ini,2024-12-23 15:35:24,negatif
laksitazulaikha,X,"ga lucu, malah nyakitin hati yg jualan",2024-12-23 15:07:41,negatif
gadahakim,X,"bener juga sih, kadang netizen terlalu baper",2024-12-23 15:46:06,positif
galuhmaryati,X,ni gus emg ada aja kelakuannya 😂,2024-12-23 15:06:54,positif
dsitumorang,X,ceramah apaan malah ngehina,2024-12-23 15:05:12,negatif
luwar97,X,"ceramahnya tetep dapet kok, relax aja guys",2024-12-23 15:59:23,positif
cornelia66,X,ga tau mau bilang apa,2024-12-23 15:37:29,netral
tirta21,X,gus miftah harus minta maaf sih ini,2024-12-23 15:24:14,negatif
siraitkania,X,gw setuju sih ama omongannya gus,2024-12-23 15:53:54,positif
humairanamaga,X,gus miftah harus minta maaf sih ini,2024-12-23 15:46:49,negatif
gatra87,X,waduh ini sih udah kelewat batas,2024-12-23 15:44:05,negatif
radika24,X,ga tau mau bilang apa,2024-12-23 15:39:07,netral
ikabudiyanto,X,gue liat ini ya udah lah ya,2024-12-23 15:56:26,netral
bambang62,X,gue liat ini ya udah lah ya,2024-12-23 15:14:17,netral
drajat56,X,ga sopan bgt ngomong gitu,2024-12-23 15:25:17,negatif
samosirsabar,X,"ceramahnya tetep dapet kok, relax aja guys",2024-12-23 15:36:44,positif
kurniawanakarsana,X,biar agak keras tapi niatnya baik kok,2024-12-23 15:32:19,positif
aurorapradipta,X,gus miftah harus minta maaf sih ini,2024-12-23 15:14:12,negatif
prayogohutasoit,X,ceramah apaan malah ngehina,2024-12-23 15:38:58,negatif
mardhiyahdevi,X,gus miftah harus minta maaf sih ini,2024-12-23 15:13:20,negatif
laksitanrima,X,ga tau mau bilang apa,2024-12-23 15:02:02,netral
winarnoyusuf,X,biasa aja sih,2024-12-23 15:10:56,netral
asirwadanasyidah,X,gus miftah harus minta maaf sih ini,2024-12-23 15:21:55,negatif
uardianto,X,"ceramahnya tetep dapet kok, relax aja guys",2024-12-23 15:48:48,positif
mahmud59,X,"ceramahnya tetep dapet kok, relax aja guys",2024-12-23 15:55:18,positif
elisa56,X,gw setuju sih ama omongannya gus,2024-12-23 15:56:38,positif
dacin76,X,gw setuju sih ama omongannya gus,2024-12-23 15:17:03,positif
citra79,X,ga sopan bgt ngomong gitu,2024-12-23 15:35:09,negatif
zwahyudin,X,masih netral aja sih gw liatnya,2024-12-23 15:23:15,netral
atma84,X,gus miftah harus minta maaf sih ini,2024-12-23 15:13:04,negatif
ymustofa,X,bisa2 jualan es teh jd insecure 😓,2024-12-23 15:46:25,negatif
maria93,X,"ceramahnya tetep dapet kok, relax aja guys",2024-12-23 15:01:40,positif
rahmat92,X,ceramah apaan malah ngehina,2024-12-23 15:45:22,negatif
psimbolon,X,bisa2 jualan es teh jd insecure 😓,2024-12-23 15:17:07,negatif
kenzie77,X,bisa2 jualan es teh jd insecure 😓,2024-12-23 15:27:08,negatif
utamizamira,X,"bener juga sih, kadang netizen terlalu baper",2024-12-23 15:13:58,positif
xsihombing,X,ga sopan bgt ngomong gitu,2024-12-23 15:57:46,negatif
kasimhutapea,X,gus miftah harus minta maaf sih ini,2024-12-23 15:29:06,negatif
dpuspasari,X,"ceramahnya tetep dapet kok, relax aja guys",2024-12-23 15:49:44,positif
gara33,X,jujurly lucu banget sih ini 😭,2024-12-23 15:56:52,positif
agus09,X,ga sopan bgt ngomong gitu,2024-12-23 15:03:19,negatif
maidaaryani,X,ceramah apaan malah ngehina,2024-12-23 15:14:59,negatif
oyuniar,X,waduh ini sih udah kelewat batas,2024-12-23 15:02:13,negatif
drajatpradana,X,ga sopan bgt ngomong gitu,2024-12-23 15:04:27,negatif
ajimatmaulana,X,gus miftah harus minta maaf sih ini,2024-12-23 15:02:01,negatif
uda14,X,bisa2 jualan es teh jd insecure 😓,2024-12-23 15:48:49,negatif
hastawahyuni,X,"bener juga sih, kadang netizen terlalu baper",2024-12-23 15:29:25,positif
wahyulaksita,X,masih netral aja sih gw liatnya,2024-12-23 15:07:06,netral
mulyanicawisono,X,gw setuju sih ama omongannya gus,2024-12-23 15:55:45,positif
wulan31,X,ni gus emg ada aja kelakuannya 😂,2024-12-23 15:47:20,positif
rosman09,X,ga tau mau bilang apa,2024-12-23 15:50:01,netral
gamantosuryatmi,X,jujurly lucu banget sih ini 😭,2024-12-23 15:34:43,positif
najib04,X,hmm no comment deh,2024-12-23 15:40:37,netral
vanyadabukke,X,waduh ini sih udah kelewat batas,2024-12-23 15:04:41,negatif
opung00,X,biar agak keras tapi niatnya baik kok,2024-12-23 15:49:40,positif
ksuartini,X,masih netral aja sih gw liatnya,2024-12-23 15:39:44,netral
afujiati,X,"bener juga sih, kadang netizen terlalu baper",2024-12-23 15:14:57,positif
jpudjiastuti,X,bisa2 jualan es teh jd insecure 😓,2024-12-23 15:23:39,negatif
anikusmawati,X,"ga lucu, malah nyakitin hati yg jualan",2024-12-23 15:50:37,negatif
omar91,X,"ga lucu, malah nyakitin hati yg jualan",2024-12-23 15:14:52,negatif
karenyuliarti,X,bisa2 jualan es teh jd insecure 😓,2024-12-23 15:31:08,negatif
bakiman05,X,masih netral aja sih gw liatnya,2024-12-23 15:13:38,netral
rardianto,X,jujurly lucu banget sih ini 😭,2024-12-23 15:30:23,positif
prabowojati,X,ni gus emg ada aja kelakuannya 😂,2024-12-23 15:17:17,positif
salwa08,X,gue liat ini ya udah lah ya,2024-12-23 15:07:33,netral
astutiprakosa,X,gw setuju sih ama omongannya gus,2024-12-23 15:44:01,positif
raisawahyudin,X,ceramah apaan malah ngehina,2024-12-23 15:09:40,negatif
sinagamelinda,X,"bener juga sih, kadang netizen terlalu baper",2024-12-23 15:21:30,positif
olivasitorus,X,bisa2 jualan es teh jd insecure 😓,2024-12-23 15:51:22,negatif
ajengprasetya,X,gus miftah harus minta maaf sih ini,2024-12-23 15:44:10,negatif
sitorusratih,X,"ga lucu, malah nyakitin hati yg jualan",2024-12-23 15:38:08,negatif
puputanggraini,X,"bener juga sih, kadang netizen terlalu baper",2024-12-23 15:40:13,positif
prasetyo64,X,"ga lucu, malah nyakitin hati yg jualan",2024-12-23 15:23:11,negatif
artanto47,X,ceramah apaan malah ngehina,2024-12-23 15:06:59,negatif
wpudjiastuti,X,biasa aja sih,2024-12-23 15:23:50,netral
endahwaskita,X,ceramah apaan malah ngehina,2024-12-23 15:42:52,negatif
prabu32,X,hmm no comment deh,2024-12-23 15:15:02,netral
faizahoktaviani,X,"ga lucu, malah nyakitin hati yg jualan",2024-12-23 15:40:18,negatif
suryonoayu,X,ceramah apaan malah ngehina,2024-12-23 15:57:48,negatif
hairyanto09,X,"bener juga sih, kadang netizen terlalu baper",2024-12-23 15:33:46,positif
galak08,X,"ceramahnya tetep dapet kok, relax aja guys",2024-12-23 15:09:53,positif
cmaulana,X,gus miftah harus minta maaf sih ini,2024-12-23 15:37:04,negatif
kasim61,X,hmm no comment deh,2024-12-23 15:18:15,netral
bala61,X,ceramah apaan malah ngehina,2024-12-23 15:55:37,negatif
taliariyanti,X,hmm no comment deh,2024-12-23 15:33:58,netral
aswani31,X,gue liat ini ya udah lah ya,2024-12-23 15:01:06,netral
gangsadongoran,X,ni gus emg ada aja kelakuannya 😂,2024-12-23 15:55:16,positif
suryatmiutama,X,tergantung yg nonton juga sih,2024-12-23 15:40:32,netral
purwantiupik,X,"bener juga sih, kadang netizen terlalu baper",2024-12-23 15:15:44,positif
cahyowaskita,X,"ceramahnya tetep dapet kok, relax aja guys",2024-12-23 15:24:42,positif
mahfudpuspita,X,biar agak keras tapi niatnya baik kok,2024-12-23 15:04:28,positif
calista67,X,"bener juga sih, kadang netizen terlalu baper",2024-12-23 15:01:26,positif
enteng42,X,bisa2 jualan es teh jd insecure 😓,2024-12-23 15:22:38,negatif
darman86,X,ga tau mau bilang apa,2024-12-23 15:39:01,netral
harjaanggriawan,X,hmm no comment deh,2024-12-23 15:49:30,netral
nsantoso,X,waduh ini sih udah kelewat batas,2024-12-23 15:56:10,negatif
lazuardikarta,X,ga sopan bgt ngomong gitu,2024-12-23 15:56:59,negatif
martakawahyudin,X,hmm no comment deh,2024-12-23 15:48:30,netral
endah70,X,ni gus emg ada aja kelakuannya 😂,2024-12-23 15:51:34,positif
nasab38,X,"bener juga sih, kadang netizen terlalu baper",2024-12-23 15:04:48,positif
johan97,X,gw setuju sih ama omongannya gus,2024-12-23 15:53:05,positif
nugrahamaulana,X,gus miftah harus minta maaf sih ini,2024-12-23 15:07:47,negatif
uliramadan,X,"ceramahnya tetep dapet kok, relax aja guys",2024-12-23 15:54:42,positif
karna37,X,tergantung yg nonton juga sih,2024-12-23 15:22:08,netral
tnajmudin,X,waduh ini sih udah kelewat batas,2024-12-23 15:44:01,negatif
baktiadihalimah,X,"ga lucu, malah nyakitin hati yg jualan",2024-12-23 15:45:36,negatif
gamani14,X,gue liat ini ya udah lah ya,2024-12-23 15:44:51,netral
respati78,X,gw setuju sih ama omongannya gus,2024-12-23 15:49:53,positif
putraian,X,bisa2 jualan es teh jd insecure 😓,2024-12-23 15:16:23,negatif
maryatiikhsan,X,bisa2 jualan es teh jd insecure 😓,2024-12-23 15:05:01,negatif
edward98,X,tergantung yg nonton juga sih,2024-12-23 15:24:49,netral
zpuspita,X,waduh ini sih udah kelewat batas,2024-12-23 15:03:46,negatif
wulandariviman,X,"ceramahnya tetep dapet kok, relax aja guys",2024-12-23 15:03:53,positif
pandu22,X,bisa2 jualan es teh jd insecure 😓,2024-12-23 15:25:54,negatif
xanana32,X,ga sopan bgt ngomong gitu,2024-12-23 15:05:11,negatif
jindra71,X,bisa2 jualan es teh jd insecure 😓,2024-12-23 15:59:57,negatif
balijanwahyuni,X,"ceramahnya tetep dapet kok, relax aja guys",2024-12-23 15:14:53,positif
budimanrama,X,"bener juga sih, kadang netizen terlalu baper",2024-12-23 15:23:54,positif
mtamba,X,"bener juga sih, kadang netizen terlalu baper",2024-12-23 15:43:02,positif
hutagalungatmaja,X,waduh ini sih udah kelewat batas,2024-12-23 15:24:31,negatif
diahnatsir,X,biar agak keras tapi niatnya baik kok,2024-12-23 15:23:07,positif
bahuraksa72,X,hmm no comment deh,2024-12-23 15:24:09,netral
usiregar,X,tergantung yg nonton juga sih,2024-12-23 15:37:29,netral
rika83,X,masih netral aja sih gw liatnya,2024-12-23 15:30:34,netral
ibraniprakasa,X,jujurly lucu banget sih ini 😭,2024-12-23 15:09:54,positif
juyainah,X,jujurly lucu banget sih ini 😭,2024-12-23 15:50:27,positif
warjiwaskita,X,gus miftah harus minta maaf sih ini,2024-12-23 15:19:00,negatif
mariadisudiati,X,ga sopan bgt ngomong gitu,2024-12-23 15:08:40,negatif
patriciasudiati,X,"bener juga sih, kadang netizen terlalu baper",2024-12-23 15:37:39,positif
lazuardihairyanto,X,"ga lucu, malah nyakitin hati yg jualan",2024-12-23 15:44:46,negatif
maulanazaenab,X,"ga lucu, malah nyakitin hati yg jualan",2024-12-23 15:51:41,negatif
nardi66,X,biar agak keras tapi niatnya baik kok,2024-12-23 15:24:00,positif
ktamba,X,"ceramahnya tetep dapet kok, relax aja guys",2024-12-23 15:22:38,positif
wprasetya,X,ga sopan bgt ngomong gitu,2024-12-23 15:31:37,negatif
yunitawinarsih,X,gus miftah harus minta maaf sih ini,2024-12-23 15:53:06,negatif
tambalega,X,biasa aja sih,2024-12-23 15:04:43,netral
digdayaiswahyudi,X,biar agak keras tapi niatnya baik kok,2024-12-23 15:56:51,positif
wulandarihamima,X,"ceramahnya tetep dapet kok, relax aja guys",2024-12-23 15:52:27,positif
permatapadmi,X,waduh ini sih udah kelewat batas,2024-12-23 15:23:08,negatif
rosmanmaheswara,X,tergantung yg nonton juga sih,2024-12-23 15:04:39,netral
yoga51,X,gue liat ini ya udah lah ya,2024-12-23 15:49:08,netral
jaeman32,X,ni gus emg ada aja kelakuannya 😂,2024-12-23 15:57:48,positif
sabar66,X,ga sopan bgt ngomong gitu,2024-12-23 15:41:45,negatif
danang53,X,ceramah apaan malah ngehina,2024-12-23 15:41:30,negatif
zaenabriyanti,X,ga tau mau bilang apa,2024-12-23 15:38:46,netral
yusada,X,gue liat ini ya udah lah ya,2024-12-23 15:15:37,netral
dalimanmaryati,X,tergantung yg nonton juga sih,2024-12-23 15:26:58,netral
hamzah17,X,tergantung yg nonton juga sih,2024-12-23 15:54:39,netral
jaya55,X,ceramah apaan malah ngehina,2024-12-23 15:12:40,negatif
kenesramadan,X,"ga lucu, malah nyakitin hati yg jualan",2024-12-23 15:02:21,negatif
tirtasaptono,X,"ga lucu, malah nyakitin hati yg jualan",2024-12-23 15:10:44,negatif
susantimursinin,X,ceramah apaan malah ngehina,2024-12-23 15:10:57,negatif
wacanalamar,X,"ceramahnya tetep dapet kok, relax aja guys",2024-12-23 15:51:59,positif
bharyanto,X,"ga lucu, malah nyakitin hati yg jualan",2024-12-23 15:24:19,negatif
marwata08,X,gue liat ini ya udah lah ya,2024-12-23 15:33:38,netral
yuliantiasmianto,X,"bener juga sih, kadang netizen terlalu baper",2024-12-23 15:02:32,positif
daryani74,X,ga sopan bgt ngomong gitu,2024-12-23 15:13:53,negatif
budinajmudin,X,masih netral aja sih gw liatnya,2024-12-23 15:43:32,netral
jasmin74,X,bisa2 jualan es teh jd insecure 😓,2024-12-23 15:01:05,negatif
rini65,X,jujurly lucu banget sih ini 😭,2024-12-23 15:08:56,positif
oktavianipaiman,X,"ga lucu, malah nyakitin hati yg jualan",2024-12-23 15:39:11,negatif
mulyapradana,X,jujurly lucu banget sih ini 😭,2024-12-23 15:03:31,positif
abyasa81,X,"ceramahnya tetep dapet kok, relax aja guys",2024-12-23 15:41:15,positif
zlestari,X,"ceramahnya tetep dapet kok, relax aja guys",2024-12-23 15:27:51,positif
clarapurwanti,X,gw setuju sih ama omongannya gus,2024-12-23 15:57:07,positif
siswahyudi,X,ni gus emg ada aja kelakuannya 😂,2024-12-23 15:10:06,positif
niyagaprayoga,X,ga sopan bgt ngomong gitu,2024-12-23 15:48:41,negatif
wastutiilyas,X,biar agak keras tapi niatnya baik kok,2024-12-23 15:56:05,positif
rudi57,X,waduh ini sih udah kelewat batas,2024-12-23 15:06:11,negatif
maimunah56,X,gue liat ini ya udah lah ya,2024-12-23 15:41:00,netral
ibrahim89,X,"ga lucu, malah nyakitin hati yg jualan",2024-12-23 15:03:34,negatif
uyainahwidya,X,bisa2 jualan es teh jd insecure 😓,2024-12-23 15:38:05,negatif
citraardianto,X,biasa aja sih,2024-12-23 15:03:58,netral
hadizulkarnain,X,gw setuju sih ama omongannya gus,2024-12-23 15:43:33,positif
rahmi67,X,gw setuju sih ama omongannya gus,2024-12-23 15:47:55,positif
bakti25,X,masih netral aja sih gw liatnya,2024-12-23 15:39:09,netral
tampubolonnadine,X,tergantung yg nonton juga sih,2024-12-23 15:20:27,netral
permadighaliyati,X,gue liat ini ya udah lah ya,2024-12-23 15:04:01,netral
kadirhastuti,X,jujurly lucu banget sih ini 😭,2024-12-23 15:22:52,positif
omansur,X,biasa aja sih,2024-12-23 15:48:18,netral
winarnoadikara,X,bisa2 jualan es teh jd insecure 😓,2024-12-23 15:20:28,negatif
wardayapuspasari,X,jujurly lucu banget sih ini 😭,2024-12-23 15:33:58,positif
suryatmigambira,X,"bener juga sih, kadang netizen terlalu baper",2024-12-23 15:12:31,positif
siraitrestu,X,ga sopan bgt ngomong gitu,2024-12-23 15:18:24,negatif
maheswaracandrakanta,X,"ga lucu, malah nyakitin hati yg jualan",2024-12-23 15:25:54,negatif
yuniarella,X,hmm no comment deh,2024-12-23 15:53:42,netral
hildamarbun,X,ga tau mau bilang apa,2024-12-23 15:22:01,netral
rajataajiono,X,ga tau mau bilang apa,2024-12-23 15:53:09,netral
gastimaulana,X,biasa aja sih,2024-12-23 15:33:36,netral
inurdiyanti,X,waduh ini sih udah kelewat batas,2024-12-23 15:15:09,negatif
prahimah,X,"ceramahnya tetep dapet kok, relax aja guys",2024-12-23 15:54:49,positif
natsirsafina,X,ga tau mau bilang apa,2024-12-23 15:52:12,netral
megantaraedison,X,hmm no comment deh,2024-12-23 15:10:24,netral
mansurdrajat,X,gue liat ini ya udah lah ya,2024-12-23 15:58:46,netral
bahuraksaanggraini,X,biasa aja sih,2024-12-23 15:54:14,netral
dartonorahayu,X,biar agak keras tapi niatnya baik kok,2024-12-23 15:43:16,positif
emong88,X,biar agak keras tapi niatnya baik kok,2024-12-23 15:51:03,positif
danuadriansyah,X,bisa2 jualan es teh jd insecure 😓,2024-12-23 15:23:01,negatif
zwidiastuti,X,biar agak keras tapi niatnya baik kok,2024-12-23 15:56:49,positif
sabri54,X,waduh ini sih udah kelewat batas,2024-12-23 15:46:43,negatif
budiyantocitra,X,gw setuju sih ama omongannya gus,2024-12-23 15:14:50,positif
shakilanamaga,X,biasa aja sih,2024-12-23 15:46:52,netral
ulimandasari,X,ga tau mau bilang apa,2024-12-23 15:59:34,netral
luis32,X,waduh ini sih udah kelewat batas,2024-12-23 15:57:02,negatif
qpadmasari,X,gue liat ini ya udah lah ya,2024-12-23 15:59:05,netral
winda46,X,ni gus emg ada aja kelakuannya 😂,2024-12-23 15:08:37,positif
balidin54,X,"bener juga sih, kadang netizen terlalu baper",2024-12-23 15:06:23,positif
lukman16,X,waduh ini sih udah kelewat batas,2024-12-23 15:32:14,negatif
blaksmiwati,X,waduh ini sih udah kelewat batas,2024-12-23 15:26:18,negatif
ana94,X,gw setuju sih ama omongannya gus,2024-12-23 15:58:10,positif
prabu03,X,"ceramahnya tetep dapet kok, relax aja guys",2024-12-23 15:05:18,positif
pandu30,X,gus miftah harus minta maaf sih ini,2024-12-23 15:48:16,negatif
frahayu,X,"bener juga sih, kadang netizen terlalu baper",2024-12-23 15:59:38,positif
limar13,X,masih netral aja sih gw liatnya,2024-12-23 15:43:15,netral
hidayattirta,X,gue liat ini ya udah lah ya,2024-12-23 15:27:04,netral
adhiarja39,X,tergantung yg nonton juga sih,2024-12-23 15:15:23,netral
kusmawatiempluk,X,waduh ini sih udah kelewat batas,2024-12-23 15:20:02,negatif
intan50,X,waduh ini sih udah kelewat batas,2024-12-23 15:42:18,negatif
namagacahyono,X,waduh ini sih udah kelewat batas,2024-12-23 15:33:23,negatif
iagustina,X,masih netral aja sih gw liatnya,2024-12-23 15:12:45,netral
marpaunggalar,X,gus miftah harus minta maaf sih ini,2024-12-23 15:13:09,negatif
agustinaradika,X,"ga lucu, malah nyakitin hati yg jualan",2024-12-23 15:34:08,negatif
nyoman51,X,jujurly lucu banget sih ini 😭,2024-12-23 15:01:28,positif
wjanuar,X,biasa aja sih,2024-12-23 15:18:37,netral
ciaobella66,X,ga sopan bgt ngomong gitu,2024-12-23 15:14:00,negatif
mujur82,X,biasa aja sih,2024-12-23 15:43:00,netral
aslijananggriawan,X,gw setuju sih ama omongannya gus,2024-12-23 15:46:52,positif
mumpuni57,X,gus miftah harus minta maaf sih ini,2024-12-23 15:23:47,negatif
jailanidadap,X,waduh ini sih udah kelewat batas,2024-12-23 15:37:02,negatif
gatra05,X,gus miftah harus minta maaf sih ini,2024-12-23 15:32:07,negatif
gina16,X,"ceramahnya tetep dapet kok, relax aja guys",2024-12-23 15:08:27,positif
halimrika,X,ga tau mau bilang apa,2024-12-23 15:55:54,netral
santosolurhur,X,waduh ini sih udah kelewat batas,2024-12-23 15:55:39,negatif
makuta12,X,"ceramahnya tetep dapet kok, relax aja guys",2024-12-23 15:47:00,positif
pradanaian,X,ceramah apaan malah ngehina,2024-12-23 15:25:52,negatif
anomsusanti,X,masih netral aja sih gw liatnya,2024-12-23 15:43:59,netral
eminmulyani,X,gw setuju sih ama omongannya gus,2024-12-23 15:42:08,positif
iwastuti,X,"ga lucu, malah nyakitin hati yg jualan",2024-12-23 15:44:32,negatif
ywibowo,X,ga tau mau bilang apa,2024-12-23 15:29:51,netral
mulyanto64,X,ceramah apaan malah ngehina,2024-12-23 15:18:45,negatif
hutagalungwarsa,X,waduh ini sih udah kelewat batas,2024-12-23 15:09:28,negatif
pangeranpermadi,X,ceramah apaan malah ngehina,2024-12-23 15:05:25,negatif
dwiwijaya,X,hmm no comment deh,2024-12-23 15:37:33,netral
kairav53,X,hmm no comment deh,2024-12-23 15:42:16,netral
ppertiwi,X,jujurly lucu banget sih ini 😭,2024-12-23 15:45:20,positif
nrahimah,X,jujurly lucu banget sih ini 😭,2024-12-23 15:26:01,positif
wawansaragih,X,ga tau mau bilang apa,2024-12-23 15:00:09,netral
vivilaksita,X,bisa2 jualan es teh jd insecure 😓,2024-12-23 15:26:48,negatif
hendraagustina,X,biar agak keras tapi niatnya baik kok,2024-12-23 15:19:09,positif
cahyadinarpati,X,bisa2 jualan es teh jd insecure 😓,2024-12-23 15:39:29,negatif
sihotangpaulin,X,gue liat ini ya udah lah ya,2024-12-23 15:44:56,netral
kajen25,X,biasa aja sih,2024-12-23 15:51:54,netral
drajatwibowo,X,ceramah apaan malah ngehina,2024-12-23 15:34:13,negatif
ilatupono,X,"ceramahnya tetep dapet kok, relax aja guys",2024-12-23 15:27:09,positif
nyana99,X,biar agak keras tapi niatnya baik kok,2024-12-23 15:45:21,positif
ayumaheswara,X,gus miftah harus minta maaf sih ini,2024-12-23 15:51:48,negatif
cager19,X,"ga lucu, malah nyakitin hati yg jualan",2024-12-23 15:57:55,negatif
manahsafitri,X,hmm no comment deh,2024-12-23 15:59:52,netral
muhammad37,X,tergantung yg nonton juga sih,2024-12-23 15:50:21,netral
oman74,X,waduh ini sih udah kelewat batas,2024-12-23 15:12:43,negatif
wartasaragih,X,biasa aja sih,2024-12-23 15:55:04,netral
wardianto,X,"ceramahnya tetep dapet kok, relax aja guys",2024-12-23 15:19:18,positif
raden54,X,waduh ini sih udah kelewat batas,2024-12-23 15:24:54,negatif
arsipatra10,X,ga tau mau bilang apa,2024-12-23 15:29:27,netral
manullangjaya,X,masih netral aja sih gw liatnya,2024-12-23 15:04:55,netral
lulut70,X,hmm no comment deh,2024-12-23 15:41:00,netral
cawisonowastuti,X,ga sopan bgt ngomong gitu,2024-12-23 15:38:07,negatif
gmandasari,X,"ga lucu, malah nyakitin hati yg jualan",2024-12-23 15:48:27,negatif
fitriani81,X,ceramah apaan malah ngehina,2024-12-23 15:33:36,negatif
sabrina61,X,"bener juga sih, kadang netizen terlalu baper",2024-12-23 15:01:06,positif
lidya80,X,biar agak keras tapi niatnya baik kok,2024-12-23 15:59:12,positif
purwantiradika,X,"bener juga sih, kadang netizen terlalu baper",2024-12-23 15:40:18,positif
mansurkunthara,X,masih netral aja sih gw liatnya,2024-12-23 15:01:00,netral
ellisnurdiyanti,X,ni gus emg ada aja kelakuannya 😂,2024-12-23 15:35:26,positif
handayaniemil,X,"ceramahnya tetep dapet kok, relax aja guys",2024-12-23 15:31:38,positif
maida98,X,hmm no comment deh,2024-12-23 15:06:03,netral
jatmiko56,X,gw setuju sih ama omongannya gus,2024-12-23 15:56:28,positif
haryantidasa,X,bisa2 jualan es teh jd insecure 😓,2024-12-23 15:46:56,negatif
anggriawanrosman,X,ga sopan bgt ngomong gitu,2024-12-23 15:22:56,negatif
opunghariyah,X,"ceramahnya tetep dapet kok, relax aja guys",2024-12-23 15:43:49,positif
kwijayanti,X,"bener juga sih, kadang netizen terlalu baper",2024-12-23 15:56:45,positif
panca76,X,"bener juga sih, kadang netizen terlalu baper",2024-12-23 15:24:04,positif
rahmawatiwarsa,X,"bener juga sih, kadang netizen terlalu baper",2024-12-23 15:15:24,positif
padmawidiastuti,X,gw setuju sih ama omongannya gus,2024-12-23 15:31:39,positif
rama41,X,jujurly lucu banget sih ini 😭,2024-12-23 15:55:43,positif
olgarahmawati,X,"ceramahnya tetep dapet kok, relax aja guys",2024-12-23 15:45:33,positif
tmansur,X,tergantung yg nonton juga sih,2024-12-23 15:05:01,netral
mansurwisnu,X,ga sopan bgt ngomong gitu,2024-12-23 15:22:03,negatif
opratiwi,X,ga tau mau bilang apa,2024-12-23 15:40:59,netral
isuryatmi,X,tergantung yg nonton juga sih,2024-12-23 15:30:38,netral
asuartini,X,hmm no comment deh,2024-12-23 15:41:30,netral
anggrainijamil,X,"ga lucu, malah nyakitin hati yg jualan",2024-12-23 15:23:45,negatif
warji75,X,ceramah apaan malah ngehina,2024-12-23 15:30:25,negatif
pradanaaurora,X,hmm no comment deh,2024-12-23 15:59:12,netral
ryuniar,X,waduh ini sih udah kelewat batas,2024-12-23 15:41:24,negatif
faridawahyu,X,ga sopan bgt ngomong gitu,2024-12-23 15:17:31,negatif
ian04,X,ni gus emg ada aja kelakuannya 😂,2024-12-23 15:28:18,positif
harjajailani,X,gw setuju sih ama omongannya gus,2024-12-23 15:22:56,positif
hidayatolivia,X,waduh ini sih udah kelewat batas,2024-12-23 15:49:07,negatif
kamal61,X,ga tau mau bilang apa,2024-12-23 15:46:28,netral
pardi28,X,biasa aja sih,2024-12-23 15:19:00,netral
kenes15,X,ceramah apaan malah ngehina,2024-12-23 15:06:59,negatif
raditirawan,X,tergantung yg nonton juga sih,2024-12-23 15:22:03,netral
erahimah,X,ni gus emg ada aja kelakuannya 😂,2024-12-23 15:10:51,positif
vhutagalung,X,hmm no comment deh,2024-12-23 15:25:02,netral
handayanilili,X,"bener juga sih, kadang netizen terlalu baper",2024-12-23 15:39:28,positif
hmulyani,X,waduh ini sih udah kelewat batas,2024-12-23 15:44:50,negatif
habibihesti,X,gw setuju sih ama omongannya gus,2024-12-23 15:13:05,positif
iriana29,X,ni gus emg ada aja kelakuannya 😂,2024-12-23 15:41:34,positif
habibizalindra,X,hmm no comment deh,2024-12-23 15:22:24,netral
dabukkedaruna,X,tergantung yg nonton juga sih,2024-12-23 15:48:31,netral
hgunawan,X,ceramah apaan malah ngehina,2024-12-23 15:36:51,negatif
radenutami,X,jujurly lucu banget sih ini 😭,2024-12-23 15:43:03,positif
kadir05,X,ga sopan bgt ngomong gitu,2024-12-23 15:39:19,negatif
kenessaragih,X,gue liat ini ya udah lah ya,2024-12-23 15:04:58,netral
yulianaanggraini,X,bisa2 jualan es teh jd insecure 😓,2024-12-23 15:35:53,negatif
harsana50,X,ceramah apaan malah ngehina,2024-12-23 15:00:06,negatif
rahimahtri,X,"ga lucu, malah nyakitin hati yg jualan",2024-12-23 15:02:23,negatif
sitoruslatif,X,ga sopan bgt ngomong gitu,2024-12-23 15:08:15,negatif
edisonnurdiyanti,X,bisa2 jualan es teh jd insecure 😓,2024-12-23 15:15:35,negatif
yuniaroskar,X,"ga lucu, malah nyakitin hati yg jualan",2024-12-23 15:29:35,negatif
pudjiastutimahesa,X,tergantung yg nonton juga sih,2024-12-23 15:51:48,netral
baguskuswandari,X,jujurly lucu banget sih ini 😭,2024-12-23 15:53:33,positif
rafidsaefullah,X,gw setuju sih ama omongannya gus,2024-12-23 15:02:29,positif
wijayalimar,X,ceramah apaan malah ngehina,2024-12-23 15:07:55,negatif
suartinijamalia,X,gw setuju sih ama omongannya gus,2024-12-23 15:56:01,positif
saifulsantoso,X,hmm no comment deh,2024-12-23 15:12:38,netral
solehdabukke,X,biasa aja sih,2024-12-23 15:13:08,netral
galiono68,X,biasa aja sih,2024-12-23 15:07:03,netral
queeniswahyudi,X,masih netral aja sih gw liatnya,2024-12-23 15:21:06,netral
agustinamartana,X,waduh ini sih udah kelewat batas,2024-12-23 15:29:43,negatif
elon23,X,"ceramahnya tetep dapet kok, relax aja guys",2024-12-23 15:36:40,positif
janenashiruddin,X,biar agak keras tapi niatnya baik kok,2024-12-23 15:43:48,positif
asirwanda38,X,biasa aja sih,2024-12-23 15:51:46,netral
mansurolivia,X,ceramah apaan malah ngehina,2024-12-23 15:08:54,negatif
anitasihombing,X,ceramah apaan malah ngehina,2024-12-23 15:35:30,negatif
jokowibisono,X,ga sopan bgt ngomong gitu,2024-12-23 15:16:07,negatif
ade23,X,ni gus emg ada aja kelakuannya 😂,2024-12-23 15:15:36,positif
galiono75,X,biasa aja sih,2024-12-23 15:49:56,netral
hardana74,X,gw setuju sih ama omongannya gus,2024-12-23 15:48:09,positif
indra97,X,"ga lucu, malah nyakitin hati yg jualan",2024-12-23 15:46:22,negatif
rafid63,X,gw setuju sih ama omongannya gus,2024-12-23 15:51:57,positif
zwijaya,X,ga sopan bgt ngomong gitu,2024-12-23 15:21:15,negatif
dacin98,X,gue liat ini ya udah lah ya,2024-12-23 15:04:46,netral
qlaksmiwati,X,"bener juga sih, kadang netizen terlalu baper",2024-12-23 15:53:48,positif
cintawidodo,X,masih netral aja sih gw liatnya,2024-12-23 15:26:24,netral
esaputra,X,"ceramahnya tetep dapet kok, relax aja guys",2024-12-23 15:26:51,positif
adriansyahsilvia,X,biar agak keras tapi niatnya baik kok,2024-12-23 15:07:26,positif
vnapitupulu,X,gus miftah harus minta maaf sih ini,2024-12-23 15:53:14,negatif
dacin44,X,gue liat ini ya udah lah ya,2024-12-23 15:52:08,netral
bwidiastuti,X,biasa aja sih,2024-12-23 15:13:01,netral
nadineastuti,X,gue liat ini ya udah lah ya,2024-12-23 15:27:32,netral
asmadi89,X,bisa2 jualan es teh jd insecure 😓,2024-12-23 15:15:02,negatif
niyagaramadan,X,"ceramahnya tetep dapet kok, relax aja guys",2024-12-23 15:48:08,positif
lintangfujiati,X,"bener juga sih, kadang netizen terlalu baper",2024-12-23 15:51:13,positif
npertiwi,X,"ga lucu, malah nyakitin hati yg jualan",2024-12-23 15:36:31,negatif
xmayasari,X,biasa aja sih,2024-12-23 15:31:46,netral
pwulandari,X,jujurly lucu banget sih ini 😭,2024-12-23 15:38:39,positif
tambakemal,X,masih netral aja sih gw liatnya,2024-12-23 15:23:02,netral
cecep64,X,"ceramahnya tetep dapet kok, relax aja guys",2024-12-23 15:40:33,positif
haryantikemba,X,jujurly lucu banget sih ini 😭,2024-12-23 15:44:20,positif
jessica77,X,masih netral aja sih gw liatnya,2024-12-23 15:34:05,netral
jagapati04,X,ceramah apaan malah ngehina,2024-12-23 15:40:25,negatif
pradiptagasti,X,gw setuju sih ama omongannya gus,2024-12-23 15:25:43,positif
bakiantosamosir,X,gus miftah harus minta maaf sih ini,2024-12-23 15:08:57,negatif
dmelani,X,ni gus emg ada aja kelakuannya 😂,2024-12-23 15:10:03,positif
cintaiswahyudi,X,"ga lucu, malah nyakitin hati yg jualan",2024-12-23 15:02:18,negatif
esinaga,X,gus miftah harus minta maaf sih ini,2024-12-23 15:04:12,negatif
firgantororahmi,X,biar agak keras tapi niatnya baik kok,2024-12-23 15:10:03,positif
elon22,X,biasa aja sih,2024-12-23 15:10:10,netral
karsanasiregar,X,bisa2 jualan es teh jd insecure 😓,2024-12-23 15:03:23,negatif
oskar57,X,hmm no comment deh,2024-12-23 15:17:57,netral
eka14,X,ceramah apaan malah ngehina,2024-12-23 15:14:25,negatif
adityasetiawan,X,biar agak keras tapi niatnya baik kok,2024-12-23 15:26:34,positif
eligunawan,X,bisa2 jualan es teh jd insecure 😓,2024-12-23 15:20:11,negatif
rahmiusamah,X,ni gus emg ada aja kelakuannya 😂,2024-12-23 15:25:26,positif
ranggahabibi,X,gw setuju sih ama omongannya gus,2024-12-23 15:38:01,positif
adriansyahbaktiono,X,tergantung yg nonton juga sih,2024-12-23 15:48:24,netral
ryulianti,X,gus miftah harus minta maaf sih ini,2024-12-23 15:50:05,negatif
lutfan83,X,tergantung yg nonton juga sih,2024-12-23 15:51:15,netral
rajasaibun,X,"ceramahnya tetep dapet kok, relax aja guys",2024-12-23 15:25:22,positif
vero62,X,ceramah apaan malah ngehina,2024-12-23 15:57:22,negatif
estiawansusanti,X,gue liat ini ya udah lah ya,2024-12-23 15:22:55,netral
nasyidahkardi,X,hmm no comment deh,2024-12-23 15:08:16,netral
makaramansur,X,gue liat ini ya udah lah ya,2024-12-23 15:27:36,netral
hidayatsyahrini,X,"bener juga sih, kadang netizen terlalu baper",2024-12-23 15:34:13,positif
gawatiwinarsih,X,gw setuju sih ama omongannya gus,2024-12-23 15:54:23,positif
bahuraksahutagalung,X,ga sopan bgt ngomong gitu,2024-12-23 15:59:25,negatif
prayogagaliono,X,biasa aja sih,2024-12-23 15:50:17,netral
fpermata,X,ni gus emg ada aja kelakuannya 😂,2024-12-23 15:32:43,positif
permatagarda,X,gw setuju sih ama omongannya gus,2024-12-23 15:33:12,positif
ratna21,X,biar agak keras tapi niatnya baik kok,2024-12-23 15:31:38,positif
omarnugroho,X,biar agak keras tapi niatnya baik kok,2024-12-23 15:27:12,positif
novitasarimalika,X,gue liat ini ya udah lah ya,2024-12-23 15:29:10,netral
rajasaharsanto,X,"ga lucu, malah nyakitin hati yg jualan",2024-12-23 15:34:03,negatif
kyuniar,X,"ga lucu, malah nyakitin hati yg jualan",2024-12-23 15:49:53,negatif
situmorangcandra,X,ceramah apaan malah ngehina,2024-12-23 15:02:49,negatif
silvia27,X,"ga lucu, malah nyakitin hati yg jualan",2024-12-23 15:22:52,negatif
elvinapangestu,X,biar agak keras tapi niatnya baik kok,2024-12-23 15:18:02,positif
oktavianiibrani,X,gus miftah harus minta maaf sih ini,2024-12-23 15:31:13,negatif
jbudiyanto,X,bisa2 jualan es teh jd insecure 😓,2024-12-23 15:25:57,negatif
setiawankezia,X,ceramah apaan malah ngehina,2024-12-23 15:27:11,negatif
zsinaga,X,hmm no comment deh,2024-12-23 15:01:10,netral
ikagunarto,X,biar agak keras tapi niatnya baik kok,2024-12-23 15:00:43,positif
qanggraini,X,ceramah apaan malah ngehina,2024-12-23 15:00:04,negatif
dongorancengkal,X,waduh ini sih udah kelewat batas,2024-12-23 15:33:37,negatif
tsaragih,X,biar agak keras tapi niatnya baik kok,2024-12-23 15:44:13,positif
nugrohorendy,X,biar agak keras tapi niatnya baik kok,2024-12-23 15:32:42,positif
raharja33,X,tergantung yg nonton juga sih,2024-12-23 15:55:19,netral
npradana,X,ceramah apaan malah ngehina,2024-12-23 15:48:09,negatif
dramadan,X,bisa2 jualan es teh jd insecure 😓,2024-12-23 15:06:03,negatif
tinarajata,X,hmm no comment deh,2024-12-23 15:53:30,netral
ulyamarbun,X,waduh ini sih udah kelewat batas,2024-12-23 15:23:51,negatif
oktavianibanara,X,gw setuju sih ama omongannya gus,2024-12-23 15:04:51,positif
qnarpati,X,gw setuju sih ama omongannya gus,2024-12-23 15:04:15,positif
gpradana,X,"ceramahnya tetep dapet kok, relax aja guys",2024-12-23 15:17:37,positif
kasiyah07,X,"ceramahnya tetep dapet kok, relax aja guys",2024-12-23 15:48:02,positif
xlailasari,X,gus miftah harus minta maaf sih ini,2024-12-23 15:23:18,negatif
hasanwasita,X,gue liat ini ya udah lah ya,2024-12-23 15:03:39,netral
kurniawankoko,X,ga tau mau bilang apa,2024-12-23 15:50:00,netral
cemplunk78,X,biasa aja sih,2024-12-23 15:02:50,netral
uyainahibrani,X,waduh ini sih udah kelewat batas,2024-12-23 15:29:14,negatif
mayasaritaufik,X,gus miftah harus minta maaf sih ini,2024-12-23 15:20:34,negatif
gandi40,X,gw setuju sih ama omongannya gus,2024-12-23 15:23:26,positif
caraka87,X,gus miftah harus minta maaf sih ini,2024-12-23 15:36:31,negatif
omardabukke,X,tergantung yg nonton juga sih,2024-12-23 15:57:13,netral
bahuwiryasitompul,X,ga sopan bgt ngomong gitu,2024-12-23 15:52:33,negatif
pgunarto,X,gue liat ini ya udah lah ya,2024-12-23 15:28:12,netral
safitridrajat,X,biar agak keras tapi niatnya baik kok,2024-12-23 15:15:24,positif
perkasa43,X,"ga lucu, malah nyakitin hati yg jualan",2024-12-23 15:27:06,negatif
maryadisiti,X,waduh ini sih udah kelewat batas,2024-12-23 15:00:23,negatif
utama00,X,waduh ini sih udah kelewat batas,2024-12-23 15:58:39,negatif
suryatmiganda,X,ni gus emg ada aja kelakuannya 😂,2024-12-23 15:10:31,positif
prakasaprabu,X,gue liat ini ya udah lah ya,2024-12-23 15:47:58,netral
lamar33,X,gus miftah harus minta maaf sih ini,2024-12-23 15:33:56,negatif
paulinmaryadi,X,"ceramahnya tetep dapet kok, relax aja guys",2024-12-23 15:33:57,positif
marsudihassanah,X,ga tau mau bilang apa,2024-12-23 15:06:21,netral
yulia90,X,masih netral aja sih gw liatnya,2024-12-23 15:40:43,netral
najibsimbolon,X,biasa aja sih,2024-12-23 15:38:43,netral
samiahprakasa,X,gw setuju sih ama omongannya gus,2024-12-23 15:44:01,positif
rachelkusmawati,X,jujurly lucu banget sih ini 😭,2024-12-23 15:46:06,positif
cemanisantoso,X,hmm no comment deh,2024-12-23 15:44:47,netral
cornelia68,X,ni gus emg ada aja kelakuannya 😂,2024-12-23 15:10:17,positif
abyasa43,X,hmm no comment deh,2024-12-23 15:29:09,netral
danuja65,X,gus miftah harus minta maaf sih ini,2024-12-23 15:54:56,negatif
garan36,X,ceramah apaan malah ngehina,2024-12-23 15:30:38,negatif
eminrahayu,X,"ga lucu, malah nyakitin hati yg jualan",2024-12-23 15:36:56,negatif
ikhsanprasetyo,X,gw setuju sih ama omongannya gus,2024-12-23 15:01:33,positif
kezia47,X,gue liat ini ya udah lah ya,2024-12-23 15:04:45,netral
winarnodina,X,gw setuju sih ama omongannya gus,2024-12-23 15:47:06,positif
setyaaryani,X,"ceramahnya tetep dapet kok, relax aja guys",2024-12-23 15:10:22,positif
cager87,X,waduh ini sih udah kelewat batas,2024-12-23 15:15:01,negatif
rsiregar,X,ga tau mau bilang apa,2024-12-23 15:31:23,netral
ratih08,X,ceramah apaan malah ngehina,2024-12-23 15:02:58,negatif
utamibanawa,X,biasa aja sih,2024-12-23 15:12:44,netral
harjakurniawan,X,gw setuju sih ama omongannya gus,2024-12-23 15:03:49,positif
hhalimah,X,masih netral aja sih gw liatnya,2024-12-23 15:45:14,netral
mustika59,X,waduh ini sih udah kelewat batas,2024-12-23 15:05:20,negatif
dadisitompul,X,bisa2 jualan es teh jd insecure 😓,2024-12-23 15:46:46,negatif
estiono92,X,ceramah apaan malah ngehina,2024-12-23 15:21:54,negatif
karyahalimah,X,tergantung yg nonton juga sih,2024-12-23 15:47:40,netral
ghariyah,X,"ga lucu, malah nyakitin hati yg jualan",2024-12-23 15:50:02,negatif
amirajasa,X,"ceramahnya tetep dapet kok, relax aja guys",2024-12-23 15:17:08,positif
pfujiati,X,biasa aja sih,2024-12-23 15:29:09,netral
shakila64,X,tergantung yg nonton juga sih,2024-12-23 15:39:39,netral
najmudinyono,X,bisa2 jualan es teh jd insecure 😓,2024-12-23 15:53:14,negatif
pradanajaga,X,masih netral aja sih gw liatnya,2024-12-23 15:54:25,netral
vimanpratiwi,X,tergantung yg nonton juga sih,2024-12-23 15:10:09,netral
indra53,X,biar agak keras tapi niatnya baik kok,2024-12-23 15:58:33,positif
gadang14,X,gw setuju sih ama omongannya gus,2024-12-23 15:46:56,positif
gasti49,X,ga sopan bgt ngomong gitu,2024-12-23 15:08:30,negatif
jarwaprasetyo,X,tergantung yg nonton juga sih,2024-12-23 15:00:16,netral
edwardirawan,X,biar agak keras tapi niatnya baik kok,2024-12-23 15:28:38,positif
onisuwarno,X,gw setuju sih ama omongannya gus,2024-12-23 15:41:22,positif
suartinibakijan,X,gus miftah harus minta maaf sih ini,2024-12-23 15:25:08,negatif
intan22,X,masih netral aja sih gw liatnya,2024-12-23 15:35:46,netral
vwidodo,X,biasa aja sih,2024-12-23 15:26:23,netral
prasetyaviolet,X,ga tau mau bilang apa,2024-12-23 15:21:19,netral
andrianiintan,X,gue liat ini ya udah lah ya,2024-12-23 15:52:14,netral
fthamrin,X,gw setuju sih ama omongannya gus,2024-12-23 15:45:57,positif
cakrabuana74,X,ga tau mau bilang apa,2024-12-23 15:45:59,netral
candrakanta20,X,ga tau mau bilang apa,2024-12-23 15:39:37,netral
pwinarsih,X,masih netral aja sih gw liatnya,2024-12-23 15:59:12,netral
candrasiregar,X,gus miftah harus minta maaf sih ini,2024-12-23 15:35:11,negatif
yuliartibakiono,X,waduh ini sih udah kelewat batas,2024-12-23 15:15:22,negatif
bagyapurwanti,X,ga sopan bgt ngomong gitu,2024-12-23 15:27:44,negatif
wulandarijail,X,tergantung yg nonton juga sih,2024-12-23 15:59:05,netral
yunita25,X,tergantung yg nonton juga sih,2024-12-23 15:51:29,netral
tsimanjuntak,X,gue liat ini ya udah lah ya,2024-12-23 15:22:45,netral
violetpermata,X,biar agak keras tapi niatnya baik kok,2024-12-23 15:21:44,positif
harsanto82,X,waduh ini sih udah kelewat batas,2024-12-23 15:37:25,negatif
lmegantara,X,"ceramahnya tetep dapet kok, relax aja guys",2024-12-23 15:03:51,positif
malanainggolan,X,gw setuju sih ama omongannya gus,2024-12-23 15:45:51,positif
rajatamahmud,X,"bener juga sih, kadang netizen terlalu baper",2024-12-23 15:05:02,positif
rahmisiregar,X,masih netral aja sih gw liatnya,2024-12-23 15:39:12,netral
adikarayolanda,X,"ceramahnya tetep dapet kok, relax aja guys",2024-12-23 15:44:01,positif
lailasariirma,X,biasa aja sih,2024-12-23 15:19:49,netral
jailyuniar,X,ga tau mau bilang apa,2024-12-23 15:25:45,netral
usamahadiarja,X,hmm no comment deh,2024-12-23 15:06:26,netral
lhassanah,X,biar agak keras tapi niatnya baik kok,2024-12-23 15:57:40,positif
handayaniayu,X,masih netral aja sih gw liatnya,2024-12-23 15:37:15,netral
winarsihtirtayasa,X,ceramah apaan malah ngehina,2024-12-23 15:10:12,negatif
mulyanigalih,X,ceramah apaan malah ngehina,2024-12-23 15:31:54,negatif
oktavianiarta,X,biar agak keras tapi niatnya baik kok,2024-12-23 15:33:04,positif
vlatupono,X,biasa aja sih,2024-12-23 15:14:56,netral
puti80,X,gus miftah harus minta maaf sih ini,2024-12-23 15:10:19,negatif
nhariyah,X,hmm no comment deh,2024-12-23 15:59:14,netral
cemani26,X,gus miftah harus minta maaf sih ini,2024-12-23 15:34:12,negatif
eman94,X,gw setuju sih ama omongannya gus,2024-12-23 15:01:26,positif
zelaya96,X,ceramah apaan malah ngehina,2024-12-23 15:39:54,negatif
halimtina,X,ga tau mau bilang apa,2024-12-23 15:45:53,netral
saputramahdi,X,gw setuju sih ama omongannya gus,2024-12-23 15:22:57,positif
cawisadi67,X,tergantung yg nonton juga sih,2024-12-23 15:52:56,netral
jumari35,X,gus miftah harus minta maaf sih ini,2024-12-23 15:59:20,negatif
maryatikani,X,bisa2 jualan es teh jd insecure 😓,2024-12-23 15:17:46,negatif
simanjuntakkalim,X,gue liat ini ya udah lah ya,2024-12-23 15:01:26,netral
kuswandarihairyanto,X,"ga lucu, malah nyakitin hati yg jualan",2024-12-23 15:23:20,negatif
uwaiszelda,X,ni gus emg ada aja kelakuannya 😂,2024-12-23 15:17:16,positif
cornelia86,X,ceramah apaan malah ngehina,2024-12-23 15:39:26,negatif
luissaptono,X,"ga lucu, malah nyakitin hati yg jualan",2024-12-23 15:33:54,negatif
jarwimaheswara,X,biasa aja sih,2024-12-23 15:06:05,netral
mala62,X,masih netral aja sih gw liatnya,2024-12-23 15:14:00,netral
gara84,X,ceramah apaan malah ngehina,2024-12-23 15:40:34,negatif
prastutidarmaji,X,gue liat ini ya udah lah ya,2024-12-23 15:08:30,netral
osinaga,X,ni gus emg ada aja kelakuannya 😂,2024-12-23 15:56:09,positif
mutiasuartini,X,masih netral aja sih gw liatnya,2024-12-23 15:49:06,netral
karman32,X,ni gus emg ada aja kelakuannya 😂,2024-12-23 15:55:57,positif
ifalestari,X,gw setuju sih ama omongannya gus,2024-12-23 15:00:51,positif
mahesahalim,X,bisa2 jualan es teh jd insecure 😓,2024-12-23 15:43:41,negatif
mustikayuliarti,X,ni gus emg ada aja kelakuannya 😂,2024-12-23 15:05:11,positif
wwastuti,X,jujurly lucu banget sih ini 😭,2024-12-23 15:12:51,positif
ira42,X,ni gus emg ada aja kelakuannya 😂,2024-12-23 15:00:52,positif
martakasaputra,X,biasa aja sih,2024-12-23 15:35:39,netral
marpaungumay,X,gus miftah harus minta maaf sih ini,2024-12-23 15:07:10,negatif
elmahassanah,X,gw setuju sih ama omongannya gus,2024-12-23 15:58:22,positif
daruna52,X,"ceramahnya tetep dapet kok, relax aja guys",2024-12-23 15:02:14,positif
suryatmipurwa,X,hmm no comment deh,2024-12-23 15:43:15,netral
asmiantosantoso,X,"ceramahnya tetep dapet kok, relax aja guys",2024-12-23 15:54:19,positif
iswahyudiopan,X,ceramah apaan malah ngehina,2024-12-23 15:23:54,negatif
mustofapaiman,X,ga tau mau bilang apa,2024-12-23 15:01:32,netral
hakimemas,X,biar agak keras tapi niatnya baik kok,2024-12-23 15:51:05,positif
kembapurnawati,X,biar agak keras tapi niatnya baik kok,2024-12-23 15:12:26,positif
tyuniar,X,waduh ini sih udah kelewat batas,2024-12-23 15:22:48,negatif
mandalawarsita,X,tergantung yg nonton juga sih,2024-12-23 15:17:53,netral
maryadiulva,X,jujurly lucu banget sih ini 😭,2024-12-23 15:57:42,positif
rika37,X,"ga lucu, malah nyakitin hati yg jualan",2024-12-23 15:58:03,negatif
mulyantowahyudin,X,ni gus emg ada aja kelakuannya 😂,2024-12-23 15:04:55,positif
udanarpati,X,gue liat ini ya udah lah ya,2024-12-23 15:26:14,netral
blailasari,X,"ceramahnya tetep dapet kok, relax aja guys",2024-12-23 15:05:46,positif
rfirgantoro,X,"ceramahnya tetep dapet kok, relax aja guys",2024-12-23 15:25:49,positif
firgantoroajiman,X,biasa aja sih,2024-12-23 15:43:12,netral
banggriawan,X,"ga lucu, malah nyakitin hati yg jualan",2024-12-23 15:34:08,negatif
septipradana,X,masih netral aja sih gw liatnya,2024-12-23 15:51:08,netral
oprasasta,X,jujurly lucu banget sih ini 😭,2024-12-23 15:29:52,positif
aswanisihombing,X,ga sopan bgt ngomong gitu,2024-12-23 15:04:49,negatif
siraitraisa,X,jujurly lucu banget sih ini 😭,2024-12-23 15:07:24,positif
ayuliarti,X,biar agak keras tapi niatnya baik kok,2024-12-23 15:33:30,positif
hartatimuni,X,ni gus emg ada aja kelakuannya 😂,2024-12-23 15:08:56,positif
silvia40,X,gus miftah harus minta maaf sih ini,2024-12-23 15:28:47,negatif
lrahayu,X,bisa2 jualan es teh jd insecure 😓,2024-12-23 15:19:30,negatif
cahya09,X,jujurly lucu banget sih ini 😭,2024-12-23 15:04:45,positif
bkusumo,X,tergantung yg nonton juga sih,2024-12-23 15:15:31,netral
uli14,X,biasa aja sih,2024-12-23 15:38:14,netral
endahnurdiyanti,X,ni gus emg ada aja kelakuannya 😂,2024-12-23 15:32:06,positif
kemal25,X,ga sopan bgt ngomong gitu,2024-12-23 15:10:20,negatif
latuponorestu,X,"ceramahnya tetep dapet kok, relax aja guys",2024-12-23 15:16:44,positif
hsaragih,X,gue liat ini ya udah lah ya,2024-12-23 15:11:31,netral
perkasahutagalung,X,hmm no comment deh,2024-12-23 15:43:31,netral
rosmanagustina,X,"ceramahnya tetep dapet kok, relax aja guys",2024-12-23 15:25:03,positif
whidayat,X,hmm no comment deh,2024-12-23 15:31:15,netral
santososoleh,X,biar agak keras tapi niatnya baik kok,2024-12-23 15:30:00,positif
nwinarsih,X,"bener juga sih, kadang netizen terlalu baper",2024-12-23 15:56:35,positif
galurlaksita,X,gue liat ini ya udah lah ya,2024-12-23 15:51:15,netral
kusuma99,X,gus miftah harus minta maaf sih ini,2024-12-23 15:50:44,negatif
irsad13,X,ni gus emg ada aja kelakuannya 😂,2024-12-23 15:51:19,positif
johansaefullah,X,tergantung yg nonton juga sih,2024-12-23 15:11:16,netral
fujiatiasman,X,"bener juga sih, kadang netizen terlalu baper",2024-12-23 15:32:27,positif
rnugroho,X,biar agak keras tapi niatnya baik kok,2024-12-23 15:03:55,positif
teguhsihotang,X,biasa aja sih,2024-12-23 15:40:21,netral
prasetyabalapati,X,biar agak keras tapi niatnya baik kok,2024-12-23 15:49:06,positif
yogausada,X,biar agak keras tapi niatnya baik kok,2024-12-23 15:29:03,positif
novitasarisarah,X,biasa aja sih,2024-12-23 15:24:08,netral
galuhmanullang,X,ga sopan bgt ngomong gitu,2024-12-23 15:22:56,negatif
sadinamaulana,X,waduh ini sih udah kelewat batas,2024-12-23 15:10:58,negatif
narpatigada,X,"ga lucu, malah nyakitin hati yg jualan",2024-12-23 15:40:39,negatif
qori92,X,bisa2 jualan es teh jd insecure 😓,2024-12-23 15:15:43,negatif
ratnapermata,X,"bener juga sih, kadang netizen terlalu baper",2024-12-23 15:54:55,positif
hastawulandari,X,gw setuju sih ama omongannya gus,2024-12-23 15:39:29,positif
marsitoastuti,X,bisa2 jualan es teh jd insecure 😓,2024-12-23 15:07:49,negatif
gangsar39,X,ni gus emg ada aja kelakuannya 😂,2024-12-23 15:20:14,positif
fujiatiharjaya,X,"ceramahnya tetep dapet kok, relax aja guys",2024-12-23 15:56:31,positif
oprayoga,X,ceramah apaan malah ngehina,2024-12-23 15:36:17,negatif
omanullang,X,ga sopan bgt ngomong gitu,2024-12-23 15:39:14,negatif
maya64,X,"bener juga sih, kadang netizen terlalu baper",2024-12-23 15:05:53,positif
karma06,X,"ceramahnya tetep dapet kok, relax aja guys",2024-12-23 15:22:52,positif
jakanapitupulu,X,gue liat ini ya udah lah ya,2024-12-23 15:19:19,netral
almiradongoran,X,ga sopan bgt ngomong gitu,2024-12-23 15:30:54,negatif
daliminnatsir,X,"ceramahnya tetep dapet kok, relax aja guys",2024-12-23 15:22:48,positif
restu47,X,ni gus emg ada aja kelakuannya 😂,2024-12-23 15:35:40,positif
gunartonajam,X,gus miftah harus minta maaf sih ini,2024-12-23 15:27:25,negatif
balamantrinarpati,X,ceramah apaan malah ngehina,2024-12-23 15:13:43,negatif
panjiprasetya,X,ga tau mau bilang apa,2024-12-23 15:44:56,netral
luthfipuspita,X,tergantung yg nonton juga sih,2024-12-23 15:26:30,netral
enatsir,X,ni gus emg ada aja kelakuannya 😂,2024-12-23 15:14:15,positif
luthfi23,X,gue liat ini ya udah lah ya,2024-12-23 15:27:33,netral
ellisbudiman,X,"ga lucu, malah nyakitin hati yg jualan",2024-12-23 15:01:03,negatif
salwa28,X,gw setuju sih ama omongannya gus,2024-12-23 15:04:24,positif
ibranidongoran,X,tergantung yg nonton juga sih,2024-12-23 15:13:28,netral
dsuryono,X,tergantung yg nonton juga sih,2024-12-23 15:50:55,netral
putiwasita,X,masih netral aja sih gw liatnya,2024-12-23 15:24:45,netral
bakdaandriani,X,hmm no comment deh,2024-12-23 15:49:19,netral
padmi48,X,bisa2 jualan es teh jd insecure 😓,2024-12-23 15:07:21,negatif
cahyooktaviani,X,"ceramahnya tetep dapet kok, relax aja guys",2024-12-23 15:35:23,positif
megantaraluhung,X,jujurly lucu banget sih ini 😭,2024-12-23 15:55:49,positif
pwinarno,X,gw setuju sih ama omongannya gus,2024-12-23 15:00:55,positif
citrahassanah,X,ga tau mau bilang apa,2024-12-23 15:27:09,netral
setiawantirta,X,ni gus emg ada aja kelakuannya 😂,2024-12-23 15:05:25,positif
gsudiati,X,gw setuju sih ama omongannya gus,2024-12-23 15:00:24,positif
dwibisono,X,gw setuju sih ama omongannya gus,2024-12-23 15:53:44,positif
ajiman22,X,gue liat ini ya udah lah ya,2024-12-23 15:41:18,netral
fnainggolan,X,waduh ini sih udah kelewat batas,2024-12-23 15:41:38,negatif
qtampubolon,X,hmm no comment deh,2024-12-23 15:26:54,netral
marpaungluwar,X,ceramah apaan malah ngehina,2024-12-23 15:42:26,negatif
novahidayanto,X,tergantung yg nonton juga sih,2024-12-23 15:44:36,netral
harjo31,X,gw setuju sih ama omongannya gus,2024-12-23 15:41:02,positif
nsudiati,X,waduh ini sih udah kelewat batas,2024-12-23 15:13:14,negatif
koko39,X,gw setuju sih ama omongannya gus,2024-12-23 15:39:33,positif
briyanti,X,biar agak keras tapi niatnya baik kok,2024-12-23 15:24:24,positif
setiawanprayogo,X,ga tau mau bilang apa,2024-12-23 15:12:22,netral
kawaca24,X,waduh ini sih udah kelewat batas,2024-12-23 15:16:09,negatif
dongoranusman,X,gue liat ini ya udah lah ya,2024-12-23 15:19:46,netral
upik03,X,biar agak keras tapi niatnya baik kok,2024-12-23 15:44:50,positif
ratihwasita,X,ga tau mau bilang apa,2024-12-23 15:28:32,netral
gandewa55,X,ga tau mau bilang apa,2024-12-23 15:30:36,netral
jaistarihoran,X,ga tau mau bilang apa,2024-12-23 15:15:35,netral
kairav04,X,ga tau mau bilang apa,2024-12-23 15:06:28,netral
ismaillaksmiwati,X,bisa2 jualan es teh jd insecure 😓,2024-12-23 15:09:07,negatif
maras71,X,masih netral aja sih gw liatnya,2024-12-23 15:42:05,netral
bakijan17,X,"bener juga sih, kadang netizen terlalu baper",2024-12-23 15:00:19,positif
galak74,X,biar agak keras tapi niatnya baik kok,2024-12-23 15:15:39,positif
najwa28,X,ga tau mau bilang apa,2024-12-23 15:11:56,netral
nnajmudin,X,gue liat ini ya udah lah ya,2024-12-23 15:57:29,netral
pranowopadma,X,ga tau mau bilang apa,2024-12-23 15:22:14,netral
febisaragih,X,ga sopan bgt ngomong gitu,2024-12-23 15:04:14,negatif
suryatmidaruna,X,ni gus emg ada aja kelakuannya 😂,2024-12-23 15:22:23,positif
tarihoransaadat,X,biar agak keras tapi niatnya baik kok,2024-12-23 15:22:08,positif
balapati83,X,ga sopan bgt ngomong gitu,2024-12-23 15:17:01,negatif
wijayanticakrabuana,X,hmm no comment deh,2024-12-23 15:42:06,netral
diahpratiwi,X,"ga lucu, malah nyakitin hati yg jualan",2024-12-23 15:20:02,negatif
hamima94,X,ceramah apaan malah ngehina,2024-12-23 15:40:17,negatif
fprasetyo,X,ga sopan bgt ngomong gitu,2024-12-23 15:41:51,negatif
nasyidahcarub,X,tergantung yg nonton juga sih,2024-12-23 15:03:58,netral
bakidin98,X,tergantung yg nonton juga sih,2024-12-23 15:01:01,netral
ghaliyati33,X,waduh ini sih udah kelewat batas,2024-12-23 15:24:29,negatif
suryonoade,X,hmm no comment deh,2024-12-23 15:34:21,netral
hidayantoemas,X,gus miftah harus minta maaf sih ini,2024-12-23 15:13:47,negatif
nurdiyantialmira,X,biasa aja sih,2024-12-23 15:52:45,netral
ewaluyo,X,"ga lucu, malah nyakitin hati yg jualan",2024-12-23 15:05:40,negatif
violetsalahudin,X,gue liat ini ya udah lah ya,2024-12-23 15:56:11,netral
ufarida,X,gue liat ini ya udah lah ya,2024-12-23 15:49:25,netral
asmianto32,X,biasa aja sih,2024-12-23 15:27:22,netral
ywulandari,X,biar agak keras tapi niatnya baik kok,2024-12-23 15:12:27,positif
hafshahnovitasari,X,gw setuju sih ama omongannya gus,2024-12-23 15:34:04,positif
naradi00,X,gus miftah harus minta maaf sih ini,2024-12-23 15:12:00,negatif
bagussirait,X,bisa2 jualan es teh jd insecure 😓,2024-12-23 15:24:37,negatif
simonwibowo,X,tergantung yg nonton juga sih,2024-12-23 15:09:18,netral
halimharjaya,X,ni gus emg ada aja kelakuannya 😂,2024-12-23 15:50:43,positif
karyasalahudin,X,masih netral aja sih gw liatnya,2024-12-23 15:13:40,netral
upranowo,X,biasa aja sih,2024-12-23 15:50:29,netral
marbunismail,X,ni gus emg ada aja kelakuannya 😂,2024-12-23 15:15:02,positif
swahyuni,X,"ga lucu, malah nyakitin hati yg jualan",2024-12-23 15:43:04,negatif
qandriani,X,ni gus emg ada aja kelakuannya 😂,2024-12-23 15:58:45,positif
jwijayanti,X,"ga lucu, malah nyakitin hati yg jualan",2024-12-23 15:05:48,negatif
widodoyessi,X,"bener juga sih, kadang netizen terlalu baper",2024-12-23 15:57:47,positif
xsantoso,X,hmm no comment deh,2024-12-23 15:06:41,netral
amarbun,X,jujurly lucu banget sih ini 😭,2024-12-23 15:14:33,positif
wirapermata,X,ni gus emg ada aja kelakuannya 😂,2024-12-23 15:03:29,positif
usmanwinarsih,X,biasa aja sih,2024-12-23 15:56:57,netral
kamaria33,X,biar agak keras tapi niatnya baik kok,2024-12-23 15:45:42,positif
pradiptamartana,X,gue liat ini ya udah lah ya,2024-12-23 15:08:57,netral
waluyojamil,X,gw setuju sih ama omongannya gus,2024-12-23 15:58:08,positif
kuswoyotasnim,X,biasa aja sih,2024-12-23 15:33:30,netral
damaniksetya,X,gw setuju sih ama omongannya gus,2024-12-23 15:10:42,positif
tirahastuti,X,hmm no comment deh,2024-12-23 15:51:53,netral
gara82,X,tergantung yg nonton juga sih,2024-12-23 15:39:51,netral
cakrawangsaagustina,X,masih netral aja sih gw liatnya,2024-12-23 15:24:26,netral
digdayapermadi,X,gus miftah harus minta maaf sih ini,2024-12-23 15:29:14,negatif
sihotangtimbul,X,ga sopan bgt ngomong gitu,2024-12-23 15:06:13,negatif
atmaja44,X,gue liat ini ya udah lah ya,2024-12-23 15:48:27,netral
karimanyolanda,X,biar agak keras tapi niatnya baik kok,2024-12-23 15:27:49,positif
nastuti,X,ga tau mau bilang apa,2024-12-23 15:03:39,netral
makarapratama,X,ceramah apaan malah ngehina,2024-12-23 15:32:01,negatif
usamahkarma,X,ni gus emg ada aja kelakuannya 😂,2024-12-23 15:48:39,positif
yuliartijarwi,X,ni gus emg ada aja kelakuannya 😂,2024-12-23 15:54:26,positif
csimbolon,X,jujurly lucu banget sih ini 😭,2024-12-23 15:41:11,positif
hnurdiyanti,X,"bener juga sih, kadang netizen terlalu baper",2024-12-23 15:02:59,positif
rahmimelani,X,ga tau mau bilang apa,2024-12-23 15:20:52,netral
tarihoranhamzah,X,hmm no comment deh,2024-12-23 15:31:47,netral
sihombingismail,X,hmm no comment deh,2024-12-23 15:55:08,netral
jais58,X,ga tau mau bilang apa,2024-12-23 15:46:42,netral
lukitamarbun,X,ga sopan bgt ngomong gitu,2024-12-23 15:44:03,negatif
vuyainah,X,jujurly lucu banget sih ini 😭,2024-12-23 15:50:17,positif
harifujiati,X,"ceramahnya tetep dapet kok, relax aja guys",2024-12-23 15:34:07,positif
tarihoranmaryadi,X,ni gus emg ada aja kelakuannya 😂,2024-12-23 15:10:11,positif
maryaticandrakanta,X,waduh ini sih udah kelewat batas,2024-12-23 15:47:47,negatif
pudjiastutititi,X,gue liat ini ya udah lah ya,2024-12-23 15:10:57,netral
qprasetya,X,bisa2 jualan es teh jd insecure 😓,2024-12-23 15:51:54,negatif
najwa81,X,"bener juga sih, kadang netizen terlalu baper",2024-12-23 15:22:21,positif
rajasakayla,X,gw setuju sih ama omongannya gus,2024-12-23 15:04:38,positif
galuhsitompul,X,masih netral aja sih gw liatnya,2024-12-23 15:38:53,netral
ajiminmanullang,X,tergantung yg nonton juga sih,2024-12-23 15:25:15,netral
ramadansilvia,X,hmm no comment deh,2024-12-23 15:09:28,netral
nnasyiah,X,bisa2 jualan es teh jd insecure 😓,2024-12-23 15:15:40,negatif
gasti79,X,masih netral aja sih gw liatnya,2024-12-23 15:30:50,netral
yhabibi,X,"ceramahnya tetep dapet kok, relax aja guys",2024-12-23 15:12:00,positif
tedi52,X,gue liat ini ya udah lah ya,2024-12-23 15:23:59,netral
suartinifitriani,X,ni gus emg ada aja kelakuannya 😂,2024-12-23 15:02:59,positif
sakurapradipta,X,"ga lucu, malah nyakitin hati yg jualan",2024-12-23 15:39:23,negatif
halimahlatika,X,ga sopan bgt ngomong gitu,2024-12-23 15:51:57,negatif
habibiradika,X,waduh ini sih udah kelewat batas,2024-12-23 15:43:16,negatif
mpranowo,X,hmm no comment deh,2024-12-23 15:01:01,netral
budimankarya,X,hmm no comment deh,2024-12-23 15:21:48,netral
jefriyuliarti,X,ga sopan bgt ngomong gitu,2024-12-23 15:38:55,negatif
jefrianggraini,X,waduh ini sih udah kelewat batas,2024-12-23 15:10:56,negatif
aswani93,X,biasa aja sih,2024-12-23 15:51:37,netral
prasastaozy,X,ceramah apaan malah ngehina,2024-12-23 15:24:15,negatif
dalimamelani,X,masih netral aja sih gw liatnya,2024-12-23 15:18:59,netral
puput13,X,gw setuju sih ama omongannya gus,2024-12-23 15:01:48,positif
tedisiregar,X,tergantung yg nonton juga sih,2024-12-23 15:40:17,netral
devi77,X,ceramah apaan malah ngehina,2024-12-23 15:48:52,negatif
emas80,X,gw setuju sih ama omongannya gus,2024-12-23 15:39:06,positif
vmanullang,X,gus miftah harus minta maaf sih ini,2024-12-23 15:28:44,negatif
kani61,X,tergantung yg nonton juga sih,2024-12-23 15:27:17,netral
waluyomulyani,X,ga tau mau bilang apa,2024-12-23 15:23:26,netral
oni41,X,ceramah apaan malah ngehina,2024-12-23 15:28:15,negatif
aswanifarida,X,ceramah apaan malah ngehina,2024-12-23 15:18:34,negatif
jhassanah,X,biar agak keras tapi niatnya baik kok,2024-12-23 15:11:06,positif
sudiatipurwadi,X,ceramah apaan malah ngehina,2024-12-23 15:11:04,negatif
nainggolankarya,X,ceramah apaan malah ngehina,2024-12-23 15:17:33,negatif
warsita73,X,gw setuju sih ama omongannya gus,2024-12-23 15:16:08,positif
siraitnabila,X,biar agak keras tapi niatnya baik kok,2024-12-23 15:46:44,positif
panca17,X,"ga lucu, malah nyakitin hati yg jualan",2024-12-23 15:22:40,negatif
atma57,X,biasa aja sih,2024-12-23 15:58:43,netral
vivianggriawan,X,jujurly lucu banget sih ini 😭,2024-12-23 15:40:46,positif
xhalim,X,tergantung yg nonton juga sih,2024-12-23 15:22:45,netral
lestarimursita,X,"bener juga sih, kadang netizen terlalu baper",2024-12-23 15:59:51,positif
uyainahsuci,X,biar agak keras tapi niatnya baik kok,2024-12-23 15:08:21,positif
zulaikadina,X,tergantung yg nonton juga sih,2024-12-23 15:23:04,netral
alikahutagalung,X,gus miftah harus minta maaf sih ini,2024-12-23 15:23:45,negatif
humairamulyani,X,ceramah apaan malah ngehina,2024-12-23 15:11:31,negatif
saptonomalik,X,"ceramahnya tetep dapet kok, relax aja guys",2024-12-23 15:33:18,positif
tirtaadriansyah,X,waduh ini sih udah kelewat batas,2024-12-23 15:49:50,negatif
omar37,X,ceramah apaan malah ngehina,2024-12-23 15:28:47,negatif
legawa33,X,ga tau mau bilang apa,2024-12-23 15:19:05,netral
balidin24,X,gus miftah harus minta maaf sih ini,2024-12-23 15:06:51,negatif
kairavwahyudin,X,"bener juga sih, kadang netizen terlalu baper",2024-12-23 15:03:41,positif
prasetyo20,X,biar agak keras tapi niatnya baik kok,2024-12-23 15:37:45,positif
rangga12,X,biasa aja sih,2024-12-23 15:20:42,netral
lutfanwasita,X,biasa aja sih,2024-12-23 15:44:40,netral
vnugroho,X,gus miftah harus minta maaf sih ini,2024-12-23 15:15:03,negatif
maryatielisa,X,gw setuju sih ama omongannya gus,2024-12-23 15:47:55,positif
puti02,X,tergantung yg nonton juga sih,2024-12-23 15:38:58,netral
putrihartati,X,masih netral aja sih gw liatnya,2024-12-23 15:15:48,netral
susanticlara,X,"ga lucu, malah nyakitin hati yg jualan",2024-12-23 15:47:04,negatif
dinda35,X,gue liat ini ya udah lah ya,2024-12-23 15:38:01,netral
yhidayat,X,biasa aja sih,2024-12-23 15:53:51,netral
vbudiyanto,X,biasa aja sih,2024-12-23 15:11:35,netral
puspasariviman,X,biasa aja sih,2024-12-23 15:33:19,netral
hutasoitbella,X,tergantung yg nonton juga sih,2024-12-23 15:09:59,netral
maidabudiman,X,bisa2 jualan es teh jd insecure 😓,2024-12-23 15:21:39,negatif
olazuardi,X,waduh ini sih udah kelewat batas,2024-12-23 15:40:54,negatif
januarwinda,X,jujurly lucu banget sih ini 😭,2024-12-23 15:18:00,positif
harjasa37,X,waduh ini sih udah kelewat batas,2024-12-23 15:21:40,negatif
salimah32,X,gw setuju sih ama omongannya gus,2024-12-23 15:21:02,positif
wisnupermata,X,waduh ini sih udah kelewat batas,2024-12-23 15:12:59,negatif
rahmidabukke,X,ga sopan bgt ngomong gitu,2024-12-23 15:59:31,negatif
gunawankusuma,X,bisa2 jualan es teh jd insecure 😓,2024-12-23 15:54:10,negatif
oskar02,X,gue liat ini ya udah lah ya,2024-12-23 15:20:31,netral
parman26,X,ceramah apaan malah ngehina,2024-12-23 15:19:14,negatif
adika94,X,"bener juga sih, kadang netizen terlalu baper",2024-12-23 15:59:13,positif
kasusra86,X,ga sopan bgt ngomong gitu,2024-12-23 15:50:15,negatif
bakiantowidodo,X,waduh ini sih udah kelewat batas,2024-12-23 15:45:58,negatif
nugrohosari,X,"bener juga sih, kadang netizen terlalu baper",2024-12-23 15:25:07,positif
nhutagalung,X,biasa aja sih,2024-12-23 15:45:34,netral
pratiwikayun,X,waduh ini sih udah kelewat batas,2024-12-23 15:05:23,negatif
radikasihombing,X,waduh ini sih udah kelewat batas,2024-12-23 15:21:08,negatif
ganepfirgantoro,X,biar agak keras tapi niatnya baik kok,2024-12-23 15:51:01,positif
simon06,X,biar agak keras tapi niatnya baik kok,2024-12-23 15:10:27,positif
hairyanto58,X,biasa aja sih,2024-12-23 15:12:20,netral
harja05,X,"bener juga sih, kadang netizen terlalu baper",2024-12-23 15:07:37,positif
vero45,X,ceramah apaan malah ngehina,2024-12-23 15:59:31,negatif
pangestuhesti,X,tergantung yg nonton juga sih,2024-12-23 15:53:57,netral
lembahsuartini,X,ceramah apaan malah ngehina,2024-12-23 15:38:33,negatif
satya43,X,gus miftah harus minta maaf sih ini,2024-12-23 15:41:41,negatif
prayogosinaga,X,gus miftah harus minta maaf sih ini,2024-12-23 15:01:13,negatif
prasastacinthia,X,tergantung yg nonton juga sih,2024-12-23 15:31:23,netral
thalimah,X,ga sopan bgt ngomong gitu,2024-12-23 15:18:45,negatif
firgantorozamira,X,biasa aja sih,2024-12-23 15:02:43,netral
radit49,X,masih netral aja sih gw liatnya,2024-12-23 15:00:21,netral
santosogaman,X,ceramah apaan malah ngehina,2024-12-23 15:48:11,negatif
hutapeacaket,X,hmm no comment deh,2024-12-23 15:49:09,netral
nalarrahimah,X,masih netral aja sih gw liatnya,2024-12-23 15:05:39,netral
karya95,X,ceramah apaan malah ngehina,2024-12-23 15:14:38,negatif
jelitasimbolon,X,tergantung yg nonton juga sih,2024-12-23 15:54:41,netral
hasta87,X,bisa2 jualan es teh jd insecure 😓,2024-12-23 15:34:47,negatif
osuartini,X,ga sopan bgt ngomong gitu,2024-12-23 15:08:47,negatif
bjanuar,X,tergantung yg nonton juga sih,2024-12-23 15:08:56,netral
cawisonoharyanti,X,gw setuju sih ama omongannya gus,2024-12-23 15:15:23,positif
cakrawalasitorus,X,ga tau mau bilang apa,2024-12-23 15:57:00,netral
martanithamrin,X,"bener juga sih, kadang netizen terlalu baper",2024-12-23 15:08:08,positif
megantarasuci,X,biar agak keras tapi niatnya baik kok,2024-12-23 15:01:30,positif
laksitadagel,X,ga tau mau bilang apa,2024-12-23 15:43:00,netral
heryanto35,X,bisa2 jualan es teh jd insecure 😓,2024-12-23 15:33:26,negatif
rachelhidayanto,X,biasa aja sih,2024-12-23 15:14:03,netral
habibicemani,X,ni gus emg ada aja kelakuannya 😂,2024-12-23 15:27:57,positif
jumari08,X,hmm no comment deh,2024-12-23 15:15:19,netral
galihbudiyanto,X,tergantung yg nonton juga sih,2024-12-23 15:56:01,netral
ynainggolan,X,ga sopan bgt ngomong gitu,2024-12-23 15:22:03,negatif
laksmiwatifebi,X,ga tau mau bilang apa,2024-12-23 15:33:31,netral
atampubolon,X,ga sopan bgt ngomong gitu,2024-12-23 15:25:56,negatif
laksitaleo,X,"ceramahnya tetep dapet kok, relax aja guys",2024-12-23 15:35:16,positif
zaenab60,X,bisa2 jualan es teh jd insecure 😓,2024-12-23 15:07:38,negatif
suryatmiasmianto,X,"ceramahnya tetep dapet kok, relax aja guys",2024-12-23 15:32:52,positif
rafid71,X,ceramah apaan malah ngehina,2024-12-23 15:45:07,negatif
fmulyani,X,ceramah apaan malah ngehina,2024-12-23 15:27:25,negatif
banawa40,X,ga sopan bgt ngomong gitu,2024-12-23 15:39:33,negatif
cakrawala78,X,biar agak keras tapi niatnya baik kok,2024-12-23 15:19:19,positif
nurdiyantiliman,X,ga tau mau bilang apa,2024-12-23 15:10:21,netral
wasitasidiq,X,gue liat ini ya udah lah ya,2024-12-23 15:42:22,netral
hutasoitzizi,X,tergantung yg nonton juga sih,2024-12-23 15:44:51,netral
cahyasaputra,X,"bener juga sih, kadang netizen terlalu baper",2024-12-23 15:30:02,positif
laksmiwatiwawan,X,"ceramahnya tetep dapet kok, relax aja guys",2024-12-23 15:47:04,positif
rafi44,X,gue liat ini ya udah lah ya,2024-12-23 15:58:01,netral
mpertiwi,X,masih netral aja sih gw liatnya,2024-12-23 15:49:39,netral
suryatmisidiq,X,bisa2 jualan es teh jd insecure 😓,2024-12-23 15:29:22,negatif
cahyalailasari,X,gus miftah harus minta maaf sih ini,2024-12-23 15:05:04,negatif
lurhur64,X,biasa aja sih,2024-12-23 15:49:42,netral
jailjanuar,X,gus miftah harus minta maaf sih ini,2024-12-23 15:08:25,negatif
nugrahasantoso,X,hmm no comment deh,2024-12-23 15:51:29,netral
wartakusmawati,X,ga sopan bgt ngomong gitu,2024-12-23 15:46:24,negatif
lasmononashiruddin,X,ni gus emg ada aja kelakuannya 😂,2024-12-23 15:42:19,positif
maryaditira,X,ga sopan bgt ngomong gitu,2024-12-23 15:12:33,negatif
vwinarno,X,ni gus emg ada aja kelakuannya 😂,2024-12-23 15:05:17,positif
suryonomitra,X,"bener juga sih, kadang netizen terlalu baper",2024-12-23 15:42:14,positif
mansurdevi,X,gue liat ini ya udah lah ya,2024-12-23 15:52:31,netral
agnesprayoga,X,biar agak keras tapi niatnya baik kok,2024-12-23 15:05:35,positif
awijayanti,X,ceramah apaan malah ngehina,2024-12-23 15:35:47,negatif
haryantipaiman,X,ga sopan bgt ngomong gitu,2024-12-23 15:48:33,negatif
rahmawatieli,X,masih netral aja sih gw liatnya,2024-12-23 15:44:14,netral
kaylasaragih,X,gue liat ini ya udah lah ya,2024-12-23 15:25:53,netral
widodosilvia,X,"ceramahnya tetep dapet kok, relax aja guys",2024-12-23 15:18:48,positif
damunatsir,X,gue liat ini ya udah lah ya,2024-12-23 15:18:18,netral
mariadimayasari,X,ni gus emg ada aja kelakuannya 😂,2024-12-23 15:26:54,positif
namagaparis,X,hmm no comment deh,2024-12-23 15:56:36,netral
farahfujiati,X,gue liat ini ya udah lah ya,2024-12-23 15:20:06,netral
vimanmaryadi,X,"ga lucu, malah nyakitin hati yg jualan",2024-12-23 15:43:26,negatif
usadaeman,X,hmm no comment deh,2024-12-23 15:30:18,netral
almira95,X,biar agak keras tapi niatnya baik kok,2024-12-23 15:04:05,positif
pranowohesti,X,biar agak keras tapi niatnya baik kok,2024-12-23 15:55:28,positif
cawuksaptono,X,biar agak keras tapi niatnya baik kok,2024-12-23 15:44:35,positif
hsitumorang,X,gus miftah harus minta maaf sih ini,2024-12-23 15:10:35,negatif
nalarsitumorang,X,ceramah apaan malah ngehina,2024-12-23 15:53:42,negatif
lalamarbun,X,bisa2 jualan es teh jd insecure 😓,2024-12-23 15:25:27,negatif
padminamaga,X,biasa aja sih,2024-12-23 15:32:41,netral
tambamartaka,X,gw setuju sih ama omongannya gus,2024-12-23 15:33:10,positif
raisarajasa,X,ni gus emg ada aja kelakuannya 😂,2024-12-23 15:39:54,positif
marwata82,X,bisa2 jualan es teh jd insecure 😓,2024-12-23 15:53:12,negatif
winarnosidiq,X,"ceramahnya tetep dapet kok, relax aja guys",2024-12-23 15:48:35,positif
ramadanlanang,X,gw setuju sih ama omongannya gus,2024-12-23 15:04:47,positif
raden75,X,waduh ini sih udah kelewat batas,2024-12-23 15:06:16,negatif
jharyanto,X,hmm no comment deh,2024-12-23 15:51:01,netral
psihotang,X,waduh ini sih udah kelewat batas,2024-12-23 15:28:04,negatif
agustinahani,X,waduh ini sih udah kelewat batas,2024-12-23 15:14:50,negatif
damanikcitra,X,waduh ini sih udah kelewat batas,2024-12-23 15:38:09,negatif
tampubolonluthfi,X,ceramah apaan malah ngehina,2024-12-23 15:43:35,negatif
olivialestari,X,jujurly lucu banget sih ini 😭,2024-12-23 15:18:45,positif
usuryatmi,X,gw setuju sih ama omongannya gus,2024-12-23 15:32:19,positif
prasastaella,X,gw setuju sih ama omongannya gus,2024-12-23 15:52:28,positif
sabararyani,X,gus miftah harus minta maaf sih ini,2024-12-23 15:02:47,negatif
paiman89,X,biasa aja sih,2024-12-23 15:00:31,netral
dipa80,X,waduh ini sih udah kelewat batas,2024-12-23 15:48:42,negatif
anom11,X,"bener juga sih, kadang netizen terlalu baper",2024-12-23 15:56:17,positif
hendribudiman,X,waduh ini sih udah kelewat batas,2024-12-23 15:33:02,negatif
ksetiawan,X,waduh ini sih udah kelewat batas,2024-12-23 15:52:36,negatif
suartinivivi,X,biasa aja sih,2024-12-23 15:54:42,netral
iranuraini,X,hmm no comment deh,2024-12-23 15:13:19,netral
utamigalar,X,gue liat ini ya udah lah ya,2024-12-23 15:37:46,netral
kamilawaluyo,X,ceramah apaan malah ngehina,2024-12-23 15:29:14,negatif
taniagunarto,X,"ceramahnya tetep dapet kok, relax aja guys",2024-12-23 15:48:29,positif
lasmanto95,X,gw setuju sih ama omongannya gus,2024-12-23 15:52:16,positif
gamblangsalahudin,X,gus miftah harus minta maaf sih ini,2024-12-23 15:18:28,negatif
balidinutama,X,masih netral aja sih gw liatnya,2024-12-23 15:05:09,netral
gamani86,X,jujurly lucu banget sih ini 😭,2024-12-23 15:04:27,positif
adriansyahadiarja,X,bisa2 jualan es teh jd insecure 😓,2024-12-23 15:45:42,negatif
prabowoclara,X,biar agak keras tapi niatnya baik kok,2024-12-23 15:35:38,positif
xwahyuni,X,biasa aja sih,2024-12-23 15:12:11,netral
zizinapitupulu,X,gus miftah harus minta maaf sih ini,2024-12-23 15:37:11,negatif
bellaanggriawan,X,ceramah apaan malah ngehina,2024-12-23 15:31:48,negatif
mahesapermata,X,ni gus emg ada aja kelakuannya 😂,2024-12-23 15:05:07,positif
verowidiastuti,X,masih netral aja sih gw liatnya,2024-12-23 15:55:43,netral
bsimbolon,X,waduh ini sih udah kelewat batas,2024-12-23 15:59:46,negatif
fsuryatmi,X,gue liat ini ya udah lah ya,2024-12-23 15:44:24,netral
onugroho,X,ga sopan bgt ngomong gitu,2024-12-23 15:14:31,negatif
budimaneka,X,jujurly lucu banget sih ini 😭,2024-12-23 15:34:04,positif
siregargenta,X,waduh ini sih udah kelewat batas,2024-12-23 15:17:43,negatif
usadaeka,X,"ceramahnya tetep dapet kok, relax aja guys",2024-12-23 15:12:33,positif
suryonopandu,X,gus miftah harus minta maaf sih ini,2024-12-23 15:59:39,negatif
narji81,X,masih netral aja sih gw liatnya,2024-12-23 15:22:26,netral
kuswandarinilam,X,"ga lucu, malah nyakitin hati yg jualan",2024-12-23 15:06:45,negatif
paulin44,X,ga sopan bgt ngomong gitu,2024-12-23 15:08:34,negatif
galih82,X,bisa2 jualan es teh jd insecure 😓,2024-12-23 15:34:11,negatif
rahayujail,X,biar agak keras tapi niatnya baik kok,2024-12-23 15:24:44,positif
purwantimaman,X,hmm no comment deh,2024-12-23 15:16:33,netral
wsaragih,X,masih netral aja sih gw liatnya,2024-12-23 15:25:41,netral
nasyiahpadmi,X,ga sopan bgt ngomong gitu,2024-12-23 15:49:31,negatif
namagakala,X,ga tau mau bilang apa,2024-12-23 15:18:17,netral
cakrawangsaandriani,X,gus miftah harus minta maaf sih ini,2024-12-23 15:44:05,negatif
astutieja,X,ceramah apaan malah ngehina,2024-12-23 15:24:06,negatif
rahimahjoko,X,"ga lucu, malah nyakitin hati yg jualan",2024-12-23 15:42:11,negatif
septihutapea,X,biar agak keras tapi niatnya baik kok,2024-12-23 15:51:51,positif
gaduhuyainah,X,hmm no comment deh,2024-12-23 15:29:49,netral
siskamaheswara,X,waduh ini sih udah kelewat batas,2024-12-23 15:21:35,negatif
jabal23,X,ceramah apaan malah ngehina,2024-12-23 15:56:33,negatif
maryatigaman,X,gus miftah harus minta maaf sih ini,2024-12-23 15:16:27,negatif
iswahyudijaswadi,X,tergantung yg nonton juga sih,2024-12-23 15:25:11,netral
reza97,X,"ga lucu, malah nyakitin hati yg jualan",2024-12-23 15:48:39,negatif
cwijaya,X,tergantung yg nonton juga sih,2024-12-23 15:11:12,netral
ilyas12,X,ni gus emg ada aja kelakuannya 😂,2024-12-23 15:23:10,positif
kairavprasetya,X,"bener juga sih, kadang netizen terlalu baper",2024-12-23 15:56:38,positif
bakda85,X,"ga lucu, malah nyakitin hati yg jualan",2024-12-23 15:25:28,negatif
putri10,X,ga tau mau bilang apa,2024-12-23 15:38:46,netral
ardiantoasirwanda,X,masih netral aja sih gw liatnya,2024-12-23 15:23:55,netral
puspitadarmaji,X,"ceramahnya tetep dapet kok, relax aja guys",2024-12-23 15:10:17,positif
rjailani,X,"ga lucu, malah nyakitin hati yg jualan",2024-12-23 15:09:14,negatif
zalindra72,X,masih netral aja sih gw liatnya,2024-12-23 15:09:05,netral
rafidmelani,X,biasa aja sih,2024-12-23 15:01:43,netral
ismailjailani,X,ceramah apaan malah ngehina,2024-12-23 15:54:31,negatif
yrajasa,X,"ga lucu, malah nyakitin hati yg jualan",2024-12-23 15:57:10,negatif
nurdiyantigambira,X,bisa2 jualan es teh jd insecure 😓,2024-12-23 15:32:09,negatif
ina82,X,waduh ini sih udah kelewat batas,2024-12-23 15:49:37,negatif
latif13,X,ga tau mau bilang apa,2024-12-23 15:58:43,netral
qdabukke,X,ceramah apaan malah ngehina,2024-12-23 15:03:42,negatif
daniswarasuryatmi,X,hmm no comment deh,2024-12-23 15:03:01,netral
ysaputra,X,tergantung yg nonton juga sih,2024-12-23 15:36:35,netral
kardi97,X,ceramah apaan malah ngehina,2024-12-23 15:27:40,negatif
tpertiwi,X,gus miftah harus minta maaf sih ini,2024-12-23 15:16:22,negatif
galiononarpati,X,bisa2 jualan es teh jd insecure 😓,2024-12-23 15:47:10,negatif
zalindra32,X,"bener juga sih, kadang netizen terlalu baper",2024-12-23 15:59:35,positif
situmorangfaizah,X,"ceramahnya tetep dapet kok, relax aja guys",2024-12-23 15:57:35,positif
garaprasetyo,X,ga sopan bgt ngomong gitu,2024-12-23 15:29:53,negatif
nsihombing,X,waduh ini sih udah kelewat batas,2024-12-23 15:18:58,negatif
gaimanwahyudin,X,biasa aja sih,2024-12-23 15:58:00,netral
balidin64,X,"bener juga sih, kadang netizen terlalu baper",2024-12-23 15:06:22,positif
paramitaiswahyudi,X,masih netral aja sih gw liatnya,2024-12-23 15:22:18,netral
rendyprastuti,X,tergantung yg nonton juga sih,2024-12-23 15:16:59,netral
nainggolanhartana,X,"ga lucu, malah nyakitin hati yg jualan",2024-12-23 15:55:06,negatif
putrajindra,X,bisa2 jualan es teh jd insecure 😓,2024-12-23 15:47:13,negatif
kawacawulandari,X,"ga lucu, malah nyakitin hati yg jualan",2024-12-23 15:49:47,negatif
mwidodo,X,gue liat ini ya udah lah ya,2024-12-23 15:52:39,netral
gangsarlaksmiwati,X,bisa2 jualan es teh jd insecure 😓,2024-12-23 15:43:57,negatif
irmatamba,X,tergantung yg nonton juga sih,2024-12-23 15:34:32,netral
wpalastri,X,jujurly lucu banget sih ini 😭,2024-12-23 15:32:05,positif
langgengnugroho,X,"bener juga sih, kadang netizen terlalu baper",2024-12-23 15:41:33,positif
ayolanda,X,biasa aja sih,2024-12-23 15:08:00,netral
nsuwarno,X,ga sopan bgt ngomong gitu,2024-12-23 15:15:08,negatif
halimadiarja,X,"ga lucu, malah nyakitin hati yg jualan",2024-12-23 15:31:20,negatif
qnajmudin,X,ni gus emg ada aja kelakuannya 😂,2024-12-23 15:53:25,positif
prakosahabibi,X,masih netral aja sih gw liatnya,2024-12-23 15:22:28,netral
zaenabsaefullah,X,ga tau mau bilang apa,2024-12-23 15:45:58,netral
astutifathonah,X,ceramah apaan malah ngehina,2024-12-23 15:40:12,negatif
harjaya10,X,ga tau mau bilang apa,2024-12-23 15:43:41,netral
cagustina,X,bisa2 jualan es teh jd insecure 😓,2024-12-23 15:08:24,negatif
hanimegantara,X,ni gus emg ada aja kelakuannya 😂,2024-12-23 15:15:53,positif
asmadi09,X,ga sopan bgt ngomong gitu,2024-12-23 15:19:54,negatif
chelseapurnawati,X,biar agak keras tapi niatnya baik kok,2024-12-23 15:42:14,positif
lulut68,X,ga sopan bgt ngomong gitu,2024-12-23 15:29:24,negatif
wahyuniajiono,X,"ga lucu, malah nyakitin hati yg jualan",2024-12-23 15:38:21,negatif
syahrini25,X,"ceramahnya tetep dapet kok, relax aja guys",2024-12-23 15:39:23,positif
warsita98,X,gus miftah harus minta maaf sih ini,2024-12-23 15:23:03,negatif
garangyuniar,X,ceramah apaan malah ngehina,2024-12-23 15:08:05,negatif
marbunmariadi,X,"bener juga sih, kadang netizen terlalu baper",2024-12-23 15:20:56,positif
banarasitorus,X,"bener juga sih, kadang netizen terlalu baper",2024-12-23 15:56:10,positif
ssihotang,X,ga tau mau bilang apa,2024-12-23 15:28:10,netral
galionoanggriawan,X,ni gus emg ada aja kelakuannya 😂,2024-12-23 15:57:49,positif
zsimanjuntak,X,masih netral aja sih gw liatnya,2024-12-23 15:43:42,netral
uda25,X,jujurly lucu banget sih ini 😭,2024-12-23 15:20:11,positif
andrianicemplunk,X,gus miftah harus minta maaf sih ini,2024-12-23 15:11:04,negatif
jamil94,X,masih netral aja sih gw liatnya,2024-12-23 15:13:32,netral
uwaislasmono,X,bisa2 jualan es teh jd insecure 😓,2024-12-23 15:38:26,negatif
gilang20,X,gw setuju sih ama omongannya gus,2024-12-23 15:44:18,positif
arsipatrahabibi,X,biar agak keras tapi niatnya baik kok,2024-12-23 15:01:17,positif
jmulyani,X,ga tau mau bilang apa,2024-12-23 15:05:33,netral
aramadan,X,gus miftah harus minta maaf sih ini,2024-12-23 15:56:11,negatif
csihombing,X,"ceramahnya tetep dapet kok, relax aja guys",2024-12-23 15:35:18,positif
hilda66,X,ni gus emg ada aja kelakuannya 😂,2024-12-23 15:23:24,positif
ezulaika,X,ceramah apaan malah ngehina,2024-12-23 15:57:47,negatif
riyantikambali,X,"ga lucu, malah nyakitin hati yg jualan",2024-12-23 15:53:45,negatif
mandalapangeran,X,"bener juga sih, kadang netizen terlalu baper",2024-12-23 15:06:09,positif
winarnowaluyo,X,masih netral aja sih gw liatnya,2024-12-23 15:16:59,netral
estiawan84,X,gw setuju sih ama omongannya gus,2024-12-23 15:35:49,positif
uliwaskita,X,gus miftah harus minta maaf sih ini,2024-12-23 15:31:46,negatif
queenrajata,X,gus miftah harus minta maaf sih ini,2024-12-23 15:41:23,negatif
warsitamaryati,X,tergantung yg nonton juga sih,2024-12-23 15:09:47,netral
indramangunsong,X,biar agak keras tapi niatnya baik kok,2024-12-23 15:40:04,positif
prasetyosiregar,X,hmm no comment deh,2024-12-23 15:36:53,netral
jono87,X,masih netral aja sih gw liatnya,2024-12-23 15:33:27,netral
lazuardiwarsa,X,"ga lucu, malah nyakitin hati yg jualan",2024-12-23 15:42:26,negatif
gastiandriani,X,waduh ini sih udah kelewat batas,2024-12-23 15:01:56,negatif
harsaya89,X,"bener juga sih, kadang netizen terlalu baper",2024-12-23 15:27:35,positif
siregareluh,X,"ceramahnya tetep dapet kok, relax aja guys",2024-12-23 15:36:27,positif
ghidayanto,X,hmm no comment deh,2024-12-23 15:26:12,netral
msitompul,X,masih netral aja sih gw liatnya,2024-12-23 15:01:56,netral
rendynasyiah,X,biar agak keras tapi niatnya baik kok,2024-12-23 15:58:47,positif
budimangara,X,"bener juga sih, kadang netizen terlalu baper",2024-12-23 15:01:57,positif
lestariadika,X,hmm no comment deh,2024-12-23 15:46:56,netral
nilam89,X,biar agak keras tapi niatnya baik kok,2024-12-23 15:19:25,positif
ilyas31,X,biar agak keras tapi niatnya baik kok,2024-12-23 15:51:25,positif
kenzie00,X,gus miftah harus minta maaf sih ini,2024-12-23 15:19:01,negatif
budiyantoellis,X,"ga lucu, malah nyakitin hati yg jualan",2024-12-23 15:27:02,negatif
caketfarida,X,biasa aja sih,2024-12-23 15:55:22,netral
gabriella08,X,biar agak keras tapi niatnya baik kok,2024-12-23 15:30:57,positif
dabukkelega,X,ga sopan bgt ngomong gitu,2024-12-23 15:27:04,negatif
tina66,X,jujurly lucu banget sih ini 😭,2024-12-23 15:56:18,positif
maryadigading,X,masih netral aja sih gw liatnya,2024-12-23 15:44:26,netral
qwidodo,X,jujurly lucu banget sih ini 😭,2024-12-23 15:48:16,positif
harsana84,X,ga sopan bgt ngomong gitu,2024-12-23 15:27:32,negatif
danuja73,X,gue liat ini ya udah lah ya,2024-12-23 15:26:08,netral
jabalmarbun,X,biar agak keras tapi niatnya baik kok,2024-12-23 15:39:45,positif
maryanto84,X,biasa aja sih,2024-12-23 15:24:01,netral
nwidiastuti,X,waduh ini sih udah kelewat batas,2024-12-23 15:09:52,negatif
yuliartisidiq,X,waduh ini sih udah kelewat batas,2024-12-23 15:08:24,negatif
taswirirawan,X,gue liat ini ya udah lah ya,2024-12-23 15:05:40,netral
janenatsir,X,biar agak keras tapi niatnya baik kok,2024-12-23 15:05:13,positif
asmiantohabibi,X,waduh ini sih udah kelewat batas,2024-12-23 15:46:50,negatif
kpuspasari,X,waduh ini sih udah kelewat batas,2024-12-23 15:15:14,negatif
nurdiyantiluthfi,X,"ceramahnya tetep dapet kok, relax aja guys",2024-12-23 15:36:05,positif
oprastuti,X,biasa aja sih,2024-12-23 15:16:11,netral
satyathamrin,X,ga sopan bgt ngomong gitu,2024-12-23 15:48:34,negatif
eluh94,X,tergantung yg nonton juga sih,2024-12-23 15:48:55,netral
hidayatsetya,X,"ceramahnya tetep dapet kok, relax aja guys",2024-12-23 15:41:13,positif
cahyaprastuti,X,biasa aja sih,2024-12-23 15:49:13,netral
warta94,X,"bener juga sih, kadang netizen terlalu baper",2024-12-23 15:23:12,positif
iaryani,X,hmm no comment deh,2024-12-23 15:46:21,netral
maryadiina,X,masih netral aja sih gw liatnya,2024-12-23 15:41:01,netral
tirtayasa51,X,ni gus emg ada aja kelakuannya 😂,2024-12-23 15:08:58,positif
banawiutama,X,"bener juga sih, kadang netizen terlalu baper",2024-12-23 15:23:29,positif
caket55,X,waduh ini sih udah kelewat batas,2024-12-23 15:43:31,negatif
dabukkekamila,X,bisa2 jualan es teh jd insecure 😓,2024-12-23 15:08:50,negatif
nyanawinarno,X,gw setuju sih ama omongannya gus,2024-12-23 15:49:16,positif
widodogamanto,X,ga tau mau bilang apa,2024-12-23 15:52:55,netral
nurdiyantijayeng,X,waduh ini sih udah kelewat batas,2024-12-23 15:35:31,negatif
yancemarpaung,X,"ga lucu, malah nyakitin hati yg jualan",2024-12-23 15:16:57,negatif
hnarpati,X,gus miftah harus minta maaf sih ini,2024-12-23 15:27:20,negatif
knasyiah,X,ceramah apaan malah ngehina,2024-12-23 15:11:57,negatif
kaylamahendra,X,masih netral aja sih gw liatnya,2024-12-23 15:35:57,netral
ardiantogalur,X,masih netral aja sih gw liatnya,2024-12-23 15:16:56,netral
salsabilahassanah,X,gw setuju sih ama omongannya gus,2024-12-23 15:36:43,positif
elon13,X,gue liat ini ya udah lah ya,2024-12-23 15:02:08,netral
fnababan,X,hmm no comment deh,2024-12-23 15:38:30,netral
yuniargina,X,gue liat ini ya udah lah ya,2024-12-23 15:52:53,netral
natsirqori,X,waduh ini sih udah kelewat batas,2024-12-23 15:49:20,negatif
pradanaperkasa,X,biar agak keras tapi niatnya baik kok,2024-12-23 15:17:14,positif
prabusalahudin,X,"ga lucu, malah nyakitin hati yg jualan",2024-12-23 15:47:34,negatif
mariadi97,X,"bener juga sih, kadang netizen terlalu baper",2024-12-23 15:49:53,positif
reksa53,X,bisa2 jualan es teh jd insecure 😓,2024-12-23 15:41:29,negatif
usyi11,X,bisa2 jualan es teh jd insecure 😓,2024-12-23 15:03:27,negatif
kamidinmaheswara,X,biasa aja sih,2024-12-23 15:30:02,netral
wulandaripurwadi,X,"ceramahnya tetep dapet kok, relax aja guys",2024-12-23 15:22:58,positif
nurainisalimah,X,jujurly lucu banget sih ini 😭,2024-12-23 15:20:39,positif
narpatisalsabila,X,biasa aja sih,2024-12-23 15:10:25,netral
irawansetya,X,gus miftah harus minta maaf sih ini,2024-12-23 15:53:42,negatif
gunawaniriana,X,tergantung yg nonton juga sih,2024-12-23 15:15:29,netral
tirtamanullang,X,"ga lucu, malah nyakitin hati yg jualan",2024-12-23 15:20:21,negatif
damu62,X,hmm no comment deh,2024-12-23 15:21:14,netral
wanisaefullah,X,tergantung yg nonton juga sih,2024-12-23 15:35:27,netral
harimaheswara,X,gw setuju sih ama omongannya gus,2024-12-23 15:44:04,positif
gamblang92,X,gue liat ini ya udah lah ya,2024-12-23 15:09:31,netral
nasyiahcagak,X,jujurly lucu banget sih ini 😭,2024-12-23 15:21:09,positif
atma89,X,bisa2 jualan es teh jd insecure 😓,2024-12-23 15:24:43,negatif
baktiadiyulianti,X,jujurly lucu banget sih ini 😭,2024-12-23 15:59:11,positif
namagakarya,X,masih netral aja sih gw liatnya,2024-12-23 15:13:28,netral
padmasariprima,X,ga tau mau bilang apa,2024-12-23 15:42:09,netral
suryatmidamu,X,gus miftah harus minta maaf sih ini,2024-12-23 15:23:53,negatif
milasaputra,X,hmm no comment deh,2024-12-23 15:25:11,netral
asirwadabudiyanto,X,waduh ini sih udah kelewat batas,2024-12-23 15:40:58,negatif
halim78,X,ni gus emg ada aja kelakuannya 😂,2024-12-23 15:55:02,positif
darmana70,X,ga tau mau bilang apa,2024-12-23 15:30:36,netral
adehutapea,X,jujurly lucu banget sih ini 😭,2024-12-23 15:47:00,positif
asmadimaheswara,X,ni gus emg ada aja kelakuannya 😂,2024-12-23 15:33:55,positif
samosirfathonah,X,jujurly lucu banget sih ini 😭,2024-12-23 15:32:30,positif
eja10,X,"ceramahnya tetep dapet kok, relax aja guys",2024-12-23 15:39:02,positif
maryadi78,X,"bener juga sih, kadang netizen terlalu baper",2024-12-23 15:26:37,positif
eja97,X,ceramah apaan malah ngehina,2024-12-23 15:35:29,negatif
habibighaliyati,X,gus miftah harus minta maaf sih ini,2024-12-23 15:08:43,negatif
artawastuti,X,gus miftah harus minta maaf sih ini,2024-12-23 15:31:38,negatif
ahartati,X,bisa2 jualan es teh jd insecure 😓,2024-12-23 15:52:11,negatif
raisanainggolan,X,gus miftah harus minta maaf sih ini,2024-12-23 15:04:23,negatif
nardi47,X,bisa2 jualan es teh jd insecure 😓,2024-12-23 15:19:54,negatif
permatamalik,X,ceramah apaan malah ngehina,2024-12-23 15:28:32,negatif
wage88,X,masih netral aja sih gw liatnya,2024-12-23 15:37:39,netral
mangunsongkezia,X,masih netral aja sih gw liatnya,2024-12-23 15:24:59,netral
dongorannasrullah,X,ga tau mau bilang apa,2024-12-23 15:28:56,netral
elmasaptono,X,masih netral aja sih gw liatnya,2024-12-23 15:35:43,netral
wira26,X,bisa2 jualan es teh jd insecure 😓,2024-12-23 15:05:02,negatif
ctamba,X,"ceramahnya tetep dapet kok, relax aja guys",2024-12-23 15:13:14,positif
lestariartawan,X,masih netral aja sih gw liatnya,2024-12-23 15:22:53,netral
wasitasaiful,X,masih netral aja sih gw liatnya,2024-12-23 15:27:58,netral
kusumapurnawati,X,gue liat ini ya udah lah ya,2024-12-23 15:11:02,netral
ridwan72,X,masih netral aja sih gw liatnya,2024-12-23 15:02:45,netral
saputrasepti,X,gw setuju sih ama omongannya gus,2024-12-23 15:17:45,positif
nasyiahrahman,X,hmm no comment deh,2024-12-23 15:05:12,netral
ysihombing,X,gue liat ini ya udah lah ya,2024-12-23 15:42:55,netral
aswanihutapea,X,ceramah apaan malah ngehina,2024-12-23 15:03:03,negatif
indrauwais,X,ceramah apaan malah ngehina,2024-12-23 15:25:52,negatif
kala35,X,gw setuju sih ama omongannya gus,2024-12-23 15:17:42,positif
halima91,X,ceramah apaan malah ngehina,2024-12-23 15:36:27,negatif
sabar39,X,"bener juga sih, kadang netizen terlalu baper",2024-12-23 15:00:31,positif
prayogareza,X,biar agak keras tapi niatnya baik kok,2024-12-23 15:40:49,positif
gamantosetiawan,X,hmm no comment deh,2024-12-23 15:33:09,netral
dimas87,X,gw setuju sih ama omongannya gus,2024-12-23 15:41:37,positif
hardiansyahnugraha,X,tergantung yg nonton juga sih,2024-12-23 15:49:58,netral
sari34,X,ga sopan bgt ngomong gitu,2024-12-23 15:40:38,negatif
ysamosir,X,ga sopan bgt ngomong gitu,2024-12-23 15:00:07,negatif
prabowoelvin,X,ga tau mau bilang apa,2024-12-23 15:52:54,netral
yani01,X,tergantung yg nonton juga sih,2024-12-23 15:13:29,netral
halimahbudi,X,gue liat ini ya udah lah ya,2024-12-23 15:49:38,netral
jasminhakim,X,"ga lucu, malah nyakitin hati yg jualan",2024-12-23 15:55:20,negatif
waluyowaluyo,X,biasa aja sih,2024-12-23 15:28:17,netral
atmaja72,X,biar agak keras tapi niatnya baik kok,2024-12-23 15:10:07,positif
dagel18,X,"ga lucu, malah nyakitin hati yg jualan",2024-12-23 15:26:02,negatif
olga08,X,gus miftah harus minta maaf sih ini,2024-12-23 15:11:57,negatif
faridaghaliyati,X,"ga lucu, malah nyakitin hati yg jualan",2024-12-23 15:22:01,negatif
yastuti,X,tergantung yg nonton juga sih,2024-12-23 15:30:39,netral
thamrinpranawa,X,ceramah apaan malah ngehina,2024-12-23 15:08:33,negatif
purwadilatupono,X,ga sopan bgt ngomong gitu,2024-12-23 15:30:02,negatif
dutami,X,tergantung yg nonton juga sih,2024-12-23 15:26:38,netral
belindaiswahyudi,X,hmm no comment deh,2024-12-23 15:10:44,netral
ipalastri,X,bisa2 jualan es teh jd insecure 😓,2024-12-23 15:04:12,negatif
ivan30,X,"ga lucu, malah nyakitin hati yg jualan",2024-12-23 15:35:10,negatif
roktaviani,X,ceramah apaan malah ngehina,2024-12-23 15:11:23,negatif
banarahastuti,X,biasa aja sih,2024-12-23 15:41:28,netral
cornelia71,X,jujurly lucu banget sih ini 😭,2024-12-23 15:32:23,positif
emas13,X,biasa aja sih,2024-12-23 15:52:17,netral
cayadilazuardi,X,gue liat ini ya udah lah ya,2024-12-23 15:51:43,netral
waniyuniar,X,biar agak keras tapi niatnya baik kok,2024-12-23 15:36:22,positif
suryatmiendra,X,hmm no comment deh,2024-12-23 15:53:57,netral
budi39,X,"ga lucu, malah nyakitin hati yg jualan",2024-12-23 15:13:19,negatif
ibun75,X,"ga lucu, malah nyakitin hati yg jualan",2024-12-23 15:47:06,negatif
uanggraini,X,masih netral aja sih gw liatnya,2024-12-23 15:56:44,netral
dabukkezaenab,X,gw setuju sih ama omongannya gus,2024-12-23 15:33:45,positif
hasanahganjaran,X,masih netral aja sih gw liatnya,2024-12-23 15:14:11,netral
ghabibi,X,biar agak keras tapi niatnya baik kok,2024-12-23 15:03:18,positif
unjani35,X,gus miftah harus minta maaf sih ini,2024-12-23 15:20:23,negatif
pradiptakarsa,X,tergantung yg nonton juga sih,2024-12-23 15:57:33,netral
dadiusada,X,bisa2 jualan es teh jd insecure 😓,2024-12-23 15:57:21,negatif
hidayatraharja,X,bisa2 jualan es teh jd insecure 😓,2024-12-23 15:06:25,negatif
pranowoasmianto,X,"ga lucu, malah nyakitin hati yg jualan",2024-12-23 15:57:18,negatif
dagel54,X,biasa aja sih,2024-12-23 15:47:32,netral
knugroho,X,waduh ini sih udah kelewat batas,2024-12-23 15:40:17,negatif
wahyudinhendri,X,"ceramahnya tetep dapet kok, relax aja guys",2024-12-23 15:22:40,positif
rahayupandu,X,bisa2 jualan es teh jd insecure 😓,2024-12-23 15:57:22,negatif
ihartati,X,"ga lucu, malah nyakitin hati yg jualan",2024-12-23 15:07:06,negatif
haryantiana,X,hmm no comment deh,2024-12-23 15:18:23,netral
hartanamaulana,X,ga tau mau bilang apa,2024-12-23 15:17:42,netral
dadiramadan,X,tergantung yg nonton juga sih,2024-12-23 15:34:59,netral
kusmawatijindra,X,bisa2 jualan es teh jd insecure 😓,2024-12-23 15:17:59,negatif
hastutilatika,X,gus miftah harus minta maaf sih ini,2024-12-23 15:07:40,negatif
firgantorogandi,X,masih netral aja sih gw liatnya,2024-12-23 15:23:32,netral
alika39,X,jujurly lucu banget sih ini 😭,2024-12-23 15:36:23,positif
nashiruddinmartaka,X,ga sopan bgt ngomong gitu,2024-12-23 15:01:26,negatif
karyawaluyo,X,biar agak keras tapi niatnya baik kok,2024-12-23 15:36:21,positif
prayitna19,X,gue liat ini ya udah lah ya,2024-12-23 15:56:18,netral
muhammadwahyuni,X,ceramah apaan malah ngehina,2024-12-23 15:14:33,negatif
sihotangbagiya,X,"ceramahnya tetep dapet kok, relax aja guys",2024-12-23 15:22:18,positif
citrakuswoyo,X,gue liat ini ya udah lah ya,2024-12-23 15:35:14,netral
riyantipatricia,X,biar agak keras tapi niatnya baik kok,2024-12-23 15:58:35,positif
permadieko,X,"ga lucu, malah nyakitin hati yg jualan",2024-12-23 15:27:13,negatif
novi12,X,bisa2 jualan es teh jd insecure 😓,2024-12-23 15:06:10,negatif
latif66,X,tergantung yg nonton juga sih,2024-12-23 15:52:36,netral
fnashiruddin,X,ga tau mau bilang apa,2024-12-23 15:26:53,netral
wprasetyo,X,biar agak keras tapi niatnya baik kok,2024-12-23 15:50:01,positif
pranowogatot,X,ni gus emg ada aja kelakuannya 😂,2024-12-23 15:52:50,positif
zulaikamala,X,"bener juga sih, kadang netizen terlalu baper",2024-12-23 15:50:44,positif
utamasurya,X,ni gus emg ada aja kelakuannya 😂,2024-12-23 15:24:55,positif
najamwaluyo,X,jujurly lucu banget sih ini 😭,2024-12-23 15:24:46,positif
andrianilulut,X,ni gus emg ada aja kelakuannya 😂,2024-12-23 15:40:30,positif
yono33,X,hmm no comment deh,2024-12-23 15:25:14,netral
rahmiandriani,X,ga sopan bgt ngomong gitu,2024-12-23 15:50:07,negatif
adriansyahnarji,X,ni gus emg ada aja kelakuannya 😂,2024-12-23 15:44:24,positif
adikara28,X,waduh ini sih udah kelewat batas,2024-12-23 15:44:57,negatif
sidiq83,X,biasa aja sih,2024-12-23 15:14:59,netral
mustofa31,X,ga sopan bgt ngomong gitu,2024-12-23 15:24:16,negatif
kenes74,X,"ceramahnya tetep dapet kok, relax aja guys",2024-12-23 15:38:48,positif
najamwaskita,X,"bener juga sih, kadang netizen terlalu baper",2024-12-23 15:13:34,positif
luwespalastri,X,biar agak keras tapi niatnya baik kok,2024-12-23 15:39:46,positif
wahyuniivan,X,biar agak keras tapi niatnya baik kok,2024-12-23 15:35:34,positif
swinarno,X,gue liat ini ya udah lah ya,2024-12-23 15:25:25,netral
cecep48,X,gus miftah harus minta maaf sih ini,2024-12-23 15:24:17,negatif
betaniarajata,X,ga sopan bgt ngomong gitu,2024-12-23 15:18:07,negatif
jamaliamardhiyah,X,jujurly lucu banget sih ini 😭,2024-12-23 15:43:47,positif
marbunkenari,X,ga tau mau bilang apa,2024-12-23 15:50:38,netral
hardiansyahgading,X,gue liat ini ya udah lah ya,2024-12-23 15:11:10,netral
nmegantara,X,ga tau mau bilang apa,2024-12-23 15:36:13,netral
nrima37,X,bisa2 jualan es teh jd insecure 😓,2024-12-23 15:14:28,negatif
ade09,X,ga tau mau bilang apa,2024-12-23 15:04:28,netral
bakijan09,X,ni gus emg ada aja kelakuannya 😂,2024-12-23 15:06:16,positif
jayayolanda,X,tergantung yg nonton juga sih,2024-12-23 15:52:21,netral
fjanuar,X,ceramah apaan malah ngehina,2024-12-23 15:06:28,negatif
rahimahgamanto,X,ni gus emg ada aja kelakuannya 😂,2024-12-23 15:32:30,positif
iswahyudijati,X,ga sopan bgt ngomong gitu,2024-12-23 15:30:31,negatif
zulaikayulia,X,hmm no comment deh,2024-12-23 15:09:11,netral
hakimozy,X,gue liat ini ya udah lah ya,2024-12-23 15:00:12,netral
asirwandawastuti,X,gue liat ini ya udah lah ya,2024-12-23 15:22:26,netral
evanovitasari,X,ga tau mau bilang apa,2024-12-23 15:13:57,netral
gunartolulut,X,tergantung yg nonton juga sih,2024-12-23 15:29:06,netral
mlaksita,X,gue liat ini ya udah lah ya,2024-12-23 15:07:57,netral
olgasihombing,X,ga sopan bgt ngomong gitu,2024-12-23 15:36:33,negatif
martakahalimah,X,ni gus emg ada aja kelakuannya 😂,2024-12-23 15:22:46,positif
amalianurdiyanti,X,"ga lucu, malah nyakitin hati yg jualan",2024-12-23 15:54:19,negatif
pranowojayeng,X,"ga lucu, malah nyakitin hati yg jualan",2024-12-23 15:15:36,negatif
mahendrakezia,X,hmm no comment deh,2024-12-23 15:32:03,netral
jaka14,X,bisa2 jualan es teh jd insecure 😓,2024-12-23 15:52:12,negatif
vivimulyani,X,"ga lucu, malah nyakitin hati yg jualan",2024-12-23 15:58:19,negatif
salwa91,X,hmm no comment deh,2024-12-23 15:59:56,netral
amaliahutasoit,X,biasa aja sih,2024-12-23 15:40:24,netral
pratiwihafshah,X,ga tau mau bilang apa,2024-12-23 15:52:54,netral
jabal57,X,gw setuju sih ama omongannya gus,2024-12-23 15:53:58,positif
sjailani,X,hmm no comment deh,2024-12-23 15:25:44,netral
riswahyudi,X,biasa aja sih,2024-12-23 15:15:48,netral
ywijayanti,X,"ga lucu, malah nyakitin hati yg jualan",2024-12-23 15:37:31,negatif
ayu04,X,masih netral aja sih gw liatnya,2024-12-23 15:00:50,netral
hastutiluis,X,jujurly lucu banget sih ini 😭,2024-12-23 15:48:17,positif
cawuk29,X,ni gus emg ada aja kelakuannya 😂,2024-12-23 15:22:29,positif
mandasariatma,X,biar agak keras tapi niatnya baik kok,2024-12-23 15:31:58,positif
gunawanganda,X,tergantung yg nonton juga sih,2024-12-23 15:27:57,netral
najibsimanjuntak,X,hmm no comment deh,2024-12-23 15:42:04,netral
genta25,X,gus miftah harus minta maaf sih ini,2024-12-23 15:01:57,negatif
nainggolandodo,X,gw setuju sih ama omongannya gus,2024-12-23 15:56:38,positif
gantariswahyudi,X,ni gus emg ada aja kelakuannya 😂,2024-12-23 15:24:02,positif
halimahlili,X,biar agak keras tapi niatnya baik kok,2024-12-23 15:35:52,positif
balapati60,X,waduh ini sih udah kelewat batas,2024-12-23 15:14:03,negatif
outama,X,ni gus emg ada aja kelakuannya 😂,2024-12-23 15:48:54,positif
heryanto81,X,"ga lucu, malah nyakitin hati yg jualan",2024-12-23 15:41:03,negatif
wani93,X,hmm no comment deh,2024-12-23 15:33:59,netral
opan28,X,"ga lucu, malah nyakitin hati yg jualan",2024-12-23 15:48:14,negatif
pkusmawati,X,ga sopan bgt ngomong gitu,2024-12-23 15:21:11,negatif
uwaisnovi,X,tergantung yg nonton juga sih,2024-12-23 15:16:01,netral
qoriwahyudin,X,"ceramahnya tetep dapet kok, relax aja guys",2024-12-23 15:39:11,positif
asman68,X,hmm no comment deh,2024-12-23 15:31:45,netral
ajiono20,X,hmm no comment deh,2024-12-23 15:14:13,netral
pradiptafitria,X,"ceramahnya tetep dapet kok, relax aja guys",2024-12-23 15:57:07,positif
bala67,X,biasa aja sih,2024-12-23 15:31:28,netral
mumpuniwibisono,X,ga sopan bgt ngomong gitu,2024-12-23 15:43:37,negatif
soleh16,X,hmm no comment deh,2024-12-23 15:38:32,netral
luluh87,X,waduh ini sih udah kelewat batas,2024-12-23 15:13:08,negatif
martanifarida,X,tergantung yg nonton juga sih,2024-12-23 15:52:30,netral
mahendrajagaraga,X,waduh ini sih udah kelewat batas,2024-12-23 15:08:37,negatif
jagaraga79,X,waduh ini sih udah kelewat batas,2024-12-23 15:22:16,negatif
lailawaluyo,X,ga sopan bgt ngomong gitu,2024-12-23 15:41:23,negatif
dewiagustina,X,ceramah apaan malah ngehina,2024-12-23 15:22:40,negatif
jasmin36,X,masih netral aja sih gw liatnya,2024-12-23 15:43:07,netral
irwan30,X,"ga lucu, malah nyakitin hati yg jualan",2024-12-23 15:37:15,negatif
kurniawanciaobella,X,biar agak keras tapi niatnya baik kok,2024-12-23 15:44:54,positif
lestariamelia,X,gus miftah harus minta maaf sih ini,2024-12-23 15:03:22,negatif
thamrinirsad,X,ga tau mau bilang apa,2024-12-23 15:37:04,netral
widya21,X,gue liat ini ya udah lah ya,2024-12-23 15:46:18,netral
galiono53,X,masih netral aja sih gw liatnya,2024-12-23 15:28:58,netral
diana19,X,"ga lucu, malah nyakitin hati yg jualan",2024-12-23 15:57:45,negatif
diah60,X,waduh ini sih udah kelewat batas,2024-12-23 15:18:53,negatif
suryazulaika,X,biar agak keras tapi niatnya baik kok,2024-12-23 15:32:00,positif
gading14,X,bisa2 jualan es teh jd insecure 😓,2024-12-23 15:19:23,negatif
nasyiahivan,X,ga sopan bgt ngomong gitu,2024-12-23 15:54:19,negatif
ywaluyo,X,gue liat ini ya udah lah ya,2024-12-23 15:01:35,netral
luwesnarpati,X,hmm no comment deh,2024-12-23 15:54:29,netral
nadine02,X,ga sopan bgt ngomong gitu,2024-12-23 15:14:17,negatif
ysafitri,X,tergantung yg nonton juga sih,2024-12-23 15:23:52,netral
zulkarnainzelaya,X,gue liat ini ya udah lah ya,2024-12-23 15:57:58,netral
ikin64,X,ga tau mau bilang apa,2024-12-23 15:39:55,netral
catur21,X,waduh ini sih udah kelewat batas,2024-12-23 15:12:54,negatif
mitra06,X,"ceramahnya tetep dapet kok, relax aja guys",2024-12-23 15:08:54,positif
zulfa00,X,jujurly lucu banget sih ini 😭,2024-12-23 15:26:14,positif
usamahgangsa,X,"ga lucu, malah nyakitin hati yg jualan",2024-12-23 15:30:05,negatif
luiswaskita,X,gue liat ini ya udah lah ya,2024-12-23 15:33:21,netral
bakijandabukke,X,"ceramahnya tetep dapet kok, relax aja guys",2024-12-23 15:57:35,positif
sihombingjoko,X,masih netral aja sih gw liatnya,2024-12-23 15:50:05,netral
ibraninasyiah,X,jujurly lucu banget sih ini 😭,2024-12-23 15:43:20,positif
nurainiulya,X,hmm no comment deh,2024-12-23 15:47:24,netral
simanjuntaklulut,X,ceramah apaan malah ngehina,2024-12-23 15:12:37,negatif
irwansantoso,X,ni gus emg ada aja kelakuannya 😂,2024-12-23 15:16:01,positif
bdongoran,X,ceramah apaan malah ngehina,2024-12-23 15:00:40,negatif
eko72,X,"bener juga sih, kadang netizen terlalu baper",2024-12-23 15:35:43,positif
cinthia46,X,"bener juga sih, kadang netizen terlalu baper",2024-12-23 15:04:03,positif
kenziezulkarnain,X,tergantung yg nonton juga sih,2024-12-23 15:05:43,netral
sabarsafitri,X,tergantung yg nonton juga sih,2024-12-23 15:36:41,netral
karimahmangunsong,X,"ceramahnya tetep dapet kok, relax aja guys",2024-12-23 15:09:48,positif
pratiwizaenab,X,waduh ini sih udah kelewat batas,2024-12-23 15:20:25,negatif
raharjawidodo,X,bisa2 jualan es teh jd insecure 😓,2024-12-23 15:34:13,negatif
nprasasta,X,waduh ini sih udah kelewat batas,2024-12-23 15:58:18,negatif
vanesa39,X,bisa2 jualan es teh jd insecure 😓,2024-12-23 15:53:30,negatif
rendy88,X,"bener juga sih, kadang netizen terlalu baper",2024-12-23 15:01:57,positif
xirawan,X,tergantung yg nonton juga sih,2024-12-23 15:28:29,netral
yuliartiasmuni,X,gue liat ini ya udah lah ya,2024-12-23 15:53:51,netral
harjomarpaung,X,masih netral aja sih gw liatnya,2024-12-23 15:15:14,netral
wahyudingatot,X,bisa2 jualan es teh jd insecure 😓,2024-12-23 15:31:56,negatif
himawan10,X,jujurly lucu banget sih ini 😭,2024-12-23 15:55:02,positif
nurainiparis,X,biasa aja sih,2024-12-23 15:02:05,netral
csuwarno,X,biasa aja sih,2024-12-23 15:55:32,netral
amirahayu,X,gue liat ini ya udah lah ya,2024-12-23 15:42:22,netral
cahyohakim,X,hmm no comment deh,2024-12-23 15:26:12,netral
jaemanpertiwi,X,"bener juga sih, kadang netizen terlalu baper",2024-12-23 15:58:58,positif
warsaprasetyo,X,gue liat ini ya udah lah ya,2024-12-23 15:33:32,netral
vwijaya,X,gus miftah harus minta maaf sih ini,2024-12-23 15:26:22,negatif
irawancakrabuana,X,"bener juga sih, kadang netizen terlalu baper",2024-12-23 15:50:31,positif
bahuwarna88,X,gus miftah harus minta maaf sih ini,2024-12-23 15:36:24,negatif
situmorangasmuni,X,hmm no comment deh,2024-12-23 15:08:10,netral
diana71,X,ceramah apaan malah ngehina,2024-12-23 15:01:54,negatif
kamaria17,X,gus miftah harus minta maaf sih ini,2024-12-23 15:34:17,negatif
rina66,X,gue liat ini ya udah lah ya,2024-12-23 15:44:23,netral
yusuf48,X,gw setuju sih ama omongannya gus,2024-12-23 15:28:08,positif
virman92,X,tergantung yg nonton juga sih,2024-12-23 15:46:54,netral
gamani12,X,bisa2 jualan es teh jd insecure 😓,2024-12-23 15:29:35,negatif
prasetyabalangga,X,"ga lucu, malah nyakitin hati yg jualan",2024-12-23 15:01:03,negatif
megantararusman,X,gue liat ini ya udah lah ya,2024-12-23 15:32:47,netral
ghani48,X,jujurly lucu banget sih ini 😭,2024-12-23 15:40:50,positif
unarpati,X,gus miftah harus minta maaf sih ini,2024-12-23 15:51:55,negatif
permadiaris,X,biasa aja sih,2024-12-23 15:12:14,netral
yuniargamblang,X,bisa2 jualan es teh jd insecure 😓,2024-12-23 15:49:52,negatif
nbudiyanto,X,"ceramahnya tetep dapet kok, relax aja guys",2024-12-23 15:21:12,positif
ani42,X,ni gus emg ada aja kelakuannya 😂,2024-12-23 15:24:07,positif
kawacaagustina,X,jujurly lucu banget sih ini 😭,2024-12-23 15:48:40,positif
atma14,X,tergantung yg nonton juga sih,2024-12-23 15:58:40,netral
prasastawirda,X,gw setuju sih ama omongannya gus,2024-12-23 15:18:37,positif
trajasa,X,biar agak keras tapi niatnya baik kok,2024-12-23 15:12:13,positif
siregarfebi,X,biar agak keras tapi niatnya baik kok,2024-12-23 15:25:23,positif
ibrani74,X,biasa aja sih,2024-12-23 15:09:02,netral
bakidin63,X,biar agak keras tapi niatnya baik kok,2024-12-23 15:11:55,positif
lega94,X,ga sopan bgt ngomong gitu,2024-12-23 15:32:04,negatif
rinimulyani,X,"bener juga sih, kadang netizen terlalu baper",2024-12-23 15:10:37,positif
caketkusumo,X,gue liat ini ya udah lah ya,2024-12-23 15:53:58,netral
emanwidodo,X,gue liat ini ya udah lah ya,2024-12-23 15:09:18,netral
saifulhutapea,X,gus miftah harus minta maaf sih ini,2024-12-23 15:59:22,negatif
warsakurniawan,X,waduh ini sih udah kelewat batas,2024-12-23 15:04:08,negatif
qyuliarti,X,biasa aja sih,2024-12-23 15:02:09,netral
gandausada,X,gus miftah harus minta maaf sih ini,2024-12-23 15:24:53,negatif
usadayoga,X,ga tau mau bilang apa,2024-12-23 15:16:08,netral
hfirmansyah,X,waduh ini sih udah kelewat batas,2024-12-23 15:52:34,negatif
novitasariradit,X,ceramah apaan malah ngehina,2024-12-23 15:39:39,negatif
warsa63,X,"ceramahnya tetep dapet kok, relax aja guys",2024-12-23 15:54:16,positif
ikhsan98,X,jujurly lucu banget sih ini 😭,2024-12-23 15:58:52,positif
sabrinaanggraini,X,ga tau mau bilang apa,2024-12-23 15:32:26,netral
cindysinaga,X,waduh ini sih udah kelewat batas,2024-12-23 15:32:36,negatif
cemplunk90,X,"bener juga sih, kadang netizen terlalu baper",2024-12-23 15:15:42,positif
vwaluyo,X,gus miftah harus minta maaf sih ini,2024-12-23 15:33:39,negatif
hastutikusuma,X,"bener juga sih, kadang netizen terlalu baper",2024-12-23 15:59:22,positif
aurorarajasa,X,ga tau mau bilang apa,2024-12-23 15:25:42,netral
darimin33,X,masih netral aja sih gw liatnya,2024-12-23 15:32:48,netral
karsa98,X,ceramah apaan malah ngehina,2024-12-23 15:40:11,negatif
pancamardhiyah,X,biar agak keras tapi niatnya baik kok,2024-12-23 15:39:23,positif
otarihoran,X,jujurly lucu banget sih ini 😭,2024-12-23 15:03:29,positif
alambanamustofa,X,"bener juga sih, kadang netizen terlalu baper",2024-12-23 15:36:30,positif
cnugroho,X,tergantung yg nonton juga sih,2024-12-23 15:43:56,netral
michellepudjiastuti,X,ceramah apaan malah ngehina,2024-12-23 15:52:19,negatif
fmayasari,X,ga sopan bgt ngomong gitu,2024-12-23 15:33:08,negatif
raditya14,X,gus miftah harus minta maaf sih ini,2024-12-23 15:12:45,negatif
oman32,X,biar agak keras tapi niatnya baik kok,2024-12-23 15:35:56,positif
gantaranggriawan,X,jujurly lucu banget sih ini 😭,2024-12-23 15:34:02,positif
damu19,X,jujurly lucu banget sih ini 😭,2024-12-23 15:53:42,positif
putu84,X,ni gus emg ada aja kelakuannya 😂,2024-12-23 15:32:04,positif
ginapurwanti,X,"ceramahnya tetep dapet kok, relax aja guys",2024-12-23 15:59:37,positif
aswaniwacana,X,ga sopan bgt ngomong gitu,2024-12-23 15:56:34,negatif
shalim,X,waduh ini sih udah kelewat batas,2024-12-23 15:52:28,negatif
prayitnasirait,X,"ceramahnya tetep dapet kok, relax aja guys",2024-12-23 15:01:29,positif
wulandariraihan,X,ga sopan bgt ngomong gitu,2024-12-23 15:10:18,negatif
mahesawulandari,X,hmm no comment deh,2024-12-23 15:08:39,netral
habibivinsen,X,gue liat ini ya udah lah ya,2024-12-23 15:51:55,netral
okta50,X,jujurly lucu banget sih ini 😭,2024-12-23 15:20:44,positif
ilestari,X,gus miftah harus minta maaf sih ini,2024-12-23 15:54:38,negatif
hakimkamaria,X,jujurly lucu banget sih ini 😭,2024-12-23 15:28:56,positif
umarnovitasari,X,gw setuju sih ama omongannya gus,2024-12-23 15:45:55,positif
thamrinmustofa,X,masih netral aja sih gw liatnya,2024-12-23 15:47:14,netral
manullangadiarja,X,biasa aja sih,2024-12-23 15:02:24,netral
nurdiyantijagapati,X,hmm no comment deh,2024-12-23 15:01:29,netral
tirtayasayulianti,X,gw setuju sih ama omongannya gus,2024-12-23 15:39:38,positif
oskar33,X,biar agak keras tapi niatnya baik kok,2024-12-23 15:24:20,positif
trajata,X,ga tau mau bilang apa,2024-12-23 15:55:00,netral
edongoran,X,gw setuju sih ama omongannya gus,2024-12-23 15:53:10,positif
banarautama,X,biar agak keras tapi niatnya baik kok,2024-12-23 15:55:10,positif
martanasiregar,X,ga sopan bgt ngomong gitu,2024-12-23 15:59:05,negatif
rahmi38,X,jujurly lucu banget sih ini 😭,2024-12-23 15:32:12,positif
jinawirahmawati,X,ceramah apaan malah ngehina,2024-12-23 15:32:11,negatif
salahudinprakosa,X,ni gus emg ada aja kelakuannya 😂,2024-12-23 15:54:38,positif
upikfujiati,X,ceramah apaan malah ngehina,2024-12-23 15:07:51,negatif
mariadi89,X,hmm no comment deh,2024-12-23 15:03:43,netral
faizahwibowo,X,ga sopan bgt ngomong gitu,2024-12-23 15:05:29,negatif
vbudiman,X,bisa2 jualan es teh jd insecure 😓,2024-12-23 15:29:27,negatif
zamirawidodo,X,tergantung yg nonton juga sih,2024-12-23 15:43:25,netral
salwa35,X,hmm no comment deh,2024-12-23 15:02:25,netral
kuswoyoelma,X,"ga lucu, malah nyakitin hati yg jualan",2024-12-23 15:30:48,negatif
legawa56,X,biar agak keras tapi niatnya baik kok,2024-12-23 15:04:28,positif
harsaya17,X,waduh ini sih udah kelewat batas,2024-12-23 15:02:46,negatif
mpermata,X,"ga lucu, malah nyakitin hati yg jualan",2024-12-23 15:53:09,negatif
mujurpranowo,X,bisa2 jualan es teh jd insecure 😓,2024-12-23 15:44:37,negatif
yonojailani,X,gue liat ini ya udah lah ya,2024-12-23 15:43:27,netral
emplukmansur,X,tergantung yg nonton juga sih,2024-12-23 15:52:59,netral
sabrinasuryono,X,masih netral aja sih gw liatnya,2024-12-23 15:54:07,netral
zulaikha93,X,bisa2 jualan es teh jd insecure 😓,2024-12-23 15:44:28,negatif
cindy33,X,jujurly lucu banget sih ini 😭,2024-12-23 15:22:39,positif
kanihutagalung,X,gw setuju sih ama omongannya gus,2024-12-23 15:49:38,positif
victoria32,X,hmm no comment deh,2024-12-23 15:56:30,netral
gaiman31,X,ga tau mau bilang apa,2024-12-23 15:11:55,netral
palastriikhsan,X,"bener juga sih, kadang netizen terlalu baper",2024-12-23 15:49:03,positif
karta38,X,masih netral aja sih gw liatnya,2024-12-23 15:49:42,netral
eluhsihotang,X,waduh ini sih udah kelewat batas,2024-12-23 15:02:21,negatif
darman19,X,"bener juga sih, kadang netizen terlalu baper",2024-12-23 15:56:56,positif
wacanamulya,X,"ga lucu, malah nyakitin hati yg jualan",2024-12-23 15:20:14,negatif
darimin11,X,bisa2 jualan es teh jd insecure 😓,2024-12-23 15:31:33,negatif
safinapradipta,X,ga tau mau bilang apa,2024-12-23 15:50:34,netral
rainamangunsong,X,waduh ini sih udah kelewat batas,2024-12-23 15:40:41,negatif
salmanagustina,X,ga sopan bgt ngomong gitu,2024-12-23 15:57:44,negatif
kaylarahayu,X,"ga lucu, malah nyakitin hati yg jualan",2024-12-23 15:42:28,negatif
mayasariendra,X,hmm no comment deh,2024-12-23 15:01:37,netral
kemalpuspita,X,biar agak keras tapi niatnya baik kok,2024-12-23 15:03:14,positif
uchitaastuti,X,gue liat ini ya udah lah ya,2024-12-23 15:36:53,netral
gaduhfarida,X,masih netral aja sih gw liatnya,2024-12-23 15:47:04,netral
opan55,X,ceramah apaan malah ngehina,2024-12-23 15:34:57,negatif
wsuwarno,X,tergantung yg nonton juga sih,2024-12-23 15:31:51,netral
sihombinggaliono,X,waduh ini sih udah kelewat batas,2024-12-23 15:44:59,negatif
winarsihsaka,X,gw setuju sih ama omongannya gus,2024-12-23 15:01:15,positif
rafidsinaga,X,"ga lucu, malah nyakitin hati yg jualan",2024-12-23 15:25:28,negatif
gmaryati,X,gue liat ini ya udah lah ya,2024-12-23 15:12:23,netral
zulkarnaintimbul,X,biar agak keras tapi niatnya baik kok,2024-12-23 15:36:00,positif
mandalacindy,X,ni gus emg ada aja kelakuannya 😂,2024-12-23 15:06:13,positif
emayasari,X,"ceramahnya tetep dapet kok, relax aja guys",2024-12-23 15:03:55,positif
mulyonohutapea,X,"ga lucu, malah nyakitin hati yg jualan",2024-12-23 15:47:14,negatif
luwarlazuardi,X,jujurly lucu banget sih ini 😭,2024-12-23 15:42:30,positif
nurdiyantikawaya,X,hmm no comment deh,2024-12-23 15:15:07,netral
kariman89,X,jujurly lucu banget sih ini 😭,2024-12-23 15:37:38,positif
widodomustika,X,"ceramahnya tetep dapet kok, relax aja guys",2024-12-23 15:44:14,positif
bsihotang,X,biar agak keras tapi niatnya baik kok,2024-12-23 15:43:18,positif
tirtayasasuartini,X,biasa aja sih,2024-12-23 15:58:15,netral
drajatwaskita,X,jujurly lucu banget sih ini 😭,2024-12-23 15:42:56,positif
zulaikarahmi,X,biasa aja sih,2024-12-23 15:15:03,netral
mustikawidodo,X,bisa2 jualan es teh jd insecure 😓,2024-12-23 15:32:07,negatif
irwan84,X,ni gus emg ada aja kelakuannya 😂,2024-12-23 15:49:09,positif
mahesa16,X,waduh ini sih udah kelewat batas,2024-12-23 15:18:07,negatif
noviharyanti,X,biar agak keras tapi niatnya baik kok,2024-12-23 15:09:18,positif
kunthara29,X,gue liat ini ya udah lah ya,2024-12-23 15:10:52,netral
waluyo34,X,ceramah apaan malah ngehina,2024-12-23 15:49:34,negatif
natsircindy,X,ni gus emg ada aja kelakuannya 😂,2024-12-23 15:55:42,positif
siraitfitriani,X,waduh ini sih udah kelewat batas,2024-12-23 15:01:30,negatif
ikusumo,X,"ceramahnya tetep dapet kok, relax aja guys",2024-12-23 15:54:42,positif
gading77,X,hmm no comment deh,2024-12-23 15:55:11,netral
rsaragih,X,ga tau mau bilang apa,2024-12-23 15:31:07,netral
rahmanoktaviani,X,"ga lucu, malah nyakitin hati yg jualan",2024-12-23 15:24:09,negatif
cemeti13,X,hmm no comment deh,2024-12-23 15:19:03,netral
mandalaedison,X,bisa2 jualan es teh jd insecure 😓,2024-12-23 15:52:12,negatif
suwarnokajen,X,waduh ini sih udah kelewat batas,2024-12-23 15:22:29,negatif
tedimardhiyah,X,gue liat ini ya udah lah ya,2024-12-23 15:17:04,netral
carakawidodo,X,"ga lucu, malah nyakitin hati yg jualan",2024-12-23 15:29:22,negatif
imam78,X,hmm no comment deh,2024-12-23 15:18:12,netral
mulyapranowo,X,waduh ini sih udah kelewat batas,2024-12-23 15:47:01,negatif
cicihandayani,X,hmm no comment deh,2024-12-23 15:47:14,netral
santosodariati,X,waduh ini sih udah kelewat batas,2024-12-23 15:12:40,negatif
salwa17,X,gw setuju sih ama omongannya gus,2024-12-23 15:47:27,positif
jabalrahayu,X,ceramah apaan malah ngehina,2024-12-23 15:31:57,negatif
wasisrahmawati,X,hmm no comment deh,2024-12-23 15:57:17,netral
agustinalasmono,X,gw setuju sih ama omongannya gus,2024-12-23 15:05:04,positif
nrajata,X,waduh ini sih udah kelewat batas,2024-12-23 15:53:50,negatif
wfujiati,X,ga tau mau bilang apa,2024-12-23 15:11:33,netral
gunawanemin,X,ni gus emg ada aja kelakuannya 😂,2024-12-23 15:15:38,positif
umayarajata,X,ga sopan bgt ngomong gitu,2024-12-23 15:17:43,negatif
candra65,X,bisa2 jualan es teh jd insecure 😓,2024-12-23 15:17:03,negatif
zizi56,X,"bener juga sih, kadang netizen terlalu baper",2024-12-23 15:14:24,positif
rmandala,X,gue liat ini ya udah lah ya,2024-12-23 15:42:27,netral
nilamlaksita,X,gus miftah harus minta maaf sih ini,2024-12-23 15:17:59,negatif
almirawasita,X,"ga lucu, malah nyakitin hati yg jualan",2024-12-23 15:51:47,negatif
caketmahendra,X,"ceramahnya tetep dapet kok, relax aja guys",2024-12-23 15:25:29,positif
liswahyudi,X,ga sopan bgt ngomong gitu,2024-12-23 15:29:32,negatif
amaliawulandari,X,biar agak keras tapi niatnya baik kok,2024-12-23 15:29:12,positif
rahayugalur,X,"ceramahnya tetep dapet kok, relax aja guys",2024-12-23 15:30:13,positif
saputrairiana,X,"bener juga sih, kadang netizen terlalu baper",2024-12-23 15:11:46,positif
endra78,X,ga sopan bgt ngomong gitu,2024-12-23 15:49:51,negatif
rama01,X,"bener juga sih, kadang netizen terlalu baper",2024-12-23 15:41:20,positif
rahimahrina,X,gue liat ini ya udah lah ya,2024-12-23 15:17:38,netral
siregargilda,X,bisa2 jualan es teh jd insecure 😓,2024-12-23 15:41:24,negatif
atmaja16,X,biar agak keras tapi niatnya baik kok,2024-12-23 15:14:42,positif
jarwadi72,X,"ceramahnya tetep dapet kok, relax aja guys",2024-12-23 15:13:46,positif
ihassanah,X,"ceramahnya tetep dapet kok, relax aja guys",2024-12-23 15:55:53,positif
hkusumo,X,biasa aja sih,2024-12-23 15:12:43,netral
dsuwarno,X,ceramah apaan malah ngehina,2024-12-23 15:28:58,negatif
luwar11,X,"bener juga sih, kadang netizen terlalu baper",2024-12-23 15:20:22,positif
winda85,X,ceramah apaan malah ngehina,2024-12-23 15:01:24,negatif
winarsihdaliman,X,hmm no comment deh,2024-12-23 15:42:38,netral
nasyidahdasa,X,hmm no comment deh,2024-12-23 15:13:59,netral
jindra68,X,gue liat ini ya udah lah ya,2024-12-23 15:03:42,netral
mangunsongadiarja,X,hmm no comment deh,2024-12-23 15:41:25,netral
ilsathamrin,X,ceramah apaan malah ngehina,2024-12-23 15:55:42,negatif
caturanggasaragih,X,waduh ini sih udah kelewat batas,2024-12-23 15:14:42,negatif
pujinashiruddin,X,waduh ini sih udah kelewat batas,2024-12-23 15:28:31,negatif
permadinasab,X,waduh ini sih udah kelewat batas,2024-12-23 15:18:38,negatif
rahmat26,X,gw setuju sih ama omongannya gus,2024-12-23 15:25:51,positif
tomiyuliarti,X,"ga lucu, malah nyakitin hati yg jualan",2024-12-23 15:41:36,negatif
bagus99,X,gue liat ini ya udah lah ya,2024-12-23 15:50:02,netral
karimanmegantara,X,ga sopan bgt ngomong gitu,2024-12-23 15:26:49,negatif
mayasaridarmanto,X,gus miftah harus minta maaf sih ini,2024-12-23 15:02:07,negatif
mahesa86,X,masih netral aja sih gw liatnya,2024-12-23 15:02:54,netral
suwarnojamalia,X,biasa aja sih,2024-12-23 15:44:35,netral
ciaobella04,X,hmm no comment deh,2024-12-23 15:23:22,netral
muhammad89,X,gw setuju sih ama omongannya gus,2024-12-23 16:00:00,positif
nasyidahzelda,X,"ceramahnya tetep dapet kok, relax aja guys",2024-12-23 15:07:04,positif
fitrianiyuliarti,X,"ga lucu, malah nyakitin hati yg jualan",2024-12-23 15:41:06,negatif
setiawanyosef,X,ni gus emg ada aja kelakuannya 😂,2024-12-23 15:46:53,positif
grahayu,X,hmm no comment deh,2024-12-23 15:39:27,netral
gardaardianto,X,waduh ini sih udah kelewat batas,2024-12-23 15:36:16,negatif
lailawibowo,X,ga tau mau bilang apa,2024-12-23 15:15:38,netral
bagasriyanti,X,ga sopan bgt ngomong gitu,2024-12-23 15:50:37,negatif
wsitumorang,X,tergantung yg nonton juga sih,2024-12-23 15:22:48,netral
dewi76,X,biasa aja sih,2024-12-23 15:24:24,netral
padmi54,X,gus miftah harus minta maaf sih ini,2024-12-23 15:14:31,negatif
asmuni27,X,ga tau mau bilang apa,2024-12-23 15:57:41,netral
prabu48,X,"bener juga sih, kadang netizen terlalu baper",2024-12-23 15:41:25,positif
asirwada43,X,waduh ini sih udah kelewat batas,2024-12-23 15:32:24,negatif
sihotangkariman,X,tergantung yg nonton juga sih,2024-12-23 15:56:19,netral
wahyudindariati,X,ga tau mau bilang apa,2024-12-23 15:30:54,netral
melaninaradi,X,bisa2 jualan es teh jd insecure 😓,2024-12-23 15:43:47,negatif
jsimbolon,X,biasa aja sih,2024-12-23 15:34:16,netral
muhammadpranowo,X,"bener juga sih, kadang netizen terlalu baper",2024-12-23 15:56:31,positif
umar86,X,ga sopan bgt ngomong gitu,2024-12-23 15:32:30,negatif
pangestumursita,X,biasa aja sih,2024-12-23 15:09:39,netral
ekusmawati,X,ga tau mau bilang apa,2024-12-23 15:05:03,netral
nashiruddingalak,X,masih netral aja sih gw liatnya,2024-12-23 15:45:59,netral
lamarzulkarnain,X,gue liat ini ya udah lah ya,2024-12-23 15:03:17,netral
cahyono30,X,gw setuju sih ama omongannya gus,2024-12-23 15:17:14,positif
hutagalungajimat,X,bisa2 jualan es teh jd insecure 😓,2024-12-23 15:02:41,negatif
cayadi53,X,hmm no comment deh,2024-12-23 15:38:17,netral
galur53,X,waduh ini sih udah kelewat batas,2024-12-23 15:23:01,negatif
alikasuwarno,X,waduh ini sih udah kelewat batas,2024-12-23 15:45:20,negatif
anggrainijasmani,X,waduh ini sih udah kelewat batas,2024-12-23 15:49:36,negatif
zulfamaryadi,X,ga tau mau bilang apa,2024-12-23 15:02:33,netral
cahyono75,X,hmm no comment deh,2024-12-23 15:35:15,netral
tprastuti,X,ni gus emg ada aja kelakuannya 😂,2024-12-23 15:47:11,positif
galak99,X,waduh ini sih udah kelewat batas,2024-12-23 15:39:24,negatif
bpuspasari,X,"ga lucu, malah nyakitin hati yg jualan",2024-12-23 15:23:55,negatif
wulanyulianti,X,ga sopan bgt ngomong gitu,2024-12-23 15:50:51,negatif
pmangunsong,X,gue liat ini ya udah lah ya,2024-12-23 15:55:23,netral
pranowocarla,X,biasa aja sih,2024-12-23 15:04:07,netral
wisnulestari,X,ni gus emg ada aja kelakuannya 😂,2024-12-23 15:39:25,positif
hastutisabrina,X,ga sopan bgt ngomong gitu,2024-12-23 15:59:11,negatif
harsana11,X,"ga lucu, malah nyakitin hati yg jualan",2024-12-23 15:44:50,negatif
tirtafirgantoro,X,ga tau mau bilang apa,2024-12-23 15:26:49,netral
nasim57,X,"ceramahnya tetep dapet kok, relax aja guys",2024-12-23 15:53:22,positif
rininajmudin,X,masih netral aja sih gw liatnya,2024-12-23 15:52:25,netral
napitupuluharsanto,X,gw setuju sih ama omongannya gus,2024-12-23 15:45:27,positif
bellawijayanti,X,waduh ini sih udah kelewat batas,2024-12-23 15:09:10,negatif
galuhpurnawati,X,gus miftah harus minta maaf sih ini,2024-12-23 15:38:24,negatif
irnantohutapea,X,gus miftah harus minta maaf sih ini,2024-12-23 15:45:25,negatif
ziziwinarsih,X,bisa2 jualan es teh jd insecure 😓,2024-12-23 15:03:56,negatif
rnuraini,X,biasa aja sih,2024-12-23 15:44:50,netral
mulyanajmudin,X,ni gus emg ada aja kelakuannya 😂,2024-12-23 15:00:08,positif
nasim24,X,ni gus emg ada aja kelakuannya 😂,2024-12-23 15:39:08,positif
tiara31,X,ceramah apaan malah ngehina,2024-12-23 15:54:36,negatif
mansurpranata,X,"bener juga sih, kadang netizen terlalu baper",2024-12-23 15:26:03,positif
prasetyo98,X,"bener juga sih, kadang netizen terlalu baper",2024-12-23 15:14:27,positif
halimahputu,X,ni gus emg ada aja kelakuannya 😂,2024-12-23 15:25:23,positif
rhutagalung,X,waduh ini sih udah kelewat batas,2024-12-23 15:53:31,negatif
mpratama,X,"ceramahnya tetep dapet kok, relax aja guys",2024-12-23 15:10:37,positif
kasiyah27,X,ceramah apaan malah ngehina,2024-12-23 15:29:39,negatif
nirawan,X,ni gus emg ada aja kelakuannya 😂,2024-12-23 15:05:02,positif
gantar07,X,tergantung yg nonton juga sih,2024-12-23 15:06:57,netral
xpuspita,X,"ga lucu, malah nyakitin hati yg jualan",2024-12-23 15:25:23,negatif
hairyanto56,X,ni gus emg ada aja kelakuannya 😂,2024-12-23 15:54:41,positif
suwarnogambira,X,waduh ini sih udah kelewat batas,2024-12-23 15:28:39,negatif
darufujiati,X,gw setuju sih ama omongannya gus,2024-12-23 15:20:30,positif
cahyono79,X,hmm no comment deh,2024-12-23 15:53:33,netral
mahmudhalim,X,tergantung yg nonton juga sih,2024-12-23 15:13:23,netral
dagel97,X,ga tau mau bilang apa,2024-12-23 15:44:38,netral
karsanaaryani,X,masih netral aja sih gw liatnya,2024-12-23 15:08:24,netral
nrimaprasetya,X,gw setuju sih ama omongannya gus,2024-12-23 15:10:46,positif
wsimanjuntak,X,"ga lucu, malah nyakitin hati yg jualan",2024-12-23 15:53:48,negatif
fkusumo,X,jujurly lucu banget sih ini 😭,2024-12-23 15:38:53,positif
marsitoandriani,X,jujurly lucu banget sih ini 😭,2024-12-23 15:00:08,positif
adriansyahsaadat,X,masih netral aja sih gw liatnya,2024-12-23 15:06:40,netral
hutapeagarda,X,ni gus emg ada aja kelakuannya 😂,2024-12-23 15:15:28,positif
herulatupono,X,bisa2 jualan es teh jd insecure 😓,2024-12-23 15:43:03,negatif
bakimanpangestu,X,ni gus emg ada aja kelakuannya 😂,2024-12-23 15:32:49,positif
padmasaridamar,X,ni gus emg ada aja kelakuannya 😂,2024-12-23 15:00:45,positif
evausada,X,ga tau mau bilang apa,2024-12-23 15:09:10,netral
irnantoagustina,X,jujurly lucu banget sih ini 😭,2024-12-23 15:04:15,positif
utamiyono,X,"ga lucu, malah nyakitin hati yg jualan",2024-12-23 15:03:54,negatif
purwa15,X,bisa2 jualan es teh jd insecure 😓,2024-12-23 15:03:03,negatif
lailasariwawan,X,waduh ini sih udah kelewat batas,2024-12-23 15:03:33,negatif
ridwan62,X,ga sopan bgt ngomong gitu,2024-12-23 15:55:54,negatif
adityadongoran,X,ga tau mau bilang apa,2024-12-23 15:52:49,netral
asman32,X,"ga lucu, malah nyakitin hati yg jualan",2024-12-23 15:05:48,negatif
jarwa42,X,gus miftah harus minta maaf sih ini,2024-12-23 15:29:21,negatif
digdaya89,X,hmm no comment deh,2024-12-23 15:46:55,netral
astutijamal,X,masih netral aja sih gw liatnya,2024-12-23 15:00:18,netral
gada23,X,hmm no comment deh,2024-12-23 15:07:01,netral
udamanik,X,ga tau mau bilang apa,2024-12-23 15:07:41,netral
kiandra07,X,gus miftah harus minta maaf sih ini,2024-12-23 15:59:11,negatif
samiah64,X,ceramah apaan malah ngehina,2024-12-23 15:29:29,negatif
bahuwarnasusanti,X,gw setuju sih ama omongannya gus,2024-12-23 15:23:26,positif
wasitamanah,X,waduh ini sih udah kelewat batas,2024-12-23 15:16:26,negatif
sabri84,X,waduh ini sih udah kelewat batas,2024-12-23 15:31:57,negatif
makuta94,X,ni gus emg ada aja kelakuannya 😂,2024-12-23 15:53:34,positif
yunita97,X,tergantung yg nonton juga sih,2024-12-23 15:09:08,netral
hsaputra,X,"ceramahnya tetep dapet kok, relax aja guys",2024-12-23 15:16:27,positif
pranawamelani,X,ni gus emg ada aja kelakuannya 😂,2024-12-23 15:51:05,positif
irawanzamira,X,gue liat ini ya udah lah ya,2024-12-23 15:14:12,netral
narjimanullang,X,gw setuju sih ama omongannya gus,2024-12-23 15:13:28,positif
prayogo28,X,masih netral aja sih gw liatnya,2024-12-23 15:54:55,netral
kacunglailasari,X,waduh ini sih udah kelewat batas,2024-12-23 15:11:21,negatif
nyoman01,X,"ceramahnya tetep dapet kok, relax aja guys",2024-12-23 15:13:25,positif
zhastuti,X,tergantung yg nonton juga sih,2024-12-23 15:40:32,netral
marsudilaksita,X,ga sopan bgt ngomong gitu,2024-12-23 15:39:38,negatif
harjaya08,X,gw setuju sih ama omongannya gus,2024-12-23 15:45:45,positif
daliono21,X,gus miftah harus minta maaf sih ini,2024-12-23 15:59:49,negatif
dariatimustofa,X,jujurly lucu banget sih ini 😭,2024-12-23 15:19:43,positif
rkusumo,X,"bener juga sih, kadang netizen terlalu baper",2024-12-23 15:49:42,positif
banawi05,X,ni gus emg ada aja kelakuannya 😂,2024-12-23 15:58:14,positif
situmorangmartaka,X,ni gus emg ada aja kelakuannya 😂,2024-12-23 15:54:43,positif
marbunirnanto,X,"ga lucu, malah nyakitin hati yg jualan",2024-12-23 15:46:22,negatif
cayadisusanti,X,ceramah apaan malah ngehina,2024-12-23 15:56:27,negatif
dalimanyolanda,X,biasa aja sih,2024-12-23 15:33:37,netral
limar74,X,waduh ini sih udah kelewat batas,2024-12-23 15:00:31,negatif
tdongoran,X,masih netral aja sih gw liatnya,2024-12-23 15:56:57,netral
thamrinhadi,X,jujurly lucu banget sih ini 😭,2024-12-23 15:05:00,positif
hafshah59,X,gue liat ini ya udah lah ya,2024-12-23 15:01:17,netral
mustika64,X,biar agak keras tapi niatnya baik kok,2024-12-23 15:13:05,positif
wacanaheryanto,X,tergantung yg nonton juga sih,2024-12-23 15:42:09,netral
taniasusanti,X,hmm no comment deh,2024-12-23 15:55:30,netral
cagakhalim,X,ceramah apaan malah ngehina,2024-12-23 15:35:33,negatif
xrahayu,X,ga tau mau bilang apa,2024-12-23 15:28:54,netral
purwapurwanti,X,ceramah apaan malah ngehina,2024-12-23 15:26:49,negatif
parmanagustina,X,"ceramahnya tetep dapet kok, relax aja guys",2024-12-23 15:15:20,positif
talia75,X,ga tau mau bilang apa,2024-12-23 15:01:29,netral
orajata,X,ni gus emg ada aja kelakuannya 😂,2024-12-23 15:01:30,positif
kemal88,X,jujurly lucu banget sih ini 😭,2024-12-23 15:26:04,positif
jarwiwijaya,X,ni gus emg ada aja kelakuannya 😂,2024-12-23 15:23:44,positif
suartinivanesa,X,"ga lucu, malah nyakitin hati yg jualan",2024-12-23 15:22:25,negatif
pradiptanabila,X,ni gus emg ada aja kelakuannya 😂,2024-12-23 15:28:00,positif
tri51,X,biasa aja sih,2024-12-23 15:56:21,netral
umaryati,X,tergantung yg nonton juga sih,2024-12-23 15:53:15,netral
swidodo,X,masih netral aja sih gw liatnya,2024-12-23 15:08:27,netral
safinanugroho,X,gw setuju sih ama omongannya gus,2024-12-23 15:53:34,positif
ade13,X,bisa2 jualan es teh jd insecure 😓,2024-12-23 15:00:36,negatif
ulvamelani,X,biasa aja sih,2024-12-23 15:28:44,netral
ajiononasyidah,X,masih netral aja sih gw liatnya,2024-12-23 15:22:29,netral
kezia08,X,ceramah apaan malah ngehina,2024-12-23 15:50:48,negatif
kamalkusumo,X,ga tau mau bilang apa,2024-12-23 15:32:34,netral
wadriansyah,X,hmm no comment deh,2024-12-23 15:41:53,netral
luthfiriyanti,X,masih netral aja sih gw liatnya,2024-12-23 15:50:23,netral
faridacinthia,X,tergantung yg nonton juga sih,2024-12-23 15:38:31,netral
pwidodo,X,"bener juga sih, kadang netizen terlalu baper",2024-12-23 15:18:10,positif
vicky08,X,ni gus emg ada aja kelakuannya 😂,2024-12-23 15:02:02,positif
wakimannashiruddin,X,hmm no comment deh,2024-12-23 15:20:07,netral
elonirawan,X,tergantung yg nonton juga sih,2024-12-23 15:50:42,netral
manullangbagus,X,masih netral aja sih gw liatnya,2024-12-23 15:25:15,netral
kalimmaulana,X,masih netral aja sih gw liatnya,2024-12-23 15:56:58,netral
caketriyanti,X,biar agak keras tapi niatnya baik kok,2024-12-23 15:40:59,positif
hariyahcecep,X,"ceramahnya tetep dapet kok, relax aja guys",2024-12-23 15:50:49,positif
dadiuwais,X,masih netral aja sih gw liatnya,2024-12-23 15:14:36,netral
tugimansimbolon,X,ni gus emg ada aja kelakuannya 😂,2024-12-23 15:30:07,positif
warta66,X,gue liat ini ya udah lah ya,2024-12-23 15:24:57,netral
ebudiman,X,waduh ini sih udah kelewat batas,2024-12-23 15:03:47,negatif
violetagustina,X,biasa aja sih,2024-12-23 15:17:43,netral
tasdikwinarsih,X,biar agak keras tapi niatnya baik kok,2024-12-23 15:25:48,positif
ega22,X,tergantung yg nonton juga sih,2024-12-23 15:03:40,netral
mardhiyahtugiman,X,biar agak keras tapi niatnya baik kok,2024-12-23 15:23:17,positif
mahfud84,X,tergantung yg nonton juga sih,2024-12-23 15:31:17,netral
darman61,X,"bener juga sih, kadang netizen terlalu baper",2024-12-23 15:07:12,positif
narpatiida,X,ni gus emg ada aja kelakuannya 😂,2024-12-23 15:10:22,positif
hestilatupono,X,bisa2 jualan es teh jd insecure 😓,2024-12-23 15:20:57,negatif
vinsenpurwanti,X,ni gus emg ada aja kelakuannya 😂,2024-12-23 15:21:47,positif
tarihoranbancar,X,ni gus emg ada aja kelakuannya 😂,2024-12-23 15:49:37,positif
danuja75,X,ga sopan bgt ngomong gitu,2024-12-23 15:45:39,negatif
jessica40,X,masih netral aja sih gw liatnya,2024-12-23 15:31:24,netral
galur51,X,gue liat ini ya udah lah ya,2024-12-23 15:07:22,netral
febigunawan,X,tergantung yg nonton juga sih,2024-12-23 15:21:25,netral
yuliantimila,X,gus miftah harus minta maaf sih ini,2024-12-23 15:35:32,negatif
najmudinzalindra,X,bisa2 jualan es teh jd insecure 😓,2024-12-23 15:34:17,negatif
natsirghani,X,biasa aja sih,2024-12-23 15:28:24,netral
purwantiwadi,X,tergantung yg nonton juga sih,2024-12-23 15:59:18,netral
anompurnawati,X,hmm no comment deh,2024-12-23 15:46:51,netral
gawati39,X,biasa aja sih,2024-12-23 15:41:53,netral
kmansur,X,jujurly lucu banget sih ini 😭,2024-12-23 15:17:52,positif
prayoga57,X,gus miftah harus minta maaf sih ini,2024-12-23 15:26:37,negatif
waluyo68,X,ga sopan bgt ngomong gitu,2024-12-23 15:35:17,negatif
ikin17,X,tergantung yg nonton juga sih,2024-12-23 15:44:11,netral
ramadansabri,X,ceramah apaan malah ngehina,2024-12-23 15:58:12,negatif
prayitnautami,X,bisa2 jualan es teh jd insecure 😓,2024-12-23 15:30:10,negatif
ljanuar,X,"ceramahnya tetep dapet kok, relax aja guys",2024-12-23 15:18:24,positif
hardana16,X,biar agak keras tapi niatnya baik kok,2024-12-23 15:48:00,positif
prasetyawage,X,waduh ini sih udah kelewat batas,2024-12-23 15:10:21,negatif
landriani,X,jujurly lucu banget sih ini 😭,2024-12-23 15:35:55,positif
narpatidanuja,X,"ceramahnya tetep dapet kok, relax aja guys",2024-12-23 15:08:33,positif
wirda73,X,ceramah apaan malah ngehina,2024-12-23 15:55:59,negatif
rafidkusmawati,X,gw setuju sih ama omongannya gus,2024-12-23 15:52:28,positif
adiarjadamanik,X,ni gus emg ada aja kelakuannya 😂,2024-12-23 15:58:56,positif
namagauda,X,"bener juga sih, kadang netizen terlalu baper",2024-12-23 15:23:17,positif
johan01,X,ni gus emg ada aja kelakuannya 😂,2024-12-23 15:55:21,positif
haryantorahman,X,biar agak keras tapi niatnya baik kok,2024-12-23 15:22:02,positif
salwa73,X,ni gus emg ada aja kelakuannya 😂,2024-12-23 15:02:00,positif
himawanutami,X,"ceramahnya tetep dapet kok, relax aja guys",2024-12-23 15:00:54,positif
dadimahendra,X,ga tau mau bilang apa,2024-12-23 15:50:41,netral
hartaka92,X,ga tau mau bilang apa,2024-12-23 15:34:31,netral
nurainiliman,X,masih netral aja sih gw liatnya,2024-12-23 15:17:23,netral
upiknapitupulu,X,ga tau mau bilang apa,2024-12-23 15:06:38,netral
haryantisakti,X,hmm no comment deh,2024-12-23 15:22:50,netral
thamrinrangga,X,"ceramahnya tetep dapet kok, relax aja guys",2024-12-23 15:01:29,positif
rina09,X,gus miftah harus minta maaf sih ini,2024-12-23 15:30:54,negatif
prayogasusanti,X,jujurly lucu banget sih ini 😭,2024-12-23 15:24:27,positif
xmaulana,X,"ga lucu, malah nyakitin hati yg jualan",2024-12-23 15:46:59,negatif
gaimananggraini,X,gw setuju sih ama omongannya gus,2024-12-23 15:58:37,positif
damanikelon,X,waduh ini sih udah kelewat batas,2024-12-23 15:28:36,negatif
mandasarisimon,X,gw setuju sih ama omongannya gus,2024-12-23 15:32:16,positif
simon47,X,biar agak keras tapi niatnya baik kok,2024-12-23 15:50:58,positif
jagaragaardianto,X,bisa2 jualan es teh jd insecure 😓,2024-12-23 15:53:04,negatif
gsafitri,X,gus miftah harus minta maaf sih ini,2024-12-23 15:07:07,negatif
npangestu,X,gue liat ini ya udah lah ya,2024-12-23 15:47:18,netral
gambiradamanik,X,tergantung yg nonton juga sih,2024-12-23 15:14:45,netral
siregarjasmani,X,masih netral aja sih gw liatnya,2024-12-23 15:48:24,netral
jpermadi,X,biasa aja sih,2024-12-23 15:44:22,netral
dina43,X,ga sopan bgt ngomong gitu,2024-12-23 15:30:32,negatif
puspa71,X,ceramah apaan malah ngehina,2024-12-23 15:20:39,negatif
wahyunilukita,X,gue liat ini ya udah lah ya,2024-12-23 15:01:31,netral
habibicahyo,X,biasa aja sih,2024-12-23 15:57:16,netral
edisonjailani,X,gue liat ini ya udah lah ya,2024-12-23 15:49:29,netral
dalimin40,X,"bener juga sih, kadang netizen terlalu baper",2024-12-23 15:49:51,positif
kuswandarikarma,X,"ceramahnya tetep dapet kok, relax aja guys",2024-12-23 15:25:22,positif
sakurasihombing,X,bisa2 jualan es teh jd insecure 😓,2024-12-23 15:19:34,negatif
digdayapratiwi,X,masih netral aja sih gw liatnya,2024-12-23 15:32:43,netral
mwasita,X,"ceramahnya tetep dapet kok, relax aja guys",2024-12-23 15:32:42,positif
nasyidahgaiman,X,ga sopan bgt ngomong gitu,2024-12-23 15:21:05,negatif
raharja77,X,ni gus emg ada aja kelakuannya 😂,2024-12-23 15:24:37,positif
elvin40,X,masih netral aja sih gw liatnya,2024-12-23 15:11:59,netral
harsaya70,X,tergantung yg nonton juga sih,2024-12-23 15:16:03,netral
nasyidahgandi,X,hmm no comment deh,2024-12-23 15:38:53,netral
mahdiwacana,X,hmm no comment deh,2024-12-23 15:28:58,netral
budiyantomakuta,X,gus miftah harus minta maaf sih ini,2024-12-23 15:55:42,negatif
galih85,X,jujurly lucu banget sih ini 😭,2024-12-23 15:53:45,positif
ibudiyanto,X,ga sopan bgt ngomong gitu,2024-12-23 15:31:50,negatif
betaniahutagalung,X,bisa2 jualan es teh jd insecure 😓,2024-12-23 15:39:57,negatif
galih03,X,"ceramahnya tetep dapet kok, relax aja guys",2024-12-23 15:58:01,positif
najmudinteddy,X,tergantung yg nonton juga sih,2024-12-23 15:55:20,netral
nugrohorahayu,X,"bener juga sih, kadang netizen terlalu baper",2024-12-23 15:48:10,positif
safinahassanah,X,gue liat ini ya udah lah ya,2024-12-23 15:50:13,netral
mmaryadi,X,gus miftah harus minta maaf sih ini,2024-12-23 15:17:22,negatif
soleh40,X,"ceramahnya tetep dapet kok, relax aja guys",2024-12-23 15:49:33,positif
aniwinarno,X,ga sopan bgt ngomong gitu,2024-12-23 15:02:13,negatif
putri49,X,gue liat ini ya udah lah ya,2024-12-23 15:00:28,netral
kacungwinarno,X,ga sopan bgt ngomong gitu,2024-12-23 15:17:57,negatif
mansuribrahim,X,jujurly lucu banget sih ini 😭,2024-12-23 15:01:03,positif
timbul13,X,ga tau mau bilang apa,2024-12-23 15:30:52,netral
asihombing,X,ceramah apaan malah ngehina,2024-12-23 15:30:08,negatif
onisuryono,X,ceramah apaan malah ngehina,2024-12-23 15:48:48,negatif
yuliantimakuta,X,"ga lucu, malah nyakitin hati yg jualan",2024-12-23 15:25:58,negatif
aris44,X,tergantung yg nonton juga sih,2024-12-23 15:06:58,netral
tarihoranvictoria,X,ceramah apaan malah ngehina,2024-12-23 15:10:11,negatif
ellaprabowo,X,bisa2 jualan es teh jd insecure 😓,2024-12-23 15:22:57,negatif
lamar47,X,"ga lucu, malah nyakitin hati yg jualan",2024-12-23 15:09:19,negatif
shania21,X,biar agak keras tapi niatnya baik kok,2024-12-23 15:51:55,positif
mahdi50,X,gue liat ini ya udah lah ya,2024-12-23 15:47:51,netral
gunawangaman,X,gw setuju sih ama omongannya gus,2024-12-23 15:05:50,positif
saputradaru,X,ga sopan bgt ngomong gitu,2024-12-23 15:57:43,negatif
fitrianipalastri,X,tergantung yg nonton juga sih,2024-12-23 15:07:00,netral
imam79,X,"ceramahnya tetep dapet kok, relax aja guys",2024-12-23 15:55:58,positif
endra37,X,gus miftah harus minta maaf sih ini,2024-12-23 15:33:57,negatif
novafujiati,X,ga sopan bgt ngomong gitu,2024-12-23 15:14:35,negatif
novitasariusyi,X,gw setuju sih ama omongannya gus,2024-12-23 15:57:02,positif
emanfirgantoro,X,ga tau mau bilang apa,2024-12-23 15:06:38,netral
kayla09,X,tergantung yg nonton juga sih,2024-12-23 15:56:55,netral
jaimanmayasari,X,ceramah apaan malah ngehina,2024-12-23 15:38:21,negatif
sitompulbalapati,X,gw setuju sih ama omongannya gus,2024-12-23 15:17:29,positif
cahya01,X,ni gus emg ada aja kelakuannya 😂,2024-12-23 15:36:55,positif
bagusmardhiyah,X,jujurly lucu banget sih ini 😭,2024-12-23 15:01:05,positif
hutasoitwidya,X,hmm no comment deh,2024-12-23 15:43:54,netral
mahmud70,X,"bener juga sih, kadang netizen terlalu baper",2024-12-23 15:44:30,positif
lala79,X,gw setuju sih ama omongannya gus,2024-12-23 15:22:34,positif
novitasaridarimin,X,bisa2 jualan es teh jd insecure 😓,2024-12-23 15:13:40,negatif
simbolonsyahrini,X,gus miftah harus minta maaf sih ini,2024-12-23 15:42:23,negatif
taryani,X,ceramah apaan malah ngehina,2024-12-23 15:25:33,negatif
wawanhassanah,X,"ga lucu, malah nyakitin hati yg jualan",2024-12-23 15:58:51,negatif
kwinarsih,X,gue liat ini ya udah lah ya,2024-12-23 15:38:15,netral
prabowo59,X,"bener juga sih, kadang netizen terlalu baper",2024-12-23 15:31:04,positif
nurdiyantikasiran,X,"bener juga sih, kadang netizen terlalu baper",2024-12-23 15:20:31,positif
waniwidodo,X,"ga lucu, malah nyakitin hati yg jualan",2024-12-23 15:37:35,negatif
halimahaisyah,X,ga tau mau bilang apa,2024-12-23 15:35:18,netral
juliahandayani,X,masih netral aja sih gw liatnya,2024-12-23 15:03:54,netral
rpermata,X,ceramah apaan malah ngehina,2024-12-23 15:10:46,negatif
pratiwigatot,X,ni gus emg ada aja kelakuannya 😂,2024-12-23 15:06:50,positif
harsaya85,X,ceramah apaan malah ngehina,2024-12-23 15:09:31,negatif
putraalika,X,ga sopan bgt ngomong gitu,2024-12-23 15:11:56,negatif
najam73,X,masih netral aja sih gw liatnya,2024-12-23 15:28:10,netral
yuliartibudi,X,ceramah apaan malah ngehina,2024-12-23 15:03:58,negatif
paimannuraini,X,"bener juga sih, kadang netizen terlalu baper",2024-12-23 15:32:04,positif
rahimahega,X,"ga lucu, malah nyakitin hati yg jualan",2024-12-23 15:59:43,negatif
humaira55,X,hmm no comment deh,2024-12-23 15:46:08,netral
usyidamanik,X,ga sopan bgt ngomong gitu,2024-12-23 15:29:26,negatif
rahmipratiwi,X,waduh ini sih udah kelewat batas,2024-12-23 15:07:40,negatif
fsaefullah,X,ga tau mau bilang apa,2024-12-23 15:44:12,netral
ganda23,X,gus miftah harus minta maaf sih ini,2024-12-23 15:55:24,negatif
putralintang,X,ni gus emg ada aja kelakuannya 😂,2024-12-23 15:59:10,positif
garda14,X,hmm no comment deh,2024-12-23 15:39:51,netral
padmilatupono,X,biasa aja sih,2024-12-23 15:09:23,netral
fpertiwi,X,gus miftah harus minta maaf sih ini,2024-12-23 15:54:04,negatif
ramadantania,X,jujurly lucu banget sih ini 😭,2024-12-23 15:33:40,positif
tari82,X,ga tau mau bilang apa,2024-12-23 15:09:56,netral
elisa68,X,tergantung yg nonton juga sih,2024-12-23 15:44:28,netral
prayogagaran,X,ga sopan bgt ngomong gitu,2024-12-23 15:08:40,negatif
hutagalungempluk,X,biasa aja sih,2024-12-23 15:29:05,netral
cemplunkhalim,X,gw setuju sih ama omongannya gus,2024-12-23 15:17:31,positif
tina41,X,gw setuju sih ama omongannya gus,2024-12-23 15:26:36,positif
estiawanyuliarti,X,"ceramahnya tetep dapet kok, relax aja guys",2024-12-23 15:20:17,positif
suartinisabri,X,masih netral aja sih gw liatnya,2024-12-23 15:14:12,netral
aris94,X,tergantung yg nonton juga sih,2024-12-23 15:28:36,netral
uharyanto,X,ni gus emg ada aja kelakuannya 😂,2024-12-23 15:29:03,positif
novitasarivirman,X,"bener juga sih, kadang netizen terlalu baper",2024-12-23 15:35:31,positif
yrahmawati,X,jujurly lucu banget sih ini 😭,2024-12-23 15:20:18,positif
laksitatitin,X,bisa2 jualan es teh jd insecure 😓,2024-12-23 15:07:21,negatif
zulkarnainkacung,X,bisa2 jualan es teh jd insecure 😓,2024-12-23 15:15:01,negatif
margana25,X,ni gus emg ada aja kelakuannya 😂,2024-12-23 15:54:24,positif
ega86,X,ni gus emg ada aja kelakuannya 😂,2024-12-23 15:15:49,positif
jindranugroho,X,ceramah apaan malah ngehina,2024-12-23 15:26:29,negatif
widiastutioskar,X,hmm no comment deh,2024-12-23 15:21:20,netral
akarsana16,X,gus miftah harus minta maaf sih ini,2024-12-23 15:24:40,negatif
kani42,X,jujurly lucu banget sih ini 😭,2024-12-23 15:23:44,positif
halimpratama,X,waduh ini sih udah kelewat batas,2024-12-23 15:51:46,negatif
siregarcahyono,X,hmm no comment deh,2024-12-23 15:33:48,netral
rama20,X,bisa2 jualan es teh jd insecure 😓,2024-12-23 15:40:49,negatif
rahmawatigambira,X,ceramah apaan malah ngehina,2024-12-23 15:55:21,negatif
hana12,X,biasa aja sih,2024-12-23 15:51:09,netral
bakijan82,X,ceramah apaan malah ngehina,2024-12-23 15:49:11,negatif
gamblangsitumorang,X,waduh ini sih udah kelewat batas,2024-12-23 15:35:54,negatif
wibisonojail,X,gw setuju sih ama omongannya gus,2024-12-23 15:50:07,positif
tiswahyudi,X,tergantung yg nonton juga sih,2024-12-23 15:23:26,netral
mahendratomi,X,gus miftah harus minta maaf sih ini,2024-12-23 15:16:40,negatif
rahimahjaka,X,bisa2 jualan es teh jd insecure 😓,2024-12-23 15:02:26,negatif
ypranowo,X,gue liat ini ya udah lah ya,2024-12-23 15:58:11,netral
pagustina,X,ni gus emg ada aja kelakuannya 😂,2024-12-23 15:07:48,positif
daryani90,X,tergantung yg nonton juga sih,2024-12-23 15:41:08,netral
hiswahyudi,X,gus miftah harus minta maaf sih ini,2024-12-23 15:03:38,negatif
anggabaya77,X,masih netral aja sih gw liatnya,2024-12-23 15:34:53,netral
susantiatma,X,ga tau mau bilang apa,2024-12-23 15:34:16,netral
anggriawanharto,X,jujurly lucu banget sih ini 😭,2024-12-23 15:45:28,positif
gilda87,X,biar agak keras tapi niatnya baik kok,2024-12-23 15:53:22,positif
embuh17,X,bisa2 jualan es teh jd insecure 😓,2024-12-23 15:35:36,negatif
ssetiawan,X,"bener juga sih, kadang netizen terlalu baper",2024-12-23 15:40:24,positif
puspitazaenab,X,jujurly lucu banget sih ini 😭,2024-12-23 15:08:13,positif
gabrielladongoran,X,ga tau mau bilang apa,2024-12-23 15:48:20,netral
luis40,X,biar agak keras tapi niatnya baik kok,2024-12-23 15:58:15,positif
qorihasanah,X,biasa aja sih,2024-12-23 15:48:01,netral
hasanahrina,X,bisa2 jualan es teh jd insecure 😓,2024-12-23 15:10:35,negatif
bakianto95,X,gus miftah harus minta maaf sih ini,2024-12-23 15:45:04,negatif
jwibisono,X,masih netral aja sih gw liatnya,2024-12-23 15:04:01,netral
rnababan,X,biasa aja sih,2024-12-23 15:28:49,netral
tugiman52,X,gw setuju sih ama omongannya gus,2024-12-23 15:17:08,positif
pratiwidiana,X,hmm no comment deh,2024-12-23 15:32:07,netral
unggulprasasta,X,masih netral aja sih gw liatnya,2024-12-23 15:32:16,netral
lukman33,X,"ceramahnya tetep dapet kok, relax aja guys",2024-12-23 15:36:52,positif
wahyudinaswani,X,gus miftah harus minta maaf sih ini,2024-12-23 15:58:22,negatif
ianwijaya,X,ceramah apaan malah ngehina,2024-12-23 15:02:17,negatif
dadi27,X,gue liat ini ya udah lah ya,2024-12-23 15:38:52,netral
herukusumo,X,ni gus emg ada aja kelakuannya 😂,2024-12-23 15:43:00,positif
omandasari,X,biasa aja sih,2024-12-23 15:10:13,netral
purnawatikarya,X,tergantung yg nonton juga sih,2024-12-23 15:17:11,netral
maryadizahra,X,ceramah apaan malah ngehina,2024-12-23 15:09:56,negatif
gilangmegantara,X,"ceramahnya tetep dapet kok, relax aja guys",2024-12-23 15:38:42,positif
nashiruddinhardi,X,"ga lucu, malah nyakitin hati yg jualan",2024-12-23 15:14:54,negatif
taufansamosir,X,hmm no comment deh,2024-12-23 15:24:38,netral
yuniarwage,X,ni gus emg ada aja kelakuannya 😂,2024-12-23 15:38:38,positif
ganditamba,X,"ga lucu, malah nyakitin hati yg jualan",2024-12-23 15:15:53,negatif
rwinarno,X,ceramah apaan malah ngehina,2024-12-23 15:40:54,negatif
dabukkereza,X,gue liat ini ya udah lah ya,2024-12-23 15:00:16,netral
rininashiruddin,X,waduh ini sih udah kelewat batas,2024-12-23 15:22:47,negatif
fnovitasari,X,hmm no comment deh,2024-12-23 15:56:43,netral
saiful26,X,biasa aja sih,2024-12-23 15:22:24,netral
manullanggandewa,X,biasa aja sih,2024-12-23 15:57:04,netral
lamarfujiati,X,ga tau mau bilang apa,2024-12-23 15:10:37,netral
sariuwais,X,tergantung yg nonton juga sih,2024-12-23 15:08:54,netral
waskitakiandra,X,jujurly lucu banget sih ini 😭,2024-12-23 15:18:51,positif
cayadithamrin,X,ga tau mau bilang apa,2024-12-23 15:38:09,netral
pratamawahyu,X,"ga lucu, malah nyakitin hati yg jualan",2024-12-23 15:03:24,negatif
titindabukke,X,"ceramahnya tetep dapet kok, relax aja guys",2024-12-23 15:31:07,positif
nurdiyantiyoga,X,hmm no comment deh,2024-12-23 15:16:22,netral
omar31,X,biar agak keras tapi niatnya baik kok,2024-12-23 15:00:34,positif
galihpradipta,X,biasa aja sih,2024-12-23 15:16:49,netral
dewi92,X,ga sopan bgt ngomong gitu,2024-12-23 15:24:43,negatif
windasiregar,X,gw setuju sih ama omongannya gus,2024-12-23 15:05:43,positif
lpuspita,X,ga tau mau bilang apa,2024-12-23 15:49:21,netral
hafshah24,X,gw setuju sih ama omongannya gus,2024-12-23 15:15:22,positif
indah63,X,biasa aja sih,2024-12-23 15:08:48,netral
prima62,X,"ga lucu, malah nyakitin hati yg jualan",2024-12-23 15:51:39,negatif
agustinawirda,X,"ga lucu, malah nyakitin hati yg jualan",2024-12-23 15:38:55,negatif
tasnimwidiastuti,X,waduh ini sih udah kelewat batas,2024-12-23 15:41:48,negatif
okta91,X,biar agak keras tapi niatnya baik kok,2024-12-23 15:48:14,positif
kamaria23,X,gw setuju sih ama omongannya gus,2024-12-23 15:30:27,positif
sitoruskemba,X,jujurly lucu banget sih ini 😭,2024-12-23 15:12:15,positif
maryadi52,X,"bener juga sih, kadang netizen terlalu baper",2024-12-23 15:37:24,positif
margana12,X,ceramah apaan malah ngehina,2024-12-23 15:56:48,negatif
dpermadi,X,ga sopan bgt ngomong gitu,2024-12-23 15:25:36,negatif
januarlalita,X,"ga lucu, malah nyakitin hati yg jualan",2024-12-23 15:50:48,negatif
darsirahmandasari,X,gue liat ini ya udah lah ya,2024-12-23 15:53:09,netral
purnawatianastasia,X,hmm no comment deh,2024-12-23 15:01:51,netral
nasyidahicha,X,gue liat ini ya udah lah ya,2024-12-23 15:01:21,netral
viktormustofa,X,jujurly lucu banget sih ini 😭,2024-12-23 15:54:31,positif
anggrainiibrani,X,ceramah apaan malah ngehina,2024-12-23 15:42:58,negatif
maman46,X,ga tau mau bilang apa,2024-12-23 15:52:23,netral
ade88,X,ga tau mau bilang apa,2024-12-23 15:42:03,netral
dinda13,X,"ga lucu, malah nyakitin hati yg jualan",2024-12-23 15:50:36,negatif
kusumokarimah,X,gw setuju sih ama omongannya gus,2024-12-23 15:24:46,positif
garangmaulana,X,ceramah apaan malah ngehina,2024-12-23 15:31:15,negatif
irawangandi,X,biar agak keras tapi niatnya baik kok,2024-12-23 15:50:09,positif
tinatamba,X,bisa2 jualan es teh jd insecure 😓,2024-12-23 15:48:15,negatif
saragihmaras,X,"ga lucu, malah nyakitin hati yg jualan",2024-12-23 15:18:54,negatif
enapitupulu,X,"ga lucu, malah nyakitin hati yg jualan",2024-12-23 15:14:59,negatif
dadapsantoso,X,masih netral aja sih gw liatnya,2024-12-23 15:49:04,netral
paulinsuwarno,X,tergantung yg nonton juga sih,2024-12-23 15:05:46,netral
nwacana,X,"bener juga sih, kadang netizen terlalu baper",2024-12-23 15:08:03,positif
bahuraksa86,X,bisa2 jualan es teh jd insecure 😓,2024-12-23 15:34:15,negatif
balasiregar,X,biasa aja sih,2024-12-23 15:14:06,netral
marpaungprakosa,X,bisa2 jualan es teh jd insecure 😓,2024-12-23 15:38:33,negatif
kambali42,X,gw setuju sih ama omongannya gus,2024-12-23 15:33:32,positif
jumari09,X,ga sopan bgt ngomong gitu,2024-12-23 15:26:03,negatif
anggabaya66,X,tergantung yg nonton juga sih,2024-12-23 15:09:25,netral
elisaoktaviani,X,ni gus emg ada aja kelakuannya 😂,2024-12-23 15:09:40,positif
tira60,X,biasa aja sih,2024-12-23 15:00:34,netral
fwijayanti,X,biasa aja sih,2024-12-23 15:26:46,netral
cakrabirawausada,X,tergantung yg nonton juga sih,2024-12-23 15:38:51,netral
sihotangyoga,X,hmm no comment deh,2024-12-23 15:48:47,netral
hakimjatmiko,X,"bener juga sih, kadang netizen terlalu baper",2024-12-23 15:37:32,positif
prabowoanggriawan,X,"ga lucu, malah nyakitin hati yg jualan",2024-12-23 15:55:23,negatif
ilsapradana,X,gus miftah harus minta maaf sih ini,2024-12-23 15:05:02,negatif
ifa28,X,"bener juga sih, kadang netizen terlalu baper",2024-12-23 15:15:17,positif
permadilatika,X,bisa2 jualan es teh jd insecure 😓,2024-12-23 15:03:42,negatif
gawatipadmasari,X,gus miftah harus minta maaf sih ini,2024-12-23 15:44:39,negatif
mahendralukita,X,masih netral aja sih gw liatnya,2024-12-23 15:04:18,netral
hartosusanti,X,"ceramahnya tetep dapet kok, relax aja guys",2024-12-23 15:18:27,positif
zelayalazuardi,X,biar agak keras tapi niatnya baik kok,2024-12-23 15:57:17,positif
utamaihsan,X,biasa aja sih,2024-12-23 15:00:15,netral
tsirait,X,gue liat ini ya udah lah ya,2024-12-23 15:53:45,netral
namagatugiman,X,biar agak keras tapi niatnya baik kok,2024-12-23 15:14:34,positif
cagerpuspasari,X,"ceramahnya tetep dapet kok, relax aja guys",2024-12-23 15:07:04,positif
prabowosusanti,X,masih netral aja sih gw liatnya,2024-12-23 15:32:52,netral
zulkarnaincayadi,X,"bener juga sih, kadang netizen terlalu baper",2024-12-23 15:00:52,positif
galangmarbun,X,biasa aja sih,2024-12-23 15:43:50,netral
gabriellahartati,X,biasa aja sih,2024-12-23 15:41:21,netral
hasan96,X,"ceramahnya tetep dapet kok, relax aja guys",2024-12-23 15:40:41,positif
pratamaaditya,X,"ga lucu, malah nyakitin hati yg jualan",2024-12-23 15:57:00,negatif
johan87,X,"ceramahnya tetep dapet kok, relax aja guys",2024-12-23 15:29:32,positif
prasetyofaizah,X,ga tau mau bilang apa,2024-12-23 15:25:51,netral
prayogapanca,X,bisa2 jualan es teh jd insecure 😓,2024-12-23 15:00:35,negatif
asman58,X,biar agak keras tapi niatnya baik kok,2024-12-23 15:35:42,positif
salimah49,X,ga tau mau bilang apa,2024-12-23 15:55:47,netral
laksitaajimat,X,ceramah apaan malah ngehina,2024-12-23 15:37:58,negatif
dsihombing,X,bisa2 jualan es teh jd insecure 😓,2024-12-23 15:43:04,negatif
wastutiaisyah,X,waduh ini sih udah kelewat batas,2024-12-23 15:06:39,negatif
pradanapardi,X,masih netral aja sih gw liatnya,2024-12-23 15:08:52,netral
kanda13,X,masih netral aja sih gw liatnya,2024-12-23 15:25:40,netral
wahyunikarna,X,gue liat ini ya udah lah ya,2024-12-23 15:50:22,netral
atmajakusumo,X,gus miftah harus minta maaf sih ini,2024-12-23 15:22:38,negatif
winarsihgandewa,X,jujurly lucu banget sih ini 😭,2024-12-23 15:46:17,positif
syuniar,X,ceramah apaan malah ngehina,2024-12-23 15:28:53,negatif
sinagaputi,X,"bener juga sih, kadang netizen terlalu baper",2024-12-23 15:00:48,positif
halim60,X,ceramah apaan malah ngehina,2024-12-23 15:59:42,negatif
latif77,X,tergantung yg nonton juga sih,2024-12-23 15:09:59,netral
carubmandasari,X,hmm no comment deh,2024-12-23 15:31:28,netral
titi97,X,tergantung yg nonton juga sih,2024-12-23 15:51:10,netral
darijan40,X,ga sopan bgt ngomong gitu,2024-12-23 15:53:01,negatif
bahuwarnahidayanto,X,biasa aja sih,2024-12-23 15:02:27,netral
purnawatichelsea,X,"ga lucu, malah nyakitin hati yg jualan",2024-12-23 15:16:46,negatif
bakiadi58,X,biar agak keras tapi niatnya baik kok,2024-12-23 15:21:17,positif
widiastutilega,X,biasa aja sih,2024-12-23 15:29:54,netral
eluhnamaga,X,ceramah apaan malah ngehina,2024-12-23 15:06:23,negatif
djailani,X,ga sopan bgt ngomong gitu,2024-12-23 15:01:33,negatif
usman81,X,bisa2 jualan es teh jd insecure 😓,2024-12-23 15:23:31,negatif
omangunsong,X,"ceramahnya tetep dapet kok, relax aja guys",2024-12-23 15:51:30,positif
caturnasyiah,X,hmm no comment deh,2024-12-23 15:49:05,netral
ipuspasari,X,jujurly lucu banget sih ini 😭,2024-12-23 15:47:06,positif
tasdikmarbun,X,"ga lucu, malah nyakitin hati yg jualan",2024-12-23 15:41:53,negatif
wahyunibaktianto,X,jujurly lucu banget sih ini 😭,2024-12-23 15:38:25,positif
jamalia49,X,tergantung yg nonton juga sih,2024-12-23 15:29:17,netral
irawandarijan,X,gw setuju sih ama omongannya gus,2024-12-23 15:44:05,positif
puspitahardana,X,"ga lucu, malah nyakitin hati yg jualan",2024-12-23 15:48:52,negatif
cawisono88,X,hmm no comment deh,2024-12-23 15:47:09,netral
yuni73,X,ga sopan bgt ngomong gitu,2024-12-23 15:29:50,negatif
keishapuspita,X,"ga lucu, malah nyakitin hati yg jualan",2024-12-23 15:23:36,negatif
cici58,X,jujurly lucu banget sih ini 😭,2024-12-23 15:22:05,positif
rmardhiyah,X,masih netral aja sih gw liatnya,2024-12-23 15:44:41,netral
jkuswoyo,X,ga tau mau bilang apa,2024-12-23 15:19:33,netral
kusumoteddy,X,gw setuju sih ama omongannya gus,2024-12-23 15:50:43,positif
tedi43,X,"ga lucu, malah nyakitin hati yg jualan",2024-12-23 15:39:25,negatif
carakapudjiastuti,X,tergantung yg nonton juga sih,2024-12-23 15:45:09,netral
emas26,X,"ga lucu, malah nyakitin hati yg jualan",2024-12-23 15:27:40,negatif
mustofakunthara,X,hmm no comment deh,2024-12-23 15:02:22,netral
darimin49,X,"ga lucu, malah nyakitin hati yg jualan",2024-12-23 15:34:06,negatif
kamidin99,X,hmm no comment deh,2024-12-23 15:18:22,netral
eanggriawan,X,gw setuju sih ama omongannya gus,2024-12-23 15:05:01,positif
tediusada,X,biasa aja sih,2024-12-23 15:12:24,netral
qtarihoran,X,tergantung yg nonton juga sih,2024-12-23 15:19:38,netral
cahyonosamosir,X,bisa2 jualan es teh jd insecure 😓,2024-12-23 15:40:22,negatif
elisa48,X,"ga lucu, malah nyakitin hati yg jualan",2024-12-23 15:41:59,negatif
habibiana,X,jujurly lucu banget sih ini 😭,2024-12-23 15:30:32,positif
asmadiusamah,X,biar agak keras tapi niatnya baik kok,2024-12-23 15:45:14,positif
palastrijefri,X,biasa aja sih,2024-12-23 15:04:13,netral
nhandayani,X,gue liat ini ya udah lah ya,2024-12-23 15:23:01,netral
anommulyani,X,tergantung yg nonton juga sih,2024-12-23 15:13:51,netral
astutiharja,X,"ceramahnya tetep dapet kok, relax aja guys",2024-12-23 15:29:27,positif
marsito74,X,biar agak keras tapi niatnya baik kok,2024-12-23 15:21:37,positif
umaya54,X,gus miftah harus minta maaf sih ini,2024-12-23 15:29:04,negatif
jaswadinatsir,X,waduh ini sih udah kelewat batas,2024-12-23 15:30:14,negatif
ilyassamosir,X,"ga lucu, malah nyakitin hati yg jualan",2024-12-23 15:50:42,negatif
tasdikzulaika,X,waduh ini sih udah kelewat batas,2024-12-23 15:02:08,negatif
ichaprayoga,X,ni gus emg ada aja kelakuannya 😂,2024-12-23 15:41:51,positif
uzulkarnain,X,gus miftah harus minta maaf sih ini,2024-12-23 15:23:22,negatif
prayogapaulin,X,gue liat ini ya udah lah ya,2024-12-23 15:39:04,netral
uchita83,X,gue liat ini ya udah lah ya,2024-12-23 15:37:52,netral
harsanto62,X,masih netral aja sih gw liatnya,2024-12-23 15:25:25,netral
dongoranirnanto,X,tergantung yg nonton juga sih,2024-12-23 15:29:08,netral
rosman14,X,ga sopan bgt ngomong gitu,2024-12-23 15:08:33,negatif
gatot02,X,"bener juga sih, kadang netizen terlalu baper",2024-12-23 15:21:01,positif
edwardiswahyudi,X,biar agak keras tapi niatnya baik kok,2024-12-23 15:21:35,positif
argono88,X,ceramah apaan malah ngehina,2024-12-23 15:53:25,negatif
uyainahnajam,X,gue liat ini ya udah lah ya,2024-12-23 15:12:25,netral
mariasaputra,X,"bener juga sih, kadang netizen terlalu baper",2024-12-23 15:39:13,positif
sakti83,X,gus miftah harus minta maaf sih ini,2024-12-23 15:38:45,negatif
laksmiwatiradit,X,gus miftah harus minta maaf sih ini,2024-12-23 15:50:45,negatif
yrahimah,X,ni gus emg ada aja kelakuannya 😂,2024-12-23 15:40:35,positif
safina64,X,tergantung yg nonton juga sih,2024-12-23 15:36:45,netral
dwahyuni,X,gw setuju sih ama omongannya gus,2024-12-23 15:31:56,positif
oni86,X,"ceramahnya tetep dapet kok, relax aja guys",2024-12-23 15:57:20,positif
imamzulkarnain,X,gue liat ini ya udah lah ya,2024-12-23 15:55:49,netral
bancar81,X,ni gus emg ada aja kelakuannya 😂,2024-12-23 15:31:38,positif
dirawan,X,ga sopan bgt ngomong gitu,2024-12-23 15:49:16,negatif
adikara58,X,"ga lucu, malah nyakitin hati yg jualan",2024-12-23 15:10:00,negatif
suryatmicayadi,X,masih netral aja sih gw liatnya,2024-12-23 15:44:45,netral
ssamosir,X,"ceramahnya tetep dapet kok, relax aja guys",2024-12-23 15:32:20,positif
catur06,X,"bener juga sih, kadang netizen terlalu baper",2024-12-23 15:15:36,positif
diana25,X,masih netral aja sih gw liatnya,2024-12-23 15:29:43,netral
jelitarajata,X,jujurly lucu banget sih ini 😭,2024-12-23 15:21:03,positif
cahyantousada,X,masih netral aja sih gw liatnya,2024-12-23 15:24:19,netral
jaswadi61,X,ga sopan bgt ngomong gitu,2024-12-23 15:50:21,negatif
pratiwiibrahim,X,bisa2 jualan es teh jd insecure 😓,2024-12-23 15:20:24,negatif
samosirina,X,ga tau mau bilang apa,2024-12-23 15:49:33,netral
arsipatra62,X,hmm no comment deh,2024-12-23 15:14:45,netral
adikarahassanah,X,bisa2 jualan es teh jd insecure 😓,2024-12-23 15:24:05,negatif
skusmawati,X,gw setuju sih ama omongannya gus,2024-12-23 15:53:14,positif
gnasyidah,X,tergantung yg nonton juga sih,2024-12-23 15:17:13,netral
rthamrin,X,ni gus emg ada aja kelakuannya 😂,2024-12-23 15:24:20,positif
purwantirahman,X,ni gus emg ada aja kelakuannya 😂,2024-12-23 15:22:02,positif
galurwinarsih,X,gus miftah harus minta maaf sih ini,2024-12-23 15:14:38,negatif
janeprasetyo,X,ga sopan bgt ngomong gitu,2024-12-23 15:03:15,negatif
bakiadiprakasa,X,gw setuju sih ama omongannya gus,2024-12-23 15:27:03,positif
jarwa70,X,ceramah apaan malah ngehina,2024-12-23 15:04:11,negatif
kemalrahimah,X,jujurly lucu banget sih ini 😭,2024-12-23 15:35:29,positif
gastimahendra,X,ga sopan bgt ngomong gitu,2024-12-23 15:55:49,negatif
rahayudodo,X,ni gus emg ada aja kelakuannya 😂,2024-12-23 15:17:14,positif
sitompulcakrawala,X,gw setuju sih ama omongannya gus,2024-12-23 15:57:02,positif
dewi58,X,"bener juga sih, kadang netizen terlalu baper",2024-12-23 15:23:32,positif
xnamaga,X,ga tau mau bilang apa,2024-12-23 15:45:01,netral
argonosihombing,X,masih netral aja sih gw liatnya,2024-12-23 15:56:15,netral
tjanuar,X,"bener juga sih, kadang netizen terlalu baper",2024-12-23 15:58:20,positif
lalamulyani,X,"ga lucu, malah nyakitin hati yg jualan",2024-12-23 15:57:43,negatif
balijanmaryati,X,ga sopan bgt ngomong gitu,2024-12-23 15:51:52,negatif
eja72,X,ceramah apaan malah ngehina,2024-12-23 15:00:48,negatif
mardhiyahani,X,"bener juga sih, kadang netizen terlalu baper",2024-12-23 15:52:47,positif
hassanahjoko,X,ni gus emg ada aja kelakuannya 😂,2024-12-23 15:19:49,positif
xbudiman,X,"bener juga sih, kadang netizen terlalu baper",2024-12-23 15:42:39,positif
yunitasantoso,X,masih netral aja sih gw liatnya,2024-12-23 15:21:28,netral
shakilakuswoyo,X,waduh ini sih udah kelewat batas,2024-12-23 15:15:51,negatif
darmana43,X,"ceramahnya tetep dapet kok, relax aja guys",2024-12-23 15:21:38,positif
lurhurkuswandari,X,masih netral aja sih gw liatnya,2024-12-23 15:03:03,netral
karmabudiman,X,waduh ini sih udah kelewat batas,2024-12-23 15:49:16,negatif
solehpangestu,X,bisa2 jualan es teh jd insecure 😓,2024-12-23 15:19:05,negatif
permatapuput,X,"ceramahnya tetep dapet kok, relax aja guys",2024-12-23 15:05:34,positif
gmaryadi,X,jujurly lucu banget sih ini 😭,2024-12-23 15:01:26,positif
febi10,X,biasa aja sih,2024-12-23 15:17:53,netral
ksalahudin,X,tergantung yg nonton juga sih,2024-12-23 15:37:41,netral
dewi44,X,jujurly lucu banget sih ini 😭,2024-12-23 15:13:56,positif
dariati35,X,ga sopan bgt ngomong gitu,2024-12-23 15:08:57,negatif
pangestuchandra,X,ga tau mau bilang apa,2024-12-23 15:45:56,netral
kurniatarihoran,X,bisa2 jualan es teh jd insecure 😓,2024-12-23 15:12:46,negatif
nasabnovitasari,X,ga sopan bgt ngomong gitu,2024-12-23 15:41:25,negatif
balapati01,X,jujurly lucu banget sih ini 😭,2024-12-23 15:25:49,positif
baktionosusanti,X,gus miftah harus minta maaf sih ini,2024-12-23 15:58:55,negatif
rahimahgatot,X,waduh ini sih udah kelewat batas,2024-12-23 15:54:45,negatif
usadakartika,X,ga tau mau bilang apa,2024-12-23 15:39:39,netral
asmadiaryani,X,gw setuju sih ama omongannya gus,2024-12-23 15:14:52,positif
nashiruddinpangestu,X,masih netral aja sih gw liatnya,2024-12-23 15:10:00,netral
michelle66,X,biasa aja sih,2024-12-23 15:08:17,netral
ewidiastuti,X,biar agak keras tapi niatnya baik kok,2024-12-23 15:38:23,positif
karma58,X,gus miftah harus minta maaf sih ini,2024-12-23 15:43:15,negatif
hendra17,X,"bener juga sih, kadang netizen terlalu baper",2024-12-23 15:59:08,positif
gastipermata,X,ga tau mau bilang apa,2024-12-23 15:56:14,netral
dadi34,X,ga sopan bgt ngomong gitu,2024-12-23 15:16:14,negatif
yuniarimam,X,ga tau mau bilang apa,2024-12-23 15:34:25,netral
budiyantopadma,X,ni gus emg ada aja kelakuannya 😂,2024-12-23 15:27:11,positif
najwawacana,X,masih netral aja sih gw liatnya,2024-12-23 15:46:02,netral
uwidodo,X,tergantung yg nonton juga sih,2024-12-23 15:00:26,netral
naradi12,X,ni gus emg ada aja kelakuannya 😂,2024-12-23 15:20:54,positif
keziayolanda,X,ga tau mau bilang apa,2024-12-23 15:09:05,netral
daliono91,X,"ceramahnya tetep dapet kok, relax aja guys",2024-12-23 15:40:38,positif
pertiwitaswir,X,ga sopan bgt ngomong gitu,2024-12-23 15:03:26,negatif
luwar77,X,biar agak keras tapi niatnya baik kok,2024-12-23 15:18:17,positif
phutapea,X,bisa2 jualan es teh jd insecure 😓,2024-12-23 15:22:22,negatif
purwantiraina,X,tergantung yg nonton juga sih,2024-12-23 15:33:09,netral
jmustofa,X,masih netral aja sih gw liatnya,2024-12-23 15:03:05,netral
megantarajayadi,X,ni gus emg ada aja kelakuannya 😂,2024-12-23 15:22:33,positif
xprasetya,X,masih netral aja sih gw liatnya,2024-12-23 15:42:05,netral
laksmiwatichelsea,X,ni gus emg ada aja kelakuannya 😂,2024-12-23 15:04:26,positif
liman17,X,waduh ini sih udah kelewat batas,2024-12-23 15:38:42,negatif
nasimsusanti,X,tergantung yg nonton juga sih,2024-12-23 15:10:34,netral
hamzah10,X,"bener juga sih, kadang netizen terlalu baper",2024-12-23 15:08:55,positif
zkurniawan,X,waduh ini sih udah kelewat batas,2024-12-23 15:16:08,negatif
galang56,X,hmm no comment deh,2024-12-23 15:46:29,netral
maria83,X,biar agak keras tapi niatnya baik kok,2024-12-23 15:11:28,positif
prayitna21,X,gw setuju sih ama omongannya gus,2024-12-23 15:00:34,positif
daniswara36,X,ga tau mau bilang apa,2024-12-23 15:32:20,netral
nrima88,X,waduh ini sih udah kelewat batas,2024-12-23 15:15:44,negatif
laksanasimbolon,X,waduh ini sih udah kelewat batas,2024-12-23 15:34:54,negatif
dhakim,X,ni gus emg ada aja kelakuannya 😂,2024-12-23 15:16:13,positif
widiastutisalsabila,X,gue liat ini ya udah lah ya,2024-12-23 15:54:33,netral
zulkarnainkajen,X,gus miftah harus minta maaf sih ini,2024-12-23 15:36:31,negatif
tinaprasetya,X,masih netral aja sih gw liatnya,2024-12-23 15:45:57,netral
harimangunsong,X,"bener juga sih, kadang netizen terlalu baper",2024-12-23 15:36:35,positif
susanticahya,X,ni gus emg ada aja kelakuannya 😂,2024-12-23 15:04:20,positif
lega43,X,masih netral aja sih gw liatnya,2024-12-23 15:44:00,netral
uda06,X,biasa aja sih,2024-12-23 15:23:46,netral
niyaga19,X,"ga lucu, malah nyakitin hati yg jualan",2024-12-23 15:13:00,negatif
susantijamalia,X,tergantung yg nonton juga sih,2024-12-23 15:19:11,netral
nprasetya,X,biasa aja sih,2024-12-23 15:43:08,netral
asmiantoprayoga,X,ga sopan bgt ngomong gitu,2024-12-23 15:24:44,negatif
malahandayani,X,gw setuju sih ama omongannya gus,2024-12-23 15:42:14,positif
cahya74,X,ga tau mau bilang apa,2024-12-23 15:25:22,netral
maidasiregar,X,ceramah apaan malah ngehina,2024-12-23 15:40:10,negatif
dwaskita,X,ceramah apaan malah ngehina,2024-12-23 15:36:37,negatif
nalar88,X,"bener juga sih, kadang netizen terlalu baper",2024-12-23 15:19:26,positif
yahya28,X,waduh ini sih udah kelewat batas,2024-12-23 15:15:52,negatif
nhartati,X,"bener juga sih, kadang netizen terlalu baper",2024-12-23 15:15:41,positif
cinthia96,X,gue liat ini ya udah lah ya,2024-12-23 15:17:40,netral
nurainisepti,X,"bener juga sih, kadang netizen terlalu baper",2024-12-23 15:39:35,positif
viktor57,X,"ga lucu, malah nyakitin hati yg jualan",2024-12-23 15:28:25,negatif
manullangkasusra,X,"bener juga sih, kadang netizen terlalu baper",2024-12-23 15:07:33,positif
qaryani,X,waduh ini sih udah kelewat batas,2024-12-23 15:52:51,negatif
samsul38,X,waduh ini sih udah kelewat batas,2024-12-23 15:19:21,negatif
caturangga18,X,jujurly lucu banget sih ini 😭,2024-12-23 15:49:58,positif
balangga89,X,gus miftah harus minta maaf sih ini,2024-12-23 15:21:40,negatif
adhiarja93,X,biar agak keras tapi niatnya baik kok,2024-12-23 15:10:43,positif
karsana20,X,ceramah apaan malah ngehina,2024-12-23 15:13:45,negatif
siregarbakianto,X,ceramah apaan malah ngehina,2024-12-23 15:10:56,negatif
mulya38,X,gue liat ini ya udah lah ya,2024-12-23 15:44:19,netral
patriciafujiati,X,"bener juga sih, kadang netizen terlalu baper",2024-12-23 15:52:27,positif
maryadisurya,X,masih netral aja sih gw liatnya,2024-12-23 15:45:23,netral
hidayatbakijan,X,ga sopan bgt ngomong gitu,2024-12-23 15:17:02,negatif
andrianitaswir,X,ceramah apaan malah ngehina,2024-12-23 15:29:10,negatif
garannasyidah,X,gue liat ini ya udah lah ya,2024-12-23 15:04:36,netral
hana27,X,gw setuju sih ama omongannya gus,2024-12-23 15:11:57,positif
wnapitupulu,X,biasa aja sih,2024-12-23 15:44:38,netral
natsirgamani,X,hmm no comment deh,2024-12-23 15:23:44,netral
ophelia03,X,gue liat ini ya udah lah ya,2024-12-23 15:37:45,netral
halimahjail,X,ceramah apaan malah ngehina,2024-12-23 15:03:37,negatif
gangsar42,X,gw setuju sih ama omongannya gus,2024-12-23 15:02:22,positif
ega64,X,gue liat ini ya udah lah ya,2024-12-23 15:33:18,netral
asmadihasanah,X,"bener juga sih, kadang netizen terlalu baper",2024-12-23 15:08:02,positif
purnawatidinda,X,ceramah apaan malah ngehina,2024-12-23 15:02:01,negatif
cagak19,X,"ga lucu, malah nyakitin hati yg jualan",2024-12-23 15:35:08,negatif
prabawa50,X,ni gus emg ada aja kelakuannya 😂,2024-12-23 15:54:39,positif
lalarahayu,X,waduh ini sih udah kelewat batas,2024-12-23 15:55:09,negatif
cahyohasanah,X,gus miftah harus minta maaf sih ini,2024-12-23 15:22:11,negatif
unjani89,X,tergantung yg nonton juga sih,2024-12-23 15:52:24,netral
harjo57,X,waduh ini sih udah kelewat batas,2024-12-23 15:32:53,negatif
vanya71,X,biar agak keras tapi niatnya baik kok,2024-12-23 15:42:49,positif
ozy85,X,waduh ini sih udah kelewat batas,2024-12-23 15:35:23,negatif
kardi98,X,"ceramahnya tetep dapet kok, relax aja guys",2024-12-23 15:48:19,positif
cpurnawati,X,waduh ini sih udah kelewat batas,2024-12-23 15:03:30,negatif
dadisamosir,X,jujurly lucu banget sih ini 😭,2024-12-23 15:41:48,positif
kasusradamanik,X,masih netral aja sih gw liatnya,2024-12-23 15:42:07,netral
mpradana,X,gue liat ini ya udah lah ya,2024-12-23 15:33:43,netral
zulfausada,X,ni gus emg ada aja kelakuannya 😂,2024-12-23 15:52:50,positif
karna99,X,"ceramahnya tetep dapet kok, relax aja guys",2024-12-23 15:49:50,positif
jindramandasari,X,biar agak keras tapi niatnya baik kok,2024-12-23 15:49:33,positif
puspitaasirwanda,X,ga tau mau bilang apa,2024-12-23 15:32:58,netral
iharyanti,X,gue liat ini ya udah lah ya,2024-12-23 15:26:05,netral
bakiman23,X,tergantung yg nonton juga sih,2024-12-23 15:20:42,netral
ajeng19,X,gus miftah harus minta maaf sih ini,2024-12-23 15:49:42,negatif
najwaoktaviani,X,gue liat ini ya udah lah ya,2024-12-23 15:37:29,netral
tripalastri,X,hmm no comment deh,2024-12-23 15:00:58,netral
wacanaelisa,X,bisa2 jualan es teh jd insecure 😓,2024-12-23 15:43:40,negatif
kurniapradana,X,masih netral aja sih gw liatnya,2024-12-23 15:50:18,netral
hastuticakrajiya,X,gw setuju sih ama omongannya gus,2024-12-23 15:55:59,positif
harsanto19,X,jujurly lucu banget sih ini 😭,2024-12-23 15:53:23,positif
wirdasitorus,X,bisa2 jualan es teh jd insecure 😓,2024-12-23 15:12:56,negatif
wwulandari,X,gus miftah harus minta maaf sih ini,2024-12-23 15:02:09,negatif
kiandra59,X,biar agak keras tapi niatnya baik kok,2024-12-23 15:36:17,positif
harto00,X,"ga lucu, malah nyakitin hati yg jualan",2024-12-23 15:06:13,negatif
suryonomahdi,X,gue liat ini ya udah lah ya,2024-12-23 15:28:07,netral
ibrahimkuswandari,X,gue liat ini ya udah lah ya,2024-12-23 15:00:31,netral
cahyofarida,X,ni gus emg ada aja kelakuannya 😂,2024-12-23 15:33:10,positif
mpurnawati,X,"ceramahnya tetep dapet kok, relax aja guys",2024-12-23 15:04:43,positif
asirwada19,X,masih netral aja sih gw liatnya,2024-12-23 15:59:41,netral
zaenab09,X,hmm no comment deh,2024-12-23 15:01:03,netral
hafshahadriansyah,X,"ceramahnya tetep dapet kok, relax aja guys",2024-12-23 15:44:31,positif
gandasitumorang,X,waduh ini sih udah kelewat batas,2024-12-23 15:56:01,negatif
psuryono,X,jujurly lucu banget sih ini 😭,2024-12-23 15:19:37,positif
yuniarprabowo,X,biasa aja sih,2024-12-23 15:16:39,netral
gmaulana,X,tergantung yg nonton juga sih,2024-12-23 15:40:06,netral
siti27,X,ga sopan bgt ngomong gitu,2024-12-23 15:37:29,negatif
kamilapudjiastuti,X,ceramah apaan malah ngehina,2024-12-23 15:21:55,negatif
bakiantonasyiah,X,ceramah apaan malah ngehina,2024-12-23 15:50:05,negatif
yahyawaluyo,X,"bener juga sih, kadang netizen terlalu baper",2024-12-23 15:04:17,positif
gamanibudiman,X,gus miftah harus minta maaf sih ini,2024-12-23 15:41:20,negatif
anomlatupono,X,"bener juga sih, kadang netizen terlalu baper",2024-12-23 15:47:08,positif
padmasariirsad,X,tergantung yg nonton juga sih,2024-12-23 15:51:36,netral
sakurasuartini,X,ga tau mau bilang apa,2024-12-23 15:31:49,netral
banawawulandari,X,tergantung yg nonton juga sih,2024-12-23 15:31:51,netral
namagatiti,X,ga sopan bgt ngomong gitu,2024-12-23 15:33:43,negatif
artahabibi,X,"ga lucu, malah nyakitin hati yg jualan",2024-12-23 15:09:16,negatif
langgengprayoga,X,gw setuju sih ama omongannya gus,2024-12-23 15:02:50,positif
tambasaiful,X,gw setuju sih ama omongannya gus,2024-12-23 15:35:38,positif
najmudinadinata,X,bisa2 jualan es teh jd insecure 😓,2024-12-23 15:59:06,negatif
llazuardi,X,biar agak keras tapi niatnya baik kok,2024-12-23 15:22:03,positif
simanjuntakokto,X,ni gus emg ada aja kelakuannya 😂,2024-12-23 15:41:49,positif
betaniarahmawati,X,bisa2 jualan es teh jd insecure 😓,2024-12-23 15:46:25,negatif
windaanggriawan,X,biar agak keras tapi niatnya baik kok,2024-12-23 15:27:06,positif
nasyidahganjaran,X,"bener juga sih, kadang netizen terlalu baper",2024-12-23 15:52:05,positif
makuta85,X,tergantung yg nonton juga sih,2024-12-23 15:33:56,netral
ymahendra,X,jujurly lucu banget sih ini 😭,2024-12-23 15:40:27,positif
omegantara,X,gw setuju sih ama omongannya gus,2024-12-23 15:13:34,positif
kuswoyoamong,X,masih netral aja sih gw liatnya,2024-12-23 15:18:44,netral
latuponojoko,X,jujurly lucu banget sih ini 😭,2024-12-23 15:14:44,positif
czulkarnain,X,ni gus emg ada aja kelakuannya 😂,2024-12-23 15:18:25,positif
zjailani,X,tergantung yg nonton juga sih,2024-12-23 15:54:14,netral
fsudiati,X,bisa2 jualan es teh jd insecure 😓,2024-12-23 15:32:49,negatif
kusumoumay,X,biasa aja sih,2024-12-23 15:29:13,netral
mandalazulfa,X,gue liat ini ya udah lah ya,2024-12-23 15:32:08,netral
astutialika,X,tergantung yg nonton juga sih,2024-12-23 15:26:07,netral
shakila91,X,bisa2 jualan es teh jd insecure 😓,2024-12-23 15:59:55,negatif
usamahluis,X,tergantung yg nonton juga sih,2024-12-23 15:20:00,netral
prasetyomaman,X,"ceramahnya tetep dapet kok, relax aja guys",2024-12-23 15:49:29,positif
warjinajmudin,X,hmm no comment deh,2024-12-23 15:45:04,netral
lailasarilurhur,X,tergantung yg nonton juga sih,2024-12-23 15:49:39,netral
ikin80,X,"bener juga sih, kadang netizen terlalu baper",2024-12-23 15:41:27,positif
siraitbanawa,X,masih netral aja sih gw liatnya,2024-12-23 15:51:43,netral
galakwahyudin,X,masih netral aja sih gw liatnya,2024-12-23 15:05:45,netral
bpratama,X,biasa aja sih,2024-12-23 15:45:33,netral
warsita26,X,ceramah apaan malah ngehina,2024-12-23 15:58:58,negatif
gawatipuspasari,X,biar agak keras tapi niatnya baik kok,2024-12-23 15:11:29,positif
siregaraisyah,X,tergantung yg nonton juga sih,2024-12-23 15:41:58,netral
laksitavictoria,X,jujurly lucu banget sih ini 😭,2024-12-23 15:57:31,positif
suartinititi,X,gus miftah harus minta maaf sih ini,2024-12-23 15:15:32,negatif
megantarakoko,X,jujurly lucu banget sih ini 😭,2024-12-23 15:21:25,positif
wasitagarang,X,gw setuju sih ama omongannya gus,2024-12-23 15:52:11,positif
pandulaksita,X,hmm no comment deh,2024-12-23 15:30:28,netral
hasanahusman,X,waduh ini sih udah kelewat batas,2024-12-23 15:33:56,negatif
bajraginhidayanto,X,bisa2 jualan es teh jd insecure 😓,2024-12-23 15:31:49,negatif
ridwan39,X,"ceramahnya tetep dapet kok, relax aja guys",2024-12-23 15:09:12,positif
wkusumo,X,ni gus emg ada aja kelakuannya 😂,2024-12-23 15:20:07,positif
cawuk75,X,ni gus emg ada aja kelakuannya 😂,2024-12-23 15:51:33,positif
galih79,X,gw setuju sih ama omongannya gus,2024-12-23 15:57:34,positif
murti08,X,"ceramahnya tetep dapet kok, relax aja guys",2024-12-23 15:30:52,positif
padmasariraina,X,hmm no comment deh,2024-12-23 15:24:14,netral
usadaheryanto,X,waduh ini sih udah kelewat batas,2024-12-23 15:04:06,negatif
irawanprayogo,X,waduh ini sih udah kelewat batas,2024-12-23 15:38:12,negatif
nababanaisyah,X,"bener juga sih, kadang netizen terlalu baper",2024-12-23 15:47:16,positif
ozynasyiah,X,"bener juga sih, kadang netizen terlalu baper",2024-12-23 15:11:06,positif
michellesitorus,X,tergantung yg nonton juga sih,2024-12-23 15:01:40,netral
kasiran36,X,ni gus emg ada aja kelakuannya 😂,2024-12-23 15:14:16,positif
nasrullahsuryatmi,X,"ga lucu, malah nyakitin hati yg jualan",2024-12-23 15:05:06,negatif
asmuni37,X,hmm no comment deh,2024-12-23 15:06:28,netral
zsaptono,X,biar agak keras tapi niatnya baik kok,2024-12-23 15:37:56,positif
jaka07,X,masih netral aja sih gw liatnya,2024-12-23 15:09:29,netral
namagacandra,X,biasa aja sih,2024-12-23 15:43:24,netral
ulva45,X,biasa aja sih,2024-12-23 15:38:00,netral
artawanwidodo,X,ga sopan bgt ngomong gitu,2024-12-23 15:24:58,negatif
maryatikarta,X,"ceramahnya tetep dapet kok, relax aja guys",2024-12-23 15:21:21,positif
vero48,X,tergantung yg nonton juga sih,2024-12-23 15:01:03,netral
faridamaryadi,X,ni gus emg ada aja kelakuannya 😂,2024-12-23 15:54:44,positif
lalahabibi,X,bisa2 jualan es teh jd insecure 😓,2024-12-23 15:24:33,negatif
sabrinugroho,X,ceramah apaan malah ngehina,2024-12-23 15:26:39,negatif
zputra,X,"bener juga sih, kadang netizen terlalu baper",2024-12-23 15:21:05,positif
putragaran,X,"bener juga sih, kadang netizen terlalu baper",2024-12-23 15:11:22,positif
kala86,X,ga tau mau bilang apa,2024-12-23 15:10:44,netral
qharyanto,X,bisa2 jualan es teh jd insecure 😓,2024-12-23 15:29:27,negatif
ian17,X,"bener juga sih, kadang netizen terlalu baper",2024-12-23 15:04:20,positif
wasitalurhur,X,ga sopan bgt ngomong gitu,2024-12-23 15:40:24,negatif
rendy53,X,"ga lucu, malah nyakitin hati yg jualan",2024-12-23 15:43:57,negatif
habibiartawan,X,ga tau mau bilang apa,2024-12-23 15:13:43,netral
nwijaya,X,"ga lucu, malah nyakitin hati yg jualan",2024-12-23 15:16:17,negatif
ajiman75,X,biasa aja sih,2024-12-23 15:13:53,netral
lalita45,X,jujurly lucu banget sih ini 😭,2024-12-23 15:56:57,positif
qhutapea,X,masih netral aja sih gw liatnya,2024-12-23 15:46:59,netral
gunawancalista,X,tergantung yg nonton juga sih,2024-12-23 15:58:33,netral
ddongoran,X,"bener juga sih, kadang netizen terlalu baper",2024-12-23 15:19:19,positif
febiyolanda,X,waduh ini sih udah kelewat batas,2024-12-23 15:21:24,negatif
mayasarimalik,X,waduh ini sih udah kelewat batas,2024-12-23 15:08:34,negatif
paimanwinarno,X,biar agak keras tapi niatnya baik kok,2024-12-23 15:23:15,positif
rahimahbalamantri,X,hmm no comment deh,2024-12-23 15:28:19,netral
nashiruddincawisono,X,jujurly lucu banget sih ini 😭,2024-12-23 15:06:06,positif
umayawijaya,X,gw setuju sih ama omongannya gus,2024-12-23 15:23:22,positif
suartiniviktor,X,tergantung yg nonton juga sih,2024-12-23 15:20:37,netral
novitasariega,X,"ga lucu, malah nyakitin hati yg jualan",2024-12-23 15:25:59,negatif
bakti29,X,jujurly lucu banget sih ini 😭,2024-12-23 15:55:06,positif
dianapradipta,X,"bener juga sih, kadang netizen terlalu baper",2024-12-23 15:43:01,positif
prasetyaunggul,X,masih netral aja sih gw liatnya,2024-12-23 15:23:57,netral
ratnapertiwi,X,bisa2 jualan es teh jd insecure 😓,2024-12-23 15:16:00,negatif
obudiman,X,"ga lucu, malah nyakitin hati yg jualan",2024-12-23 15:30:52,negatif
simbolonkamal,X,bisa2 jualan es teh jd insecure 😓,2024-12-23 15:20:26,negatif
padmasarihamzah,X,"ceramahnya tetep dapet kok, relax aja guys",2024-12-23 15:10:12,positif
indah43,X,biar agak keras tapi niatnya baik kok,2024-12-23 15:26:14,positif
ypurwanti,X,ga sopan bgt ngomong gitu,2024-12-23 15:28:32,negatif
simbolonlurhur,X,ga tau mau bilang apa,2024-12-23 15:35:10,netral
zrajata,X,biasa aja sih,2024-12-23 15:50:01,netral
vsaefullah,X,masih netral aja sih gw liatnya,2024-12-23 15:06:24,netral
natsirwarsita,X,hmm no comment deh,2024-12-23 15:53:41,netral
ohutapea,X,tergantung yg nonton juga sih,2024-12-23 15:02:49,netral
paiman19,X,gus miftah harus minta maaf sih ini,2024-12-23 15:30:29,negatif
lanjar99,X,ga sopan bgt ngomong gitu,2024-12-23 15:44:51,negatif
saefullahkiandra,X,waduh ini sih udah kelewat batas,2024-12-23 15:19:16,negatif
aswaniutami,X,ni gus emg ada aja kelakuannya 😂,2024-12-23 15:29:03,positif
hartanagunarto,X,bisa2 jualan es teh jd insecure 😓,2024-12-23 15:12:59,negatif
jais43,X,ni gus emg ada aja kelakuannya 😂,2024-12-23 15:19:47,positif
aisyahsuwarno,X,tergantung yg nonton juga sih,2024-12-23 15:50:41,netral
nasyiahkani,X,biar agak keras tapi niatnya baik kok,2024-12-23 15:14:54,positif
umay97,X,ga sopan bgt ngomong gitu,2024-12-23 15:37:51,negatif
natsirlamar,X,biasa aja sih,2024-12-23 15:45:46,netral
lnamaga,X,ni gus emg ada aja kelakuannya 😂,2024-12-23 15:09:46,positif
galur91,X,gue liat ini ya udah lah ya,2024-12-23 15:34:25,netral
marganasimanjuntak,X,masih netral aja sih gw liatnya,2024-12-23 15:23:30,netral
jamalialailasari,X,ga sopan bgt ngomong gitu,2024-12-23 15:09:50,negatif
nadia79,X,biar agak keras tapi niatnya baik kok,2024-12-23 15:46:37,positif
dabukkekadir,X,ni gus emg ada aja kelakuannya 😂,2024-12-23 15:41:17,positif
zulaikapranata,X,biar agak keras tapi niatnya baik kok,2024-12-23 15:45:08,positif
catur37,X,"bener juga sih, kadang netizen terlalu baper",2024-12-23 15:44:49,positif
santosolanggeng,X,masih netral aja sih gw liatnya,2024-12-23 15:48:57,netral
urajata,X,gue liat ini ya udah lah ya,2024-12-23 15:23:51,netral
hastutijarwi,X,hmm no comment deh,2024-12-23 15:09:56,netral
nyolanda,X,waduh ini sih udah kelewat batas,2024-12-23 15:53:14,negatif
ibrahim43,X,"ceramahnya tetep dapet kok, relax aja guys",2024-12-23 15:22:57,positif
harjayanajmudin,X,"ga lucu, malah nyakitin hati yg jualan",2024-12-23 15:11:28,negatif
luthfi73,X,ga sopan bgt ngomong gitu,2024-12-23 15:19:01,negatif
ghaliyatihakim,X,jujurly lucu banget sih ini 😭,2024-12-23 15:17:22,positif
ira91,X,ga tau mau bilang apa,2024-12-23 15:20:22,netral
surya92,X,ga sopan bgt ngomong gitu,2024-12-23 15:11:57,negatif
suryatmiharjo,X,biar agak keras tapi niatnya baik kok,2024-12-23 15:07:17,positif
zaenab57,X,biar agak keras tapi niatnya baik kok,2024-12-23 15:56:47,positif
lestarivirman,X,waduh ini sih udah kelewat batas,2024-12-23 15:08:24,negatif
kasiran21,X,"ceramahnya tetep dapet kok, relax aja guys",2024-12-23 15:51:54,positif
bakidin84,X,waduh ini sih udah kelewat batas,2024-12-23 15:49:58,negatif
karja28,X,biasa aja sih,2024-12-23 15:46:52,netral
safitrijono,X,"ga lucu, malah nyakitin hati yg jualan",2024-12-23 15:13:15,negatif
kurniawanbalapati,X,biasa aja sih,2024-12-23 15:21:25,netral
yunitawijaya,X,gue liat ini ya udah lah ya,2024-12-23 15:45:48,netral
ratihsaragih,X,biar agak keras tapi niatnya baik kok,2024-12-23 15:45:21,positif
suryonojaya,X,"ceramahnya tetep dapet kok, relax aja guys",2024-12-23 15:28:33,positif
uyainahdwi,X,bisa2 jualan es teh jd insecure 😓,2024-12-23 15:31:29,negatif
emankuswoyo,X,ga sopan bgt ngomong gitu,2024-12-23 15:55:09,negatif
nasyiahtitin,X,gus miftah harus minta maaf sih ini,2024-12-23 15:27:15,negatif
tantrihutapea,X,tergantung yg nonton juga sih,2024-12-23 15:18:12,netral
prasetyohimawan,X,gw setuju sih ama omongannya gus,2024-12-23 15:20:05,positif
jrajata,X,"ga lucu, malah nyakitin hati yg jualan",2024-12-23 15:53:46,negatif
prasetyohafshah,X,gue liat ini ya udah lah ya,2024-12-23 15:17:59,netral
ade18,X,waduh ini sih udah kelewat batas,2024-12-23 15:51:25,negatif
saefullahcindy,X,waduh ini sih udah kelewat batas,2024-12-23 15:56:26,negatif
galih54,X,bisa2 jualan es teh jd insecure 😓,2024-12-23 15:49:00,negatif
cicisusanti,X,jujurly lucu banget sih ini 😭,2024-12-23 15:11:55,positif
mkusumo,X,masih netral aja sih gw liatnya,2024-12-23 15:42:42,netral
nyana88,X,ga tau mau bilang apa,2024-12-23 15:12:08,netral
latikakuswoyo,X,ga tau mau bilang apa,2024-12-23 15:13:11,netral
afirgantoro,X,waduh ini sih udah kelewat batas,2024-12-23 15:51:39,negatif
kasiranoktaviani,X,gue liat ini ya udah lah ya,2024-12-23 15:01:59,netral
gawati99,X,gue liat ini ya udah lah ya,2024-12-23 15:58:52,netral
ganepprayoga,X,"bener juga sih, kadang netizen terlalu baper",2024-12-23 15:41:38,positif
rnainggolan,X,biasa aja sih,2024-12-23 15:03:50,netral
marsudi77,X,ga sopan bgt ngomong gitu,2024-12-23 15:43:40,negatif
balijan15,X,ga sopan bgt ngomong gitu,2024-12-23 15:45:49,negatif
janemaryati,X,biasa aja sih,2024-12-23 15:02:16,netral
dewi23,X,"bener juga sih, kadang netizen terlalu baper",2024-12-23 15:45:35,positif
siregarclara,X,ni gus emg ada aja kelakuannya 😂,2024-12-23 15:50:04,positif
dian24,X,bisa2 jualan es teh jd insecure 😓,2024-12-23 15:13:06,negatif
rahman78,X,ceramah apaan malah ngehina,2024-12-23 15:26:12,negatif
qnapitupulu,X,ni gus emg ada aja kelakuannya 😂,2024-12-23 15:39:39,positif
sidiqnashiruddin,X,"bener juga sih, kadang netizen terlalu baper",2024-12-23 15:10:46,positif
clara71,X,"ga lucu, malah nyakitin hati yg jualan",2024-12-23 15:54:43,negatif
nurdiyantimahfud,X,biar agak keras tapi niatnya baik kok,2024-12-23 15:56:01,positif
dimashassanah,X,bisa2 jualan es teh jd insecure 😓,2024-12-23 15:50:42,negatif
vanyakusumo,X,bisa2 jualan es teh jd insecure 😓,2024-12-23 15:51:01,negatif
karnawinarno,X,tergantung yg nonton juga sih,2024-12-23 15:24:42,netral
asirwadajailani,X,biar agak keras tapi niatnya baik kok,2024-12-23 15:24:52,positif
damanikwani,X,gw setuju sih ama omongannya gus,2024-12-23 15:37:10,positif
hsitompul,X,hmm no comment deh,2024-12-23 15:03:55,netral
hamzah87,X,jujurly lucu banget sih ini 😭,2024-12-23 15:55:54,positif
wijayanticayadi,X,masih netral aja sih gw liatnya,2024-12-23 15:04:49,netral
bahuraksausamah,X,ceramah apaan malah ngehina,2024-12-23 15:17:37,negatif
kasimpradana,X,hmm no comment deh,2024-12-23 15:50:35,netral
sakurawinarno,X,"ga lucu, malah nyakitin hati yg jualan",2024-12-23 15:33:55,negatif
lailasarijati,X,hmm no comment deh,2024-12-23 15:59:45,netral
elvin89,X,"ga lucu, malah nyakitin hati yg jualan",2024-12-23 15:52:26,negatif
umar84,X,bisa2 jualan es teh jd insecure 😓,2024-12-23 15:42:49,negatif
pradiptabagus,X,ceramah apaan malah ngehina,2024-12-23 15:34:00,negatif
artawansitorus,X,gue liat ini ya udah lah ya,2024-12-23 15:58:00,netral
dariatimahendra,X,biar agak keras tapi niatnya baik kok,2024-12-23 15:42:21,positif
gamblang49,X,gus miftah harus minta maaf sih ini,2024-12-23 15:43:10,negatif
galar64,X,"ceramahnya tetep dapet kok, relax aja guys",2024-12-23 15:08:52,positif
prabowogunawan,X,ga sopan bgt ngomong gitu,2024-12-23 15:33:02,negatif
prastutiraden,X,jujurly lucu banget sih ini 😭,2024-12-23 15:15:35,positif
kenariprastuti,X,ni gus emg ada aja kelakuannya 😂,2024-12-23 15:34:33,positif
vanesakurniawan,X,"bener juga sih, kadang netizen terlalu baper",2024-12-23 15:41:10,positif
teddyardianto,X,"bener juga sih, kadang netizen terlalu baper",2024-12-23 15:06:52,positif
akarsanalatupono,X,"ga lucu, malah nyakitin hati yg jualan",2024-12-23 15:28:02,negatif
galihmansur,X,gue liat ini ya udah lah ya,2024-12-23 15:32:29,netral
raisa65,X,ni gus emg ada aja kelakuannya 😂,2024-12-23 15:08:10,positif
dinda40,X,hmm no comment deh,2024-12-23 15:51:15,netral
jonopangestu,X,masih netral aja sih gw liatnya,2024-12-23 15:12:43,netral
cahyasitompul,X,bisa2 jualan es teh jd insecure 😓,2024-12-23 15:06:08,negatif
cagerjailani,X,ga sopan bgt ngomong gitu,2024-12-23 15:13:05,negatif
namagacawisono,X,bisa2 jualan es teh jd insecure 😓,2024-12-23 15:57:34,negatif
shandayani,X,masih netral aja sih gw liatnya,2024-12-23 15:48:45,netral
zahra23,X,biar agak keras tapi niatnya baik kok,2024-12-23 15:37:46,positif
kartausamah,X,hmm no comment deh,2024-12-23 15:29:44,netral
hana37,X,gus miftah harus minta maaf sih ini,2024-12-23 15:29:47,negatif
uyuniar,X,ga tau mau bilang apa,2024-12-23 15:04:40,netral
lailasaribambang,X,biar agak keras tapi niatnya baik kok,2024-12-23 15:01:46,positif
qpurnawati,X,ga sopan bgt ngomong gitu,2024-12-23 15:22:08,negatif
ranggamardhiyah,X,waduh ini sih udah kelewat batas,2024-12-23 15:59:26,negatif
purnawatigangsar,X,hmm no comment deh,2024-12-23 15:23:40,netral
citra83,X,ga sopan bgt ngomong gitu,2024-12-23 15:48:19,negatif
garang82,X,ceramah apaan malah ngehina,2024-12-23 15:57:55,negatif
haryantobakijan,X,ga tau mau bilang apa,2024-12-23 15:39:39,netral
vsirait,X,ga tau mau bilang apa,2024-12-23 15:21:15,netral
raisahardiansyah,X,gue liat ini ya udah lah ya,2024-12-23 15:35:10,netral
napitupulupaulin,X,ceramah apaan malah ngehina,2024-12-23 15:06:28,negatif
amalia73,X,"ceramahnya tetep dapet kok, relax aja guys",2024-12-23 15:18:33,positif
ade63,X,gue liat ini ya udah lah ya,2024-12-23 15:37:01,netral
cprasetyo,X,tergantung yg nonton juga sih,2024-12-23 15:09:16,netral
nugrahanasyiah,X,gw setuju sih ama omongannya gus,2024-12-23 15:01:22,positif
aoktaviani,X,gue liat ini ya udah lah ya,2024-12-23 15:22:59,netral
winarnoamong,X,"bener juga sih, kadang netizen terlalu baper",2024-12-23 15:45:56,positif
zulfa61,X,ni gus emg ada aja kelakuannya 😂,2024-12-23 15:57:21,positif
danu85,X,bisa2 jualan es teh jd insecure 😓,2024-12-23 15:43:46,negatif
adinatautami,X,biasa aja sih,2024-12-23 15:11:23,netral
caketastuti,X,biasa aja sih,2024-12-23 15:52:40,netral
daliono35,X,gus miftah harus minta maaf sih ini,2024-12-23 15:05:18,negatif
gardaanggriawan,X,"bener juga sih, kadang netizen terlalu baper",2024-12-23 15:15:52,positif
karimah97,X,"ceramahnya tetep dapet kok, relax aja guys",2024-12-23 15:46:26,positif
hakimumaya,X,ga tau mau bilang apa,2024-12-23 15:34:35,netral
latuponopangestu,X,biar agak keras tapi niatnya baik kok,2024-12-23 15:38:20,positif
mursininwulandari,X,hmm no comment deh,2024-12-23 15:31:22,netral
ajeng18,X,ga sopan bgt ngomong gitu,2024-12-23 15:46:19,negatif
rina90,X,bisa2 jualan es teh jd insecure 😓,2024-12-23 15:18:00,negatif
azaleanashiruddin,X,ni gus emg ada aja kelakuannya 😂,2024-12-23 15:23:48,positif
lulut87,X,ga sopan bgt ngomong gitu,2024-12-23 15:00:37,negatif
garatampubolon,X,gus miftah harus minta maaf sih ini,2024-12-23 15:57:50,negatif
lasmanto26,X,masih netral aja sih gw liatnya,2024-12-23 15:22:27,netral
malalaksmiwati,X,gw setuju sih ama omongannya gus,2024-12-23 15:10:02,positif
wasitalanang,X,gue liat ini ya udah lah ya,2024-12-23 15:16:19,netral
vanya94,X,tergantung yg nonton juga sih,2024-12-23 15:34:06,netral
viman78,X,masih netral aja sih gw liatnya,2024-12-23 15:00:31,netral
jsinaga,X,tergantung yg nonton juga sih,2024-12-23 15:56:12,netral
gaduhmelani,X,biar agak keras tapi niatnya baik kok,2024-12-23 15:02:18,positif
wulandaridewi,X,jujurly lucu banget sih ini 😭,2024-12-23 15:06:44,positif
milahidayat,X,ni gus emg ada aja kelakuannya 😂,2024-12-23 15:13:18,positif
jatimansur,X,bisa2 jualan es teh jd insecure 😓,2024-12-23 15:13:41,negatif
pertiwiviolet,X,"ceramahnya tetep dapet kok, relax aja guys",2024-12-23 15:33:20,positif
bakimanusamah,X,ceramah apaan malah ngehina,2024-12-23 15:25:17,negatif
qutami,X,ga sopan bgt ngomong gitu,2024-12-23 15:34:33,negatif
qpalastri,X,ga sopan bgt ngomong gitu,2024-12-23 15:13:52,negatif
opan17,X,gw setuju sih ama omongannya gus,2024-12-23 15:40:29,positif
vlaksmiwati,X,jujurly lucu banget sih ini 😭,2024-12-23 15:56:18,positif
umiwinarsih,X,waduh ini sih udah kelewat batas,2024-12-23 15:09:37,negatif
budiyantorika,X,bisa2 jualan es teh jd insecure 😓,2024-12-23 15:49:51,negatif
usamahrestu,X,"ga lucu, malah nyakitin hati yg jualan",2024-12-23 15:58:17,negatif
elvina70,X,gus miftah harus minta maaf sih ini,2024-12-23 15:20:12,negatif
wmelani,X,"ga lucu, malah nyakitin hati yg jualan",2024-12-23 15:29:03,negatif
luluh92,X,"ga lucu, malah nyakitin hati yg jualan",2024-12-23 15:04:10,negatif
endahmarpaung,X,ceramah apaan malah ngehina,2024-12-23 15:58:55,negatif
darmanto21,X,bisa2 jualan es teh jd insecure 😓,2024-12-23 15:14:56,negatif
setiawanrahmat,X,bisa2 jualan es teh jd insecure 😓,2024-12-23 15:55:21,negatif
harjasantoso,X,masih netral aja sih gw liatnya,2024-12-23 15:11:32,netral
radikayuliarti,X,jujurly lucu banget sih ini 😭,2024-12-23 15:35:59,positif
lantar25,X,biar agak keras tapi niatnya baik kok,2024-12-23 15:43:16,positif
mahendrakaren,X,tergantung yg nonton juga sih,2024-12-23 15:18:31,netral
kusumozizi,X,biasa aja sih,2024-12-23 15:57:58,netral
garakuswoyo,X,jujurly lucu banget sih ini 😭,2024-12-23 15:34:09,positif
haryantoputu,X,ni gus emg ada aja kelakuannya 😂,2024-12-23 15:37:55,positif
ehalimah,X,biasa aja sih,2024-12-23 15:13:43,netral
puspasarizahra,X,waduh ini sih udah kelewat batas,2024-12-23 15:52:33,negatif
umaysafitri,X,"ga lucu, malah nyakitin hati yg jualan",2024-12-23 15:41:20,negatif
maidawahyuni,X,biasa aja sih,2024-12-23 15:32:34,netral
prastuticahyadi,X,masih netral aja sih gw liatnya,2024-12-23 15:40:13,netral
smandasari,X,"ceramahnya tetep dapet kok, relax aja guys",2024-12-23 15:41:24,positif
hardiansyahdewi,X,gue liat ini ya udah lah ya,2024-12-23 15:57:49,netral
kfirgantoro,X,ga tau mau bilang apa,2024-12-23 15:40:39,netral
juli41,X,waduh ini sih udah kelewat batas,2024-12-23 15:32:10,negatif
kardihakim,X,ga sopan bgt ngomong gitu,2024-12-23 15:29:41,negatif
pwijaya,X,"ga lucu, malah nyakitin hati yg jualan",2024-12-23 15:21:05,negatif
pudjiastutikarna,X,masih netral aja sih gw liatnya,2024-12-23 15:12:37,netral
tomifujiati,X,ga tau mau bilang apa,2024-12-23 15:17:12,netral
haryantiira,X,gue liat ini ya udah lah ya,2024-12-23 15:26:40,netral
yuniarluthfi,X,gue liat ini ya udah lah ya,2024-12-23 15:27:54,netral
gunawankarya,X,gus miftah harus minta maaf sih ini,2024-12-23 15:30:39,negatif
lukitarajata,X,tergantung yg nonton juga sih,2024-12-23 15:24:58,netral
jais93,X,waduh ini sih udah kelewat batas,2024-12-23 15:30:06,negatif
suwarnodina,X,tergantung yg nonton juga sih,2024-12-23 15:28:40,netral
almirasudiati,X,bisa2 jualan es teh jd insecure 😓,2024-12-23 15:41:44,negatif
tfarida,X,"bener juga sih, kadang netizen terlalu baper",2024-12-23 15:57:42,positif
kemba65,X,waduh ini sih udah kelewat batas,2024-12-23 15:10:00,negatif
umayanggriawan,X,gus miftah harus minta maaf sih ini,2024-12-23 15:26:52,negatif
simonrahayu,X,gue liat ini ya udah lah ya,2024-12-23 15:38:45,netral
azaleawahyudin,X,biasa aja sih,2024-12-23 15:54:31,netral
simon10,X,bisa2 jualan es teh jd insecure 😓,2024-12-23 15:41:47,negatif
yanggraini,X,jujurly lucu banget sih ini 😭,2024-12-23 15:22:00,positif
hasna31,X,hmm no comment deh,2024-12-23 15:08:26,netral
malik83,X,waduh ini sih udah kelewat batas,2024-12-23 15:15:40,negatif
ypadmasari,X,ni gus emg ada aja kelakuannya 😂,2024-12-23 15:08:42,positif
ina89,X,ga sopan bgt ngomong gitu,2024-12-23 15:37:54,negatif
lailasarikarimah,X,ni gus emg ada aja kelakuannya 😂,2024-12-23 15:19:28,positif
maryanto21,X,waduh ini sih udah kelewat batas,2024-12-23 15:50:56,negatif
ydongoran,X,gus miftah harus minta maaf sih ini,2024-12-23 15:15:26,negatif
kawaca09,X,bisa2 jualan es teh jd insecure 😓,2024-12-23 15:02:30,negatif
dyuliarti,X,ga tau mau bilang apa,2024-12-23 15:49:39,netral
rahman76,X,waduh ini sih udah kelewat batas,2024-12-23 15:46:26,negatif
haryantobanawa,X,waduh ini sih udah kelewat batas,2024-12-23 15:20:34,negatif
asmiantonatsir,X,"ga lucu, malah nyakitin hati yg jualan",2024-12-23 15:10:08,negatif
zalindra53,X,jujurly lucu banget sih ini 😭,2024-12-23 15:28:26,positif
jagahidayanto,X,biar agak keras tapi niatnya baik kok,2024-12-23 15:16:42,positif
sitompuljagapati,X,gue liat ini ya udah lah ya,2024-12-23 15:04:40,netral
rahmawatihimawan,X,bisa2 jualan es teh jd insecure 😓,2024-12-23 15:32:30,negatif
hassanahtri,X,masih netral aja sih gw liatnya,2024-12-23 15:03:11,netral
lestaribagya,X,ga tau mau bilang apa,2024-12-23 15:22:24,netral
kayunsaptono,X,jujurly lucu banget sih ini 😭,2024-12-23 15:41:55,positif
mayasarireza,X,biasa aja sih,2024-12-23 15:21:55,netral
pratamazelda,X,biar agak keras tapi niatnya baik kok,2024-12-23 15:18:25,positif
ghaliyatimustofa,X,masih netral aja sih gw liatnya,2024-12-23 15:50:42,netral
damanikridwan,X,gw setuju sih ama omongannya gus,2024-12-23 15:49:39,positif
hutapeabaktiono,X,"ga lucu, malah nyakitin hati yg jualan",2024-12-23 15:57:12,negatif
mangunsongnajwa,X,ceramah apaan malah ngehina,2024-12-23 15:48:50,negatif
ghassanah,X,hmm no comment deh,2024-12-23 15:51:19,netral
dwi63,X,gw setuju sih ama omongannya gus,2024-12-23 15:06:37,positif
faridajagapati,X,biar agak keras tapi niatnya baik kok,2024-12-23 15:00:14,positif
nababanwirda,X,hmm no comment deh,2024-12-23 15:57:18,netral
rosman20,X,gus miftah harus minta maaf sih ini,2024-12-23 15:51:59,negatif
palastriyunita,X,ceramah apaan malah ngehina,2024-12-23 15:32:31,negatif
purwantiluwes,X,biar agak keras tapi niatnya baik kok,2024-12-23 15:31:15,positif
tugimanwasita,X,biasa aja sih,2024-12-23 15:34:39,netral
harjo12,X,gue liat ini ya udah lah ya,2024-12-23 15:15:50,netral
firgantoromahmud,X,masih netral aja sih gw liatnya,2024-12-23 15:56:45,netral
marganaadriansyah,X,ceramah apaan malah ngehina,2024-12-23 15:18:40,negatif
luthfisinaga,X,"bener juga sih, kadang netizen terlalu baper",2024-12-23 15:20:27,positif
rajatadaruna,X,waduh ini sih udah kelewat batas,2024-12-23 15:37:35,negatif
maida64,X,jujurly lucu banget sih ini 😭,2024-12-23 15:18:31,positif
marsitohastuti,X,gue liat ini ya udah lah ya,2024-12-23 15:45:04,netral
qramadan,X,ga sopan bgt ngomong gitu,2024-12-23 15:31:33,negatif
irnantosuryono,X,gus miftah harus minta maaf sih ini,2024-12-23 15:57:17,negatif
bakijanutami,X,biar agak keras tapi niatnya baik kok,2024-12-23 15:42:41,positif
wijayantiadika,X,ga tau mau bilang apa,2024-12-23 15:31:27,netral
jokokusmawati,X,bisa2 jualan es teh jd insecure 😓,2024-12-23 15:56:18,negatif
humaira72,X,hmm no comment deh,2024-12-23 15:56:26,netral
vyolanda,X,gue liat ini ya udah lah ya,2024-12-23 15:38:00,netral
suciprasetya,X,biasa aja sih,2024-12-23 15:43:07,netral
hidayatpangeran,X,tergantung yg nonton juga sih,2024-12-23 15:29:17,netral
wacanakanda,X,hmm no comment deh,2024-12-23 15:00:51,netral
vinsen21,X,tergantung yg nonton juga sih,2024-12-23 15:04:09,netral
mumpuni64,X,ceramah apaan malah ngehina,2024-12-23 15:05:59,negatif
joko09,X,hmm no comment deh,2024-12-23 15:26:21,netral
dodoharyanti,X,gw setuju sih ama omongannya gus,2024-12-23 15:36:13,positif
paulinsudiati,X,gue liat ini ya udah lah ya,2024-12-23 15:22:15,netral
gadriansyah,X,jujurly lucu banget sih ini 😭,2024-12-23 15:44:47,positif
itampubolon,X,masih netral aja sih gw liatnya,2024-12-23 15:17:53,netral
elma88,X,"ceramahnya tetep dapet kok, relax aja guys",2024-12-23 15:15:02,positif
pranowohendra,X,ga sopan bgt ngomong gitu,2024-12-23 15:27:14,negatif
lanangnugroho,X,biasa aja sih,2024-12-23 15:24:32,netral
irfan35,X,biar agak keras tapi niatnya baik kok,2024-12-23 15:19:26,positif
mariasitompul,X,ceramah apaan malah ngehina,2024-12-23 15:03:02,negatif
kurniawananastasia,X,ga tau mau bilang apa,2024-12-23 15:44:33,netral
xkurniawan,X,"ga lucu, malah nyakitin hati yg jualan",2024-12-23 15:58:19,negatif
ygunarto,X,ga tau mau bilang apa,2024-12-23 15:56:33,netral
sabrinasihotang,X,biar agak keras tapi niatnya baik kok,2024-12-23 15:03:06,positif
uhalim,X,tergantung yg nonton juga sih,2024-12-23 15:21:01,netral
agnesmarpaung,X,masih netral aja sih gw liatnya,2024-12-23 15:55:03,netral
ulipangestu,X,ni gus emg ada aja kelakuannya 😂,2024-12-23 15:04:10,positif
hasanahbetania,X,waduh ini sih udah kelewat batas,2024-12-23 15:21:11,negatif
anita09,X,biar agak keras tapi niatnya baik kok,2024-12-23 15:23:03,positif
tomi02,X,ga sopan bgt ngomong gitu,2024-12-23 15:00:10,negatif
gambirawasita,X,biasa aja sih,2024-12-23 15:08:18,netral
purnawaticengkir,X,"ceramahnya tetep dapet kok, relax aja guys",2024-12-23 15:29:44,positif
xpratiwi,X,biar agak keras tapi niatnya baik kok,2024-12-23 15:41:42,positif
snamaga,X,ga sopan bgt ngomong gitu,2024-12-23 15:15:28,negatif
budiprabowo,X,ceramah apaan malah ngehina,2024-12-23 15:21:43,negatif
pradanaadiarja,X,ni gus emg ada aja kelakuannya 😂,2024-12-23 15:35:55,positif
januardinda,X,tergantung yg nonton juga sih,2024-12-23 15:01:38,netral
harsantoanggriawan,X,hmm no comment deh,2024-12-23 15:00:59,netral
eadriansyah,X,jujurly lucu banget sih ini 😭,2024-12-23 15:27:51,positif
mprayoga,X,biasa aja sih,2024-12-23 15:21:39,netral
ywacana,X,gus miftah harus minta maaf sih ini,2024-12-23 15:31:23,negatif
kpalastri,X,ga sopan bgt ngomong gitu,2024-12-23 15:51:04,negatif
mamanprasetyo,X,ceramah apaan malah ngehina,2024-12-23 15:51:39,negatif
pudjiastutigalih,X,gw setuju sih ama omongannya gus,2024-12-23 15:01:37,positif
owastuti,X,ceramah apaan malah ngehina,2024-12-23 15:49:19,negatif
llaksmiwati,X,masih netral aja sih gw liatnya,2024-12-23 15:44:26,netral
himawan51,X,masih netral aja sih gw liatnya,2024-12-23 15:31:52,netral
hutasoitaris,X,"ga lucu, malah nyakitin hati yg jualan",2024-12-23 15:50:53,negatif
yiswahyudi,X,jujurly lucu banget sih ini 😭,2024-12-23 15:33:54,positif
citrahastuti,X,biar agak keras tapi niatnya baik kok,2024-12-23 15:28:32,positif
padmasitorus,X,ni gus emg ada aja kelakuannya 😂,2024-12-23 15:34:13,positif
umiadriansyah,X,"bener juga sih, kadang netizen terlalu baper",2024-12-23 15:05:38,positif
gunawandariati,X,jujurly lucu banget sih ini 😭,2024-12-23 15:11:21,positif
usyi07,X,masih netral aja sih gw liatnya,2024-12-23 15:57:35,netral
xriyanti,X,tergantung yg nonton juga sih,2024-12-23 15:37:41,netral
daruna47,X,"ceramahnya tetep dapet kok, relax aja guys",2024-12-23 15:51:10,positif
mulyanidimas,X,biasa aja sih,2024-12-23 15:18:20,netral
karimanaryani,X,tergantung yg nonton juga sih,2024-12-23 15:05:34,netral
mustika21,X,ga tau mau bilang apa,2024-12-23 15:44:55,netral
ibun33,X,biasa aja sih,2024-12-23 15:17:06,netral
hartoriyanti,X,gus miftah harus minta maaf sih ini,2024-12-23 15:08:25,negatif
cemetinasyidah,X,hmm no comment deh,2024-12-23 15:25:01,netral
rsaptono,X,ceramah apaan malah ngehina,2024-12-23 15:12:00,negatif
wulandarihafshah,X,biar agak keras tapi niatnya baik kok,2024-12-23 15:40:29,positif
situmoranggangsa,X,waduh ini sih udah kelewat batas,2024-12-23 15:12:51,negatif
purnawatiwakiman,X,tergantung yg nonton juga sih,2024-12-23 15:19:01,netral
imam45,X,biar agak keras tapi niatnya baik kok,2024-12-23 15:48:32,positif
kalarajata,X,biasa aja sih,2024-12-23 15:44:42,netral
tagustina,X,masih netral aja sih gw liatnya,2024-12-23 15:01:29,netral
uhardiansyah,X,tergantung yg nonton juga sih,2024-12-23 15:42:53,netral
cakrabuana65,X,"bener juga sih, kadang netizen terlalu baper",2024-12-23 15:39:54,positif
widiastutiganda,X,tergantung yg nonton juga sih,2024-12-23 15:25:42,netral
apangestu,X,biar agak keras tapi niatnya baik kok,2024-12-23 15:37:09,positif
mahendraprayogo,X,ga tau mau bilang apa,2024-12-23 15:42:27,netral
efirmansyah,X,biar agak keras tapi niatnya baik kok,2024-12-23 15:51:49,positif
anom79,X,masih netral aja sih gw liatnya,2024-12-23 15:20:45,netral
candrakanta93,X,ni gus emg ada aja kelakuannya 😂,2024-12-23 15:28:26,positif
tnuraini,X,ceramah apaan malah ngehina,2024-12-23 15:39:05,negatif
nainggolanilsa,X,biar agak keras tapi niatnya baik kok,2024-12-23 15:44:30,positif
aurorahartati,X,biasa aja sih,2024-12-23 15:12:35,netral
dagel10,X,ga tau mau bilang apa,2024-12-23 15:30:37,netral
frajata,X,"ceramahnya tetep dapet kok, relax aja guys",2024-12-23 15:03:25,positif
diana48,X,gue liat ini ya udah lah ya,2024-12-23 15:40:54,netral
yosefwulandari,X,hmm no comment deh,2024-12-23 15:15:58,netral
azaleasitorus,X,tergantung yg nonton juga sih,2024-12-23 15:52:54,netral
hesti65,X,gw setuju sih ama omongannya gus,2024-12-23 15:23:17,positif
psinaga,X,gue liat ini ya udah lah ya,2024-12-23 15:47:32,netral
nasim12,X,bisa2 jualan es teh jd insecure 😓,2024-12-23 15:56:02,negatif
melanikenari,X,ceramah apaan malah ngehina,2024-12-23 15:27:42,negatif
laksitanasim,X,biar agak keras tapi niatnya baik kok,2024-12-23 15:56:41,positif
handayanitaufan,X,bisa2 jualan es teh jd insecure 😓,2024-12-23 15:19:39,negatif
bahuwiryaardianto,X,masih netral aja sih gw liatnya,2024-12-23 15:55:42,netral
asafitri,X,bisa2 jualan es teh jd insecure 😓,2024-12-23 15:48:57,negatif
tirta68,X,tergantung yg nonton juga sih,2024-12-23 15:41:26,netral
widiastutisidiq,X,biar agak keras tapi niatnya baik kok,2024-12-23 15:16:15,positif
nsuartini,X,masih netral aja sih gw liatnya,2024-12-23 15:52:31,netral
darmana02,X,masih netral aja sih gw liatnya,2024-12-23 15:54:42,netral
marpaungjaya,X,"bener juga sih, kadang netizen terlalu baper",2024-12-23 15:45:25,positif
atmajafarida,X,"ceramahnya tetep dapet kok, relax aja guys",2024-12-23 15:42:57,positif
estiawan89,X,biasa aja sih,2024-12-23 15:38:11,netral
warjimardhiyah,X,biasa aja sih,2024-12-23 15:36:39,netral
ibrahimnashiruddin,X,"ceramahnya tetep dapet kok, relax aja guys",2024-12-23 15:00:48,positif
prastutidasa,X,gw setuju sih ama omongannya gus,2024-12-23 15:34:43,positif
nasyiahilyas,X,ni gus emg ada aja kelakuannya 😂,2024-12-23 15:28:37,positif
najamwahyuni,X,"ceramahnya tetep dapet kok, relax aja guys",2024-12-23 15:53:58,positif
nasrullahhutapea,X,ceramah apaan malah ngehina,2024-12-23 15:14:24,negatif
ratna87,X,biasa aja sih,2024-12-23 15:57:53,netral
prabupermadi,X,ga tau mau bilang apa,2024-12-23 15:08:37,netral
sastuti,X,jujurly lucu banget sih ini 😭,2024-12-23 15:14:58,positif
zulaikafitria,X,jujurly lucu banget sih ini 😭,2024-12-23 15:56:30,positif
wasitajohan,X,gw setuju sih ama omongannya gus,2024-12-23 15:40:34,positif
usamahsalman,X,"bener juga sih, kadang netizen terlalu baper",2024-12-23 15:59:14,positif
jaka08,X,ni gus emg ada aja kelakuannya 😂,2024-12-23 15:56:39,positif
mahendralanggeng,X,ni gus emg ada aja kelakuannya 😂,2024-12-23 15:43:23,positif
pudjiastutiami,X,hmm no comment deh,2024-12-23 15:58:58,netral
cakrajiya43,X,gue liat ini ya udah lah ya,2024-12-23 15:21:32,netral
wulandariperkasa,X,tergantung yg nonton juga sih,2024-12-23 15:47:41,netral
suartininurul,X,gus miftah harus minta maaf sih ini,2024-12-23 15:40:36,negatif
xhutapea,X,ga sopan bgt ngomong gitu,2024-12-23 15:57:41,negatif
aditya98,X,biasa aja sih,2024-12-23 15:31:48,netral
banawarahmawati,X,hmm no comment deh,2024-12-23 15:23:05,netral
manahnurdiyanti,X,"ceramahnya tetep dapet kok, relax aja guys",2024-12-23 15:47:51,positif
rhandayani,X,"ga lucu, malah nyakitin hati yg jualan",2024-12-23 15:43:20,negatif
cayadi33,X,ceramah apaan malah ngehina,2024-12-23 15:41:40,negatif
septi38,X,"ceramahnya tetep dapet kok, relax aja guys",2024-12-23 15:16:56,positif
legawawulandari,X,tergantung yg nonton juga sih,2024-12-23 15:05:15,netral
gandriani,X,ga tau mau bilang apa,2024-12-23 15:59:16,netral
isusanti,X,tergantung yg nonton juga sih,2024-12-23 15:30:35,netral
lamar38,X,gue liat ini ya udah lah ya,2024-12-23 15:04:00,netral
ciaobellasiregar,X,biar agak keras tapi niatnya baik kok,2024-12-23 15:44:44,positif
budiyantomuni,X,bisa2 jualan es teh jd insecure 😓,2024-12-23 15:26:48,negatif
ani97,X,gue liat ini ya udah lah ya,2024-12-23 15:27:51,netral
gaimanpuspita,X,gw setuju sih ama omongannya gus,2024-12-23 15:27:25,positif
